=== L3 alg2 10k ===
=== MLLL vs HNF Intermediate Bit Size Benchmark ===
Level: 3, Norm bitsize: 193, Iterations: 10000

Generating 10000 random ideal lattice pairs (bitsize=193)...
Mode: alg2
  Set 1: 44219.51 ms
  Set 2: 43860.51 ms
Generation done.

T    |   Inp |  HNFint | MLLLtot   MLLLv   MLLLg |  GRMtot    GRMv    GRMg |  HNFms MLLLms  GRMms
-----+-------+---------+-------------------------+-------------------------+--------------------
0    |   194 |    3270 |    5340     384    5340 |     770     384     770 |    1.9   13.9    0.9
1    |   194 |    2511 |    5380     385    5380 |     771     385     771 |    0.3   15.9    0.8
2    |   194 |    3277 |    5353     385    5353 |     770     385     770 |    0.2   12.6    0.7
3    |   194 |    3279 |    5369     385    5369 |     769     385     769 |    0.2   12.8    0.7
4    |   192 |    3255 |    5357     383    5357 |     767     383     767 |    0.1   12.7    0.7
5    |   192 |    3249 |    5351     383    5351 |     766     383     766 |    0.2   13.0    0.7
6    |   194 |    2105 |    5365     384    5365 |     769     384     769 |    0.2   12.9    0.7
7    |   194 |    3258 |    5344     384    5344 |     767     384     767 |    0.1   13.0    0.7
8    |   193 |    3233 |    4580     383    4580 |     766     383     766 |    0.1   10.2    0.6
9    |   194 |    3280 |    5364     385    5364 |     771     385     771 |    0.2   12.9    0.7
10   |   194 |    3280 |    5356     385    5356 |     772     385     772 |    0.2   12.7    0.7
11   |   194 |    3273 |    5363     385    5363 |     771     385     771 |    0.2   12.8    0.7
12   |   194 |    3285 |    5379     386    5379 |     772     386     772 |    0.2   12.7    0.8
13   |   194 |    3273 |    5370     385    5370 |     770     385     770 |    0.2   13.6    0.7
14   |   194 |    3289 |    5371     386    5371 |     772     386     772 |    0.2   13.4    0.7
15   |   191 |    2480 |    5288     387    5288 |     773     387     773 |    0.2   10.0    0.6
16   |   194 |    3278 |    5370     384    5370 |     769     384     769 |    0.2   13.5    0.7
17   |   194 |    3274 |    5371     385    5371 |     770     385     770 |    0.2   13.5    0.7
18   |   193 |    3215 |    5307     385    5307 |     769     385     769 |    0.2   10.2    0.6
19   |   191 |    3227 |    4569     383    4569 |     765     383     765 |    0.2   10.2    0.6
20   |   193 |    3260 |    5361     384    5361 |     768     384     768 |    0.2   13.6    0.7
21   |   194 |    3280 |    5357     386    5357 |     772     386     772 |    0.2   13.7    0.7
22   |   194 |    3270 |    5369     384    5369 |     769     385     769 |    0.2   13.0    0.7
23   |   194 |    3289 |    5358     388    5358 |     775     388     775 |    0.2   12.8    0.7
24   |   191 |    2046 |    4495     383    4495 |     765     383     765 |    0.1    9.5    0.6
25   |   194 |    3274 |    5371     384    5371 |     769     385     769 |    0.2   12.7    0.8
26   |   193 |    3233 |    4581     383    4581 |     767     383     767 |    0.2   10.3    0.6
27   |   193 |    3262 |    5349     384    5349 |     768     384     768 |    0.2   13.0    0.7
28   |   193 |    3270 |    5362     384    5362 |     769     384     769 |    0.2    9.6    0.6
29   |   194 |    3280 |    5375     385    5375 |     770     385     770 |    0.2   13.0    0.7
30   |   194 |    2887 |    5370     385    5370 |     772     386     772 |    0.2   10.2    0.6
31   |   194 |    3261 |    5360     384    5360 |     769     384     769 |    0.2   13.4    0.7
32   |   192 |    3253 |    5353     383    5353 |     767     383     767 |    0.2   12.3    0.7
33   |   194 |    2687 |    5372     385    5372 |     770     385     770 |    0.2   13.1    0.7
34   |   194 |    3283 |    5358     386    5358 |     772     386     772 |    0.2   13.6    0.7
35   |   194 |    3282 |    5372     386    5372 |     771     386     771 |    0.2   13.1    0.7
36   |   194 |    3274 |    5358     385    5358 |     771     385     771 |    0.2   13.5    0.7
37   |   194 |    3286 |    5374     386    5374 |     771     386     771 |    0.2   12.9    0.7
38   |   194 |    3252 |    4598     384    4598 |     768     384     768 |    0.2   10.3    0.6
39   |   194 |    2650 |    4583     384    4583 |     768     384     768 |    0.1    9.8    0.7
40   |   193 |    3272 |    5366     385    5366 |     769     385     769 |    0.2   13.4    0.7
41   |   193 |    3269 |    5362     384    5362 |     769     384     769 |    0.2   13.7    0.7
42   |   194 |    3272 |    5366     384    5366 |     769     384     769 |    0.2   13.5    0.7
43   |   194 |    3285 |    5369     385    5369 |     771     386     771 |    0.2   14.2    0.8
44   |   194 |    3270 |    5349     385    5349 |     769     385     769 |    0.2   13.3    0.7
45   |   192 |    3242 |    4585     383    4585 |     766     383     766 |    0.1    9.5    0.6
46   |   194 |    3265 |    5365     385    5365 |     770     385     770 |    0.2   12.9    0.7
47   |   194 |    3262 |    4605     385    4605 |     770     385     770 |    0.2    9.7    0.6
48   |   194 |    3287 |    5383     385    5383 |     771     386     771 |    0.2   13.1    0.7
49   |   194 |    3282 |    5356     385    5356 |     770     385     770 |    0.2   10.5    0.7
50   |   194 |    3280 |    5368     386    5368 |     772     386     772 |    0.2   13.1    0.7
51   |   194 |    3253 |    4600     384    4600 |     768     384     768 |    0.1    9.7    0.7
52   |   194 |    3262 |    5354     384    5354 |     767     384     767 |    0.2   12.8    0.7
53   |   194 |    3254 |    5359     384    5359 |     768     384     768 |    0.1   12.6    0.7
54   |   194 |    3281 |    5370     385    5370 |     770     385     770 |    0.2   12.7    0.7
55   |   194 |    3278 |    5373     385    5373 |     769     385     769 |    0.2   13.2    0.7
56   |   194 |    3271 |    5358     384    5358 |     768     384     768 |    0.2   13.6    0.7
57   |   193 |    3231 |    4579     384    4579 |     767     384     767 |    0.2   10.0    0.6
58   |   194 |    3275 |    5370     385    5370 |     770     385     770 |    0.3   13.2    0.7
59   |   194 |    3282 |    5367     385    5367 |     770     385     770 |    0.2   13.4    0.7
60   |   194 |    3269 |    5359     385    5359 |     770     385     770 |    0.2   13.5    0.7
61   |   194 |    3278 |    5367     385    5367 |     770     385     770 |    0.2   12.9    0.7
62   |   193 |    3257 |    5359     384    5359 |     768     384     768 |    0.2   12.7    0.7
63   |   194 |    3274 |    5363     385    5363 |     770     385     770 |    0.2   13.8    0.7
64   |   194 |    3276 |    5371     384    5371 |     769     384     769 |    0.2   13.0    0.7
65   |   194 |    3270 |    5361     384    5361 |     768     384     768 |    0.2   14.0    0.9
66   |   194 |    3274 |    5369     384    5369 |     768     384     768 |    0.3   15.6    0.7
67   |   193 |    3263 |    5363     384    5363 |     767     384     767 |    0.2   13.4    0.7
68   |   194 |    3282 |    5375     386    5375 |     772     386     772 |    0.2   13.0    0.7
69   |   194 |    2109 |    5369     385    5369 |     770     385     770 |    0.2   13.4    0.7
70   |   194 |    3273 |    5372     385    5372 |     770     385     770 |    0.2   12.9    1.2
71   |   194 |    3276 |    5359     385    5359 |     771     385     771 |    0.2   13.5    0.7
72   |   194 |    3284 |    5378     385    5378 |     770     385     770 |    0.2   13.7    0.7
73   |   194 |    3275 |    5362     385    5362 |     770     385     770 |    0.2   13.2    0.7
74   |   193 |    2101 |    5356     383    5356 |     768     384     768 |    0.2   13.0    0.7
75   |   191 |    3221 |    4563     383    4563 |     765     383     765 |    0.1    9.6    0.6
76   |   194 |    3267 |    5362     384    5362 |     768     384     768 |    0.2   13.2    0.7
77   |   194 |    3264 |    5356     383    5356 |     767     383     767 |    0.2   13.4    0.8
78   |   194 |    3280 |    5373     385    5373 |     770     385     770 |    0.2   13.3    0.7
79   |   193 |    3239 |    4585     384    4585 |     767     384     767 |    0.2    9.8    0.6
80   |   193 |    3264 |    5358     384    5358 |     767     384     767 |    0.2   13.4    0.7
81   |   194 |    3289 |    5378     385    5378 |     771     385     771 |    0.2   12.9    0.7
82   |   194 |    3259 |    5363     384    5363 |     768     384     768 |    0.2   10.4    0.7
83   |   194 |    3291 |    5382     386    5382 |     771     386     771 |    0.2   13.7    0.7
84   |   194 |    3261 |    5363     384    5363 |     769     384     769 |    0.2   13.2    0.7
85   |   194 |    3288 |    5381     385    5381 |     770     385     770 |    0.2   12.8    0.7
86   |   194 |    2309 |    5379     386    5379 |     772     386     772 |    0.2   13.5    0.7
87   |   194 |    3279 |    5380     385    5380 |     770     385     770 |    0.2   13.4    0.7
88   |   194 |    3266 |    5362     385    5362 |     770     385     770 |    0.2   13.2    0.7
89   |   193 |    3256 |    5349     383    5349 |     767     383     767 |    0.1   12.6    0.7
90   |   194 |    3273 |    5370     384    5370 |     769     384     769 |    0.2   13.1    0.7
91   |   194 |    3260 |    5339     384    5339 |     768     384     768 |    0.1   12.6    0.7
92   |   194 |    2105 |    4603     384    4603 |     768     384     768 |    0.1    9.5    0.6
93   |   194 |    2295 |    5367     385    5367 |     771     385     771 |    0.2   12.8    0.7
94   |   194 |    3283 |    5367     386    5367 |     772     386     772 |    0.2   13.6    0.7
95   |   194 |    3262 |    5360     385    5360 |     771     385     771 |    0.2   13.1    0.7
96   |   194 |    3267 |    5343     385    5343 |     771     385     771 |    0.2   12.7    0.7
97   |   194 |    3263 |    5366     384    5366 |     769     384     769 |    0.2   12.8    0.7
98   |   193 |    2092 |    4580     384    4580 |     767     384     767 |    0.2    9.4    0.6
99   |   194 |    3278 |    5356     385    5356 |     771     385     771 |    0.2   12.7    0.7
100  |   194 |    3250 |    4599     384    4599 |     768     384     768 |    0.1    9.8    0.6
101  |   194 |    3278 |    5377     385    5377 |     770     385     770 |    0.2   13.5    0.7
102  |   194 |    3282 |    5379     385    5379 |     770     385     770 |    0.2   13.0    0.7
103  |   193 |    3264 |    5362     385    5362 |     769     385     769 |    0.2   13.3    0.7
104  |   194 |    3286 |    5378     385    5378 |     771     385     771 |    0.2   14.2    0.8
105  |   193 |    3255 |    5359     384    5359 |     768     384     768 |    0.2   13.3    0.8
106  |   194 |    3277 |    5369     385    5369 |     770     385     770 |    0.2   13.0    1.0
107  |   194 |    2694 |    5371     385    5371 |     770     385     770 |    0.2    9.8    0.6
108  |   194 |    2116 |    5363     385    5363 |     771     385     771 |    0.2   10.0    0.6
109  |   194 |    3272 |    5367     385    5367 |     769     385     769 |    0.2   13.8    0.7
110  |   194 |    3280 |    5369     387    5369 |     773     387     773 |    0.2   12.9    0.7
111  |   194 |    3283 |    4615     385    4615 |     770     385     770 |    0.2    9.8    0.7
112  |   194 |    3283 |    5378     386    5378 |     772     386     772 |    0.2   12.9    0.7
113  |   193 |    3272 |    5369     385    5369 |     770     385     770 |    0.2   13.3    0.7
114  |   194 |    3261 |    5351     384    5351 |     767     384     767 |    0.2   14.8    0.7
115  |   193 |    3269 |    5366     385    5366 |     770     385     770 |    0.2   13.5    0.7
116  |   191 |    3225 |    4573     383    4573 |     765     383     765 |    0.1    9.9    0.6
117  |   194 |    3277 |    5369     384    5369 |     769     384     769 |    0.2   13.3    0.7
118  |   192 |    3245 |    5341     383    5341 |     766     383     766 |    0.1   13.5    0.7
119  |   193 |    3246 |    5311     385    5311 |     771     385     771 |    0.2    9.6    0.6
120  |   194 |    3278 |    5363     384    5363 |     769     384     769 |    0.2   13.3    0.7
121  |   194 |    3279 |    5368     384    5368 |     769     384     769 |    0.2   12.5    0.7
122  |   194 |    3279 |    5373     385    5373 |     770     385     770 |    0.2   13.2    0.7
123  |   194 |    3281 |    5378     385    5378 |     770     385     770 |    0.2   14.1    0.7
124  |   194 |    3284 |    5372     386    5372 |     772     386     772 |    0.2   13.7    0.7
125  |   194 |    3280 |    5367     385    5367 |     771     385     771 |    0.2   13.4    0.7
126  |   194 |    3261 |    5363     384    5363 |     769     384     769 |    0.2   13.1    0.7
127  |   194 |    3279 |    5378     385    5378 |     770     385     770 |    0.2   13.1    0.7
128  |   194 |    3250 |    5363     384    5363 |     768     384     768 |    0.2   12.9    0.8
129  |   194 |    3271 |    5358     384    5358 |     769     384     769 |    0.2   13.3    0.7
130  |   194 |    3279 |    5370     385    5370 |     769     385     769 |    0.2   13.0    0.7
131  |   194 |    2104 |    5363     385    5363 |     770     385     770 |    0.1   12.7    0.7
132  |   194 |    3291 |    5382     386    5382 |     772     386     772 |    0.3   13.4    0.7
133  |   194 |    3266 |    5359     384    5359 |     767     384     767 |    0.2   13.3    0.7
134  |   194 |    3258 |    5363     384    5363 |     768     384     768 |    0.2   13.9    0.7
135  |   194 |    3283 |    5379     385    5379 |     771     385     771 |    0.2   13.3    0.7
136  |   194 |    3283 |    5373     385    5373 |     770     385     770 |    0.2   13.3    0.7
137  |   194 |    3260 |    5365     385    5365 |     769     385     769 |    0.2   12.8    0.7
138  |   193 |    3264 |    5355     384    5355 |     768     384     768 |    0.2   13.1    1.0
139  |   193 |    3269 |    5363     384    5363 |     769     384     769 |    0.2   12.7    0.7
140  |   194 |    3255 |    5351     386    5351 |     772     386     772 |    0.2    9.6    0.6
141  |   193 |    3259 |    5339     386    5339 |     772     385     772 |    0.2    9.8    0.6
142  |   193 |    2390 |    4476     384    4476 |     767     384     767 |    0.2    9.0    0.6
143  |   193 |    3270 |    5352     383    5352 |     770     385     770 |    0.2   13.1    0.7
144  |   194 |    3277 |    5367     384    5367 |     768     384     768 |    0.2   13.3    0.7
145  |   194 |    3238 |    5295     386    5295 |     772     386     772 |    0.2   12.1    0.7
146  |   194 |    2512 |    5358     386    5358 |     772     386     772 |    0.2   11.0    0.6
147  |   191 |    3226 |    5311     385    5311 |     769     385     769 |    0.2    9.9    0.6
148  |   194 |    3281 |    5368     386    5368 |     772     386     772 |    0.2   12.8    0.7
149  |   194 |    3282 |    5375     385    5375 |     770     385     770 |    0.2   13.6    0.7
150  |   194 |    3275 |    5368     385    5368 |     771     385     771 |    0.2   12.7    0.7
151  |   194 |    3289 |    5371     386    5371 |     773     386     773 |    0.2   12.8    0.7
152  |   194 |    3279 |    5370     385    5370 |     770     385     770 |    0.2   13.3    0.7
153  |   193 |    2499 |    5368     385    5368 |     769     385     769 |    0.2    9.9    0.6
154  |   194 |    3272 |    5364     384    5364 |     769     384     769 |    0.2   13.5    0.7
155  |   194 |    3263 |    5354     384    5354 |     768     384     768 |    0.3   13.3    0.7
156  |   194 |    3288 |    5379     385    5379 |     771     385     771 |    0.2   13.1    0.7
157  |   194 |    2873 |    5346     384    5346 |     767     384     767 |    0.1   10.0    0.6
158  |   194 |    3279 |    5380     385    5380 |     770     385     770 |    0.2   13.0    0.7
159  |   194 |    2506 |    5378     385    5378 |     770     385     770 |    0.2   13.6    0.7
160  |   194 |    3274 |    5361     384    5361 |     769     384     769 |    0.2   13.5    0.7
161  |   194 |    2696 |    5380     385    5380 |     770     385     770 |    0.2   12.9    0.8
162  |   194 |    3280 |    5372     385    5372 |     770     385     770 |    0.2   13.0    0.7
163  |   193 |    3271 |    5366     384    5366 |     769     384     769 |    0.2   13.1    0.7
164  |   193 |    3254 |    5359     384    5359 |     768     384     768 |    0.2   12.3    0.7
165  |   194 |    3283 |    5376     385    5376 |     770     385     770 |    0.2   12.9    0.7
166  |   193 |    3252 |    5337     383    5337 |     767     383     767 |    0.1   11.7    0.6
167  |   193 |    3259 |    5349     383    5349 |     767     383     767 |    0.1   13.3    0.7
168  |   194 |    3287 |    5379     386    5379 |     771     386     771 |    0.2   12.9    0.7
169  |   194 |    3249 |    4598     384    4598 |     768     384     768 |    0.1    9.4    0.6
170  |   194 |    3292 |    5378     386    5378 |     772     386     772 |    0.2   13.2    0.7
171  |   194 |    3247 |    5326     384    5326 |     767     384     767 |    0.2   11.9    0.8
172  |   193 |    3276 |    5358     385    5358 |     771     385     771 |    0.3   14.3    0.7
173  |   194 |    2120 |    5371     385    5371 |     770     385     770 |    0.2   10.1    0.6
174  |   194 |    3279 |    5372     385    5372 |     770     385     770 |    0.2   12.8    0.7
175  |   193 |    3251 |    5331     383    5331 |     767     383     767 |    0.2   12.3    0.7
176  |   192 |    3247 |    5347     383    5347 |     766     383     766 |    0.2   12.8    0.9
177  |   194 |    3281 |    5377     385    5377 |     770     385     770 |    0.3   12.9    0.7
178  |   194 |    3287 |    5378     386    5378 |     771     386     771 |    0.2   13.2    0.7
179  |   194 |    3271 |    5380     385    5380 |     770     385     770 |    0.2   13.5    0.7
180  |   194 |    3264 |    5371     384    5371 |     769     384     769 |    0.2   12.9    0.7
181  |   194 |    3271 |    5357     385    5357 |     770     385     770 |    0.2   13.6    0.7
182  |   193 |    3266 |    5369     384    5369 |     768     384     768 |    0.2   13.1    0.7
183  |   194 |    3289 |    5377     386    5377 |     772     386     772 |    0.2   13.8    0.7
184  |   194 |    3230 |    4579     384    4579 |     767     384     767 |    0.2    9.9    0.6
185  |   194 |    3279 |    5369     385    5369 |     770     385     770 |    0.3   12.9    0.8
186  |   194 |    3275 |    5365     384    5365 |     769     384     769 |    0.2   12.9    0.7
187  |   193 |    3258 |    5351     383    5351 |     768     383     768 |    0.1   13.2    0.7
188  |   194 |    2112 |    5365     385    5365 |     771     385     771 |    0.2   13.9    0.7
189  |   194 |    2282 |    4592     384    4592 |     768     384     768 |    0.1   10.0    0.6
190  |   194 |    3282 |    5367     386    5367 |     773     386     773 |    0.2   13.6    0.7
191  |   194 |    3272 |    5349     384    5349 |     769     384     769 |    0.2   13.1    0.7
192  |   194 |    2102 |    4596     384    4596 |     768     384     768 |    0.1   10.2    0.8
193  |   194 |    3276 |    5373     385    5373 |     770     385     770 |    0.3   12.6    0.7
194  |   193 |    3257 |    5350     384    5350 |     767     384     767 |    0.1   10.2    0.6
195  |   192 |    3249 |    5340     383    5340 |     766     383     766 |    0.2   12.8    0.7
196  |   194 |    3276 |    5376     385    5376 |     770     385     770 |    0.2   14.3    0.7
197  |   193 |    3258 |    4603     384    4603 |     768     384     768 |    0.2    9.9    0.6
198  |   192 |    3247 |    4592     383    4592 |     766     383     766 |    0.2   10.1    0.6
199  |   194 |    3272 |    5365     384    5365 |     768     384     768 |    0.2   12.6    0.7
200  |   194 |    2104 |    5364     384    5364 |     769     384     769 |    0.2   13.6    0.7
201  |   194 |    2693 |    5370     384    5370 |     769     384     769 |    0.2   10.6    0.7
202  |   194 |    3282 |    5369     386    5369 |     771     386     771 |    0.2   12.7    0.7
203  |   193 |    3268 |    5359     384    5359 |     769     384     769 |    0.2   12.7    0.9
204  |   194 |    3266 |    5367     384    5367 |     769     384     769 |    0.3   16.4    0.7
205  |   192 |    3254 |    5351     384    5351 |     767     383     767 |    0.2   13.6    0.7
206  |   193 |    3266 |    5359     384    5359 |     768     384     768 |    0.2   13.1    0.7
207  |   194 |    3279 |    5368     385    5368 |     772     385     772 |    0.2   13.1    0.7
208  |   194 |    3278 |    5370     385    5370 |     770     385     770 |    0.2   13.3    0.7
209  |   194 |    3286 |    5374     385    5374 |     770     385     770 |    0.2   13.0    0.7
210  |   193 |    3258 |    5354     383    5354 |     766     383     766 |    0.2   14.3    0.7
211  |   194 |    3281 |    5363     386    5363 |     771     386     771 |    0.2   15.8    0.9
212  |   194 |    3282 |    5363     386    5363 |     771     386     771 |    0.3   14.1    0.7
213  |   194 |    3270 |    5369     385    5369 |     770     385     770 |    0.2   13.2    0.7
214  |   193 |    3254 |    5349     383    5349 |     766     383     766 |    0.1   12.9    0.7
215  |   194 |    2292 |    5360     386    5360 |     772     386     772 |    0.2   12.5    0.7
216  |   194 |    3257 |    5360     384    5360 |     769     384     769 |    0.2   13.1    0.7
217  |   194 |    3287 |    5380     385    5380 |     770     385     770 |    0.2   13.1    0.7
218  |   191 |    3223 |    4566     383    4566 |     765     383     765 |    0.1    9.5    0.6
219  |   194 |    2099 |    4600     384    4600 |     768     384     768 |    0.1    9.5    0.6
220  |   194 |    3288 |    5378     386    5378 |     773     386     773 |    0.2   13.1    0.7
221  |   193 |    3270 |    5364     384    5364 |     768     384     768 |    0.2   12.7    0.7
222  |   194 |    2288 |    4606     384    4606 |     769     384     769 |    0.2    9.7    0.6
223  |   194 |    3274 |    5366     384    5366 |     768     384     768 |    0.2   12.6    0.7
224  |   194 |    3273 |    5371     385    5371 |     770     385     770 |    0.2   13.0    0.7
225  |   194 |    3285 |    5374     385    5374 |     770     385     770 |    0.2   13.5    0.7
226  |   194 |    3286 |    5370     386    5370 |     772     386     772 |    0.2   13.6    0.7
227  |   194 |    3274 |    5371     385    5371 |     769     384     769 |    0.2   13.6    0.7
228  |   194 |    3271 |    5362     384    5362 |     769     384     769 |    0.2   13.4    0.7
229  |   193 |    3264 |    5358     383    5358 |     767     383     767 |    0.2   13.4    0.7
230  |   193 |    3263 |    5361     384    5361 |     768     384     768 |    0.2   12.6    0.8
231  |   194 |    3272 |    5371     385    5371 |     771     385     771 |    0.3   12.9    0.7
232  |   193 |    3268 |    5358     384    5358 |     769     385     769 |    0.2   13.6    0.7
233  |   194 |    3271 |    4613     385    4613 |     770     385     770 |    0.2   10.2    0.6
234  |   194 |    3289 |    5383     386    5383 |     772     386     772 |    0.2   13.0    0.7
235  |   194 |    3288 |    5378     386    5378 |     772     386     772 |    0.2   13.1    0.7
236  |   194 |    3270 |    5363     385    5363 |     771     385     771 |    0.2   13.0    0.7
237  |   194 |    2504 |    5371     386    5371 |     772     386     772 |    0.2   13.9    0.9
238  |   194 |    3265 |    5367     385    5367 |     770     385     770 |    0.3   16.4    0.7
239  |   194 |    3274 |    5368     384    5368 |     769     384     769 |    0.2   13.5    0.7
240  |   194 |    3271 |    5366     384    5366 |     770     384     770 |    0.2   13.2    0.7
241  |   194 |    3251 |    4601     384    4601 |     768     384     768 |    0.2    9.4    0.6
242  |   193 |    2653 |    4570     384    4570 |     767     384     767 |    0.1    9.3    0.6
243  |   193 |    2113 |    5357     385    5357 |     770     385     770 |    0.2   12.7    0.7
244  |   194 |    2300 |    5367     386    5367 |     772     386     772 |    0.2   12.5    0.7
245  |   194 |    3271 |    5364     384    5364 |     768     384     768 |    0.2   12.7    0.7
246  |   193 |    3265 |    5356     385    5356 |     771     385     771 |    0.2   13.5    0.7
247  |   194 |    2299 |    4615     385    4615 |     770     385     770 |    0.3   10.2    0.7
248  |   194 |    3270 |    5362     384    5362 |     768     384     768 |    0.2   13.6    0.7
249  |   193 |    3267 |    5363     384    5363 |     768     384     768 |    0.2   13.8    0.7
250  |   194 |    3274 |    5365     384    5365 |     769     384     769 |    0.2   13.5    0.7
251  |   193 |    3257 |    5363     384    5363 |     768     384     768 |    0.2   13.1    0.7
252  |   194 |    3285 |    5376     385    5376 |     771     385     771 |    0.2   13.3    0.7
253  |   194 |    3271 |    5351     385    5351 |     770     385     770 |    0.2   12.9    0.7
254  |   194 |    3279 |    5376     385    5376 |     770     385     770 |    0.2   13.9    0.8
255  |   194 |    2107 |    5369     385    5369 |     770     385     770 |    0.3   13.5    0.9
256  |   194 |    3271 |    5361     384    5361 |     768     384     768 |    0.2   13.1    0.7
257  |   194 |    3275 |    5374     385    5374 |     770     385     770 |    0.2   13.6    0.7
258  |   194 |    3260 |    5367     384    5367 |     768     384     768 |    0.2   13.1    0.7
259  |   194 |    2287 |    4604     384    4604 |     769     384     769 |    0.2    9.5    0.6
260  |   194 |    3276 |    5361     385    5361 |     769     385     769 |    0.2   12.7    0.7
261  |   193 |    3250 |    4595     384    4595 |     768     384     768 |    0.1    9.9    0.6
262  |   194 |    2115 |    5381     385    5381 |     770     385     770 |    0.2   13.4    0.7
263  |   194 |    3274 |    5370     386    5370 |     771     386     771 |    0.2   13.0    0.7
264  |   194 |    3277 |    5372     384    5372 |     769     384     769 |    0.2   10.3    0.7
265  |   193 |    3263 |    5345     385    5345 |     773     385     773 |    0.2   12.9    0.7
266  |   194 |    3281 |    5367     386    5367 |     772     386     772 |    0.2   13.2    0.7
267  |   194 |    2102 |    5352     383    5352 |     769     384     769 |    0.2   12.9    0.7
268  |   194 |    3288 |    5384     385    5384 |     771     385     771 |    0.2   13.1    0.7
269  |   194 |    3283 |    5377     385    5377 |     770     385     770 |    0.2   10.2    0.6
270  |   194 |    3280 |    5374     386    5374 |     772     386     772 |    0.2   12.6    0.7
271  |   193 |    3179 |    4525     385    4525 |     770     385     770 |    0.1    9.6    0.6
272  |   194 |    3271 |    5357     384    5357 |     769     384     769 |    0.2   13.7    0.8
273  |   193 |    2865 |    5338     384    5338 |     767     384     767 |    0.2    9.7    0.6
274  |   194 |    3288 |    4620     385    4620 |     771     386     771 |    0.2   10.5    0.7
275  |   194 |    3280 |    5375     385    5375 |     770     385     770 |    0.2   10.1    0.6
276  |   193 |    3261 |    5352     384    5352 |     767     384     767 |    0.2   12.8    0.7
277  |   193 |    3257 |    5347     383    5347 |     766     383     766 |    0.2   13.4    0.7
278  |   194 |    2487 |    5366     384    5366 |     769     384     769 |    0.2   13.5    0.8
279  |   194 |    3266 |    5356     384    5356 |     767     384     767 |    0.2   12.9    0.7
280  |   194 |    3276 |    5364     385    5364 |     770     385     770 |    0.2   13.0    0.7
281  |   194 |    2291 |    4603     384    4603 |     767     384     767 |    0.1   10.5    0.7
282  |   194 |    2864 |    5364     384    5364 |     768     384     768 |    0.2    9.7    0.6
283  |   194 |    2297 |    5367     385    5367 |     769     385     769 |    0.2    9.9    0.6
284  |   193 |    2654 |    5302     384    5302 |     770     384     770 |    0.2    9.5    0.6
285  |   193 |    3273 |    5369     384    5369 |     769     385     769 |    0.2   13.9    0.8
286  |   194 |    3283 |    5376     385    5376 |     770     385     770 |    0.2   14.6    0.7
287  |   194 |    3282 |    5379     385    5379 |     770     385     770 |    0.2   13.8    0.7
288  |   194 |    2283 |    4603     384    4603 |     768     384     768 |    0.2    9.8    0.7
289  |   194 |    3262 |    5361     384    5361 |     769     385     769 |    0.2   12.6    0.7
290  |   194 |    3276 |    5361     385    5361 |     769     384     769 |    0.2   12.7    0.7
291  |   194 |    3234 |    5339     385    5339 |     770     385     770 |    0.2    9.5    0.6
292  |   192 |    2269 |    5334     383    5334 |     765     383     765 |    0.1   14.3    0.9
293  |   194 |    3272 |    5367     384    5367 |     769     384     769 |    0.3   15.8    0.7
294  |   193 |    2098 |    5354     383    5354 |     767     383     767 |    0.2    9.5    0.6
295  |   194 |    3281 |    5372     386    5372 |     772     386     772 |    0.2   12.8    0.7
296  |   194 |    3271 |    5370     385    5370 |     769     385     769 |    0.2   13.0    0.7
297  |   194 |    3292 |    5386     386    5386 |     771     386     771 |    0.2   13.1    0.7
298  |   192 |    3247 |    5350     383    5350 |     767     383     767 |    0.1   12.4    0.7
299  |   193 |    3264 |    5359     384    5359 |     769     384     769 |    0.2   12.6    0.7
300  |   194 |    3282 |    5378     385    5378 |     771     385     771 |    0.2   12.7    0.7
301  |   194 |    3278 |    5371     385    5371 |     770     385     770 |    0.2   13.1    0.7
302  |   192 |    3230 |    4575     383    4575 |     766     383     766 |    0.2    9.7    0.6
303  |   193 |    3229 |    4577     384    4577 |     767     384     767 |    0.1    9.9    0.6
304  |   194 |    3268 |    5356     386    5356 |     773     386     773 |    0.2   13.3    0.7
305  |   194 |    3282 |    5367     386    5367 |     772     386     772 |    0.2   13.2    0.7
306  |   192 |    3249 |    5352     383    5352 |     767     383     767 |    0.2   13.1    0.7
307  |   194 |    3272 |    5374     385    5374 |     770     385     770 |    0.2   13.1    0.7
308  |   193 |    3268 |    5358     384    5358 |     769     384     769 |    0.2   12.7    0.7
309  |   194 |    3273 |    5346     384    5346 |     772     384     772 |    0.2   13.2    0.7
310  |   194 |    3276 |    5369     385    5369 |     769     385     769 |    0.2   13.1    0.7
311  |   193 |    3253 |    5346     384    5346 |     768     384     768 |    0.2   12.9    0.7
312  |   193 |    3267 |    5363     384    5363 |     768     384     768 |    0.2   13.6    0.7
313  |   193 |    3272 |    5363     385    5363 |     769     385     769 |    0.2   13.2    0.8
314  |   193 |    3255 |    4598     383    4598 |     767     384     767 |    0.1    9.9    0.6
315  |   194 |    3247 |    4597     384    4597 |     767     384     767 |    0.2    9.8    0.6
316  |   193 |    3266 |    5350     385    5350 |     771     385     771 |    0.2    9.9    0.6
317  |   194 |    3288 |    5379     385    5379 |     771     385     771 |    0.2   12.9    0.7
318  |   194 |    3275 |    4609     385    4609 |     770     385     770 |    0.2    9.6    0.6
319  |   194 |    3261 |    5345     383    5345 |     767     383     767 |    0.2   13.0    0.7
320  |   194 |    2694 |    5378     385    5378 |     770     385     770 |    0.2   10.4    0.6
321  |   194 |    3271 |    5346     385    5346 |     770     385     770 |    0.2   12.7    0.7
322  |   194 |    3291 |    5383     385    5383 |     771     385     771 |    0.2   13.8    0.8
323  |   194 |    3271 |    5367     385    5367 |     771     385     771 |    0.2   13.9    0.7
324  |   194 |    3271 |    5372     385    5372 |     770     385     770 |    0.2   13.7    0.7
325  |   193 |    2097 |    5348     384    5348 |     768     384     768 |    0.2   12.7    0.8
326  |   194 |    2675 |    5366     384    5366 |     769     385     769 |    0.2   12.8    0.7
327  |   194 |    2097 |    5324     385    5324 |     771     385     771 |    0.1   10.4    0.6
328  |   193 |    3270 |    5363     385    5363 |     770     385     770 |    0.2   12.9    0.7
329  |   194 |    2485 |    4594     384    4594 |     769     384     769 |    0.2    9.7    0.6
330  |   194 |    3272 |    5357     384    5357 |     768     384     768 |    0.2   12.4    0.8
331  |   193 |    2257 |    4530     384    4530 |     767     384     767 |    0.2    9.9    0.6
332  |   194 |    3289 |    5376     387    5376 |     773     387     773 |    0.2   12.8    0.7
333  |   194 |    3272 |    5371     384    5371 |     769     384     769 |    0.2   13.5    0.8
334  |   194 |    3273 |    5360     385    5360 |     771     385     771 |    0.2   12.8    0.7
335  |   194 |    3282 |    5368     385    5368 |     771     385     771 |    0.2   13.1    0.7
336  |   192 |    3258 |    5355     384    5355 |     768     384     768 |    0.1   12.7    0.7
337  |   193 |    2490 |    5350     384    5350 |     767     384     767 |    0.2    9.9    0.6
338  |   194 |    3238 |    4589     384    4589 |     768     384     768 |    0.1   10.3    0.6
339  |   194 |    2863 |    5363     384    5363 |     769     385     769 |    0.2   12.6    0.7
340  |   193 |    3268 |    5358     384    5358 |     768     384     768 |    0.2   13.4    0.7
341  |   194 |    3281 |    5373     385    5373 |     771     385     771 |    0.2   13.3    0.8
342  |   193 |    3259 |    5358     384    5358 |     768     384     768 |    0.2   13.4    0.7
343  |   193 |    3265 |    4597     386    4597 |     772     386     772 |    0.2   10.0    0.7
344  |   194 |    2090 |    4588     384    4588 |     768     384     768 |    0.1    9.7    0.6
345  |   191 |    3217 |    4553     383    4553 |     765     383     765 |    0.1    9.4    0.6
346  |   194 |    2292 |    4599     384    4599 |     768     384     768 |    0.2   10.0    0.6
347  |   194 |    3285 |    5374     385    5374 |     771     385     771 |    0.2   13.1    0.7
348  |   193 |    3249 |    5330     383    5330 |     767     383     767 |    0.1   14.7    0.9
349  |   194 |    3277 |    5371     385    5371 |     769     385     769 |    0.3   15.1    0.7
350  |   194 |    3284 |    5368     385    5368 |     772     386     772 |    0.2   13.3    0.8
351  |   194 |    3279 |    5365     385    5365 |     771     385     771 |    0.2   13.2    0.7
352  |   194 |    3245 |    5347     384    5347 |     768     384     768 |    0.1   10.0    0.6
353  |   194 |    3269 |    5349     385    5349 |     770     385     770 |    0.2   13.4    0.7
354  |   194 |    3275 |    5364     384    5364 |     769     384     769 |    0.2   12.8    0.7
355  |   194 |    3271 |    5367     384    5367 |     769     384     769 |    0.4   14.1    0.7
356  |   194 |    3283 |    5371     386    5371 |     771     386     771 |    0.2   13.7    0.7
357  |   194 |    3274 |    5372     384    5372 |     768     384     768 |    0.2   14.3    0.7
358  |   194 |    3276 |    5355     385    5355 |     770     385     770 |    0.2   12.8    0.7
359  |   192 |    3207 |    4557     383    4557 |     766     383     766 |    0.1    9.5    0.6
360  |   194 |    2500 |    5373     385    5373 |     771     385     771 |    0.2   10.1    0.6
361  |   193 |    2112 |    4606     385    4606 |     769     385     769 |    0.2    9.7    0.6
362  |   194 |    3282 |    5360     385    5360 |     771     385     771 |    0.2   14.2    0.7
363  |   194 |    3289 |    5374     386    5374 |     772     386     772 |    0.2   13.6    0.7
364  |   194 |    3281 |    5372     386    5372 |     772     386     772 |    0.2   13.5    0.7
365  |   194 |    3287 |    5377     385    5377 |     771     385     771 |    0.2   13.0    0.7
366  |   194 |    3256 |    4603     384    4603 |     768     384     768 |    0.1   10.3    0.6
367  |   194 |    3284 |    5374     385    5374 |     770     385     770 |    0.3   13.0    0.8
368  |   194 |    3281 |    5374     385    5374 |     771     385     771 |    0.3   12.7    0.7
369  |   194 |    3275 |    5367     385    5367 |     770     385     770 |    0.2   13.2    0.7
370  |   193 |    3255 |    5351     383    5351 |     766     383     766 |    0.1   13.4    0.7
371  |   193 |    3232 |    4581     383    4581 |     767     383     767 |    0.1   10.2    0.6
372  |   194 |    3236 |    4585     384    4585 |     768     384     768 |    0.2    9.6    0.6
373  |   194 |    3281 |    5366     385    5366 |     770     385     770 |    0.2   13.4    0.7
374  |   193 |    3264 |    5366     384    5366 |     769     384     769 |    0.2   13.2    0.7
375  |   193 |    3273 |    5364     384    5364 |     769     384     769 |    0.2   13.0    0.7
376  |   194 |    2684 |    5366     385    5366 |     770     385     770 |    0.2   13.2    0.7
377  |   194 |    2487 |    4601     384    4601 |     768     384     768 |    0.2   11.2    0.8
378  |   194 |    3286 |    5378     386    5378 |     771     386     771 |    0.3   14.7    0.7
379  |   194 |    3286 |    5358     384    5358 |     774     387     774 |    0.3   13.0    0.7
380  |   194 |    3279 |    5373     385    5373 |     770     385     770 |    0.2   13.6    0.7
381  |   194 |    3285 |    5376     385    5376 |     771     385     771 |    0.2   13.7    0.8
382  |   194 |    3276 |    5367     385    5367 |     770     385     770 |    0.2   13.4    0.7
383  |   194 |    2295 |    5368     385    5368 |     771     385     771 |    0.2   12.8    1.3
384  |   194 |    2297 |    5376     386    5376 |     771     386     771 |    0.2   13.0    0.7
385  |   194 |    3204 |    4551     384    4551 |     769     384     769 |    0.1   10.1    0.6
386  |   194 |    3282 |    5373     385    5373 |     770     385     770 |    0.2   12.9    0.7
387  |   194 |    2286 |    4596     384    4596 |     768     384     768 |    0.1   10.0    0.6
388  |   194 |    3283 |    5368     384    5368 |     770     384     770 |    0.2   12.8    0.7
389  |   194 |    3278 |    5371     385    5371 |     770     385     770 |    0.2   12.6    0.7
390  |   194 |    3274 |    5366     386    5366 |     771     386     771 |    0.2   12.8    0.7
391  |   192 |    3221 |    4569     382    4569 |     766     383     766 |    0.1    9.7    0.6
392  |   194 |    3276 |    5373     385    5373 |     770     385     770 |    0.2   13.6    0.7
393  |   193 |    2444 |    5284     387    5284 |     773     387     773 |    0.1    9.5    0.6
394  |   194 |    3283 |    5377     386    5377 |     772     386     772 |    0.2   12.8    0.7
395  |   192 |    3250 |    5352     383    5352 |     766     383     766 |    0.1   13.4    0.7
396  |   194 |    3263 |    5368     384    5368 |     768     384     768 |    0.2   13.1    0.7
397  |   194 |    3277 |    5359     385    5359 |     770     385     770 |    0.2   12.9    0.7
398  |   194 |    3275 |    5371     385    5371 |     770     385     770 |    0.2   12.9    0.7
399  |   194 |    3287 |    5374     386    5374 |     771     386     771 |    0.2   13.2    0.7
400  |   194 |    3240 |    4586     384    4586 |     768     384     768 |    0.1    9.8    0.6
401  |   194 |    3280 |    5366     385    5366 |     770     385     770 |    0.2   13.4    0.9
402  |   194 |    3283 |    5373     385    5373 |     770     385     770 |    0.2   13.5    0.7
403  |   194 |    3257 |    4601     385    4601 |     770     385     770 |    0.2    9.9    0.6
404  |   193 |    3266 |    5357     384    5357 |     769     384     769 |    0.2   13.0    0.7
405  |   193 |    3257 |    5356     384    5356 |     768     384     768 |    0.1   12.7    0.7
406  |   194 |    2121 |    5374     385    5374 |     771     385     771 |    0.2   13.2    0.7
407  |   194 |    3264 |    5365     384    5365 |     769     385     769 |    0.2   12.4    0.8
408  |   194 |    3281 |    5364     385    5364 |     771     385     771 |    0.3   12.7    0.7
409  |   194 |    3276 |    5368     384    5368 |     769     384     769 |    0.2   13.5    0.7
410  |   192 |    3254 |    5349     383    5349 |     766     383     766 |    0.1   13.3    0.7
411  |   193 |    3268 |    5365     384    5365 |     768     384     768 |    0.2   13.3    0.7
412  |   194 |    2108 |    4604     384    4604 |     770     385     770 |    0.2   10.1    0.6
413  |   194 |    3286 |    5368     385    5368 |     771     385     771 |    0.2   13.9    0.7
414  |   194 |    3267 |    5366     384    5366 |     768     384     768 |    0.2   13.1    0.7
415  |   194 |    3285 |    5373     385    5373 |     772     386     772 |    0.2   12.8    0.7
416  |   194 |    3271 |    5369     385    5369 |     770     385     770 |    0.2   13.2    0.7
417  |   193 |    3245 |    4591     383    4591 |     767     384     767 |    0.2    9.6    0.6
418  |   194 |    3260 |    5370     385    5370 |     769     385     769 |    0.2   13.5    0.7
419  |   194 |    3285 |    5377     385    5377 |     771     385     771 |    0.2   13.6    0.7
420  |   194 |    3290 |    5385     385    5385 |     771     385     771 |    0.2   14.2    0.7
421  |   194 |    3272 |    5352     384    5352 |     769     384     769 |    0.2   13.5    0.7
422  |   194 |    2473 |    5314     385    5314 |     771     386     771 |    0.2    9.8    0.6
423  |   194 |    3269 |    5369     385    5369 |     770     385     770 |    0.2   13.7    0.7
424  |   193 |    2105 |    5359     385    5359 |     770     385     770 |    0.2   12.6    0.7
425  |   194 |    3280 |    5368     385    5368 |     770     385     770 |    0.2   13.3    0.7
426  |   194 |    3270 |    5376     385    5376 |     770     385     770 |    0.2   13.6    0.8
427  |   194 |    3265 |    5362     383    5362 |     768     384     768 |    0.2   12.9    0.7
428  |   193 |    3262 |    5357     384    5357 |     768     384     768 |    0.2   15.1    1.0
429  |   194 |    3279 |    5374     385    5374 |     770     385     770 |    0.3   15.3    0.7
430  |   194 |    3255 |    5359     384    5359 |     768     384     768 |    0.1   12.7    0.7
431  |   194 |    3282 |    5368     386    5368 |     771     386     771 |    0.2   13.3    0.7
432  |   194 |    3275 |    5369     385    5369 |     770     385     770 |    0.2   13.3    0.8
433  |   194 |    3284 |    5360     386    5360 |     772     386     772 |    0.2   14.4    0.9
434  |   192 |    2080 |    4565     382    4565 |     765     383     765 |    0.2   12.5    0.6
435  |   194 |    3273 |    5348     384    5348 |     770     384     770 |    0.2   13.0    0.7
436  |   194 |    2140 |    5350     387    5350 |     774     387     774 |    0.2    9.8    0.6
437  |   194 |    3268 |    5349     384    5349 |     768     384     768 |    0.2   13.1    0.7
438  |   194 |    3282 |    5376     385    5376 |     770     385     770 |    0.2   12.8    0.7
439  |   194 |    3275 |    5367     384    5367 |     769     385     769 |    0.2   13.4    0.7
440  |   194 |    2280 |    5366     384    5366 |     769     384     769 |    0.2   12.7    0.7
441  |   194 |    2693 |    5375     386    5375 |     771     386     771 |    0.2   13.4    0.7
442  |   194 |    2106 |    5367     385    5367 |     770     385     770 |    0.2   12.8    0.7
443  |   194 |    2101 |    5364     384    5364 |     768     384     768 |    0.1   13.0    0.7
444  |   194 |    2499 |    5368     385    5368 |     770     385     770 |    0.2   10.5    0.6
445  |   193 |    3269 |    5367     384    5367 |     768     384     768 |    0.2   12.9    0.7
446  |   193 |    3273 |    5361     385    5361 |     770     385     770 |    0.2   13.5    0.7
447  |   193 |    2105 |    5363     384    5363 |     769     384     769 |    0.2   13.5    0.7
448  |   194 |    2693 |    5363     386    5363 |     772     386     772 |    0.2   13.5    0.7
449  |   193 |    2495 |    5353     385    5353 |     770     385     770 |    0.2    9.6    0.6
450  |   192 |    3248 |    5342     385    5342 |     770     385     770 |    0.2   13.0    0.7
451  |   193 |    3253 |    5340     384    5340 |     769     384     769 |    0.2   12.9    0.7
452  |   194 |    3283 |    5372     385    5372 |     771     386     771 |    0.2   14.0    0.7
453  |   191 |    2254 |    4555     383    4555 |     765     383     765 |    0.1    9.1    0.6
454  |   194 |    3274 |    5354     384    5354 |     768     384     768 |    0.2   13.2    0.7
455  |   194 |    3279 |    5374     385    5374 |     771     385     771 |    0.2   12.9    0.7
456  |   194 |    2118 |    5381     385    5381 |     770     385     770 |    0.2   12.8    0.7
457  |   194 |    3270 |    5345     384    5345 |     769     384     769 |    0.2   12.8    0.7
458  |   194 |    3278 |    5367     385    5367 |     770     385     770 |    0.2   13.4    0.7
459  |   194 |    2505 |    5375     385    5375 |     770     385     770 |    0.2   13.2    0.7
460  |   194 |    3286 |    5367     386    5367 |     772     386     772 |    0.2   13.3    0.7
461  |   193 |    3266 |    4607     384    4607 |     768     384     768 |    0.2    9.9    0.6
462  |   194 |    3267 |    5366     384    5366 |     770     385     770 |    0.2   12.8    0.7
463  |   194 |    3269 |    5371     384    5371 |     769     384     769 |    0.2   13.3    0.8
464  |   194 |    3243 |    4588     384    4588 |     768     384     768 |    0.2    9.7    0.6
465  |   193 |    3260 |    5364     384    5364 |     768     384     768 |    0.2   12.3    0.7
466  |   194 |    2506 |    5378     386    5378 |     771     386     771 |    0.2    9.8    0.6
467  |   194 |    3273 |    5369     386    5369 |     771     386     771 |    0.2   13.0    0.7
468  |   193 |    3255 |    5356     383    5356 |     767     383     767 |    0.2   12.5    0.7
469  |   194 |    3282 |    5368     385    5368 |     770     385     770 |    0.2   13.5    0.7
470  |   194 |    3285 |    5369     386    5369 |     771     386     771 |    0.2   12.6    0.7
471  |   194 |    3279 |    4612     385    4612 |     770     385     770 |    0.2   10.5    0.6
472  |   193 |    3264 |    5360     384    5360 |     768     384     768 |    0.2   12.7    0.7
473  |   194 |    2119 |    5373     385    5373 |     771     385     771 |    0.2   12.5    0.7
474  |   194 |    3269 |    5357     384    5357 |     767     384     767 |    0.2   12.9    0.7
475  |   194 |    3280 |    5366     385    5366 |     770     385     770 |    0.2   13.0    0.9
476  |   193 |    3258 |    5353     384    5353 |     767     384     767 |    0.1   13.2    0.7
477  |   194 |    3273 |    5363     385    5363 |     770     385     770 |    0.2   13.7    0.7
478  |   194 |    3279 |    5371     385    5371 |     771     385     771 |    0.2   14.4    0.7
479  |   193 |    3253 |    5353     383    5353 |     767     383     767 |    0.2   13.3    0.7
480  |   194 |    2489 |    5381     385    5381 |     771     385     771 |    0.2   13.2    0.7
481  |   194 |    3284 |    5375     385    5375 |     771     385     771 |    0.2   13.8    0.7
482  |   194 |    3278 |    5366     385    5366 |     770     385     770 |    0.2   13.9    0.7
483  |   194 |    3284 |    5376     385    5376 |     770     385     770 |    0.2   13.6    0.7
484  |   190 |    3204 |    4546     383    4546 |     765     383     765 |    0.1    9.8    0.5
485  |   194 |    3265 |    5369     384    5369 |     769     384     769 |    0.2   13.2    0.7
486  |   192 |    3247 |    4591     383    4591 |     766     383     766 |    0.2   10.0    0.6
487  |   193 |    3262 |    5357     383    5357 |     767     383     767 |    0.2   13.5    0.7
488  |   194 |    3276 |    5362     385    5362 |     770     385     770 |    0.2   12.6    0.7
489  |   194 |    3282 |    5368     386    5368 |     771     386     771 |    0.2   13.4    0.7
490  |   194 |    2096 |    4600     384    4600 |     768     384     768 |    0.1   10.0    0.6
491  |   193 |    3262 |    5352     384    5352 |     767     384     767 |    0.2   12.8    0.7
492  |   193 |    3239 |    4588     384    4588 |     767     384     767 |    0.2    9.5    0.6
493  |   194 |    3268 |    5355     384    5355 |     767     384     767 |    0.2   12.7    0.7
494  |   194 |    2895 |    5381     385    5381 |     771     385     771 |    0.2   12.4    0.7
495  |   194 |    3281 |    5380     385    5380 |     770     385     770 |    0.2   13.3    0.7
496  |   194 |    2900 |    5359     387    5359 |     774     387     774 |    0.2   10.1    0.6
497  |   194 |    3268 |    5372     384    5372 |     769     384     769 |    0.2   15.1    0.7
498  |   194 |    3273 |    5362     384    5362 |     768     384     768 |    0.3   13.5    0.7
499  |   194 |    3290 |    5379     385    5379 |     772     385     772 |    0.2   13.5    0.7
500  |   194 |    3279 |    5362     385    5362 |     769     385     769 |    0.2   13.1    0.7
501  |   193 |    3258 |    5357     384    5357 |     768     384     768 |    0.2   13.1    0.7
502  |   194 |    3265 |    5353     384    5353 |     767     384     767 |    0.2   13.6    0.7
503  |   191 |    2441 |    5271     385    5271 |     769     385     769 |    0.2    9.7    0.6
504  |   193 |    2677 |    5348     384    5348 |     769     384     769 |    0.2    9.8    0.6
505  |   193 |    3262 |    4596     383    4596 |     767     383     767 |    0.1    9.9    0.6
506  |   194 |    2695 |    5369     386    5369 |     771     386     771 |    0.2    9.6    0.6
507  |   194 |    3283 |    5380     385    5380 |     770     385     770 |    0.2   13.2    1.1
508  |   194 |    3252 |    4599     384    4599 |     767     384     767 |    0.2   10.1    0.6
509  |   193 |    3256 |    5360     384    5360 |     768     384     768 |    0.2   13.0    0.7
510  |   192 |    3249 |    4593     383    4593 |     766     383     766 |    0.1    9.2    0.6
511  |   194 |    3260 |    5364     385    5364 |     769     385     769 |    0.2   12.5    0.7
512  |   194 |    3275 |    5369     384    5369 |     769     384     769 |    0.2   13.0    0.7
513  |   194 |    3233 |    4581     384    4581 |     768     384     768 |    0.2    9.5    0.6
514  |   194 |    3282 |    5364     384    5364 |     770     384     770 |    0.2   13.6    0.7
515  |   192 |    3253 |    5348     384    5348 |     767     383     767 |    0.1   12.8    0.7
516  |   194 |    2293 |    5371     384    5371 |     769     385     769 |    0.2   13.3    0.8
517  |   194 |    3275 |    5370     385    5370 |     770     385     770 |    0.2   13.2    0.7
518  |   194 |    3274 |    5370     385    5370 |     770     385     770 |    0.2   13.0    0.7
519  |   194 |    3280 |    5373     385    5373 |     770     385     770 |    0.2   13.0    0.7
520  |   193 |    3261 |    4604     384    4604 |     768     384     768 |    0.2    9.3    0.6
521  |   194 |    3267 |    5365     384    5365 |     768     384     768 |    0.2   13.9    0.7
522  |   194 |    3287 |    5370     386    5370 |     772     386     772 |    0.2   13.6    0.7
523  |   194 |    3279 |    5375     385    5375 |     770     385     770 |    0.2   13.0    0.7
524  |   194 |    3267 |    5360     385    5360 |     769     385     769 |    0.2    9.5    0.6
525  |   194 |    3247 |    4595     384    4595 |     768     384     768 |    0.1    9.7    0.6
526  |   194 |    3281 |    5372     384    5372 |     770     385     770 |    0.2   13.5    0.7
527  |   194 |    3271 |    5361     384    5361 |     769     384     769 |    0.2   13.9    0.7
528  |   193 |    3263 |    5350     384    5350 |     770     384     770 |    0.2   12.9    0.7
529  |   194 |    2294 |    5370     386    5370 |     771     386     771 |    0.2   12.4    0.7
530  |   194 |    3271 |    5362     385    5362 |     769     385     769 |    0.2   12.8    0.7
531  |   194 |    3286 |    5377     386    5377 |     771     386     771 |    0.2   13.5    0.7
532  |   194 |    3273 |    5371     385    5371 |     770     385     770 |    0.2   13.4    0.7
533  |   194 |    3286 |    5379     385    5379 |     771     385     771 |    0.2   13.0    0.7
534  |   194 |    3277 |    5367     384    5367 |     769     384     769 |    0.2   13.0    0.7
535  |   194 |    3269 |    5366     384    5366 |     770     385     770 |    0.3   12.8    0.7
536  |   193 |    3261 |    5357     384    5357 |     767     383     767 |    0.2   13.1    0.7
537  |   194 |    3288 |    5368     386    5368 |     772     386     772 |    0.2   14.0    0.7
538  |   194 |    3281 |    5376     385    5376 |     770     385     770 |    0.2   13.1    0.7
539  |   193 |    2674 |    5353     384    5353 |     767     384     767 |    0.2   10.6    0.6
540  |   194 |    3285 |    5381     385    5381 |     771     385     771 |    0.2   14.5    0.7
541  |   193 |    3261 |    5363     384    5363 |     768     384     768 |    0.2   12.9    0.7
542  |   194 |    2503 |    5369     385    5369 |     770     385     770 |    0.2    9.9    0.6
543  |   194 |    3275 |    5380     386    5380 |     772     386     772 |    0.2   13.5    0.7
544  |   193 |    3262 |    5352     384    5352 |     767     384     767 |    0.2   12.7    0.7
545  |   194 |    3270 |    5353     384    5353 |     768     384     768 |    0.2   12.9    0.7
546  |   194 |    3250 |    5318     384    5318 |     767     384     767 |    0.1   12.7    0.7
547  |   193 |    3270 |    5366     384    5366 |     768     384     768 |    0.2   13.0    0.7
548  |   194 |    2494 |    5369     385    5369 |     770     385     770 |    0.2   12.9    0.7
549  |   193 |    3258 |    4600     384    4600 |     768     384     768 |    0.2    9.5    0.6
550  |   194 |    3273 |    5355     385    5355 |     771     385     771 |    0.2   13.7    0.7
551  |   192 |    3245 |    5333     383    5333 |     766     383     766 |    0.1   12.5    0.7
552  |   194 |    3251 |    5331     384    5331 |     768     384     768 |    0.1   12.9    0.7
553  |   194 |    3262 |    5340     384    5340 |     767     384     767 |    0.2   13.0    0.7
554  |   194 |    2696 |    5374     385    5374 |     770     385     770 |    0.2    9.8    0.6
555  |   194 |    3286 |    5372     386    5372 |     773     386     773 |    0.2   14.2    0.7
556  |   194 |    3277 |    5369     386    5369 |     771     386     771 |    0.3   14.2    0.9
557  |   193 |    2086 |    4567     383    4567 |     767     383     767 |    0.2    9.7    0.6
558  |   194 |    3286 |    5373     385    5373 |     771     385     771 |    0.2   13.4    0.7
559  |   194 |    3283 |    5359     386    5359 |     771     386     771 |    0.2   12.6    0.7
560  |   193 |    3265 |    5360     384    5360 |     768     384     768 |    0.2   13.0    0.7
561  |   194 |    3283 |    5369     385    5369 |     770     385     770 |    0.2   13.0    0.7
562  |   194 |    3280 |    5368     385    5368 |     770     385     770 |    0.2   14.0    0.7
563  |   194 |    3264 |    5368     385    5368 |     769     385     769 |    0.2   13.3    0.7
564  |   194 |    3277 |    5369     385    5369 |     770     385     770 |    0.2   13.2    0.7
565  |   194 |    3259 |    5340     384    5340 |     767     384     767 |    0.1   12.7    0.7
566  |   194 |    3276 |    5363     385    5363 |     770     385     770 |    0.2   13.1    0.8
567  |   191 |    3237 |    4580     383    4580 |     765     383     765 |    0.2    9.7    0.6
568  |   194 |    3279 |    5370     386    5370 |     773     386     773 |    0.2   13.1    0.7
569  |   194 |    3255 |    5358     384    5358 |     768     384     768 |    0.1   13.7    0.8
570  |   194 |    3282 |    5376     385    5376 |     769     385     769 |    0.2   13.1    0.7
571  |   194 |    3280 |    5377     384    5377 |     770     385     770 |    0.2   12.9    0.7
572  |   194 |    3255 |    5333     384    5333 |     768     384     768 |    0.1   13.3    0.7
573  |   194 |    3281 |    5371     385    5371 |     770     385     770 |    0.2   13.6    0.7
574  |   194 |    3288 |    5381     385    5381 |     771     385     771 |    0.2   12.7    0.9
575  |   194 |    3275 |    5373     385    5373 |     769     385     769 |    0.3   14.1    0.8
576  |   191 |    2080 |    4572     383    4572 |     765     383     765 |    0.2    9.6    0.6
577  |   194 |    3289 |    5382     385    5382 |     771     385     771 |    0.2   12.4    0.7
578  |   194 |    3279 |    5366     384    5366 |     769     384     769 |    0.2   13.2    0.7
579  |   193 |    2669 |    4599     384    4599 |     767     384     767 |    0.1    9.4    0.7
580  |   194 |    3277 |    5353     385    5353 |     771     385     771 |    0.2   13.0    0.7
581  |   193 |    3262 |    5360     383    5360 |     767     383     767 |    0.2   13.5    0.7
582  |   193 |    3258 |    5348     384    5348 |     768     384     768 |    0.2   13.2    0.7
583  |   194 |    3256 |    5354     384    5354 |     769     384     769 |    0.2   13.2    0.7
584  |   194 |    2120 |    5379     385    5379 |     771     385     771 |    0.2   14.4    0.9
585  |   194 |    3277 |    5356     386    5356 |     772     386     772 |    0.3   15.3    0.7
586  |   194 |    3289 |    5386     385    5386 |     771     385     771 |    0.2   13.2    0.7
587  |   194 |    3261 |    5336     384    5336 |     768     384     768 |    0.1   12.9    0.7
588  |   194 |    3284 |    5376     386    5376 |     772     386     772 |    0.2   13.1    0.8
589  |   194 |    3275 |    5366     385    5366 |     769     385     769 |    0.2   13.6    0.7
590  |   193 |    3271 |    5364     384    5364 |     768     384     768 |    0.2   13.4    0.7
591  |   194 |    3268 |    5361     386    5361 |     771     386     771 |    0.2   13.0    0.9
592  |   192 |    2470 |    5321     383    5321 |     768     384     768 |    0.3   13.0    0.7
593  |   193 |    3237 |    4582     383    4582 |     767     383     767 |    0.2    9.7    0.6
594  |   194 |    2304 |    5366     386    5366 |     771     386     771 |    0.2   12.9    0.7
595  |   194 |    3287 |    5376     385    5376 |     770     385     770 |    0.2   14.1    0.7
596  |   194 |    3288 |    5384     385    5384 |     771     385     771 |    0.2   13.6    0.7
597  |   194 |    3284 |    5373     385    5373 |     770     385     770 |    0.2   13.4    0.7
598  |   194 |    3266 |    5354     386    5354 |     772     386     772 |    0.2   12.8    0.7
599  |   194 |    3285 |    5377     385    5377 |     770     385     770 |    0.2   13.2    0.7
600  |   193 |    2142 |    5305     387    5305 |     774     387     774 |    0.2   10.0    0.6
601  |   194 |    3270 |    5369     384    5369 |     769     384     769 |    0.2   14.1    0.7
602  |   193 |    3250 |    5330     384    5330 |     767     384     767 |    0.1   13.3    0.7
603  |   194 |    3282 |    5372     385    5372 |     771     385     771 |    0.2   13.0    0.7
604  |   194 |    3278 |    5364     384    5364 |     769     384     769 |    0.2   12.8    0.7
605  |   193 |    2699 |    5346     386    5346 |     773     386     773 |    0.2   10.1    0.6
606  |   193 |    3260 |    5357     384    5357 |     769     384     769 |    0.2   13.4    0.7
607  |   194 |    3289 |    5367     386    5367 |     773     386     773 |    0.2   12.8    0.7
608  |   194 |    3274 |    5365     384    5365 |     768     384     768 |    0.2   13.5    0.7
609  |   194 |    2111 |    5364     385    5364 |     770     385     770 |    0.2   13.2    0.7
610  |   194 |    3273 |    5365     384    5365 |     768     384     768 |    0.2   13.6    0.7
611  |   193 |    3226 |    4573     383    4573 |     766     383     766 |    0.1   10.0    0.6
612  |   194 |    3279 |    5371     385    5371 |     770     385     770 |    0.2   12.7    0.7
613  |   193 |    3263 |    5363     384    5363 |     768     384     768 |    0.2   13.5    0.7
614  |   194 |    2710 |    5372     386    5372 |     772     386     772 |    0.2   10.6    0.6
615  |   194 |    3255 |    5360     384    5360 |     768     384     768 |    0.1   13.2    0.7
616  |   194 |    2116 |    4615     385    4615 |     771     385     771 |    0.2    9.5    0.6
617  |   194 |    3283 |    5375     385    5375 |     770     385     770 |    0.2   13.5    0.7
618  |   194 |    3289 |    5380     385    5380 |     770     385     770 |    0.2   10.2    0.6
619  |   194 |    3283 |    5383     385    5383 |     771     385     771 |    0.2   13.3    0.7
620  |   194 |    3285 |    5378     385    5378 |     771     385     771 |    0.2   13.7    0.7
621  |   193 |    3244 |    5317     386    5317 |     774     386     774 |    0.2   13.0    0.7
622  |   194 |    3276 |    5372     384    5372 |     769     385     769 |    0.2   13.6    0.7
623  |   194 |    3245 |    5318     384    5318 |     767     384     767 |    0.2   12.7    0.7
624  |   194 |    3287 |    5375     386    5375 |     771     385     771 |    0.2   13.2    0.7
625  |   194 |    2110 |    5372     385    5372 |     770     385     770 |    0.2   13.0    0.7
626  |   193 |    3261 |    5337     385    5337 |     769     385     769 |    0.2   10.0    0.6
627  |   194 |    3275 |    5368     386    5368 |     772     386     772 |    0.2   16.0    0.7
628  |   194 |    3273 |    5376     385    5376 |     770     385     770 |    0.2   12.7    0.7
629  |   194 |    3270 |    5371     385    5371 |     769     385     769 |    0.2   13.0    0.7
630  |   193 |    2119 |    5339     385    5339 |     771     385     771 |    0.2   10.9    0.7
631  |   194 |    2098 |    4594     384    4594 |     768     384     768 |    0.1   10.8    0.6
632  |   194 |    3286 |    5379     385    5379 |     770     385     770 |    0.2   13.6    0.7
633  |   192 |    2080 |    4566     383    4566 |     766     383     766 |    0.2    9.6    0.6
634  |   191 |    3228 |    4572     383    4572 |     765     383     765 |    0.1    9.7    0.6
635  |   194 |    3277 |    5374     385    5374 |     771     385     771 |    0.2   12.9    0.7
636  |   191 |    3231 |    4579     383    4579 |     765     383     765 |    0.1    9.8    0.8
637  |   194 |    3281 |    5375     385    5375 |     770     385     770 |    0.3   16.3    0.7
638  |   193 |    3260 |    5357     384    5357 |     768     384     768 |    0.2   13.1    0.8
639  |   192 |    3247 |    4592     383    4592 |     766     383     766 |    0.2   10.1    0.6
640  |   194 |    3283 |    5371     385    5371 |     771     385     771 |    0.2   12.8    0.7
641  |   194 |    3272 |    5375     385    5375 |     770     385     770 |    0.2   13.3    0.7
642  |   194 |    3260 |    5358     384    5358 |     767     384     767 |    0.2   13.2    0.7
643  |   194 |    3286 |    5379     385    5379 |     771     385     771 |    0.2   13.3    0.7
644  |   194 |    3262 |    5370     385    5370 |     769     385     769 |    0.2   13.0    0.7
645  |   194 |    3269 |    5369     385    5369 |     769     385     769 |    0.2   12.8    0.7
646  |   194 |    3272 |    5369     386    5369 |     772     386     772 |    0.2   12.9    0.7
647  |   194 |    2489 |    5350     385    5350 |     771     385     771 |    0.2   10.2    0.6
648  |   194 |    3275 |    5376     385    5376 |     771     385     771 |    0.2   12.7    0.7
649  |   194 |    3272 |    5364     384    5364 |     768     384     768 |    0.2   16.3    0.8
650  |   194 |    3269 |    5354     384    5354 |     768     384     768 |    0.2   13.9    0.7
651  |   194 |    3281 |    5383     385    5383 |     771     386     771 |    0.2   13.6    0.7
652  |   193 |    3256 |    4598     384    4598 |     767     384     767 |    0.1    9.9    0.7
653  |   194 |    3282 |    5376     385    5376 |     770     385     770 |    0.2   13.3    0.8
654  |   194 |    3284 |    5372     385    5372 |     770     385     770 |    0.2   14.1    0.7
655  |   191 |    3238 |    4582     383    4582 |     765     383     765 |    0.2    9.9    0.6
656  |   193 |    3266 |    5355     384    5355 |     769     384     769 |    0.2   13.1    0.7
657  |   194 |    3276 |    5362     384    5362 |     769     384     769 |    0.2   13.6    0.7
658  |   194 |    3288 |    5380     385    5380 |     771     385     771 |    0.2   13.1    0.7
659  |   194 |    3274 |    5364     384    5364 |     768     384     768 |    0.2   12.9    0.7
660  |   194 |    3282 |    5382     385    5382 |     770     385     770 |    0.2   12.9    0.7
661  |   193 |    3224 |    5319     385    5319 |     769     385     769 |    0.1    9.5    0.6
662  |   192 |    2098 |    5331     384    5331 |     767     384     767 |    0.1    9.5    0.6
663  |   192 |    3226 |    5304     383    5304 |     765     383     765 |    0.1   13.0    0.7
664  |   194 |    3277 |    5362     386    5362 |     773     386     773 |    0.2   13.5    0.7
665  |   194 |    2666 |    4599     384    4599 |     768     384     768 |    0.3    9.6    0.6
666  |   194 |    2102 |    5361     384    5361 |     768     384     768 |    0.2   13.0    0.8
667  |   194 |    3269 |    5365     385    5365 |     771     385     771 |    0.2   12.8    0.7
668  |   194 |    3266 |    5370     385    5370 |     769     385     769 |    0.2   13.3    0.7
669  |   193 |    3252 |    4597     384    4597 |     767     384     767 |    0.1   10.6    0.6
670  |   194 |    3257 |    5366     384    5366 |     769     384     769 |    0.2   13.2    0.7
671  |   194 |    3278 |    5366     384    5366 |     769     384     769 |    0.2   12.6    0.7
672  |   193 |    3272 |    5360     385    5360 |     770     385     770 |    0.2   14.1    0.7
673  |   194 |    3255 |    5363     384    5363 |     768     384     768 |    0.2   13.4    0.7
674  |   194 |    3286 |    5378     385    5378 |     772     385     772 |    0.2   13.2    0.7
675  |   194 |    3277 |    5377     385    5377 |     770     385     770 |    0.2   13.9    0.7
676  |   194 |    2685 |    5351     385    5351 |     771     385     771 |    0.2   10.1    0.6
677  |   191 |    3229 |    4569     383    4569 |     765     383     765 |    0.1    8.8    0.6
678  |   193 |    3210 |    4555     383    4555 |     766     383     766 |    0.1    9.4    0.7
679  |   194 |    2124 |    5371     385    5371 |     771     385     771 |    0.2   12.7    0.7
680  |   194 |    2498 |    4607     385    4607 |     770     385     770 |    0.2   10.4    0.6
681  |   192 |    3231 |    5332     383    5332 |     765     383     765 |    0.1    9.6    0.6
682  |   194 |    3281 |    5370     385    5370 |     772     385     772 |    0.3   12.4    0.7
683  |   194 |    3273 |    5373     385    5373 |     770     385     770 |    0.2   12.9    0.8
684  |   192 |    3248 |    5354     383    5354 |     766     383     766 |    0.1   12.7    0.7
685  |   193 |    3267 |    4603     384    4603 |     768     384     768 |    0.2   10.2    0.6
686  |   194 |    3266 |    5373     384    5373 |     770     384     770 |    0.2   12.7    0.7
687  |   194 |    3277 |    5369     385    5369 |     771     385     771 |    0.2   13.2    0.7
688  |   193 |    3255 |    5354     384    5354 |     770     384     770 |    0.2   13.4    0.7
689  |   194 |    3279 |    5370     386    5370 |     771     386     771 |    0.2   12.7    0.7
690  |   194 |    3272 |    5353     384    5353 |     768     384     768 |    0.2   13.5    0.7
691  |   194 |    3281 |    5358     386    5358 |     771     386     771 |    0.2   13.0    0.7
692  |   194 |    3281 |    5361     386    5361 |     772     386     772 |    0.2   13.0    0.7
693  |   192 |    3223 |    4569     383    4569 |     765     383     765 |    0.1    9.2    0.6
694  |   192 |    3241 |    4587     383    4587 |     765     383     765 |    0.1    9.9    0.6
695  |   194 |    2290 |    5359     385    5359 |     770     385     770 |    0.2    9.8    0.6
696  |   193 |    2115 |    5361     384    5361 |     769     384     769 |    0.2   10.1    0.6
697  |   194 |    3276 |    5374     385    5374 |     769     385     769 |    0.2   13.6    0.7
698  |   194 |    3282 |    5380     385    5380 |     771     385     771 |    0.2   13.4    0.7
699  |   194 |    3284 |    5378     386    5378 |     773     386     773 |    0.2   13.5    0.7
700  |   193 |    3270 |    5364     384    5364 |     769     384     769 |    0.2   13.7    0.7
701  |   194 |    3267 |    5356     384    5356 |     767     384     767 |    0.2   13.8    0.7
702  |   193 |    3267 |    4605     385    4605 |     769     385     769 |    0.2    9.4    0.6
703  |   194 |    2290 |    4604     384    4604 |     768     384     768 |    0.2    9.9    0.6
704  |   194 |    3276 |    5347     385    5347 |     771     385     771 |    0.2   12.6    0.7
705  |   194 |    3282 |    5370     386    5370 |     771     386     771 |    0.2   13.2    0.7
706  |   194 |    3279 |    5367     385    5367 |     771     385     771 |    0.2   13.0    0.7
707  |   194 |    2110 |    5367     384    5367 |     769     384     769 |    0.2   13.4    0.7
708  |   194 |    3257 |    5344     384    5344 |     767     384     767 |    0.2   10.1    0.6
709  |   193 |    3255 |    5358     383    5358 |     767     383     767 |    0.1   13.6    0.7
710  |   194 |    3256 |    5330     386    5330 |     772     386     772 |    0.2   10.0    0.6
711  |   194 |    3259 |    5340     384    5340 |     767     384     767 |    0.2   12.8    0.7
712  |   194 |    2311 |    5385     385    5385 |     771     385     771 |    0.2    9.9    0.7
713  |   193 |    2286 |    5361     384    5361 |     767     384     767 |    0.1   12.9    0.7
714  |   194 |    3238 |    5298     385    5298 |     770     385     770 |    0.2   12.8    0.7
715  |   194 |    3278 |    5371     384    5371 |     769     384     769 |    0.2   13.6    0.7
716  |   194 |    3261 |    5343     384    5343 |     768     384     768 |    0.2   13.1    0.7
717  |   192 |    3232 |    4581     383    4581 |     766     383     766 |    0.1    9.9    0.6
718  |   194 |    3269 |    5362     386    5362 |     771     386     771 |    0.2   13.2    0.7
719  |   194 |    3276 |    5365     384    5365 |     769     384     769 |    0.2   13.3    0.7
720  |   194 |    3287 |    5384     385    5384 |     771     385     771 |    0.2   13.0    0.9
721  |   194 |    3281 |    5376     385    5376 |     770     385     770 |    0.2   12.5    0.7
722  |   194 |    2256 |    4554     384    4554 |     769     384     769 |    0.1    9.7    0.6
723  |   194 |    3279 |    5365     386    5365 |     771     386     771 |    0.2   13.2    0.7
724  |   194 |    3285 |    5379     385    5379 |     770     385     770 |    0.2   13.4    0.7
725  |   194 |    3273 |    5354     385    5354 |     770     385     770 |    0.2   13.4    0.7
726  |   194 |    3263 |    5368     384    5368 |     769     384     769 |    0.2   13.1    0.7
727  |   194 |    3281 |    5372     385    5372 |     771     385     771 |    0.2   13.1    0.7
728  |   194 |    2293 |    5371     384    5371 |     769     384     769 |    0.2   12.8    0.7
729  |   194 |    3259 |    5359     383    5359 |     768     384     768 |    0.2   13.0    0.7
730  |   193 |    3263 |    5356     384    5356 |     768     384     768 |    0.2   13.4    0.7
731  |   193 |    3275 |    5372     385    5372 |     770     385     770 |    0.2   13.8    0.7
732  |   194 |    3220 |    4571     384    4571 |     768     384     768 |    0.2    9.7    0.6
733  |   194 |    3277 |    5373     385    5373 |     771     385     771 |    0.2   14.0    0.7
734  |   193 |    3258 |    5359     384    5359 |     768     384     768 |    0.2   13.2    0.7
735  |   194 |    3283 |    5377     386    5377 |     771     386     771 |    0.2   12.8    0.7
736  |   194 |    3270 |    5374     385    5374 |     770     385     770 |    0.2   13.7    0.8
737  |   194 |    3271 |    5365     384    5365 |     769     384     769 |    0.2   12.9    0.8
738  |   194 |    3273 |    5355     384    5355 |     770     384     770 |    0.2   13.2    0.7
739  |   193 |    3269 |    5367     384    5367 |     769     384     769 |    0.2   13.3    0.7
740  |   194 |    3282 |    5384     386    5384 |     771     386     771 |    0.2   13.2    0.7
741  |   194 |    2497 |    5367     385    5367 |     770     385     770 |    0.2    9.6    0.6
742  |   194 |    2513 |    5386     385    5386 |     771     386     771 |    0.2   10.4    0.7
743  |   193 |    3262 |    5340     384    5340 |     768     384     768 |    0.2   13.0    1.2
744  |   194 |    3284 |    5378     385    5378 |     771     385     771 |    0.3   13.4    0.7
745  |   194 |    3288 |    5375     386    5375 |     772     386     772 |    0.2   13.0    0.7
746  |   194 |    2116 |    5377     385    5377 |     770     385     770 |    0.2   13.0    0.7
747  |   194 |    3284 |    5378     385    5378 |     772     386     772 |    0.2   13.0    0.7
748  |   194 |    3281 |    4615     385    4615 |     770     385     770 |    0.2   10.1    0.6
749  |   194 |    3288 |    5386     385    5386 |     771     385     771 |    0.2   13.4    0.7
750  |   192 |    2093 |    4590     383    4590 |     766     383     766 |    0.1    9.9    0.6
751  |   194 |    3269 |    5354     384    5354 |     769     384     769 |    0.2   13.5    0.7
752  |   194 |    3269 |    4608     385    4608 |     770     385     770 |    0.2   10.2    0.6
753  |   193 |    3269 |    5355     385    5355 |     770     385     770 |    0.2   12.4    0.7
754  |   192 |    3236 |    4577     384    4577 |     767     384     767 |    0.1    9.9    0.6
755  |   194 |    2274 |    4599     384    4599 |     767     384     767 |    0.1   10.1    0.6
756  |   194 |    3280 |    5371     386    5371 |     772     386     772 |    0.2   13.2    0.7
757  |   194 |    3281 |    5371     386    5371 |     772     386     772 |    0.2   13.2    0.7
758  |   194 |    3243 |    4591     384    4591 |     768     384     768 |    0.1    9.7    0.6
759  |   194 |    2288 |    5364     384    5364 |     769     384     769 |    0.2   13.4    0.7
760  |   194 |    3265 |    5349     384    5349 |     768     384     768 |    0.2   12.5    0.9
761  |   194 |    3287 |    5383     386    5383 |     771     385     771 |    0.2   13.6    0.7
762  |   194 |    2457 |    4560     384    4560 |     767     384     767 |    0.1   10.0    0.6
763  |   194 |    3269 |    5373     385    5373 |     769     385     769 |    0.2   13.4    0.7
764  |   194 |    2302 |    5362     387    5362 |     774     387     774 |    0.2   12.8    0.7
765  |   191 |    3222 |    4558     383    4558 |     765     383     765 |    0.1    9.2    0.6
766  |   193 |    3256 |    5344     384    5344 |     770     384     770 |    0.2   12.8    0.7
767  |   194 |    3260 |    5362     384    5362 |     768     384     768 |    0.2   12.6    0.7
768  |   194 |    3250 |    4600     384    4600 |     768     384     768 |    0.1   10.0    0.6
769  |   194 |    3272 |    5365     385    5365 |     770     385     770 |    0.2   13.3    0.7
770  |   194 |    3286 |    5378     386    5378 |     772     386     772 |    0.2   13.6    0.7
771  |   194 |    3288 |    5378     385    5378 |     770     385     770 |    0.2   13.2    0.7
772  |   193 |    3245 |    4591     383    4591 |     767     383     767 |    0.1    9.6    0.6
773  |   193 |    3249 |    4596     383    4596 |     767     383     767 |    0.1   10.7    0.6
774  |   194 |    3271 |    5367     385    5367 |     769     385     769 |    0.2   12.7    0.7
775  |   193 |    3270 |    5366     385    5366 |     769     385     769 |    0.2   12.7    0.7
776  |   194 |    3269 |    5365     384    5365 |     768     384     768 |    0.2   12.8    0.7
777  |   193 |    3259 |    5344     383    5344 |     767     383     767 |    0.1   13.5    0.7
778  |   193 |    3242 |    4592     384    4592 |     767     384     767 |    0.2    9.4    0.6
779  |   193 |    3263 |    5351     385    5351 |     769     385     769 |    0.2   13.9    0.7
780  |   194 |    2266 |    4568     384    4568 |     768     384     768 |    0.1    9.6    0.6
781  |   193 |    3265 |    5362     384    5362 |     770     384     770 |    0.2   13.4    0.7
782  |   194 |    2101 |    4600     384    4600 |     768     384     768 |    0.2    9.5    0.7
783  |   194 |    3256 |    5365     384    5365 |     768     384     768 |    0.2   12.9    0.7
784  |   194 |    3278 |    5370     385    5370 |     770     385     770 |    0.2   13.2    0.7
785  |   194 |    3280 |    5372     385    5372 |     770     385     770 |    0.2   13.7    0.7
786  |   194 |    3290 |    5377     385    5377 |     771     386     771 |    0.2   13.2    0.7
787  |   194 |    3264 |    5360     385    5360 |     770     385     770 |    0.2   12.9    0.7
788  |   194 |    2844 |    4582     383    4582 |     767     384     767 |    0.2   10.1    0.6
789  |   193 |    3268 |    5355     385    5355 |     770     385     770 |    0.2   13.7    0.8
790  |   194 |    3273 |    5372     385    5372 |     770     385     770 |    0.2   13.9    0.7
791  |   194 |    2493 |    5353     384    5353 |     767     384     767 |    0.3   13.1    0.7
792  |   194 |    3287 |    5373     386    5373 |     771     386     771 |    0.2   13.4    0.7
793  |   194 |    3258 |    5361     384    5361 |     768     384     768 |    0.1   12.6    0.7
794  |   194 |    3284 |    5375     385    5375 |     770     385     770 |    0.2   12.9    0.7
795  |   193 |    3263 |    5358     384    5358 |     767     384     767 |    0.2   14.0    0.7
796  |   194 |    3266 |    5368     384    5368 |     769     384     769 |    0.2   13.9    0.7
797  |   194 |    2116 |    5375     385    5375 |     770     385     770 |    0.2   13.2    0.7
798  |   194 |    3283 |    5378     385    5378 |     771     385     771 |    0.2   13.8    0.7
799  |   194 |    3279 |    4609     385    4609 |     770     385     770 |    0.2    9.4    0.6
800  |   194 |    3284 |    5368     385    5368 |     771     386     771 |    0.3   12.9    0.7
801  |   194 |    3264 |    5354     385    5354 |     771     385     771 |    0.2   12.4    0.7
802  |   194 |    3272 |    5366     387    5366 |     775     387     775 |    0.2   12.2    0.7
803  |   193 |    3262 |    5354     384    5354 |     769     384     769 |    0.2   12.6    0.7
804  |   191 |    3242 |    4586     383    4586 |     765     383     765 |    0.1    9.5    0.7
805  |   193 |    2274 |    4581     383    4581 |     767     383     767 |    0.1   10.1    0.6
806  |   194 |    3282 |    5361     386    5361 |     771     386     771 |    0.2   13.3    0.7
807  |   193 |    2099 |    4595     384    4595 |     768     384     768 |    0.2   10.0    0.6
808  |   193 |    3253 |    5346     383    5346 |     767     383     767 |    0.2   13.4    0.7
809  |   194 |    3277 |    5366     386    5366 |     771     386     771 |    0.3   13.2    0.8
810  |   194 |    2296 |    5365     385    5365 |     771     385     771 |    0.2   13.1    0.7
811  |   194 |    2696 |    5382     385    5382 |     771     385     771 |    0.2   12.9    0.7
812  |   194 |    3266 |    5374     385    5374 |     769     385     769 |    0.2   13.1    0.7
813  |   194 |    3272 |    5350     385    5350 |     769     385     769 |    0.2   13.6    0.7
814  |   193 |    3266 |    5366     384    5366 |     769     384     769 |    0.2   13.8    0.7
815  |   194 |    3283 |    5377     386    5377 |     772     386     772 |    0.2   10.1    0.6
816  |   194 |    3282 |    5368     386    5368 |     772     386     772 |    0.2   13.1    0.7
817  |   194 |    3289 |    5375     386    5375 |     772     386     772 |    0.2   13.5    0.7
818  |   193 |    3252 |    5339     383    5339 |     767     383     767 |    0.2   13.2    0.7
819  |   194 |    3251 |    4600     385    4600 |     769     385     769 |    0.2   10.2    0.6
820  |   194 |    3289 |    5374     386    5374 |     771     386     771 |    0.2   13.6    0.7
821  |   193 |    3258 |    5352     383    5352 |     767     383     767 |    0.1   13.8    0.7
822  |   194 |    2498 |    5368     386    5368 |     772     386     772 |    0.2   13.6    0.7
823  |   194 |    3281 |    5366     384    5366 |     769     384     769 |    0.2   13.2    0.7
824  |   193 |    3270 |    5367     385    5367 |     769     385     769 |    0.2   13.4    0.7
825  |   194 |    3268 |    5365     384    5365 |     769     384     769 |    0.2   12.4    0.7
826  |   194 |    3237 |    4584     384    4584 |     769     384     769 |    0.2   10.1    0.6
827  |   194 |    2112 |    5358     385    5358 |     770     385     770 |    0.2   10.5    0.6
828  |   194 |    2507 |    5380     385    5380 |     770     385     770 |    0.2   10.1    0.6
829  |   194 |    2110 |    5369     385    5369 |     769     385     769 |    0.2   13.2    0.7
830  |   194 |    3273 |    5369     384    5369 |     769     384     769 |    0.2   13.0    0.8
831  |   192 |    3252 |    5353     383    5353 |     767     383     767 |    0.2   12.4    0.7
832  |   194 |    3250 |    4601     384    4601 |     768     384     768 |    0.2    9.9    0.6
833  |   194 |    3265 |    5351     384    5351 |     768     384     768 |    0.2   12.2    0.7
834  |   194 |    2701 |    5381     385    5381 |     771     385     771 |    0.2   10.2    0.6
835  |   193 |    3258 |    5345     383    5345 |     767     383     767 |    0.1   12.9    0.9
836  |   194 |    3277 |    5359     384    5359 |     768     384     768 |    0.2   12.9    0.7
837  |   194 |    3286 |    5375     386    5375 |     771     386     771 |    0.2   12.4    0.7
838  |   194 |    3278 |    5362     384    5362 |     769     384     769 |    0.2   13.0    0.7
839  |   194 |    3277 |    5374     385    5374 |     770     385     770 |    0.2   13.3    0.7
840  |   194 |    3278 |    5375     385    5375 |     770     385     770 |    0.2   13.6    0.7
841  |   194 |    3277 |    5371     384    5371 |     769     384     769 |    0.2   13.2    0.7
842  |   194 |    3282 |    5379     385    5379 |     770     385     770 |    0.2   13.2    0.7
843  |   192 |    3244 |    5335     383    5335 |     768     384     768 |    0.2    9.8    0.6
844  |   194 |    3282 |    5380     385    5380 |     770     385     770 |    0.2   13.5    0.7
845  |   194 |    3278 |    5376     386    5376 |     772     386     772 |    0.2   13.3    0.7
846  |   194 |    3270 |    5370     384    5370 |     769     385     769 |    0.2   13.1    0.7
847  |   194 |    3280 |    5371     385    5371 |     771     385     771 |    0.2   13.4    0.7
848  |   194 |    3271 |    5364     385    5364 |     771     385     771 |    0.2   13.7    0.7
849  |   194 |    3274 |    5361     385    5361 |     771     385     771 |    0.2   12.6    0.7
850  |   194 |    3281 |    5373     385    5373 |     769     385     769 |    0.2   13.2    0.7
851  |   192 |    2276 |    5339     384    5339 |     767     384     767 |    0.1    9.6    0.6
852  |   194 |    2695 |    5372     386    5372 |     772     386     772 |    0.2    9.9    0.6
853  |   194 |    3274 |    5356     384    5356 |     769     384     769 |    0.2   13.3    0.7
854  |   194 |    3278 |    5376     385    5376 |     770     385     770 |    0.2   13.6    0.7
855  |   193 |    3265 |    5358     385    5358 |     769     385     769 |    0.2   13.7    0.9
856  |   194 |    2102 |    4602     384    4602 |     769     384     769 |    0.2   12.9    0.6
857  |   194 |    3277 |    5365     386    5365 |     771     386     771 |    0.2   13.3    0.7
858  |   194 |    3271 |    5370     385    5370 |     770     385     770 |    0.2   13.2    0.7
859  |   194 |    3287 |    5370     386    5370 |     771     386     771 |    0.2   14.0    0.7
860  |   194 |    3247 |    5316     384    5316 |     768     384     768 |    0.1   13.6    0.7
861  |   194 |    3286 |    5377     385    5377 |     771     385     771 |    0.2   13.6    0.7
862  |   194 |    3283 |    5368     385    5368 |     771     385     771 |    0.2   13.1    0.7
863  |   194 |    3270 |    5351     384    5351 |     769     384     769 |    0.2   12.3    0.7
864  |   193 |    3274 |    5372     385    5372 |     770     385     770 |    0.2   13.1    0.7
865  |   194 |    2123 |    5384     386    5384 |     771     386     771 |    0.2   13.2    0.7
866  |   194 |    3281 |    5365     385    5365 |     771     385     771 |    0.2   13.5    0.7
867  |   194 |    3269 |    5375     386    5375 |     771     386     771 |    0.2   10.0    0.6
868  |   194 |    2466 |    4573     387    4573 |     773     387     773 |    0.2    9.1    0.6
869  |   194 |    3263 |    5341     384    5341 |     768     384     768 |    0.2   12.6    0.7
870  |   194 |    2115 |    5365     387    5365 |     774     387     774 |    0.2   12.7    0.7
871  |   194 |    2106 |    5373     385    5373 |     770     385     770 |    0.2   13.5    0.7
872  |   193 |    3264 |    5352     384    5352 |     768     384     768 |    0.2   14.0    0.7
873  |   194 |    3274 |    5374     384    5374 |     769     385     769 |    0.2   13.4    0.7
874  |   194 |    3272 |    5369     385    5369 |     770     385     770 |    0.2   12.8    0.7
875  |   194 |    3276 |    5356     385    5356 |     770     385     770 |    0.2   13.8    0.7
876  |   194 |    3269 |    5353     384    5353 |     768     384     768 |    0.2   13.5    0.7
877  |   192 |    3238 |    5329     383    5329 |     766     383     766 |    0.2   12.7    0.7
878  |   194 |    3275 |    5374     385    5374 |     770     385     770 |    0.2   13.7    0.7
879  |   194 |    2704 |    5383     385    5383 |     771     385     771 |    0.2   10.4    0.6
880  |   194 |    3288 |    5374     385    5374 |     771     385     771 |    0.2   12.9    0.7
881  |   194 |    3278 |    5377     385    5377 |     770     385     770 |    0.2   12.7    0.7
882  |   194 |    3273 |    5358     385    5358 |     770     385     770 |    0.2   12.7    0.7
883  |   194 |    3286 |    5369     385    5369 |     771     385     771 |    0.2   13.4    0.7
884  |   194 |    3272 |    5351     385    5351 |     770     385     770 |    0.2   14.1    0.7
885  |   193 |    2099 |    5337     384    5337 |     769     384     769 |    0.2   10.7    0.6
886  |   194 |    3287 |    5377     386    5377 |     772     386     772 |    0.2   13.8    0.7
887  |   194 |    3274 |    5362     384    5362 |     768     384     768 |    0.2   13.0    0.7
888  |   192 |    3241 |    4583     385    4583 |     769     385     769 |    0.2    9.5    0.8
889  |   194 |    3277 |    5373     385    5373 |     771     385     771 |    0.2   12.9    0.7
890  |   194 |    3276 |    5359     385    5359 |     770     385     770 |    0.2   13.9    0.7
891  |   193 |    3257 |    5359     384    5359 |     769     384     769 |    0.2   13.6    0.7
892  |   194 |    3275 |    5371     385    5371 |     770     385     770 |    0.2   13.7    0.7
893  |   193 |    2866 |    5336     384    5336 |     768     384     768 |    0.2    9.7    0.6
894  |   194 |    3269 |    5366     385    5366 |     769     385     769 |    0.2   14.1    1.0
895  |   192 |    3254 |    5351     383    5351 |     767     383     767 |    0.3   14.9    0.7
896  |   194 |    3278 |    5352     385    5352 |     770     385     770 |    0.2   13.4    0.7
897  |   194 |    3288 |    5382     386    5382 |     771     386     771 |    0.2   12.9    0.7
898  |   194 |    3281 |    5358     385    5358 |     770     385     770 |    0.2   12.9    0.7
899  |   194 |    2705 |    5361     387    5361 |     773     387     773 |    0.2    9.7    0.6
900  |   191 |    3220 |    4560     384    4560 |     767     384     767 |    0.2    9.8    0.6
901  |   193 |    3264 |    5359     384    5359 |     767     384     767 |    0.2   13.4    0.7
902  |   194 |    3270 |    5369     384    5369 |     769     384     769 |    0.2   13.8    0.7
903  |   194 |    3275 |    4610     385    4610 |     770     385     770 |    0.2    9.8    0.7
904  |   194 |    3275 |    5373     384    5373 |     769     384     769 |    0.2   13.4    0.7
905  |   192 |    3234 |    5320     383    5320 |     766     383     766 |    0.2   12.6    0.7
906  |   194 |    3278 |    5377     386    5377 |     771     386     771 |    0.2   13.0    0.7
907  |   194 |    3263 |    5338     384    5338 |     768     384     768 |    0.1   14.1    0.7
908  |   194 |    3286 |    5361     386    5361 |     772     386     772 |    0.3   12.9    0.7
909  |   194 |    2487 |    4601     384    4601 |     768     384     768 |    0.1    9.3    0.6
910  |   194 |    3288 |    5379     386    5379 |     772     386     772 |    0.2   13.6    0.7
911  |   192 |    3237 |    4586     383    4586 |     766     383     766 |    0.1    9.6    0.6
912  |   194 |    3277 |    5377     385    5377 |     770     385     770 |    0.2   12.8    0.7
913  |   193 |    3274 |    5369     384    5369 |     769     384     769 |    0.2   13.9    0.7
914  |   193 |    3266 |    5361     384    5361 |     768     384     768 |    0.2   14.3    0.8
915  |   194 |    3285 |    5363     385    5363 |     771     385     771 |    0.2   12.8    0.7
916  |   194 |    3206 |    5303     383    5303 |     767     383     767 |    0.2    9.9    0.6
917  |   194 |    3281 |    5371     385    5371 |     769     385     769 |    0.2   13.2    0.7
918  |   194 |    3280 |    5371     385    5371 |     769     385     769 |    0.2   13.1    0.7
919  |   193 |    3263 |    5351     384    5351 |     767     384     767 |    0.2   10.3    0.6
920  |   193 |    3252 |    5342     383    5342 |     766     383     766 |    0.1   13.4    0.7
921  |   194 |    3284 |    5377     386    5377 |     771     386     771 |    0.2   12.9    0.7
922  |   194 |    3288 |    5382     385    5382 |     770     385     770 |    0.2   13.8    0.7
923  |   194 |    3270 |    5361     384    5361 |     769     384     769 |    0.2   13.1    0.7
924  |   193 |    3250 |    5328     383    5328 |     767     383     767 |    0.1   12.6    0.7
925  |   194 |    2117 |    5370     386    5370 |     771     386     771 |    0.2   13.3    0.7
926  |   193 |    3266 |    4600     384    4600 |     767     384     767 |    0.2    9.9    0.6
927  |   194 |    3272 |    5371     384    5371 |     769     384     769 |    0.2   13.4    0.7
928  |   194 |    3265 |    5360     385    5360 |     770     385     770 |    0.2   13.7    0.7
929  |   194 |    3287 |    5382     385    5382 |     771     385     771 |    0.2   12.5    0.7
930  |   194 |    2095 |    4595     384    4595 |     768     384     768 |    0.1    9.8    0.6
931  |   194 |    3265 |    5337     387    5337 |     775     387     775 |    0.2   12.6    0.7
932  |   194 |    3285 |    5375     385    5375 |     770     385     770 |    0.2   13.1    0.7
933  |   194 |    3284 |    5377     385    5377 |     770     385     770 |    0.2   13.3    0.7
934  |   194 |    3271 |    5369     385    5369 |     769     385     769 |    0.2   13.6    0.7
935  |   194 |    3262 |    4607     385    4607 |     769     385     769 |    0.2   10.2    0.6
936  |   191 |    3235 |    4581     383    4581 |     765     383     765 |    0.1    9.5    0.6
937  |   194 |    2694 |    5377     386    5377 |     772     386     772 |    0.2   12.8    0.7
938  |   193 |    3269 |    5362     385    5362 |     769     385     769 |    0.2   13.1    0.7
939  |   193 |    3258 |    5356     383    5356 |     767     383     767 |    0.1   12.9    0.7
940  |   194 |    3282 |    5376     385    5376 |     770     385     770 |    0.2   13.1    0.7
941  |   194 |    3283 |    5378     385    5378 |     770     385     770 |    0.2   13.4    0.7
942  |   193 |    3262 |    5356     385    5356 |     771     385     771 |    0.2   13.0    0.7
943  |   194 |    2711 |    5333     387    5333 |     774     387     774 |    0.2   10.7    0.8
944  |   194 |    2135 |    5356     386    5356 |     774     386     774 |    0.2    9.8    0.6
945  |   194 |    2106 |    5367     384    5367 |     769     384     769 |    0.2   13.5    0.7
946  |   194 |    3290 |    5384     386    5384 |     771     386     771 |    0.2   13.0    0.7
947  |   194 |    3256 |    5323     384    5323 |     769     384     769 |    0.1   12.5    0.7
948  |   194 |    3289 |    5379     386    5379 |     771     386     771 |    0.2   13.6    0.7
949  |   194 |    3284 |    5376     385    5376 |     770     385     770 |    0.2   13.5    0.7
950  |   194 |    2504 |    5371     386    5371 |     772     386     772 |    0.2   13.2    0.7
951  |   194 |    3284 |    5380     386    5380 |     772     386     772 |    0.2   12.7    0.9
952  |   193 |    2290 |    5359     384    5359 |     768     384     768 |    0.2   13.5    0.7
953  |   194 |    3253 |    4600     384    4600 |     768     384     768 |    0.2    9.7    0.6
954  |   194 |    3246 |    4590     385    4590 |     770     385     770 |    0.1    9.6    0.6
955  |   194 |    3285 |    5377     385    5377 |     770     385     770 |    0.2   13.4    0.8
956  |   192 |    3242 |    4587     383    4587 |     766     383     766 |    0.2    9.5    0.6
957  |   194 |    3284 |    5378     385    5378 |     770     385     770 |    0.2   13.4    0.7
958  |   194 |    3280 |    5372     385    5372 |     770     385     770 |    0.2   13.3    0.7
959  |   193 |    2088 |    4576     383    4576 |     766     383     766 |    0.1   10.1    0.6
960  |   194 |    2510 |    5363     386    5363 |     772     386     772 |    0.2   10.4    0.7
961  |   194 |    3276 |    5367     384    5367 |     768     384     768 |    0.2   13.5    0.7
962  |   194 |    3280 |    5376     385    5376 |     771     385     771 |    0.2   13.5    0.7
963  |   194 |    2522 |    5371     387    5371 |     773     387     773 |    0.2   11.1    0.6
964  |   194 |    3273 |    5367     384    5367 |     768     384     768 |    0.2   12.8    0.7
965  |   194 |    2111 |    5369     385    5369 |     769     385     769 |    0.2   10.0    0.6
966  |   194 |    2295 |    5376     385    5376 |     770     385     770 |    0.2   13.2    0.7
967  |   194 |    3268 |    5356     384    5356 |     768     384     768 |    0.2   13.7    0.7
968  |   194 |    3286 |    5375     386    5375 |     772     386     772 |    0.3   10.1    0.6
969  |   194 |    3247 |    4594     384    4594 |     767     384     767 |    0.1    9.5    0.6
970  |   193 |    3263 |    5349     383    5349 |     770     385     770 |    0.2   13.6    0.7
971  |   193 |    3271 |    5368     384    5368 |     769     384     769 |    0.2   13.9    0.7
972  |   194 |    3290 |    5375     386    5375 |     772     386     772 |    0.2   13.3    0.7
973  |   194 |    3260 |    5341     383    5341 |     768     383     768 |    0.1   13.0    0.7
974  |   193 |    3266 |    5364     384    5364 |     769     384     769 |    0.2   13.0    0.7
975  |   194 |    3263 |    5347     384    5347 |     767     384     767 |    0.2   12.7    0.7
976  |   194 |    3278 |    5360     385    5360 |     770     385     770 |    0.2   12.3    0.7
977  |   194 |    2423 |    5245     387    5245 |     774     387     774 |    0.2    9.2    0.6
978  |   194 |    3261 |    5341     384    5341 |     768     384     768 |    0.1   13.2    0.7
979  |   194 |    3286 |    5376     386    5376 |     772     386     772 |    0.2   13.4    0.7
980  |   192 |    3249 |    5344     383    5344 |     766     383     766 |    0.1   13.4    0.7
981  |   194 |    3279 |    5372     385    5372 |     770     385     770 |    0.2   13.2    0.8
982  |   194 |    3285 |    5385     386    5385 |     771     385     771 |    0.3   13.7    0.7
983  |   193 |    3260 |    5355     383    5355 |     768     383     768 |    0.2   13.7    0.7
984  |   194 |    3285 |    5381     385    5381 |     771     385     771 |    0.2   10.6    0.7
985  |   191 |    3227 |    4570     383    4570 |     765     383     765 |    0.1   10.3    0.6
986  |   194 |    3272 |    5366     384    5366 |     769     384     769 |    0.2   12.5    0.7
987  |   192 |    2864 |    5334     384    5334 |     767     384     767 |    0.2    9.4    0.6
988  |   194 |    3228 |    4576     383    4576 |     767     384     767 |    0.1    9.9    0.6
989  |   194 |    3257 |    5327     384    5327 |     768     384     768 |    0.1   12.9    0.7
990  |   193 |    3233 |    4580     383    4580 |     766     383     766 |    0.1    9.4    0.6
991  |   194 |    3275 |    5364     385    5364 |     770     385     770 |    0.2   14.3    0.7
992  |   194 |    2096 |    4581     384    4581 |     768     384     768 |    0.1   10.3    0.6
993  |   194 |    3277 |    5374     384    5374 |     769     384     769 |    0.2   14.0    0.7
994  |   194 |    2106 |    5364     384    5364 |     769     384     769 |    0.2   13.0    0.7
995  |   193 |    3261 |    5350     384    5350 |     767     384     767 |    0.2   13.0    0.7
996  |   194 |    3277 |    5376     385    5376 |     770     385     770 |    0.2   13.5    0.7
997  |   192 |    2483 |    5347     384    5347 |     769     384     769 |    0.1    9.8    0.6
998  |   194 |    3270 |    5354     384    5354 |     768     384     768 |    0.2   13.0    0.7
999  |   194 |    3275 |    5377     385    5377 |     770     385     770 |    0.2   13.4    0.7
1000 |   194 |    3249 |    4599     384    4599 |     768     384     768 |    0.2    9.6    0.6
1001 |   194 |    3279 |    5361     384    5361 |     769     384     769 |    0.2   13.4    0.7
1002 |   194 |    2293 |    5372     386    5372 |     771     386     771 |    0.3   13.5    0.7
1003 |   194 |    3274 |    5358     383    5358 |     771     385     771 |    0.2   12.6    0.7
1004 |   193 |    3257 |    5340     385    5340 |     769     385     769 |    0.2   13.1    0.7
1005 |   194 |    3268 |    5360     383    5360 |     767     383     767 |    0.2   12.5    0.7
1006 |   192 |    3254 |    5346     383    5346 |     767     384     767 |    0.2   12.5    0.7
1007 |   194 |    3284 |    5375     385    5375 |     770     385     770 |    0.2   13.5    0.7
1008 |   194 |    3266 |    5353     384    5353 |     767     384     767 |    0.3   13.5    0.7
1009 |   194 |    3271 |    5370     385    5370 |     769     385     769 |    0.2   13.1    0.7
1010 |   194 |    2502 |    5375     385    5375 |     770     385     770 |    0.2   10.7    0.6
1011 |   194 |    3258 |    5354     385    5354 |     771     385     771 |    0.2   13.6    1.3
1012 |   193 |    2861 |    5362     384    5362 |     768     384     768 |    0.2   12.5    0.7
1013 |   194 |    3282 |    5366     385    5366 |     771     385     771 |    0.2   13.4    0.7
1014 |   194 |    3277 |    5371     385    5371 |     770     385     770 |    0.2   12.8    0.7
1015 |   194 |    3277 |    5371     384    5371 |     769     384     769 |    0.2   13.3    0.7
1016 |   194 |    3265 |    5342     384    5342 |     768     384     768 |    0.2   13.2    0.7
1017 |   194 |    3290 |    5374     386    5374 |     771     386     771 |    0.2   14.1    0.7
1018 |   194 |    3274 |    5367     386    5367 |     771     386     771 |    0.3   10.5    0.6
1019 |   193 |    2084 |    4562     383    4562 |     766     383     766 |    0.2    9.8    0.6
1020 |   194 |    3273 |    5371     385    5371 |     771     385     771 |    0.2   12.6    0.7
1021 |   192 |    2661 |    4586     383    4586 |     766     383     766 |    0.2   10.2    0.6
1022 |   194 |    2687 |    5364     386    5364 |     771     386     771 |    0.2   13.0    0.7
1023 |   194 |    2092 |    4590     384    4590 |     768     384     768 |    0.1   10.2    0.6
1024 |   194 |    2289 |    4600     384    4600 |     768     384     768 |    0.1    9.5    0.6
1025 |   194 |    3276 |    5367     385    5367 |     770     385     770 |    0.2   13.1    0.7
1026 |   192 |    2122 |    5323     385    5323 |     771     385     771 |    0.2   10.1    0.6
1027 |   194 |    2302 |    5380     385    5380 |     770     385     770 |    0.2   13.4    0.7
1028 |   193 |    3269 |    5365     384    5365 |     769     384     769 |    0.2   13.1    0.7
1029 |   193 |    3258 |    5349     384    5349 |     767     384     767 |    0.1   13.2    0.7
1030 |   194 |    3275 |    5363     385    5363 |     770     385     770 |    0.2   13.5    0.7
1031 |   194 |    3277 |    5370     385    5370 |     770     385     770 |    0.2   13.2    0.7
1032 |   194 |    3278 |    5365     385    5365 |     770     385     770 |    0.2   13.1    0.7
1033 |   193 |    3242 |    4590     383    4590 |     766     383     766 |    0.1    9.7    0.6
1034 |   194 |    3275 |    5363     384    5363 |     768     384     768 |    0.2   13.1    0.7
1035 |   193 |    3246 |    4592     383    4592 |     767     383     767 |    0.1    9.5    0.6
1036 |   190 |    3201 |    4540     383    4540 |     765     383     765 |    0.1    9.8    0.6
1037 |   193 |    3261 |    5360     384    5360 |     768     384     768 |    0.2   13.6    0.7
1038 |   194 |    3276 |    5372     385    5372 |     770     385     770 |    0.2   14.1    0.8
1039 |   194 |    3288 |    5377     385    5377 |     771     385     771 |    0.2   14.1    0.7
1040 |   193 |    3269 |    5359     384    5359 |     769     384     769 |    0.2   13.9    0.7
1041 |   194 |    3278 |    5373     385    5373 |     769     385     769 |    0.2   13.2    0.7
1042 |   194 |    3281 |    5365     386    5365 |     772     386     772 |    0.2   12.9    0.7
1043 |   194 |    3275 |    5373     385    5373 |     770     385     770 |    0.2   14.0    0.9
1044 |   194 |    3277 |    5374     385    5374 |     770     385     770 |    0.3   15.5    0.7
1045 |   193 |    3236 |    4584     383    4584 |     766     383     766 |    0.2    9.9    0.6
1046 |   194 |    2602 |    4520     384    4520 |     768     384     768 |    0.2    9.3    0.6
1047 |   192 |    2082 |    4568     383    4568 |     766     383     766 |    0.1   10.3    0.6
1048 |   194 |    2497 |    5375     385    5375 |     770     385     770 |    0.2   13.1    0.7
1049 |   194 |    3282 |    5370     385    5370 |     770     385     770 |    0.2   13.7    0.7
1050 |   194 |    3258 |    4604     384    4604 |     768     384     768 |    0.2    9.5    0.6
1051 |   193 |    3265 |    5359     385    5359 |     769     385     769 |    0.2   13.0    0.7
1052 |   194 |    3290 |    5377     386    5377 |     772     386     772 |    0.2   13.4    0.7
1053 |   194 |    3272 |    5368     384    5368 |     769     384     769 |    0.2    9.6    0.6
1054 |   193 |    2484 |    5350     383    5350 |     768     384     768 |    0.1   12.9    0.7
1055 |   194 |    2698 |    5379     386    5379 |     771     386     771 |    0.2    9.8    0.6
1056 |   194 |    3283 |    5366     385    5366 |     771     385     771 |    0.2   13.9    0.8
1057 |   194 |    3279 |    5378     386    5378 |     772     386     772 |    0.2   13.3    0.7
1058 |   194 |    3268 |    5358     385    5358 |     769     385     769 |    0.2   13.7    0.7
1059 |   191 |    3221 |    4567     385    4567 |     769     385     769 |    0.2    9.5    0.6
1060 |   194 |    2693 |    5350     385    5350 |     772     386     772 |    0.2    9.7    0.6
1061 |   194 |    3253 |    5332     384    5332 |     767     384     767 |    0.1   13.4    0.7
1062 |   194 |    3274 |    5371     386    5371 |     771     386     771 |    0.2   12.8    0.7
1063 |   194 |    3288 |    5385     385    5385 |     771     385     771 |    0.2   13.7    0.7
1064 |   194 |    3286 |    5378     385    5378 |     771     386     771 |    0.2   12.7    0.7
1065 |   193 |    3265 |    5349     384    5349 |     768     384     768 |    0.2   12.5    0.7
1066 |   194 |    3279 |    5368     385    5368 |     770     385     770 |    0.2   13.2    0.7
1067 |   194 |    3285 |    5374     386    5374 |     771     386     771 |    0.2   12.6    0.7
1068 |   192 |    3249 |    4591     383    4591 |     766     383     766 |    0.1    9.6    0.6
1069 |   194 |    2107 |    5361     385    5361 |     770     385     770 |    0.2   13.2    0.7
1070 |   194 |    3276 |    5375     385    5375 |     770     385     770 |    0.2   13.6    0.7
1071 |   193 |    3259 |    5363     384    5363 |     768     384     768 |    0.2   13.5    0.7
1072 |   194 |    3284 |    5375     385    5375 |     771     386     771 |    0.2   13.2    0.7
1073 |   193 |    3265 |    5362     384    5362 |     768     384     768 |    0.2   13.2    0.7
1074 |   194 |    3263 |    5363     384    5363 |     769     384     769 |    0.2   12.7    0.7
1075 |   194 |    3269 |    5362     385    5362 |     770     385     770 |    0.2   10.3    0.7
1076 |   194 |    3271 |    5346     385    5346 |     770     385     770 |    0.2   12.8    0.7
1077 |   194 |    3287 |    5367     386    5367 |     773     386     773 |    0.2   13.7    0.7
1078 |   194 |    3277 |    5376     385    5376 |     770     385     770 |    0.2   12.7    0.7
1079 |   193 |    3271 |    5366     385    5366 |     769     385     769 |    0.2   13.1    0.7
1080 |   194 |    3279 |    5372     385    5372 |     771     386     771 |    0.2   13.6    0.7
1081 |   193 |    3271 |    5367     384    5367 |     769     384     769 |    0.2   13.9    0.7
1082 |   194 |    2900 |    5379     385    5379 |     771     385     771 |    0.2   12.8    0.7
1083 |   194 |    2700 |    5378     385    5378 |     771     386     771 |    0.2   13.3    0.7
1084 |   194 |    3272 |    5370     385    5370 |     770     385     770 |    0.2   13.4    0.7
1085 |   194 |    3252 |    5324     383    5324 |     769     383     769 |    0.1   13.4    0.7
1086 |   194 |    2083 |    4570     384    4570 |     768     384     768 |    0.1   10.2    0.6
1087 |   194 |    3285 |    5379     385    5379 |     771     385     771 |    0.2   13.6    0.7
1088 |   194 |    3281 |    5355     385    5355 |     771     386     771 |    0.2   13.0    0.7
1089 |   194 |    3272 |    5349     384    5349 |     769     384     769 |    0.2   12.8    0.7
1090 |   194 |    3252 |    5320     384    5320 |     767     384     767 |    0.1   13.3    0.7
1091 |   194 |    3259 |    5354     384    5354 |     768     384     768 |    0.2   12.9    0.7
1092 |   194 |    3284 |    5375     386    5375 |     771     386     771 |    0.2   13.6    1.1
1093 |   192 |    3234 |    5320     383    5320 |     766     383     766 |    0.2   13.7    0.7
1094 |   194 |    3275 |    5369     385    5369 |     771     385     771 |    0.2   12.7    0.7
1095 |   194 |    3279 |    5376     385    5376 |     770     385     770 |    0.2   13.6    0.7
1096 |   194 |    3279 |    5372     385    5372 |     770     385     770 |    0.2   13.5    0.7
1097 |   191 |    3219 |    4553     383    4553 |     765     383     765 |    0.1    9.7    0.6
1098 |   194 |    3276 |    5374     385    5374 |     770     385     770 |    0.2   14.0    0.8
1099 |   194 |    3281 |    5373     385    5373 |     770     385     770 |    0.2   13.8    0.7
1100 |   194 |    3286 |    4620     385    4620 |     771     385     771 |    0.2    9.7    0.8
1101 |   194 |    3276 |    4611     385    4611 |     770     385     770 |    0.2    9.5    0.6
1102 |   193 |    3271 |    5369     385    5369 |     769     385     769 |    0.2   13.3    0.7
1103 |   194 |    3274 |    5356     384    5356 |     768     384     768 |    0.2   13.5    0.7
1104 |   193 |    3269 |    5356     385    5356 |     769     385     769 |    0.2   13.3    0.7
1105 |   193 |    3268 |    5368     385    5368 |     769     385     769 |    0.2   12.9    0.7
1106 |   194 |    3279 |    5375     385    5375 |     770     385     770 |    0.2   12.5    0.7
1107 |   194 |    3265 |    4606     385    4606 |     771     386     771 |    0.2   10.0    0.6
1108 |   194 |    2495 |    5378     385    5378 |     769     385     769 |    0.2   12.8    0.7
1109 |   194 |    3282 |    4618     385    4618 |     770     385     770 |    0.2   10.3    0.7
1110 |   194 |    3264 |    5350     383    5350 |     767     384     767 |    0.2   13.0    0.7
1111 |   194 |    2302 |    5365     386    5365 |     772     386     772 |    0.2   13.2    0.8
1112 |   194 |    2291 |    5370     384    5370 |     769     384     769 |    0.2   13.2    0.7
1113 |   194 |    3288 |    5377     386    5377 |     771     386     771 |    0.2   13.0    0.7
1114 |   194 |    3282 |    5366     386    5366 |     772     386     772 |    0.2   12.9    0.7
1115 |   193 |    3259 |    4602     384    4602 |     768     384     768 |    0.2   10.2    0.6
1116 |   194 |    3284 |    5378     385    5378 |     771     385     771 |    0.2   12.9    0.7
1117 |   194 |    3273 |    5371     385    5371 |     771     385     771 |    0.2   12.9    0.7
1118 |   194 |    3285 |    5368     385    5368 |     771     385     771 |    0.2   13.2    0.7
1119 |   194 |    3272 |    5366     384    5366 |     768     384     768 |    0.2   14.1    0.7
1120 |   194 |    3280 |    5373     385    5373 |     770     385     770 |    0.2   12.8    0.7
1121 |   193 |    3249 |    5347     383    5347 |     766     383     766 |    0.1   13.3    0.7
1122 |   194 |    3278 |    5374     385    5374 |     770     385     770 |    0.2   12.8    0.7
1123 |   194 |    2875 |    5333     384    5333 |     767     384     767 |    0.2   13.3    0.7
1124 |   194 |    3287 |    5382     385    5382 |     771     385     771 |    0.2   13.3    0.7
1125 |   194 |    3279 |    5365     385    5365 |     771     385     771 |    0.2   13.6    0.7
1126 |   194 |    3262 |    5366     384    5366 |     768     384     768 |    0.2   12.7    0.7
1127 |   194 |    2512 |    5381     385    5381 |     771     386     771 |    0.2   13.4    0.7
1128 |   194 |    3264 |    5332     384    5332 |     769     384     769 |    0.2   11.7    0.6
1129 |   194 |    3277 |    5373     385    5373 |     771     385     771 |    0.2   12.9    0.7
1130 |   194 |    2499 |    5370     385    5370 |     770     385     770 |    0.2   12.7    1.1
1131 |   194 |    3268 |    5358     384    5358 |     769     385     769 |    0.2   13.9    0.9
1132 |   193 |    2108 |    5368     385    5368 |     770     385     770 |    0.3   13.4    0.7
1133 |   194 |    3265 |    5369     385    5369 |     769     385     769 |    0.2   14.3    0.7
1134 |   194 |    3254 |    5326     384    5326 |     768     384     768 |    0.1   13.3    0.7
1135 |   194 |    3279 |    5375     385    5375 |     770     385     770 |    0.2   13.1    0.7
1136 |   194 |    3273 |    5369     384    5369 |     769     384     769 |    0.2   13.2    0.7
1137 |   192 |    3255 |    5355     384    5355 |     767     384     767 |    0.1   13.2    0.7
1138 |   194 |    3267 |    5367     385    5367 |     769     385     769 |    0.2   13.0    0.7
1139 |   194 |    3281 |    5371     385    5371 |     770     385     770 |    0.2   12.9    0.7
1140 |   194 |    3266 |    5369     385    5369 |     769     385     769 |    0.2   13.1    0.7
1141 |   194 |    2079 |    4567     384    4567 |     768     384     768 |    0.1    9.2    0.6
1142 |   194 |    3276 |    5366     385    5366 |     771     385     771 |    0.2   12.9    0.7
1143 |   194 |    3283 |    5386     385    5386 |     771     385     771 |    0.2   10.3    0.6
1144 |   194 |    2502 |    5366     384    5366 |     769     384     769 |    0.2   10.2    0.6
1145 |   194 |    3276 |    5375     385    5375 |     770     385     770 |    0.2   13.1    0.8
1146 |   194 |    3290 |    5385     385    5385 |     770     385     770 |    0.2   13.0    1.0
1147 |   194 |    3274 |    5364     384    5364 |     769     384     769 |    0.3   12.9    0.7
1148 |   193 |    3272 |    4607     385    4607 |     770     385     770 |    0.2    9.5    0.6
1149 |   194 |    3276 |    5368     385    5368 |     771     385     771 |    0.2   13.0    0.7
1150 |   193 |    2249 |    4512     383    4512 |     768     383     768 |    0.1    9.0    0.6
1151 |   192 |    3245 |    5347     384    5347 |     768     384     768 |    0.2   13.5    0.8
1152 |   193 |    3259 |    5360     384    5360 |     769     384     769 |    0.3   12.6    0.7
1153 |   194 |    3274 |    5370     385    5370 |     770     385     770 |    0.2   13.3    0.7
1154 |   194 |    2275 |    5352     384    5352 |     767     384     767 |    0.1   13.3    0.7
1155 |   193 |    3273 |    5366     385    5366 |     770     385     770 |    0.2   13.0    0.8
1156 |   194 |    3281 |    5373     385    5373 |     771     386     771 |    0.2   13.3    0.7
1157 |   193 |    3267 |    5357     384    5357 |     769     385     769 |    0.2   12.9    0.7
1158 |   194 |    3272 |    5372     385    5372 |     769     385     769 |    0.2   13.3    0.7
1159 |   194 |    3270 |    5357     384    5357 |     769     384     769 |    0.2   13.3    0.7
1160 |   193 |    3266 |    5361     384    5361 |     769     384     769 |    0.2   14.0    0.7
1161 |   194 |    3253 |    4606     385    4606 |     769     385     769 |    0.2    9.5    0.6
1162 |   193 |    3249 |    5333     383    5333 |     767     383     767 |    0.2   12.7    0.7
1163 |   194 |    3285 |    5372     385    5372 |     771     385     771 |    0.2   13.6    0.7
1164 |   192 |    3239 |    4582     383    4582 |     765     383     765 |    0.1    9.2    0.6
1165 |   194 |    3277 |    5369     387    5369 |     773     387     773 |    0.2   12.3    0.7
1166 |   193 |    3261 |    5353     384    5353 |     768     384     768 |    0.4   13.5    0.8
1167 |   194 |    3273 |    5352     386    5352 |     774     386     774 |    0.2   12.6    0.7
1168 |   193 |    3263 |    5352     383    5352 |     769     385     769 |    0.2   12.8    0.7
1169 |   194 |    3278 |    5362     384    5362 |     770     384     770 |    0.2   12.7    0.7
1170 |   193 |    3268 |    5364     385    5364 |     769     385     769 |    0.2   13.4    0.7
1171 |   193 |    3256 |    5363     384    5363 |     768     384     768 |    0.2   13.9    0.7
1172 |   194 |    3253 |    4597     384    4597 |     768     384     768 |    0.2    9.6    0.6
1173 |   194 |    3282 |    5378     385    5378 |     770     385     770 |    0.2   13.6    0.7
1174 |   194 |    3251 |    4596     384    4596 |     769     385     769 |    0.2    9.9    0.6
1175 |   194 |    3291 |    5371     387    5371 |     773     387     773 |    0.2   14.0    0.7
1176 |   194 |    3287 |    5380     385    5380 |     771     385     771 |    0.2   12.8    0.7
1177 |   194 |    3279 |    5372     384    5372 |     769     384     769 |    0.2   13.2    0.7
1178 |   194 |    3232 |    4577     384    4577 |     768     384     768 |    0.1    9.7    0.6
1179 |   194 |    3275 |    5369     385    5369 |     770     385     770 |    0.2   13.0    0.7
1180 |   194 |    3276 |    5366     384    5366 |     770     384     770 |    0.2   13.2    0.7
1181 |   194 |    3276 |    5371     385    5371 |     770     385     770 |    0.3   13.0    0.7
1182 |   194 |    3282 |    5375     385    5375 |     770     385     770 |    0.2   13.3    0.7
1183 |   194 |    2876 |    5366     385    5366 |     770     385     770 |    0.2   13.7    0.7
1184 |   194 |    2093 |    4581     384    4581 |     768     384     768 |    0.2   10.6    0.6
1185 |   194 |    3277 |    5371     385    5371 |     770     385     770 |    0.2   12.8    0.7
1186 |   194 |    3278 |    5377     385    5377 |     770     385     770 |    0.2   13.3    0.7
1187 |   194 |    3276 |    5353     385    5353 |     770     385     770 |    0.2   10.2    0.6
1188 |   194 |    3268 |    5335     386    5335 |     772     386     772 |    0.2   10.9    0.6
1189 |   194 |    3274 |    5362     385    5362 |     769     384     769 |    0.2   13.4    0.7
1190 |   191 |    3226 |    4565     383    4565 |     765     383     765 |    0.1    9.3    0.6
1191 |   194 |    3277 |    5368     384    5368 |     768     384     768 |    0.2   12.9    0.7
1192 |   194 |    3244 |    5355     384    5355 |     767     384     767 |    0.1    9.9    0.6
1193 |   194 |    3287 |    5373     386    5373 |     772     386     772 |    0.2   12.9    0.7
1194 |   194 |    2648 |    4566     384    4566 |     768     384     768 |    0.1    9.3    0.6
1195 |   194 |    3276 |    5372     385    5372 |     769     385     769 |    0.2   13.4    0.7
1196 |   194 |    3262 |    5349     384    5349 |     767     384     767 |    0.2   13.2    0.7
1197 |   194 |    3274 |    5372     385    5372 |     769     385     769 |    0.2   13.2    0.7
1198 |   193 |    3268 |    5360     384    5360 |     769     384     769 |    0.2   13.1    0.7
1199 |   193 |    3274 |    5367     385    5367 |     770     385     770 |    0.2   13.8    0.7
1200 |   194 |    3278 |    5372     386    5372 |     772     386     772 |    0.2   13.4    0.7
1201 |   194 |    3273 |    5367     384    5367 |     769     384     769 |    0.2   13.3    0.7
1202 |   194 |    3277 |    5371     385    5371 |     771     385     771 |    0.2   13.3    0.7
1203 |   193 |    2288 |    5355     384    5355 |     768     384     768 |    0.1   13.1    0.7
1204 |   194 |    3286 |    5380     385    5380 |     770     385     770 |    0.2   13.4    0.7
1205 |   193 |    3269 |    5364     384    5364 |     769     384     769 |    0.2   13.3    0.7
1206 |   193 |    3248 |    5332     383    5332 |     766     383     766 |    0.1   12.7    0.7
1207 |   194 |    3256 |    5357     384    5357 |     768     384     768 |    0.1   13.3    0.7
1208 |   194 |    3285 |    5367     386    5367 |     771     386     771 |    0.3   13.4    0.8
1209 |   194 |    3282 |    5381     385    5381 |     770     385     770 |    0.2   12.9    1.1
1210 |   193 |    3270 |    5365     384    5365 |     768     384     768 |    0.4   12.8    0.7
1211 |   193 |    3253 |    5332     383    5332 |     768     383     768 |    0.1   13.2    0.7
1212 |   194 |    3277 |    5373     386    5373 |     772     386     772 |    0.2   13.4    0.7
1213 |   194 |    2302 |    5379     386    5379 |     771     386     771 |    0.2   13.6    0.7
1214 |   194 |    3258 |    5337     387    5337 |     773     387     773 |    0.2   11.0    0.6
1215 |   193 |    3163 |    4508     383    4508 |     768     383     768 |    0.1    9.6    0.6
1216 |   194 |    3283 |    5371     385    5371 |     770     385     770 |    0.2   12.2    0.6
1217 |   192 |    3193 |    4544     383    4544 |     765     383     765 |    0.1   10.0    0.5
1218 |   194 |    3276 |    5369     385    5369 |     770     385     770 |    0.2   12.8    0.7
1219 |   193 |    2458 |    5301     384    5301 |     769     384     769 |    0.2   10.0    0.6
1220 |   194 |    2296 |    5368     385    5368 |     770     385     770 |    0.2   12.4    0.7
1221 |   194 |    3255 |    4600     384    4600 |     769     384     769 |    0.1    9.8    0.6
1222 |   193 |    3264 |    5361     384    5361 |     769     384     769 |    0.2   12.6    0.7
1223 |   194 |    3272 |    5364     384    5364 |     768     384     768 |    0.2   13.3    0.7
1224 |   194 |    2486 |    4596     385    4596 |     769     385     769 |    0.1   10.1    0.6
1225 |   194 |    3285 |    5375     385    5375 |     771     385     771 |    0.2   13.4    0.7
1226 |   194 |    3284 |    5372     386    5372 |     771     386     771 |    0.2   12.9    0.7
1227 |   193 |    2277 |    4594     384    4594 |     767     384     767 |    0.1   10.0    0.6
1228 |   194 |    3284 |    5365     387    5365 |     773     387     773 |    0.2   13.3    0.7
1229 |   193 |    3250 |    4598     383    4598 |     767     383     767 |    0.1    9.6    0.6
1230 |   194 |    3267 |    5354     386    5354 |     771     386     771 |    0.2   12.8    0.7
1231 |   194 |    2094 |    4584     384    4584 |     767     384     767 |    0.2   10.2    0.6
1232 |   194 |    3264 |    5364     384    5364 |     769     384     769 |    0.2   13.5    0.7
1233 |   194 |    3276 |    5357     385    5357 |     771     385     771 |    0.3   16.2    0.9
1234 |   194 |    2464 |    4571     384    4571 |     768     384     768 |    0.2   12.0    0.6
1235 |   194 |    2090 |    4589     383    4589 |     768     384     768 |    0.1    9.9    0.6
1236 |   194 |    3271 |    5371     385    5371 |     771     385     771 |    0.2   13.5    0.7
1237 |   192 |    3237 |    4580     384    4580 |     768     384     768 |    0.2    9.8    0.6
1238 |   194 |    2085 |    4560     384    4560 |     767     384     767 |    0.1    9.7    0.6
1239 |   194 |    3285 |    5375     385    5375 |     770     385     770 |    0.2   12.8    0.7
1240 |   194 |    2287 |    5376     385    5376 |     771     385     771 |    0.2    9.9    0.6
1241 |   194 |    3282 |    5358     385    5358 |     771     385     771 |    0.2   12.5    0.7
1242 |   193 |    2098 |    5356     384    5356 |     768     384     768 |    0.1   12.6    0.7
1243 |   194 |    3279 |    4612     386    4612 |     771     386     771 |    0.2   10.4    0.6
1244 |   194 |    3268 |    5357     384    5357 |     768     384     768 |    0.2   13.3    0.7
1245 |   193 |    3259 |    5362     384    5362 |     768     384     768 |    0.2   12.5    0.7
1246 |   194 |    3281 |    5368     387    5368 |     773     387     773 |    0.2   13.2    0.7
1247 |   194 |    2292 |    4602     384    4602 |     768     384     768 |    0.1    9.3    0.6
1248 |   194 |    2681 |    5364     384    5364 |     769     384     769 |    0.2   13.1    0.7
1249 |   194 |    2110 |    5368     385    5368 |     770     385     770 |    0.2   13.3    0.7
1250 |   194 |    2515 |    5381     386    5381 |     773     386     773 |    0.2   12.8    0.7
1251 |   194 |    2101 |    5366     384    5366 |     768     384     768 |    0.2   13.6    0.7
1252 |   194 |    3275 |    5376     385    5376 |     771     385     771 |    0.2   14.6    0.7
1253 |   194 |    3285 |    5374     385    5374 |     771     386     771 |    0.2   12.9    0.7
1254 |   194 |    2121 |    5377     386    5377 |     772     386     772 |    0.2   13.2    0.8
1255 |   194 |    3283 |    5372     385    5372 |     771     385     771 |    0.2   13.0    0.7
1256 |   193 |    3256 |    4591     383    4591 |     766     383     766 |    0.1    9.5    0.6
1257 |   193 |    3267 |    5360     384    5360 |     768     384     768 |    0.2   12.9    0.7
1258 |   194 |    3284 |    5378     385    5378 |     771     385     771 |    0.2   13.7    0.7
1259 |   193 |    3254 |    5349     383    5349 |     766     383     766 |    0.1   13.6    0.7
1260 |   194 |    3276 |    5371     385    5371 |     771     385     771 |    0.2   13.4    0.7
1261 |   194 |    3287 |    5375     386    5375 |     771     386     771 |    0.2   13.1    0.7
1262 |   194 |    3268 |    5362     384    5362 |     768     384     768 |    0.2   13.7    0.8
1263 |   194 |    3282 |    5370     385    5370 |     770     385     770 |    0.2   12.7    0.7
1264 |   194 |    3254 |    5356     384    5356 |     770     384     770 |    0.2   12.5    0.7
1265 |   194 |    3285 |    5377     385    5377 |     770     385     770 |    0.2   13.1    0.7
1266 |   194 |    3273 |    5375     385    5375 |     770     385     770 |    0.2   12.8    0.7
1267 |   194 |    3290 |    5377     386    5377 |     772     386     772 |    0.2   13.4    0.7
1268 |   194 |    3279 |    5381     385    5381 |     770     385     770 |    0.2   14.1    0.7
1269 |   193 |    3252 |    5337     383    5337 |     767     383     767 |    0.2   13.1    0.7
1270 |   194 |    3273 |    5358     385    5358 |     771     385     771 |    0.2   13.1    0.7
1271 |   194 |    3288 |    5385     385    5385 |     771     385     771 |    0.2   13.1    0.7
1272 |   194 |    2499 |    5359     384    5359 |     772     386     772 |    0.2   13.2    0.7
1273 |   194 |    3276 |    5371     386    5371 |     771     386     771 |    0.2   13.8    0.7
1274 |   194 |    3268 |    5369     384    5369 |     769     384     769 |    0.2   13.0    0.7
1275 |   194 |    2654 |    4588     384    4588 |     768     384     768 |    0.2    9.0    0.6
1276 |   194 |    3261 |    5351     384    5351 |     767     384     767 |    0.1   13.0    0.7
1277 |   194 |    2501 |    5375     385    5375 |     770     385     770 |    0.2    9.8    0.6
1278 |   194 |    3268 |    5366     385    5366 |     770     385     770 |    0.2   13.5    0.7
1279 |   194 |    3284 |    5380     385    5380 |     771     385     771 |    0.2   13.0    0.7
1280 |   194 |    3271 |    5361     384    5361 |     767     384     767 |    0.3   14.6    0.9
1281 |   194 |    2889 |    5325     387    5325 |     775     387     775 |    0.3   10.1    0.6
1282 |   194 |    3279 |    5377     385    5377 |     770     385     770 |    0.2    9.9    0.6
1283 |   193 |    2669 |    4601     384    4601 |     768     384     768 |    0.2   10.5    0.6
1284 |   194 |    3290 |    5382     386    5382 |     771     386     771 |    0.2   13.6    0.9
1285 |   194 |    3269 |    5351     384    5351 |     768     384     768 |    0.2   13.1    0.7
1286 |   192 |    2275 |    4572     383    4572 |     766     383     766 |    0.1    9.8    0.6
1287 |   193 |    3267 |    5350     385    5350 |     769     384     769 |    0.2   12.9    0.7
1288 |   194 |    2473 |    4585     383    4585 |     768     384     768 |    0.1   10.3    0.6
1289 |   192 |    3228 |    4574     383    4574 |     766     383     766 |    0.1    9.1    0.6
1290 |   194 |    3278 |    5366     385    5366 |     770     385     770 |    0.4   12.7    0.7
1291 |   194 |    3259 |    5345     384    5345 |     768     384     768 |    0.2   13.7    0.7
1292 |   193 |    2650 |    4561     384    4561 |     768     384     768 |    0.2    9.8    0.6
1293 |   194 |    3280 |    5367     385    5367 |     770     385     770 |    0.2   12.9    0.7
1294 |   194 |    2494 |    5359     386    5359 |     771     386     771 |    0.2   12.7    0.7
1295 |   193 |    3257 |    5360     383    5360 |     767     384     767 |    0.1   12.7    0.7
1296 |   193 |    3269 |    5369     384    5369 |     769     384     769 |    0.2   13.2    1.2
1297 |   193 |    3252 |    5342     383    5342 |     766     383     766 |    0.2   13.4    0.9
1298 |   193 |    3267 |    5367     385    5367 |     769     385     769 |    0.4   10.0    0.6
1299 |   194 |    3261 |    5361     384    5361 |     768     384     768 |    0.2   13.8    0.7
1300 |   194 |    3276 |    5366     385    5366 |     769     385     769 |    0.2   13.4    0.7
1301 |   194 |    3280 |    5374     384    5374 |     770     385     770 |    0.2   12.4    0.7
1302 |   193 |    3240 |    4585     383    4585 |     766     383     766 |    0.1   10.1    0.6
1303 |   194 |    3250 |    4599     384    4599 |     768     384     768 |    0.1    9.8    0.6
1304 |   194 |    3266 |    5369     384    5369 |     769     384     769 |    0.2   17.0    0.9
1305 |   194 |    2692 |    5372     385    5372 |     770     385     770 |    0.3   10.4    0.6
1306 |   194 |    3271 |    5378     385    5378 |     770     385     770 |    0.2   13.5    0.8
1307 |   194 |    3282 |    5363     385    5363 |     770     385     770 |    0.2   12.8    0.7
1308 |   194 |    2283 |    5367     385    5367 |     770     385     770 |    0.2   13.2    0.7
1309 |   193 |    3257 |    5359     384    5359 |     769     384     769 |    0.2   13.9    0.7
1310 |   194 |    3200 |    4548     383    4548 |     768     384     768 |    0.2    9.6    0.6
1311 |   194 |    2297 |    5370     385    5370 |     769     385     769 |    0.2   13.3    0.7
1312 |   194 |    3278 |    5370     384    5370 |     769     384     769 |    0.2   13.4    0.7
1313 |   194 |    3274 |    5363     385    5363 |     770     385     770 |    0.2   14.0    0.7
1314 |   194 |    3266 |    5368     384    5368 |     769     384     769 |    0.2   13.0    0.7
1315 |   194 |    3273 |    5360     384    5360 |     769     384     769 |    0.2   13.2    0.7
1316 |   194 |    3284 |    5374     385    5374 |     771     385     771 |    0.2   13.5    0.8
1317 |   194 |    2681 |    5371     385    5371 |     769     385     769 |    0.2   12.6    0.7
1318 |   191 |    3221 |    4560     383    4560 |     765     383     765 |    0.1    9.1    0.6
1319 |   194 |    3278 |    5361     384    5361 |     770     384     770 |    0.2   13.2    0.7
1320 |   194 |    3274 |    5371     385    5371 |     771     385     771 |    0.2   12.9    0.7
1321 |   194 |    3285 |    5379     385    5379 |     770     385     770 |    0.2   13.5    0.7
1322 |   194 |    3267 |    5352     385    5352 |     770     385     770 |    0.2   13.2    0.7
1323 |   193 |    3268 |    5353     384    5353 |     769     384     769 |    0.2   12.8    0.7
1324 |   194 |    3280 |    5380     385    5380 |     770     385     770 |    0.2   13.6    0.7
1325 |   194 |    3266 |    5361     384    5361 |     768     384     768 |    0.2   13.7    0.7
1326 |   194 |    3258 |    5341     384    5341 |     767     384     767 |    0.1   13.6    0.7
1327 |   194 |    3285 |    5373     385    5373 |     770     385     770 |    0.2   13.4    0.9
1328 |   194 |    2116 |    5361     387    5361 |     773     387     773 |    0.2   13.7    0.9
1329 |   192 |    3254 |    5354     384    5354 |     767     384     767 |    0.2   13.1    0.7
1330 |   193 |    3230 |    4577     384    4577 |     767     384     767 |    0.1   10.5    0.6
1331 |   194 |    3281 |    5378     386    5378 |     771     386     771 |    0.2   13.9    0.7
1332 |   194 |    3270 |    5363     384    5363 |     767     384     767 |    0.2   12.6    0.7
1333 |   194 |    3274 |    5365     384    5365 |     768     384     768 |    0.2   13.3    0.7
1334 |   194 |    2098 |    5342     384    5342 |     767     384     767 |    0.2   10.1    0.6
1335 |   193 |    3255 |    5359     384    5359 |     768     384     768 |    0.2   12.5    0.7
1336 |   194 |    3276 |    5353     385    5353 |     770     385     770 |    0.4   13.2    0.7
1337 |   194 |    3262 |    5349     384    5349 |     767     384     767 |    0.2   12.4    0.7
1338 |   194 |    3286 |    5378     385    5378 |     770     385     770 |    0.2   13.7    0.7
1339 |   194 |    3273 |    5369     385    5369 |     771     385     771 |    0.2   12.2    0.7
1340 |   193 |    3265 |    5361     384    5361 |     768     384     768 |    0.2   13.1    0.7
1341 |   194 |    3285 |    5375     385    5375 |     770     385     770 |    0.2   14.0    0.7
1342 |   194 |    3283 |    5369     385    5369 |     771     385     771 |    0.2   13.3    0.7
1343 |   194 |    3262 |    5337     384    5337 |     769     384     769 |    0.2   13.3    0.7
1344 |   194 |    2098 |    4597     384    4597 |     768     384     768 |    0.2    9.9    0.6
1345 |   194 |    3288 |    5381     385    5381 |     771     385     771 |    0.2   13.5    0.7
1346 |   194 |    2104 |    4604     384    4604 |     768     384     768 |    0.1   10.0    0.6
1347 |   194 |    3266 |    5359     384    5359 |     770     385     770 |    0.2   12.2    0.7
1348 |   194 |    3276 |    5370     385    5370 |     769     385     769 |    0.2   14.1    0.7
1349 |   194 |    3291 |    5377     386    5377 |     772     386     772 |    0.2   14.6    0.7
1350 |   193 |    2074 |    4537     383    4537 |     767     383     767 |    0.1    9.2    0.6
1351 |   193 |    2863 |    5356     384    5356 |     768     384     768 |    0.2    9.9    0.6
1352 |   193 |    3262 |    5358     384    5358 |     768     383     768 |    0.2   13.5    0.7
1353 |   194 |    3285 |    5370     386    5370 |     772     386     772 |    0.2   12.8    0.7
1354 |   193 |    3255 |    4597     384    4597 |     768     384     768 |    0.1    9.5    0.6
1355 |   194 |    3283 |    5368     386    5368 |     773     386     773 |    0.2   10.3    0.6
1356 |   194 |    3235 |    4581     384    4581 |     768     384     768 |    0.1    9.9    0.7
1357 |   194 |    3275 |    5376     384    5376 |     769     385     769 |    0.2   13.9    0.7
1358 |   193 |    3272 |    5363     385    5363 |     769     385     769 |    0.2   13.4    0.7
1359 |   194 |    3275 |    5360     385    5360 |     770     385     770 |    0.2   10.2    0.6
1360 |   194 |    3276 |    5360     385    5360 |     770     385     770 |    0.2   13.0    0.7
1361 |   194 |    2108 |    5370     384    5370 |     769     384     769 |    0.2   12.7    0.7
1362 |   193 |    2113 |    5353     384    5353 |     769     385     769 |    0.2   12.5    0.7
1363 |   194 |    2289 |    5368     384    5368 |     769     384     769 |    0.2   12.7    0.7
1364 |   193 |    3243 |    4591     383    4591 |     766     383     766 |    0.1   10.5    0.7
1365 |   192 |    3236 |    4580     383    4580 |     766     383     766 |    0.2    9.3    0.6
1366 |   192 |    3251 |    5348     383    5348 |     767     383     767 |    0.1   12.9    0.7
1367 |   193 |    3265 |    5359     384    5359 |     768     384     768 |    0.2   13.7    0.8
1368 |   192 |    3240 |    4583     383    4583 |     765     383     765 |    0.2   10.0    0.6
1369 |   194 |    2287 |    4598     383    4598 |     767     383     767 |    0.1   10.1    0.7
1370 |   194 |    3284 |    5373     385    5373 |     770     385     770 |    0.3   13.0    0.7
1371 |   193 |    3200 |    5288     384    5288 |     769     384     769 |    0.2    9.5    0.6
1372 |   194 |    3288 |    5380     386    5380 |     772     386     772 |    0.2   13.1    0.7
1373 |   194 |    3282 |    5375     385    5375 |     770     385     770 |    0.2   14.1    0.7
1374 |   194 |    3241 |    4592     384    4592 |     768     384     768 |    0.2   10.0    0.7
1375 |   193 |    2098 |    4596     384    4596 |     768     384     768 |    0.2   10.1    0.6
1376 |   194 |    3277 |    5369     386    5369 |     773     386     773 |    0.3   14.4    0.7
1377 |   194 |    3284 |    5380     385    5380 |     770     385     770 |    0.2   13.0    0.7
1378 |   194 |    3275 |    5359     386    5359 |     773     386     773 |    0.2   13.6    0.7
1379 |   194 |    3272 |    5368     386    5368 |     772     386     772 |    0.2   13.3    0.7
1380 |   194 |    3268 |    5363     384    5363 |     768     384     768 |    0.2   13.0    0.7
1381 |   194 |    3278 |    5368     384    5368 |     770     384     770 |    0.2   13.1    0.7
1382 |   194 |    3254 |    5347     384    5347 |     768     384     768 |    0.2   12.4    0.7
1383 |   194 |    3279 |    5375     385    5375 |     770     385     770 |    0.2   13.3    0.8
1384 |   193 |    3263 |    5365     384    5365 |     769     384     769 |    0.3   13.0    0.7
1385 |   193 |    3271 |    5365     385    5365 |     770     385     770 |    0.2   13.6    0.7
1386 |   193 |    3259 |    5348     386    5348 |     771     386     771 |    0.2    9.8    0.6
1387 |   194 |    3279 |    5374     385    5374 |     771     385     771 |    0.2   13.8    0.7
1388 |   193 |    3271 |    5365     384    5365 |     769     384     769 |    0.2   13.1    0.7
1389 |   194 |    3275 |    5369     384    5369 |     769     384     769 |    0.2   14.4    1.0
1390 |   194 |    3286 |    5372     385    5372 |     772     386     772 |    0.3   14.3    0.7
1391 |   194 |    3274 |    5367     385    5367 |     772     385     772 |    0.2   13.8    0.8
1392 |   194 |    3277 |    5367     385    5367 |     770     385     770 |    0.2   14.7    0.7
1393 |   194 |    3284 |    5364     386    5364 |     771     386     771 |    0.2   13.3    0.7
1394 |   194 |    3268 |    5373     385    5373 |     770     385     770 |    0.2   13.4    0.7
1395 |   194 |    3281 |    5375     385    5375 |     770     385     770 |    0.2   13.0    0.9
1396 |   193 |    3249 |    5335     383    5335 |     767     383     767 |    0.1   12.7    0.7
1397 |   192 |    3221 |    4567     383    4567 |     766     383     766 |    0.1   10.9    0.6
1398 |   194 |    3278 |    5365     384    5365 |     769     384     769 |    0.2   13.9    0.7
1399 |   194 |    3266 |    5362     384    5362 |     767     384     767 |    0.2   13.1    0.7
1400 |   194 |    2128 |    5335     387    5335 |     774     387     774 |    0.2   10.6    0.7
1401 |   193 |    3262 |    5346     384    5346 |     770     384     770 |    0.2   13.2    0.7
1402 |   194 |    3245 |    4593     383    4593 |     768     384     768 |    0.2   10.7    0.8
1403 |   194 |    3284 |    5371     385    5371 |     770     385     770 |    0.2   13.7    0.9
1404 |   194 |    2486 |    5326     386    5326 |     772     386     772 |    0.2   10.5    0.6
1405 |   194 |    3291 |    5383     385    5383 |     772     386     772 |    0.2   13.4    0.7
1406 |   194 |    3280 |    5373     385    5373 |     770     385     770 |    0.2   13.9    0.7
1407 |   193 |    3265 |    5359     384    5359 |     769     384     769 |    0.2   13.1    0.7
1408 |   194 |    3286 |    5374     385    5374 |     771     385     771 |    0.2   13.0    0.8
1409 |   193 |    3250 |    4598     384    4598 |     768     384     768 |    0.2   14.4    0.7
1410 |   194 |    3284 |    5377     385    5377 |     770     385     770 |    0.3   15.1    0.8
1411 |   194 |    2504 |    5341     386    5341 |     773     386     773 |    0.2    9.8    0.6
1412 |   194 |    3290 |    5382     386    5382 |     772     386     772 |    0.2   13.2    0.7
1413 |   194 |    3275 |    5373     385    5373 |     770     385     770 |    0.2   13.4    0.7
1414 |   194 |    3276 |    5364     385    5364 |     771     385     771 |    0.2   13.3    0.7
1415 |   194 |    2669 |    4594     384    4594 |     768     384     768 |    0.1    9.8    0.6
1416 |   194 |    3270 |    5368     384    5368 |     770     385     770 |    0.2   13.1    0.7
1417 |   194 |    3284 |    5373     385    5373 |     770     385     770 |    0.2   13.3    0.7
1418 |   192 |    3241 |    4588     383    4588 |     766     383     766 |    0.2   10.2    0.6
1419 |   193 |    3266 |    5356     384    5356 |     769     384     769 |    0.2   13.6    0.7
1420 |   194 |    3278 |    5375     385    5375 |     770     385     770 |    0.2   14.1    0.7
1421 |   193 |    3257 |    5358     384    5358 |     767     384     767 |    0.1   13.4    0.7
1422 |   194 |    3282 |    5381     385    5381 |     771     385     771 |    0.2   13.2    0.7
1423 |   194 |    3281 |    5370     385    5370 |     771     385     771 |    0.2   13.1    0.7
1424 |   194 |    3269 |    5368     385    5368 |     770     385     770 |    0.3   13.2    0.7
1425 |   194 |    3283 |    5375     385    5375 |     770     385     770 |    0.2   14.5    1.0
1426 |   194 |    3283 |    5380     385    5380 |     770     385     770 |    0.5   14.6    0.7
1427 |   194 |    3279 |    5358     385    5358 |     770     385     770 |    0.2   13.6    0.7
1428 |   193 |    3254 |    4598     383    4598 |     767     384     767 |    0.1   10.0    0.9
1429 |   194 |    3279 |    5371     385    5371 |     770     385     770 |    0.3   13.0    0.7
1430 |   193 |    3257 |    5358     383    5358 |     767     383     767 |    0.1   13.3    0.7
1431 |   194 |    3284 |    5379     385    5379 |     771     385     771 |    0.2   12.5    0.7
1432 |   194 |    3277 |    5367     385    5367 |     770     385     770 |    0.2   13.5    0.7
1433 |   194 |    3284 |    5374     385    5374 |     771     385     771 |    0.2   13.0    0.7
1434 |   193 |    3260 |    5354     384    5354 |     769     384     769 |    0.2   13.0    0.7
1435 |   194 |    3269 |    5362     385    5362 |     770     385     770 |    0.2   13.0    0.7
1436 |   194 |    2105 |    5362     385    5362 |     771     385     771 |    0.2   13.2    0.7
1437 |   194 |    2294 |    5383     385    5383 |     772     385     772 |    0.2   13.3    0.7
1438 |   194 |    3278 |    5370     386    5370 |     771     386     771 |    0.2   13.7    0.7
1439 |   194 |    3258 |    5358     385    5358 |     772     385     772 |    0.2   13.1    0.7
1440 |   194 |    2869 |    5361     384    5361 |     768     384     768 |    0.2   10.1    0.6
1441 |   194 |    3287 |    5376     386    5376 |     772     386     772 |    0.2   13.6    0.7
1442 |   194 |    2117 |    5369     385    5369 |     770     385     770 |    0.3   13.7    0.7
1443 |   193 |    3253 |    5339     384    5339 |     769     384     769 |    0.2   13.1    0.7
1444 |   193 |    3258 |    5356     384    5356 |     767     384     767 |    0.1   13.5    0.7
1445 |   193 |    3255 |    5345     383    5345 |     766     383     766 |    0.1   12.8    0.8
1446 |   193 |    3260 |    4591     384    4591 |     767     384     767 |    0.2   10.1    0.6
1447 |   193 |    2098 |    4596     384    4596 |     768     384     768 |    0.1    9.8    0.6
1448 |   194 |    2504 |    5369     386    5369 |     771     386     771 |    0.2   13.7    0.7
1449 |   192 |    3250 |    4593     383    4593 |     766     383     766 |    0.1   10.3    0.6
1450 |   194 |    3266 |    5346     384    5346 |     768     384     768 |    0.2   13.0    0.7
1451 |   194 |    2300 |    5370     385    5370 |     771     385     771 |    0.2   13.6    0.7
1452 |   194 |    3274 |    5375     385    5375 |     770     385     770 |    0.2   13.6    0.8
1453 |   194 |    3262 |    5365     384    5365 |     768     384     768 |    0.4   13.3    0.7
1454 |   193 |    2104 |    5363     384    5363 |     768     384     768 |    0.2   13.5    0.7
1455 |   193 |    2104 |    5349     384    5349 |     769     384     769 |    0.2   10.6    0.6
1456 |   194 |    3278 |    5373     385    5373 |     770     385     770 |    0.2   13.6    0.7
1457 |   194 |    3275 |    5367     384    5367 |     769     384     769 |    0.2   13.9    0.8
1458 |   194 |    3283 |    5381     385    5381 |     771     386     771 |    0.3   13.8    0.7
1459 |   193 |    2489 |    5359     384    5359 |     768     384     768 |    0.2   12.8    0.7
1460 |   194 |    3281 |    5359     386    5359 |     773     386     773 |    0.2   13.3    0.7
1461 |   193 |    3272 |    5367     384    5367 |     769     384     769 |    0.2   13.3    0.8
1462 |   194 |    3280 |    5380     386    5380 |     771     385     771 |    0.3   14.6    0.7
1463 |   193 |    3251 |    4580     384    4580 |     767     384     767 |    0.2    9.8    0.6
1464 |   194 |    2120 |    5375     386    5375 |     772     386     772 |    0.2    9.7    0.6
1465 |   194 |    3273 |    5365     386    5365 |     772     386     772 |    0.2   10.2    0.6
1466 |   194 |    3270 |    4604     384    4604 |     769     384     769 |    0.2   10.3    0.6
1467 |   193 |    3266 |    5366     384    5366 |     769     384     769 |    0.2   13.9    0.7
1468 |   194 |    3263 |    5352     384    5352 |     767     384     767 |    0.2   14.2    0.7
1469 |   193 |    3253 |    5336     383    5336 |     767     383     767 |    0.1   13.1    0.7
1470 |   194 |    3273 |    5363     386    5363 |     772     386     772 |    0.2   13.0    0.7
1471 |   193 |    2856 |    5347     383    5347 |     767     384     767 |    0.2   10.0    0.6
1472 |   194 |    3281 |    5365     385    5365 |     771     385     771 |    0.2   13.0    0.8
1473 |   194 |    2301 |    5372     385    5372 |     770     385     770 |    0.2   13.7    0.9
1474 |   193 |    3263 |    5353     384    5353 |     769     384     769 |    0.2   12.8    0.9
1475 |   194 |    3279 |    5383     385    5383 |     770     385     770 |    0.3   13.4    0.7
1476 |   194 |    3283 |    5367     385    5367 |     771     385     771 |    0.2   13.6    0.8
1477 |   194 |    3286 |    5381     385    5381 |     770     385     770 |    0.2   13.9    0.7
1478 |   194 |    3266 |    5355     384    5355 |     767     384     767 |    0.2   10.6    0.6
1479 |   194 |    3286 |    5376     385    5376 |     771     385     771 |    0.2   13.6    0.9
1480 |   194 |    3288 |    5376     386    5376 |     772     386     772 |    0.3   13.2    0.8
1481 |   194 |    3265 |    5372     384    5372 |     769     384     769 |    0.2   14.0    1.1
1482 |   194 |    3267 |    5359     384    5359 |     767     384     767 |    0.3   14.3    0.9
1483 |   194 |    3272 |    4607     384    4607 |     769     384     769 |    0.2    9.4    0.7
1484 |   194 |    3254 |    5339     385    5339 |     772     385     772 |    0.3   12.9    0.7
1485 |   194 |    3288 |    5371     386    5371 |     772     386     772 |    0.2   12.9    0.7
1486 |   194 |    3274 |    5361     385    5361 |     770     384     770 |    0.2   13.6    0.7
1487 |   194 |    3274 |    5359     385    5359 |     769     384     769 |    0.2   13.4    0.7
1488 |   194 |    3281 |    5371     385    5371 |     771     385     771 |    0.3   13.6    0.8
1489 |   193 |    3256 |    5334     384    5334 |     768     384     768 |    0.3   13.9    0.7
1490 |   194 |    3270 |    5366     384    5366 |     769     384     769 |    0.2   13.1    0.7
1491 |   194 |    3277 |    5367     385    5367 |     772     386     772 |    0.2   13.3    0.7
1492 |   194 |    2300 |    5372     385    5372 |     771     385     771 |    0.2   13.1    0.7
1493 |   193 |    3268 |    5357     385    5357 |     770     385     770 |    0.2   12.8    0.7
1494 |   193 |    3274 |    5364     385    5364 |     770     385     770 |    0.2   13.3    0.7
1495 |   194 |    3283 |    5378     386    5378 |     771     386     771 |    0.2   13.4    0.7
1496 |   193 |    3243 |    5322     383    5322 |     767     383     767 |    0.2   13.0    0.7
1497 |   193 |    3268 |    5365     384    5365 |     768     384     768 |    0.2   14.1    0.7
1498 |   194 |    3281 |    5371     385    5371 |     771     386     771 |    0.2   13.8    0.7
1499 |   194 |    3281 |    5356     386    5356 |     774     386     774 |    0.2   10.8    0.6
1500 |   194 |    3279 |    5369     386    5369 |     772     386     772 |    0.2   12.8    0.7
1501 |   194 |    3270 |    5357     384    5357 |     769     384     769 |    0.2   13.8    0.7
1502 |   194 |    3247 |    4591     384    4591 |     768     384     768 |    0.1    9.7    0.6
1503 |   194 |    3273 |    5360     386    5360 |     771     386     771 |    0.2   12.9    0.7
1504 |   193 |    3239 |    4591     383    4591 |     767     383     767 |    0.2   10.3    0.6
1505 |   192 |    3252 |    5349     383    5349 |     767     384     767 |    0.2   13.4    0.7
1506 |   194 |    3281 |    5373     385    5373 |     771     385     771 |    0.2   14.0    0.8
1507 |   194 |    3281 |    5369     385    5369 |     771     385     771 |    0.2   13.6    0.9
1508 |   194 |    3275 |    5375     385    5375 |     769     385     769 |    0.2   13.3    0.7
1509 |   194 |    3286 |    5363     386    5363 |     771     386     771 |    0.2   13.4    0.7
1510 |   194 |    3284 |    5371     385    5371 |     771     385     771 |    0.2   13.4    0.8
1511 |   194 |    2303 |    5375     386    5375 |     772     386     772 |    0.2   13.0    0.7
1512 |   194 |    3290 |    5384     385    5384 |     771     385     771 |    0.2   13.5    0.7
1513 |   194 |    3268 |    5355     385    5355 |     770     385     770 |    0.2    9.8    0.6
1514 |   194 |    2497 |    5367     385    5367 |     770     385     770 |    0.2   13.3    0.7
1515 |   194 |    3262 |    5365     384    5365 |     768     384     768 |    0.2   14.2    0.8
1516 |   194 |    3280 |    5380     385    5380 |     770     385     770 |    0.3   14.3    0.8
1517 |   194 |    3270 |    5358     384    5358 |     768     384     768 |    0.2   14.0    0.7
1518 |   194 |    3284 |    5379     386    5379 |     771     386     771 |    0.3   13.2    0.7
1519 |   194 |    3274 |    5369     385    5369 |     770     385     770 |    0.3   12.8    0.7
1520 |   194 |    3279 |    5376     385    5376 |     770     385     770 |    0.2   13.7    0.8
1521 |   194 |    2125 |    5377     386    5377 |     772     386     772 |    0.3   10.6    0.7
1522 |   190 |    3213 |    4555     383    4555 |     765     383     765 |    0.1   11.8    0.8
1523 |   194 |    3262 |    5337     384    5337 |     768     384     768 |    0.2   14.9    0.7
1524 |   194 |    3255 |    5330     384    5330 |     767     384     767 |    0.2   12.6    0.7
1525 |   194 |    2491 |    5352     385    5352 |     771     385     771 |    0.2    9.7    0.6
1526 |   193 |    2091 |    5322     384    5322 |     768     384     768 |    0.2   10.2    0.6
1527 |   194 |    3286 |    5374     385    5374 |     770     385     770 |    0.2   13.4    0.7
1528 |   194 |    3284 |    5369     385    5369 |     772     386     772 |    0.2   13.7    0.7
1529 |   194 |    3267 |    5369     385    5369 |     770     385     770 |    0.2   13.3    0.7
1530 |   194 |    2106 |    5366     385    5366 |     769     385     769 |    0.2   13.6    0.7
1531 |   194 |    3276 |    5371     384    5371 |     769     385     769 |    0.2    9.9    0.6
1532 |   194 |    3272 |    5372     385    5372 |     771     385     771 |    0.2   13.6    0.8
1533 |   194 |    3281 |    5380     385    5380 |     770     385     770 |    0.2   13.7    0.8
1534 |   193 |    2099 |    4596     383    4596 |     767     384     767 |    0.2   13.9    0.8
1535 |   194 |    3279 |    5370     386    5370 |     772     386     772 |    0.3   13.7    0.7
1536 |   194 |    3279 |    5372     385    5372 |     770     385     770 |    0.2   13.3    0.7
1537 |   194 |    3288 |    5384     385    5384 |     771     386     771 |    0.2   13.8    0.7
1538 |   194 |    2690 |    5373     385    5373 |     770     385     770 |    0.2   13.2    0.7
1539 |   194 |    3287 |    5376     385    5376 |     770     385     770 |    0.2   13.6    0.7
1540 |   194 |    2104 |    5367     384    5367 |     768     384     768 |    0.2   13.2    0.7
1541 |   194 |    3286 |    5379     385    5379 |     771     385     771 |    0.2   13.7    0.7
1542 |   194 |    3272 |    5367     386    5367 |     772     386     772 |    0.2   13.6    0.8
1543 |   192 |    3250 |    5350     383    5350 |     767     384     767 |    0.2   13.9    0.7
1544 |   194 |    3281 |    5366     385    5366 |     769     385     769 |    0.3   13.0    0.7
1545 |   194 |    2706 |    5374     386    5374 |     772     386     772 |    0.2   10.6    0.7
1546 |   193 |    2265 |    4541     383    4541 |     766     383     766 |    0.1   10.1    0.6
1547 |   194 |    3281 |    5376     385    5376 |     770     385     770 |    0.2   13.7    0.7
1548 |   194 |    3153 |    5229     387    5229 |     773     387     773 |    0.1    9.7    0.6
1549 |   194 |    3283 |    5379     385    5379 |     770     385     770 |    0.2   13.2    0.7
1550 |   194 |    3275 |    5359     384    5359 |     770     385     770 |    0.2   12.9    0.7
1551 |   194 |    3271 |    5370     385    5370 |     770     385     770 |    0.2   10.0    0.7
1552 |   193 |    3255 |    4598     384    4598 |     767     384     767 |    0.2    9.8    0.6
1553 |   194 |    3284 |    5365     386    5365 |     772     386     772 |    0.2   13.7    0.7
1554 |   193 |    3261 |    5354     385    5354 |     769     385     769 |    0.2   13.5    0.9
1555 |   194 |    3285 |    5372     386    5372 |     772     386     772 |    0.2   13.1    0.9
1556 |   194 |    3283 |    5378     385    5378 |     770     385     770 |    0.2   13.6    0.7
1557 |   194 |    3287 |    5380     385    5380 |     771     385     771 |    0.2   13.1    0.7
1558 |   194 |    2890 |    5381     385    5381 |     770     385     770 |    0.2   13.7    0.7
1559 |   193 |    3258 |    5356     384    5356 |     768     384     768 |    0.1   13.0    0.7
1560 |   194 |    3276 |    5371     385    5371 |     769     385     769 |    0.2   14.0    0.7
1561 |   193 |    3245 |    4595     384    4595 |     767     384     767 |    0.2    9.9    0.6
1562 |   193 |    3259 |    5361     384    5361 |     768     384     768 |    0.2   13.3    0.7
1563 |   194 |    3282 |    5377     386    5377 |     771     386     771 |    0.2   13.0    0.7
1564 |   194 |    3277 |    5374     385    5374 |     770     385     770 |    0.2   12.8    0.7
1565 |   193 |    3255 |    5352     383    5352 |     767     383     767 |    0.1   12.8    0.7
1566 |   194 |    3278 |    5373     385    5373 |     770     385     770 |    0.2   14.1    0.7
1567 |   193 |    3252 |    5334     385    5334 |     771     385     771 |    0.2   12.4    0.8
1568 |   193 |    3262 |    5360     384    5360 |     768     384     768 |    0.2   13.5    0.7
1569 |   194 |    3267 |    5335     384    5335 |     770     384     770 |    0.2   13.0    0.7
1570 |   194 |    3280 |    5374     385    5374 |     770     385     770 |    0.2   13.3    0.7
1571 |   194 |    2481 |    4599     384    4599 |     769     384     769 |    0.1    9.5    0.6
1572 |   194 |    3289 |    5380     386    5380 |     772     386     772 |    0.2   12.8    0.7
1573 |   194 |    3279 |    5368     386    5368 |     771     386     771 |    0.2   13.2    0.7
1574 |   194 |    3274 |    5357     385    5357 |     770     385     770 |    0.2   13.4    0.7
1575 |   194 |    3261 |    5356     385    5356 |     770     385     770 |    0.2    9.8    0.6
1576 |   194 |    3284 |    5374     386    5374 |     771     386     771 |    0.2   13.2    0.7
1577 |   193 |    3258 |    5361     384    5361 |     767     384     767 |    0.2   12.8    0.7
1578 |   193 |    3266 |    5356     384    5356 |     768     384     768 |    0.2   13.3    0.8
1579 |   193 |    3263 |    5359     384    5359 |     768     384     768 |    0.2   12.7    0.7
1580 |   194 |    3277 |    5365     385    5365 |     770     385     770 |    0.2   12.7    0.7
1581 |   194 |    3284 |    5376     385    5376 |     771     385     771 |    0.2   13.6    0.7
1582 |   194 |    3290 |    5381     385    5381 |     770     385     770 |    0.2   12.8    0.7
1583 |   194 |    2109 |    5371     385    5371 |     770     385     770 |    0.2   13.5    0.7
1584 |   194 |    3276 |    5370     385    5370 |     769     385     769 |    0.2   13.0    0.7
1585 |   194 |    3277 |    5375     385    5375 |     770     385     770 |    0.2   13.3    0.8
1586 |   194 |    3268 |    5357     385    5357 |     769     385     769 |    0.2   12.8    0.7
1587 |   192 |    3251 |    5353     383    5353 |     766     383     766 |    0.1   13.0    0.7
1588 |   194 |    2506 |    5379     385    5379 |     771     385     771 |    0.2   10.7    0.6
1589 |   194 |    3279 |    5364     385    5364 |     771     386     771 |    0.2   12.9    0.7
1590 |   194 |    3241 |    4590     383    4590 |     768     383     768 |    0.1    9.6    0.6
1591 |   193 |    3266 |    5364     384    5364 |     769     384     769 |    0.2   13.5    0.7
1592 |   191 |    2246 |    4507     383    4507 |     765     383     765 |    0.2    9.2    0.6
1593 |   194 |    2283 |    5354     384    5354 |     768     384     768 |    0.1   13.3    0.7
1594 |   194 |    3279 |    5367     385    5367 |     771     385     771 |    0.2   13.5    0.7
1595 |   194 |    3281 |    5365     386    5365 |     771     386     771 |    0.2   13.1    0.7
1596 |   193 |    3247 |    4598     383    4598 |     767     383     767 |    0.1    9.9    0.6
1597 |   193 |    3210 |    5294     386    5294 |     771     386     771 |    0.2    9.3    0.6
1598 |   193 |    3261 |    5353     384    5353 |     770     384     770 |    0.2   12.9    0.7
1599 |   194 |    3274 |    5371     385    5371 |     770     385     770 |    0.2   13.4    0.7
1600 |   194 |    2291 |    5366     385    5366 |     770     385     770 |    0.2   13.2    0.7
1601 |   194 |    2114 |    5370     385    5370 |     770     385     770 |    0.2   16.2    0.9
1602 |   194 |    3269 |    5366     384    5366 |     770     385     770 |    0.3   14.8    0.7
1603 |   193 |    3255 |    5352     383    5352 |     767     383     767 |    0.2   13.0    0.7
1604 |   194 |    3232 |    4578     384    4578 |     768     384     768 |    0.1    9.8    0.6
1605 |   194 |    2264 |    4527     384    4527 |     768     384     768 |    0.1    9.2    0.6
1606 |   194 |    3265 |    5365     385    5365 |     771     385     771 |    0.2   12.9    0.7
1607 |   194 |    3277 |    5367     385    5367 |     770     385     770 |    0.2   13.7    0.7
1608 |   194 |    3264 |    5361     385    5361 |     770     385     770 |    0.2   12.8    0.7
1609 |   194 |    2496 |    5369     385    5369 |     770     385     770 |    0.2   10.1    0.6
1610 |   193 |    3238 |    4584     384    4584 |     767     384     767 |    0.2    9.7    0.6
1611 |   194 |    2099 |    4601     384    4601 |     768     384     768 |    0.1   10.0    0.6
1612 |   194 |    2110 |    5364     384    5364 |     770     385     770 |    0.2   12.8    0.7
1613 |   192 |    3232 |    4579     383    4579 |     766     383     766 |    0.1   10.4    0.6
1614 |   194 |    3267 |    5366     384    5366 |     769     384     769 |    0.2   13.5    0.7
1615 |   193 |    3254 |    5352     383    5352 |     767     384     767 |    0.1   12.8    0.7
1616 |   194 |    3213 |    4563     383    4563 |     767     383     767 |    0.2    9.7    0.6
1617 |   194 |    3254 |    5328     384    5328 |     768     384     768 |    0.1   13.4    0.7
1618 |   194 |    2492 |    5350     385    5350 |     771     385     771 |    0.2    9.9    0.6
1619 |   194 |    3272 |    5363     384    5363 |     768     384     768 |    0.2   13.1    0.7
1620 |   194 |    3280 |    5375     385    5375 |     770     385     770 |    0.2   13.1    0.7
1621 |   194 |    2675 |    4604     384    4604 |     769     384     769 |    0.2    9.8    0.6
1622 |   193 |    3269 |    5363     384    5363 |     769     385     769 |    0.2   13.1    0.7
1623 |   193 |    3267 |    5358     384    5358 |     769     384     769 |    0.2   12.8    0.7
1624 |   193 |    3264 |    5361     385    5361 |     771     385     771 |    0.2   12.6    0.7
1625 |   194 |    2114 |    5371     385    5371 |     771     385     771 |    0.2   13.8    0.7
1626 |   194 |    3260 |    5367     385    5367 |     769     384     769 |    0.2   13.0    0.7
1627 |   194 |    2281 |    4577     384    4577 |     768     384     768 |    0.1    9.7    0.6
1628 |   193 |    3252 |    5336     383    5336 |     767     383     767 |    0.1   12.7    0.7
1629 |   194 |    3287 |    5374     386    5374 |     772     386     772 |    0.2   12.7    0.7
1630 |   194 |    3277 |    5372     385    5372 |     770     385     770 |    0.2   13.9    0.7
1631 |   193 |    2105 |    5323     385    5323 |     770     385     770 |    0.1   10.0    0.6
1632 |   193 |    3238 |    4590     384    4590 |     767     384     767 |    0.1    9.8    0.7
1633 |   193 |    3239 |    5321     383    5321 |     766     383     766 |    0.1   12.8    0.7
1634 |   194 |    3275 |    5375     385    5375 |     770     385     770 |    0.2   13.5    0.7
1635 |   193 |    2671 |    5282     388    5282 |     777     388     777 |    0.2   10.2    0.6
1636 |   194 |    3242 |    4593     385    4593 |     769     385     769 |    0.2    9.8    0.6
1637 |   194 |    3267 |    5370     384    5370 |     770     385     770 |    0.2   12.9    0.7
1638 |   194 |    3284 |    5365     386    5365 |     772     386     772 |    0.2   13.1    0.7
1639 |   194 |    3278 |    5371     385    5371 |     770     385     770 |    0.2   13.3    0.7
1640 |   194 |    3288 |    5366     387    5366 |     773     387     773 |    0.2   13.0    0.7
1641 |   194 |    3286 |    5378     385    5378 |     770     385     770 |    0.2   13.0    0.7
1642 |   194 |    2294 |    5368     386    5368 |     772     386     772 |    0.2   12.9    0.7
1643 |   194 |    3281 |    5370     384    5370 |     770     385     770 |    0.2   14.2    0.7
1644 |   194 |    3262 |    5368     384    5368 |     769     384     769 |    0.2   12.7    0.7
1645 |   194 |    3266 |    5367     385    5367 |     771     385     771 |    0.2   13.3    0.7
1646 |   194 |    3277 |    5365     384    5365 |     769     384     769 |    0.2   13.4    0.7
1647 |   194 |    3274 |    5350     387    5350 |     774     387     774 |    0.2    9.8    0.7
1648 |   194 |    3288 |    5381     385    5381 |     771     386     771 |    0.2   13.5    0.7
1649 |   192 |    2264 |    4557     383    4557 |     765     383     765 |    0.1   10.4    0.6
1650 |   192 |    2872 |    5323     385    5323 |     771     385     771 |    0.1   10.2    0.6
1651 |   194 |    3273 |    5363     385    5363 |     770     385     770 |    0.2   13.9    0.7
1652 |   194 |    3270 |    5365     385    5365 |     770     385     770 |    0.2   13.4    0.7
1653 |   193 |    3253 |    5355     383    5355 |     768     383     768 |    0.1   12.7    0.7
1654 |   194 |    2089 |    4564     384    4564 |     769     384     769 |    0.1    9.0    0.6
1655 |   193 |    3267 |    5364     384    5364 |     769     384     769 |    0.2   12.8    0.7
1656 |   194 |    3277 |    5368     384    5368 |     768     384     768 |    0.2   12.9    0.7
1657 |   193 |    3256 |    5340     383    5340 |     767     383     767 |    0.1   15.2    0.9
1658 |   194 |    2116 |    5375     385    5375 |     769     385     769 |    0.3   15.2    0.7
1659 |   194 |    3270 |    5357     384    5357 |     768     384     768 |    0.2   12.8    0.7
1660 |   194 |    2664 |    4586     384    4586 |     768     384     768 |    0.1   10.2    0.6
1661 |   194 |    3249 |    4598     383    4598 |     768     384     768 |    0.2   10.2    0.6
1662 |   194 |    3285 |    5374     385    5374 |     771     386     771 |    0.2   12.8    0.7
1663 |   194 |    3277 |    5378     385    5378 |     771     385     771 |    0.2   13.3    0.7
1664 |   194 |    2108 |    5371     384    5371 |     769     384     769 |    0.2   13.7    0.7
1665 |   193 |    3261 |    5359     383    5359 |     767     384     767 |    0.2   13.8    0.7
1666 |   194 |    3268 |    5351     384    5351 |     768     384     768 |    0.2   12.9    0.7
1667 |   194 |    2691 |    5376     385    5376 |     771     385     771 |    0.2   10.3    0.6
1668 |   193 |    3257 |    5361     384    5361 |     768     384     768 |    0.2   13.0    0.7
1669 |   194 |    2294 |    5357     387    5357 |     773     387     773 |    0.2   12.6    0.7
1670 |   194 |    3285 |    5368     386    5368 |     772     386     772 |    0.2   12.7    0.7
1671 |   194 |    3256 |    5341     384    5341 |     767     384     767 |    0.1   13.0    0.7
1672 |   193 |    3267 |    5365     384    5365 |     769     384     769 |    0.2   14.0    0.7
1673 |   194 |    2116 |    5371     385    5371 |     770     385     770 |    0.2   10.0    0.6
1674 |   193 |    3270 |    5365     384    5365 |     768     384     768 |    0.2   13.0    0.7
1675 |   192 |    3251 |    5352     383    5352 |     767     383     767 |    0.2   12.5    0.7
1676 |   192 |    3242 |    5333     383    5333 |     766     383     766 |    0.1   12.6    0.7
1677 |   194 |    3247 |    5356     384    5356 |     768     384     768 |    0.1    9.9    0.6
1678 |   191 |    3238 |    5314     385    5314 |     769     385     769 |    0.2   10.2    0.6
1679 |   194 |    3275 |    5374     385    5374 |     770     385     770 |    0.2   14.3    0.7
1680 |   193 |    3264 |    5362     384    5362 |     768     384     768 |    0.2   12.7    0.7
1681 |   194 |    2119 |    5375     385    5375 |     770     385     770 |    0.2   13.2    1.0
1682 |   194 |    3283 |    5361     386    5361 |     772     386     772 |    0.3   13.3    0.7
1683 |   194 |    3290 |    5384     385    5384 |     771     386     771 |    0.2   13.9    0.7
1684 |   194 |    3284 |    5371     385    5371 |     770     385     770 |    0.2   14.7    0.7
1685 |   194 |    3266 |    5354     384    5354 |     768     384     768 |    0.2   13.1    0.7
1686 |   194 |    3288 |    5376     386    5376 |     772     386     772 |    0.2   17.2    1.1
1687 |   194 |    2478 |    5316     386    5316 |     771     386     771 |    0.3    9.8    0.6
1688 |   194 |    3286 |    5374     385    5374 |     771     385     771 |    0.2   13.2    0.7
1689 |   194 |    3218 |    4567     383    4567 |     768     383     768 |    0.1    9.8    0.8
1690 |   193 |    3255 |    5352     384    5352 |     768     384     768 |    0.2   15.9    0.7
1691 |   194 |    3285 |    5364     386    5364 |     772     386     772 |    0.2   12.5    0.7
1692 |   191 |    2653 |    5228     388    5228 |     776     388     776 |    0.2   10.3    0.6
1693 |   193 |    2672 |    5363     384    5363 |     768     384     768 |    0.2   13.7    0.7
1694 |   194 |    2887 |    5379     385    5379 |     771     385     771 |    0.2   10.2    0.6
1695 |   194 |    3278 |    5370     385    5370 |     770     385     770 |    0.2   13.1    0.7
1696 |   194 |    3282 |    5373     385    5373 |     770     385     770 |    0.2   12.7    0.7
1697 |   194 |    3274 |    5368     385    5368 |     770     385     770 |    0.2   12.8    0.7
1698 |   194 |    3267 |    5362     384    5362 |     769     385     769 |    0.2   12.6    0.7
1699 |   194 |    3286 |    5378     386    5378 |     771     385     771 |    0.2   13.2    0.7
1700 |   193 |    3271 |    5365     385    5365 |     770     385     770 |    0.3   12.8    0.8
1701 |   194 |    3265 |    5349     384    5349 |     768     384     768 |    0.2   16.9    0.9
1702 |   194 |    3284 |    5376     385    5376 |     770     385     770 |    0.3   13.3    0.7
1703 |   193 |    3261 |    5357     384    5357 |     768     384     768 |    0.2   10.0    0.6
1704 |   193 |    2096 |    4591     383    4591 |     767     383     767 |    0.1    9.8    0.6
1705 |   194 |    2116 |    5372     386    5372 |     771     386     771 |    0.2   12.9    0.8
1706 |   194 |    3267 |    5364     385    5364 |     770     385     770 |    0.2   12.8    0.9
1707 |   193 |    3262 |    5359     383    5359 |     767     383     767 |    0.2   18.0    0.9
1708 |   193 |    2086 |    4567     383    4567 |     767     383     767 |    0.2   12.4    0.6
1709 |   193 |    2667 |    4586     383    4586 |     767     383     767 |    0.2    9.8    0.6
1710 |   193 |    2101 |    5351     383    5351 |     768     384     768 |    0.2   13.9    0.7
1711 |   194 |    3274 |    5357     385    5357 |     771     385     771 |    0.2   12.8    0.7
1712 |   194 |    2690 |    5368     386    5368 |     774     386     774 |    0.2   12.7    0.7
1713 |   193 |    2268 |    4591     383    4591 |     766     383     766 |    0.1   10.2    0.6
1714 |   191 |    3230 |    4572     383    4572 |     765     383     765 |    0.1    9.2    0.6
1715 |   194 |    3276 |    5369     385    5369 |     769     385     769 |    0.2   13.1    0.7
1716 |   194 |    3283 |    5375     386    5375 |     772     386     772 |    0.2   13.6    0.7
1717 |   194 |    3278 |    5374     385    5374 |     770     385     770 |    0.2   12.5    0.7
1718 |   193 |    2462 |    5357     383    5357 |     767     384     767 |    0.1   12.9    0.7
1719 |   194 |    3280 |    5368     386    5368 |     772     386     772 |    0.2   12.3    0.7
1720 |   194 |    3261 |    5355     383    5355 |     769     384     769 |    0.2   13.1    0.7
1721 |   193 |    3270 |    5358     385    5358 |     770     385     770 |    0.2   12.8    0.7
1722 |   194 |    3281 |    5373     385    5373 |     770     385     770 |    0.2   12.9    0.7
1723 |   194 |    3274 |    5367     384    5367 |     769     384     769 |    0.2   13.2    0.7
1724 |   194 |    3291 |    5381     386    5381 |     772     386     772 |    0.2   15.7    0.7
1725 |   194 |    3283 |    5367     386    5367 |     772     386     772 |    0.2   14.0    0.8
1726 |   192 |    3243 |    4591     383    4591 |     766     383     766 |    0.2   10.2    0.6
1727 |   194 |    2098 |    4596     384    4596 |     768     384     768 |    0.1    9.8    0.6
1728 |   194 |    3283 |    5380     385    5380 |     770     385     770 |    0.2   12.7    0.7
1729 |   194 |    3277 |    5366     386    5366 |     772     386     772 |    0.2   12.7    0.7
1730 |   194 |    3277 |    5372     385    5372 |     770     385     770 |    0.2   13.6    0.7
1731 |   194 |    2089 |    4570     384    4570 |     767     384     767 |    0.1    9.6    0.6
1732 |   194 |    3290 |    5378     386    5378 |     771     386     771 |    0.2   13.3    0.7
1733 |   194 |    3282 |    5373     385    5373 |     770     385     770 |    0.2   13.1    0.7
1734 |   194 |    3285 |    5379     385    5379 |     771     385     771 |    0.2   13.5    0.7
1735 |   193 |    2088 |    4582     383    4582 |     768     383     768 |    0.1    9.5    0.6
1736 |   194 |    3272 |    5360     384    5360 |     768     384     768 |    0.2   13.1    0.7
1737 |   194 |    3273 |    5370     384    5370 |     769     384     769 |    0.2   13.3    0.7
1738 |   194 |    3284 |    5371     385    5371 |     772     386     772 |    0.2   13.4    0.7
1739 |   194 |    3272 |    5369     384    5369 |     768     384     768 |    0.2   13.0    0.7
1740 |   194 |    3275 |    5359     386    5359 |     771     386     771 |    0.2   12.5    0.7
1741 |   194 |    3287 |    5372     385    5372 |     771     385     771 |    0.2   13.7    0.7
1742 |   194 |    3251 |    5314     384    5314 |     768     384     768 |    0.2   12.9    0.7
1743 |   194 |    3279 |    5370     387    5370 |     773     387     773 |    0.2   12.8    0.7
1744 |   193 |    2661 |    4587     383    4587 |     768     383     768 |    0.1    9.7    0.6
1745 |   194 |    3279 |    5367     385    5367 |     771     385     771 |    0.2   10.3    0.6
1746 |   194 |    3289 |    5381     386    5381 |     771     386     771 |    0.2   13.6    0.7
1747 |   194 |    3277 |    5374     386    5374 |     771     386     771 |    0.2   13.5    0.8
1748 |   194 |    3290 |    5380     385    5380 |     771     385     771 |    0.2   13.4    0.7
1749 |   193 |    3272 |    5360     385    5360 |     770     385     770 |    0.2   13.3    0.8
1750 |   193 |    3271 |    5359     384    5359 |     769     385     769 |    0.5   12.9    0.7
1751 |   192 |    3237 |    4583     383    4583 |     766     383     766 |    0.2   10.1    0.6
1752 |   194 |    3284 |    5370     385    5370 |     772     386     772 |    0.2   13.5    0.7
1753 |   194 |    3274 |    5375     385    5375 |     770     385     770 |    0.2   13.8    0.7
1754 |   194 |    3275 |    5374     385    5374 |     770     385     770 |    0.2   13.1    0.7
1755 |   194 |    3267 |    5361     384    5361 |     768     384     768 |    0.2   13.1    0.7
1756 |   194 |    3285 |    5377     385    5377 |     771     385     771 |    0.2   13.2    0.7
1757 |   194 |    3277 |    5364     385    5364 |     770     385     770 |    0.2   12.8    0.7
1758 |   193 |    3264 |    5359     384    5359 |     769     384     769 |    0.2   12.8    0.7
1759 |   194 |    3275 |    5351     385    5351 |     769     385     769 |    0.2   13.1    0.7
1760 |   194 |    3282 |    5376     385    5376 |     770     385     770 |    0.2   12.6    0.7
1761 |   194 |    3275 |    5362     386    5362 |     771     386     771 |    0.2   13.0    0.7
1762 |   193 |    3264 |    5363     384    5363 |     769     384     769 |    0.2   13.7    0.7
1763 |   194 |    3286 |    5364     386    5364 |     772     386     772 |    0.2   13.3    0.7
1764 |   194 |    3268 |    5370     385    5370 |     769     384     769 |    0.2   13.1    0.7
1765 |   194 |    3277 |    5363     385    5363 |     770     385     770 |    0.3   12.9    0.7
1766 |   194 |    3263 |    5360     385    5360 |     770     385     770 |    0.2   12.8    0.7
1767 |   194 |    3269 |    5358     384    5358 |     768     384     768 |    0.2   13.4    0.7
1768 |   194 |    2887 |    5355     384    5355 |     770     384     770 |    0.2    9.6    0.6
1769 |   194 |    3267 |    5370     384    5370 |     768     384     768 |    0.2   13.4    0.7
1770 |   194 |    3262 |    5366     385    5366 |     770     385     770 |    0.2   12.5    0.7
1771 |   191 |    3221 |    4565     383    4565 |     765     383     765 |    0.1    9.6    0.6
1772 |   193 |    2281 |    5360     384    5360 |     768     384     768 |    0.2   12.8    0.7
1773 |   194 |    2281 |    4597     384    4597 |     768     384     768 |    0.2    9.5    0.6
1774 |   193 |    3255 |    5345     384    5345 |     769     384     769 |    0.1   13.3    0.7
1775 |   194 |    3251 |    4598     384    4598 |     768     384     768 |    0.1   10.3    0.6
1776 |   194 |    2296 |    5366     385    5366 |     770     385     770 |    0.2   13.3    0.7
1777 |   193 |    3242 |    4591     383    4591 |     767     383     767 |    0.2    9.5    0.6
1778 |   194 |    3277 |    5369     386    5369 |     772     386     772 |    0.2   12.8    0.7
1779 |   194 |    3279 |    5371     385    5371 |     770     385     770 |    0.2   17.1    0.9
1780 |   193 |    3249 |    5349     383    5349 |     766     383     766 |    0.1   13.1    0.7
1781 |   194 |    3264 |    5364     384    5364 |     769     384     769 |    0.2   13.8    0.7
1782 |   194 |    3269 |    5371     385    5371 |     770     385     770 |    0.2   12.9    0.7
1783 |   193 |    3264 |    5360     384    5360 |     768     384     768 |    0.2   13.7    0.8
1784 |   194 |    3275 |    5364     385    5364 |     769     385     769 |    0.2   13.0    0.7
1785 |   191 |    2269 |    4572     383    4572 |     765     383     765 |    0.1    9.6    0.6
1786 |   194 |    2667 |    4585     384    4585 |     768     384     768 |    0.1    9.6    0.6
1787 |   194 |    3278 |    5373     385    5373 |     770     385     770 |    0.2   13.2    0.7
1788 |   190 |    3212 |    4551     383    4551 |     765     383     765 |    0.1    9.6    0.6
1789 |   191 |    3229 |    4568     383    4568 |     765     383     765 |    0.1    9.3    0.6
1790 |   193 |    3267 |    5363     384    5363 |     768     384     768 |    0.2   12.6    0.7
1791 |   192 |    3237 |    5339     383    5339 |     766     383     766 |    0.1   10.1    0.6
1792 |   194 |    3283 |    5384     385    5384 |     770     385     770 |    0.2   13.7    0.8
1793 |   194 |    3271 |    5357     385    5357 |     769     385     769 |    0.2   13.1    0.7
1794 |   194 |    3258 |    4605     384    4605 |     768     384     768 |    0.2   10.0    0.6
1795 |   194 |    3281 |    5370     385    5370 |     769     385     769 |    0.2   12.6    0.7
1796 |   194 |    3290 |    5384     385    5384 |     771     386     771 |    0.2   14.2    0.7
1797 |   194 |    2122 |    5384     385    5384 |     770     385     770 |    0.2   12.9    0.7
1798 |   192 |    3243 |    5340     383    5340 |     765     383     765 |    0.1   13.2    0.7
1799 |   193 |    3273 |    5367     384    5367 |     769     384     769 |    0.2   13.0    0.7
1800 |   194 |    3277 |    5366     385    5366 |     771     385     771 |    0.2   13.3    0.7
1801 |   194 |    3289 |    5373     386    5373 |     772     386     772 |    0.2   13.5    0.7
1802 |   191 |    3231 |    4574     383    4574 |     765     383     765 |    0.1   10.4    0.7
1803 |   194 |    3271 |    5369     385    5369 |     769     385     769 |    0.2   13.5    0.7
1804 |   194 |    3268 |    5338     385    5338 |     769     385     769 |    0.2   12.4    0.7
1805 |   194 |    3273 |    5370     384    5370 |     768     384     768 |    0.2   12.8    0.7
1806 |   194 |    3286 |    5376     385    5376 |     771     385     771 |    0.2   13.1    0.7
1807 |   194 |    3279 |    5367     385    5367 |     770     385     770 |    0.2   13.1    0.7
1808 |   194 |    3278 |    5364     385    5364 |     770     385     770 |    0.2   13.3    0.7
1809 |   193 |    3256 |    5361     384    5361 |     768     384     768 |    0.2   12.7    0.7
1810 |   193 |    3264 |    5360     385    5360 |     769     385     769 |    0.2   12.8    0.7
1811 |   194 |    3245 |    4597     384    4597 |     768     384     768 |    0.2    9.4    0.6
1812 |   194 |    3265 |    5340     384    5340 |     768     384     768 |    0.2   14.2    0.7
1813 |   194 |    3284 |    5376     385    5376 |     770     385     770 |    0.2   13.0    0.7
1814 |   194 |    3274 |    5368     384    5368 |     768     384     768 |    0.2   13.3    0.7
1815 |   194 |    3277 |    5369     384    5369 |     769     385     769 |    0.2   13.2    0.7
1816 |   194 |    3279 |    5371     385    5371 |     769     385     769 |    0.2   13.2    0.7
1817 |   193 |    3266 |    5366     384    5366 |     769     384     769 |    0.2   14.7    0.9
1818 |   194 |    3271 |    5374     385    5374 |     770     385     770 |    0.3   17.4    0.9
1819 |   194 |    3278 |    5376     385    5376 |     770     385     770 |    0.2   14.8    0.7
1820 |   194 |    3274 |    5371     385    5371 |     770     385     770 |    0.2   10.2    0.6
1821 |   194 |    3276 |    5362     385    5362 |     770     385     770 |    0.2   13.5    0.7
1822 |   193 |    3262 |    5355     384    5355 |     769     384     769 |    0.2   13.1    0.7
1823 |   194 |    3267 |    5366     386    5366 |     772     386     772 |    0.2   12.9    0.7
1824 |   194 |    2293 |    5371     385    5371 |     769     385     769 |    0.2   12.9    0.7
1825 |   194 |    3279 |    5374     385    5374 |     770     385     770 |    0.2   13.1    0.7
1826 |   193 |    2104 |    5360     384    5360 |     768     384     768 |    0.2   13.1    0.7
1827 |   194 |    3285 |    5377     386    5377 |     772     386     772 |    0.2   13.2    0.7
1828 |   194 |    3286 |    5378     385    5378 |     770     385     770 |    0.2   13.8    0.7
1829 |   194 |    3283 |    5374     385    5374 |     770     385     770 |    0.2   13.9    0.7
1830 |   193 |    3246 |    5319     391    5319 |     782     391     782 |    0.2   12.4    0.7
1831 |   194 |    3286 |    5383     385    5383 |     770     385     770 |    0.2   13.8    0.8
1832 |   194 |    3277 |    5377     385    5377 |     770     385     770 |    0.2   13.3    0.7
1833 |   194 |    3291 |    5375     386    5375 |     772     386     772 |    0.3   13.2    0.7
1834 |   194 |    3278 |    5377     385    5377 |     771     385     771 |    0.2   12.8    0.7
1835 |   194 |    3270 |    5360     384    5360 |     769     384     769 |    0.3   13.5    0.7
1836 |   194 |    3258 |    5367     384    5367 |     768     384     768 |    0.2   12.5    0.7
1837 |   193 |    3236 |    5314     385    5314 |     771     385     771 |    0.2   12.8    0.7
1838 |   193 |    3267 |    5366     384    5366 |     769     384     769 |    0.2   13.3    0.7
1839 |   194 |    3258 |    5364     384    5364 |     768     384     768 |    0.2   12.8    0.7
1840 |   193 |    3223 |    5287     383    5287 |     767     383     767 |    0.1   12.2    0.7
1841 |   192 |    2480 |    5337     384    5337 |     767     384     767 |    0.1   10.4    0.7
1842 |   194 |    3285 |    5361     386    5361 |     772     386     772 |    0.2   13.2    0.7
1843 |   194 |    3267 |    5371     385    5371 |     770     385     770 |    0.2   12.6    0.7
1844 |   194 |    3249 |    5318     384    5318 |     767     384     767 |    0.1   12.9    0.7
1845 |   194 |    3279 |    5378     385    5378 |     770     385     770 |    0.2   13.4    0.7
1846 |   194 |    3250 |    4595     384    4595 |     769     384     769 |    0.1   10.2    0.6
1847 |   194 |    3285 |    5382     385    5382 |     770     385     770 |    0.2   13.0    0.7
1848 |   194 |    3281 |    5378     385    5378 |     770     385     770 |    0.2   13.3    0.7
1849 |   193 |    3254 |    5338     384    5338 |     767     384     767 |    0.2    9.5    0.6
1850 |   194 |    3274 |    5353     386    5353 |     773     386     773 |    0.2   12.6    0.7
1851 |   194 |    3284 |    5373     385    5373 |     771     385     771 |    0.2   14.3    0.7
1852 |   194 |    3278 |    5370     385    5370 |     770     385     770 |    0.2   13.8    0.7
1853 |   194 |    3263 |    5371     384    5371 |     769     384     769 |    0.2   13.0    0.7
1854 |   194 |    3284 |    5382     385    5382 |     770     385     770 |    0.2   13.5    0.7
1855 |   193 |    2491 |    5364     385    5364 |     770     385     770 |    0.2   13.3    0.7
1856 |   193 |    3266 |    5361     384    5361 |     769     384     769 |    0.2   13.1    0.7
1857 |   192 |    2862 |    5326     386    5326 |     771     386     771 |    0.2   10.2    0.6
1858 |   192 |    2272 |    4566     383    4566 |     766     383     766 |    0.1    9.4    0.6
1859 |   194 |    2704 |    5367     386    5367 |     771     386     771 |    0.2   10.8    0.6
1860 |   194 |    3280 |    5358     386    5358 |     772     386     772 |    0.2   13.2    0.7
1861 |   194 |    3252 |    4600     384    4600 |     767     384     767 |    0.2    9.7    0.6
1862 |   194 |    3287 |    5384     385    5384 |     771     385     771 |    0.2   13.5    0.7
1863 |   194 |    2902 |    5369     386    5369 |     772     385     772 |    0.2   10.5    0.6
1864 |   193 |    3254 |    5351     383    5351 |     768     384     768 |    0.2   13.6    0.7
1865 |   191 |    2459 |    5307     384    5307 |     767     384     767 |    0.2   10.1    0.6
1866 |   193 |    3255 |    5357     384    5357 |     768     384     768 |    0.2   14.1    0.7
1867 |   190 |    3213 |    4550     383    4550 |     765     383     765 |    0.2    9.3    0.7
1868 |   193 |    3258 |    5351     383    5351 |     768     384     768 |    0.1   13.2    0.7
1869 |   194 |    3283 |    5379     385    5379 |     770     385     770 |    0.2   13.0    0.7
1870 |   194 |    3259 |    5364     384    5364 |     768     384     768 |    0.2   13.3    0.8
1871 |   194 |    3285 |    5375     385    5375 |     770     385     770 |    0.2   13.7    0.7
1872 |   194 |    3280 |    5368     385    5368 |     771     385     771 |    0.2   12.7    0.7
1873 |   194 |    3273 |    5367     384    5367 |     768     384     768 |    0.2   12.4    0.7
1874 |   192 |    2278 |    4590     383    4590 |     767     383     767 |    0.1    9.1    0.6
1875 |   194 |    3285 |    5369     385    5369 |     771     385     771 |    0.2   13.5    0.7
1876 |   194 |    3281 |    5366     386    5366 |     772     386     772 |    0.2   13.1    0.7
1877 |   194 |    3270 |    5340     384    5340 |     770     384     770 |    0.2   13.6    0.7
1878 |   194 |    3249 |    5320     384    5320 |     768     384     768 |    0.2   13.5    0.7
1879 |   194 |    3280 |    5371     384    5371 |     769     385     769 |    0.2   13.1    0.7
1880 |   193 |    3263 |    5363     384    5363 |     768     384     768 |    0.2   13.8    1.0
1881 |   194 |    3272 |    5361     384    5361 |     768     384     768 |    0.3   15.9    0.7
1882 |   193 |    3242 |    5314     383    5314 |     767     383     767 |    0.1   13.2    1.0
1883 |   194 |    2701 |    5384     385    5384 |     771     385     771 |    0.2   14.0    0.7
1884 |   194 |    2307 |    5385     385    5385 |     771     385     771 |    0.2   13.6    0.8
1885 |   194 |    3245 |    4592     384    4592 |     768     384     768 |    0.2   10.1    0.6
1886 |   194 |    3280 |    5371     385    5371 |     770     385     770 |    0.2   13.1    0.7
1887 |   194 |    3286 |    5364     386    5364 |     773     386     773 |    0.2   15.6    0.9
1888 |   194 |    3284 |    5379     385    5379 |     770     385     770 |    0.3   13.9    0.7
1889 |   194 |    3277 |    5371     385    5371 |     770     385     770 |    0.2   12.4    0.7
1890 |   194 |    2891 |    5381     385    5381 |     770     385     770 |    0.2   13.2    0.7
1891 |   194 |    3268 |    5369     385    5369 |     769     385     769 |    0.2   13.2    0.7
1892 |   194 |    3290 |    5378     385    5378 |     771     385     771 |    0.2   13.2    0.7
1893 |   193 |    3262 |    5367     385    5367 |     769     385     769 |    0.2   13.6    0.7
1894 |   193 |    3265 |    5354     384    5354 |     768     384     768 |    0.2   13.1    0.8
1895 |   194 |    3284 |    5380     385    5380 |     771     385     771 |    0.2   12.8    0.7
1896 |   194 |    2505 |    5375     386    5375 |     772     386     772 |    0.2   10.0    0.6
1897 |   194 |    3269 |    5358     386    5358 |     771     386     771 |    0.2   14.0    0.7
1898 |   192 |    2263 |    4571     383    4571 |     766     383     766 |    0.1   10.1    0.6
1899 |   193 |    3266 |    5357     384    5357 |     768     384     768 |    0.2   14.5    0.8
1900 |   194 |    3260 |    5344     384    5344 |     768     384     768 |    0.2   13.3    0.7
1901 |   194 |    3276 |    5372     384    5372 |     769     385     769 |    0.2   13.0    0.7
1902 |   194 |    2279 |    4589     384    4589 |     768     384     768 |    0.2    9.7    0.6
1903 |   194 |    3264 |    5364     385    5364 |     771     385     771 |    0.2   13.5    0.7
1904 |   193 |    2466 |    5302     385    5302 |     770     385     770 |    0.2    9.9    0.6
1905 |   194 |    3290 |    5375     386    5375 |     771     386     771 |    0.2   13.2    0.7
1906 |   193 |    3263 |    5363     384    5363 |     768     384     768 |    0.2   12.8    0.7
1907 |   194 |    3278 |    5379     385    5379 |     771     385     771 |    0.2   13.0    0.7
1908 |   194 |    2497 |    5373     385    5373 |     771     385     771 |    0.2   13.0    0.7
1909 |   194 |    3287 |    5384     385    5384 |     771     385     771 |    0.2   13.3    0.7
1910 |   194 |    3283 |    5380     385    5380 |     771     385     771 |    0.2   13.2    0.7
1911 |   194 |    3269 |    5370     385    5370 |     770     385     770 |    0.2   13.5    0.7
1912 |   194 |    3273 |    5365     385    5365 |     769     385     769 |    0.2   13.2    0.7
1913 |   194 |    3266 |    5355     384    5355 |     768     384     768 |    0.2   13.3    0.7
1914 |   194 |    3279 |    5365     385    5365 |     770     385     770 |    0.2   13.3    0.7
1915 |   194 |    3277 |    5369     386    5369 |     772     386     772 |    0.2   13.4    0.7
1916 |   194 |    3270 |    5370     385    5370 |     769     385     769 |    0.2   14.9    0.7
1917 |   194 |    3264 |    5370     385    5370 |     769     385     769 |    0.3   16.7    0.7
1918 |   194 |    3283 |    5377     385    5377 |     771     385     771 |    0.2   13.4    0.7
1919 |   194 |    3277 |    5365     386    5365 |     771     386     771 |    0.2   13.5    0.9
1920 |   194 |    3275 |    5363     384    5363 |     769     384     769 |    0.3   15.3    0.7
1921 |   194 |    3281 |    5364     385    5364 |     770     385     770 |    0.2   12.8    0.7
1922 |   194 |    3281 |    5372     385    5372 |     770     385     770 |    0.2   13.7    0.7
1923 |   194 |    3249 |    4595     384    4595 |     768     384     768 |    0.2   10.1    0.6
1924 |   191 |    3239 |    4583     383    4583 |     765     383     765 |    0.1   10.0    0.6
1925 |   193 |    3251 |    4585     383    4585 |     767     383     767 |    0.1   10.0    0.6
1926 |   194 |    3286 |    5372     386    5372 |     773     386     773 |    0.2   12.4    0.7
1927 |   194 |    2875 |    5374     385    5374 |     770     385     770 |    0.2   13.9    0.7
1928 |   194 |    3275 |    5359     384    5359 |     768     384     768 |    0.2   12.4    0.7
1929 |   194 |    3267 |    5364     385    5364 |     769     385     769 |    0.2   13.8    0.7
1930 |   194 |    3271 |    5370     385    5370 |     771     385     771 |    0.2   13.3    0.7
1931 |   193 |    3266 |    5360     384    5360 |     769     384     769 |    0.2   13.7    0.7
1932 |   194 |    3277 |    5366     385    5366 |     770     385     770 |    0.2   14.8    0.9
1933 |   194 |    3259 |    5337     384    5337 |     768     384     768 |    0.2   13.4    0.7
1934 |   194 |    3281 |    5376     386    5376 |     772     386     772 |    0.2   13.4    0.7
1935 |   194 |    3287 |    5380     385    5380 |     771     385     771 |    0.2   13.2    0.7
1936 |   192 |    3254 |    5355     383    5355 |     767     384     767 |    0.1   12.7    0.7
1937 |   194 |    3268 |    5355     384    5355 |     768     384     768 |    0.2   13.4    0.7
1938 |   193 |    3252 |    4598     383    4598 |     767     383     767 |    0.1    9.4    0.6
1939 |   194 |    3276 |    5368     384    5368 |     769     384     769 |    0.2   12.8    0.7
1940 |   194 |    2506 |    5371     384    5371 |     769     384     769 |    0.2   13.3    0.7
1941 |   193 |    3261 |    5355     384    5355 |     768     384     768 |    0.2   13.1    0.7
1942 |   193 |    2102 |    4603     384    4603 |     768     384     768 |    0.1   10.9    0.6
1943 |   193 |    3262 |    5344     384    5344 |     770     385     770 |    0.2    9.9    0.8
1944 |   193 |    3256 |    5363     384    5363 |     768     384     768 |    0.2   13.1    0.7
1945 |   194 |    3286 |    5376     385    5376 |     771     385     771 |    0.2   13.1    0.7
1946 |   194 |    3287 |    5372     386    5372 |     772     386     772 |    0.2   13.1    0.7
1947 |   194 |    3284 |    5372     385    5372 |     770     385     770 |    0.2   13.1    0.7
1948 |   194 |    3270 |    5351     384    5351 |     768     384     768 |    0.2   12.8    0.7
1949 |   193 |    3222 |    4569     384    4569 |     767     384     767 |    0.1   10.0    0.6
1950 |   194 |    3276 |    5373     385    5373 |     770     385     770 |    0.2   13.7    0.8
1951 |   194 |    3261 |    5337     384    5337 |     768     384     768 |    0.2   12.6    0.7
1952 |   194 |    3274 |    5364     385    5364 |     771     385     771 |    0.2   13.5    0.7
1953 |   193 |    3235 |    4581     383    4581 |     766     383     766 |    0.1    9.4    0.6
1954 |   194 |    3283 |    5372     386    5372 |     773     386     773 |    0.2   14.4    1.0
1955 |   194 |    3281 |    5371     385    5371 |     771     385     771 |    0.3   14.4    0.7
1956 |   194 |    3269 |    5365     384    5365 |     768     384     768 |    0.2   12.9    0.7
1957 |   194 |    3282 |    5375     385    5375 |     770     385     770 |    0.2   12.7    0.7
1958 |   194 |    3278 |    5357     384    5357 |     770     384     770 |    0.2   12.9    0.7
1959 |   194 |    3263 |    5344     384    5344 |     768     384     768 |    0.2   12.7    0.7
1960 |   193 |    3264 |    5349     385    5349 |     769     385     769 |    0.2   13.1    0.7
1961 |   194 |    3260 |    5364     384    5364 |     769     384     769 |    0.2   13.1    0.7
1962 |   192 |    3235 |    5324     383    5324 |     765     383     765 |    0.1   12.3    0.7
1963 |   194 |    3267 |    5370     385    5370 |     771     385     771 |    0.2   13.2    0.7
1964 |   192 |    3233 |    4585     383    4585 |     766     383     766 |    0.2    9.7    0.7
1965 |   193 |    2096 |    4590     383    4590 |     767     383     767 |    0.1    9.6    0.6
1966 |   194 |    2096 |    4593     384    4593 |     768     384     768 |    0.1    9.9    0.6
1967 |   194 |    3277 |    5364     384    5364 |     769     384     769 |    0.2   13.7    0.7
1968 |   193 |    3260 |    5351     383    5351 |     767     383     767 |    0.1   13.6    0.7
1969 |   193 |    3269 |    5362     386    5362 |     771     386     771 |    0.2   13.6    0.7
1970 |   194 |    3285 |    5382     386    5382 |     771     385     771 |    0.2   13.0    0.7
1971 |   192 |    3251 |    5343     384    5343 |     768     384     768 |    0.2   12.6    0.7
1972 |   194 |    3280 |    5358     386    5358 |     772     386     772 |    0.2   13.2    0.7
1973 |   194 |    3286 |    5370     386    5370 |     772     386     772 |    0.2   13.2    0.7
1974 |   194 |    2683 |    5367     384    5367 |     769     385     769 |    0.2   13.1    0.7
1975 |   194 |    3268 |    5357     384    5357 |     768     384     768 |    0.2   13.2    0.7
1976 |   194 |    3278 |    5367     385    5367 |     770     385     770 |    0.2   12.6    0.7
1977 |   194 |    3285 |    5381     385    5381 |     771     385     771 |    0.2   13.2    0.7
1978 |   194 |    3278 |    5357     386    5357 |     771     386     771 |    0.2   13.5    0.7
1979 |   194 |    3218 |    4572     384    4572 |     768     384     768 |    0.2    9.7    0.6
1980 |   194 |    2503 |    5367     384    5367 |     769     384     769 |    0.2   10.4    0.6
1981 |   194 |    3260 |    5362     384    5362 |     769     384     769 |    0.2   12.9    0.7
1982 |   194 |    3281 |    5369     385    5369 |     770     385     770 |    0.2   13.2    0.7
1983 |   194 |    3266 |    5372     385    5372 |     769     385     769 |    0.2   13.2    0.7
1984 |   194 |    3280 |    5370     385    5370 |     769     385     769 |    0.2   13.1    0.7
1985 |   193 |    3270 |    5366     385    5366 |     769     385     769 |    0.2    9.9    0.6
1986 |   193 |    3268 |    5356     385    5356 |     770     385     770 |    0.2   13.4    0.7
1987 |   193 |    3267 |    5363     384    5363 |     768     384     768 |    0.2   13.4    0.7
1988 |   194 |    2300 |    5369     386    5369 |     772     386     772 |    0.2   13.5    0.7
1989 |   193 |    3247 |    4595     384    4595 |     767     384     767 |    0.1   10.2    0.6
1990 |   194 |    3227 |    4573     383    4573 |     768     383     768 |    0.2    9.5    0.6
1991 |   192 |    3248 |    5347     383    5347 |     766     383     766 |    0.2   12.8    0.7
1992 |   194 |    3286 |    5375     385    5375 |     771     385     771 |    0.2   12.4    0.7
1993 |   191 |    3185 |    4535     383    4535 |     765     383     765 |    0.1    9.4    0.6
1994 |   194 |    2294 |    5364     385    5364 |     770     385     770 |    0.2   13.7    0.9
1995 |   194 |    3274 |    5377     385    5377 |     770     385     770 |    0.2   12.8    0.7
1996 |   194 |    3262 |    4607     384    4607 |     769     384     769 |    0.2    9.5    0.6
1997 |   194 |    2892 |    5373     385    5373 |     770     385     770 |    0.2   10.1    0.6
1998 |   194 |    2113 |    5372     385    5372 |     770     385     770 |    0.2   12.5    0.7
1999 |   194 |    2510 |    5380     386    5380 |     772     386     772 |    0.2   13.5    0.7
2000 |   193 |    3253 |    5354     383    5354 |     767     383     767 |    0.1   13.2    0.7
2001 |   194 |    3264 |    5369     385    5369 |     769     385     769 |    0.2   13.2    0.9
2002 |   194 |    3278 |    5374     386    5374 |     772     386     772 |    0.3   12.9    0.7
2003 |   194 |    2283 |    4591     383    4591 |     767     383     767 |    0.1    9.7    0.6
2004 |   194 |    2692 |    5369     385    5369 |     769     385     769 |    0.2   10.2    0.6
2005 |   194 |    3285 |    5381     386    5381 |     771     386     771 |    0.2   13.7    0.7
2006 |   194 |    3277 |    5368     384    5368 |     769     384     769 |    0.2   13.2    0.7
2007 |   194 |    3280 |    5377     385    5377 |     771     385     771 |    0.2   13.6    0.7
2008 |   194 |    3290 |    5378     386    5378 |     772     386     772 |    0.2   13.2    0.7
2009 |   193 |    3258 |    5354     383    5354 |     767     383     767 |    0.2   14.1    0.8
2010 |   194 |    3285 |    5358     386    5358 |     773     386     773 |    0.2   12.5    0.7
2011 |   193 |    3264 |    5353     384    5353 |     768     384     768 |    0.2   13.2    0.7
2012 |   194 |    2103 |    4603     384    4603 |     768     384     768 |    0.1    9.5    0.6
2013 |   194 |    3283 |    5376     385    5376 |     770     385     770 |    0.2   13.4    0.7
2014 |   194 |    3282 |    5373     385    5373 |     771     385     771 |    0.2   12.9    0.7
2015 |   193 |    3262 |    5362     384    5362 |     769     384     769 |    0.2   12.7    0.7
2016 |   194 |    2102 |    5358     384    5358 |     768     384     768 |    0.1    9.4    0.6
2017 |   194 |    3278 |    5362     385    5362 |     770     385     770 |    0.2   13.1    0.7
2018 |   194 |    2476 |    4589     384    4589 |     767     384     767 |    0.1    9.4    0.6
2019 |   194 |    2489 |    4604     384    4604 |     768     384     768 |    0.1    9.5    0.7
2020 |   194 |    3284 |    5369     386    5369 |     772     386     772 |    0.2   12.5    0.7
2021 |   193 |    3262 |    5354     384    5354 |     768     384     768 |    0.1   13.7    0.7
2022 |   194 |    3278 |    5371     385    5371 |     770     385     770 |    0.2   13.2    0.7
2023 |   193 |    3262 |    5356     384    5356 |     767     384     767 |    0.2   13.0    0.7
2024 |   194 |    3285 |    5374     385    5374 |     770     385     770 |    0.2   13.0    0.7
2025 |   194 |    3276 |    5361     384    5361 |     770     384     770 |    0.2   13.2    0.7
2026 |   194 |    3260 |    5352     384    5352 |     770     385     770 |    0.2   12.8    0.7
2027 |   194 |    3281 |    5382     385    5382 |     770     385     770 |    0.2   13.2    0.7
2028 |   194 |    3284 |    5374     385    5374 |     770     385     770 |    0.2   13.2    0.7
2029 |   194 |    3285 |    5373     385    5373 |     770     385     770 |    0.2   12.5    0.7
2030 |   194 |    2504 |    5372     385    5372 |     770     385     770 |    0.2   13.3    0.7
2031 |   194 |    3277 |    5358     384    5358 |     769     385     769 |    0.2   13.5    0.7
2032 |   194 |    3274 |    5361     384    5361 |     768     384     768 |    0.2   13.7    0.7
2033 |   194 |    3282 |    5377     385    5377 |     769     385     769 |    0.2   13.8    0.7
2034 |   194 |    3263 |    5352     383    5352 |     768     383     768 |    0.2   12.7    0.7
2035 |   193 |    2488 |    5355     385    5355 |     770     385     770 |    0.2   12.9    0.7
2036 |   193 |    3247 |    5329     386    5329 |     772     386     772 |    0.2   12.2    0.7
2037 |   193 |    3263 |    5354     385    5354 |     772     385     772 |    0.2   12.7    0.7
2038 |   193 |    3265 |    5347     383    5347 |     769     384     769 |    0.2   13.5    0.7
2039 |   194 |    3280 |    5377     386    5377 |     771     386     771 |    0.3   13.1    0.7
2040 |   194 |    2110 |    5365     384    5365 |     770     384     770 |    0.2   13.1    0.7
2041 |   194 |    3274 |    5370     385    5370 |     769     385     769 |    0.2   13.0    0.7
2042 |   194 |    3285 |    5373     385    5373 |     771     385     771 |    0.2   12.9    0.7
2043 |   194 |    2288 |    5367     386    5367 |     772     386     772 |    0.2   15.2    0.9
2044 |   194 |    3285 |    5372     386    5372 |     771     386     771 |    0.3   12.7    0.7
2045 |   194 |    2502 |    5372     385    5372 |     770     385     770 |    0.2   10.0    0.6
2046 |   194 |    2297 |    5365     385    5365 |     770     385     770 |    0.2   13.0    0.8
2047 |   194 |    3285 |    5376     386    5376 |     771     386     771 |    0.2   13.2    0.7
2048 |   194 |    3278 |    5375     385    5375 |     770     385     770 |    0.2   13.7    0.7
2049 |   194 |    2474 |    4586     385    4586 |     770     385     770 |    0.1    9.8    0.6
2050 |   194 |    3291 |    5377     386    5377 |     772     386     772 |    0.2   13.0    0.7
2051 |   194 |    3251 |    4599     384    4599 |     768     384     768 |    0.1   10.4    0.6
2052 |   193 |    3258 |    5353     383    5353 |     768     384     768 |    0.1   12.7    0.7
2053 |   194 |    3277 |    5365     385    5365 |     769     385     769 |    0.2   12.8    0.7
2054 |   194 |    3286 |    5365     385    5365 |     772     386     772 |    0.2   13.2    0.7
2055 |   192 |    3250 |    5347     383    5347 |     766     383     766 |    0.1   12.9    0.7
2056 |   194 |    2280 |    4592     383    4592 |     767     384     767 |    0.2   10.1    0.6
2057 |   194 |    3260 |    5367     384    5367 |     768     384     768 |    0.2   13.2    0.7
2058 |   194 |    3234 |    4578     384    4578 |     769     384     769 |    0.2    9.5    0.6
2059 |   194 |    3278 |    5374     385    5374 |     771     386     771 |    0.2   13.1    0.7
2060 |   194 |    3281 |    5364     386    5364 |     773     386     773 |    0.2   12.7    0.7
2061 |   193 |    3268 |    5366     385    5366 |     769     385     769 |    0.2   12.9    0.7
2062 |   193 |    3253 |    5354     383    5354 |     767     383     767 |    0.1   13.2    0.7
2063 |   193 |    2276 |    4560     383    4560 |     767     383     767 |    0.1    9.5    0.6
2064 |   192 |    3240 |    4583     383    4583 |     766     383     766 |    0.2   10.4    0.7
2065 |   194 |    3280 |    5372     385    5372 |     770     385     770 |    0.2   13.6    0.7
2066 |   193 |    3264 |    5361     384    5361 |     768     384     768 |    0.2   14.0    0.7
2067 |   194 |    3074 |    5376     385    5376 |     770     385     770 |    0.2   10.5    0.6
2068 |   194 |    3287 |    5383     385    5383 |     770     385     770 |    0.2   13.2    0.7
2069 |   194 |    2507 |    5367     386    5367 |     772     386     772 |    0.2    9.9    0.6
2070 |   194 |    3274 |    5362     385    5362 |     771     385     771 |    0.2   12.3    0.7
2071 |   194 |    2122 |    5365     386    5365 |     772     386     772 |    0.2   13.6    0.7
2072 |   194 |    3275 |    5367     385    5367 |     770     385     770 |    0.2   13.4    0.7
2073 |   194 |    3283 |    5381     386    5381 |     771     385     771 |    0.2   13.8    0.7
2074 |   194 |    3264 |    5365     384    5365 |     769     384     769 |    0.2   14.0    0.7
2075 |   194 |    3273 |    5346     384    5346 |     769     384     769 |    0.2   13.4    0.7
2076 |   194 |    2089 |    4570     384    4570 |     767     384     767 |    0.1    9.7    0.6
2077 |   194 |    3254 |    5323     384    5323 |     769     384     769 |    0.1   13.1    0.7
2078 |   193 |    2096 |    4587     383    4587 |     767     383     767 |    0.1    9.6    0.6
2079 |   194 |    3287 |    5374     385    5374 |     771     385     771 |    0.2   13.6    0.7
2080 |   194 |    3261 |    5325     386    5325 |     772     386     772 |    0.2   12.0    0.7
2081 |   194 |    3272 |    5359     384    5359 |     768     384     768 |    0.2   12.8    0.7
2082 |   193 |    3259 |    5360     384    5360 |     768     384     768 |    0.2   12.8    0.7
2083 |   194 |    3290 |    5382     386    5382 |     772     386     772 |    0.2   13.4    0.7
2084 |   194 |    3240 |    4586     383    4586 |     768     383     768 |    0.2    9.5    0.6
2085 |   194 |    3277 |    5366     385    5366 |     769     385     769 |    0.2   16.7    0.7
2086 |   194 |    2510 |    5380     385    5380 |     770     385     770 |    0.4   10.2    0.6
2087 |   194 |    3268 |    5347     384    5347 |     768     384     768 |    0.2   13.1    0.7
2088 |   194 |    3285 |    5377     385    5377 |     770     385     770 |    0.2   13.0    0.7
2089 |   194 |    3274 |    5368     385    5368 |     770     385     770 |    0.2   12.8    0.7
2090 |   194 |    3278 |    5365     386    5365 |     772     386     772 |    0.2   12.9    0.7
2091 |   194 |    3290 |    5381     385    5381 |     771     385     771 |    0.2   14.4    0.7
2092 |   194 |    3275 |    5349     384    5349 |     769     384     769 |    0.2   12.6    0.7
2093 |   194 |    2493 |    5338     384    5338 |     767     384     767 |    0.2   12.1    0.7
2094 |   194 |    3252 |    5353     384    5353 |     768     384     768 |    0.2   12.5    0.7
2095 |   194 |    2121 |    5349     385    5349 |     772     385     772 |    0.2    9.8    0.6
2096 |   194 |    3270 |    5369     384    5369 |     769     384     769 |    0.2   13.7    0.7
2097 |   194 |    3286 |    5379     385    5379 |     770     385     770 |    0.2   13.3    0.7
2098 |   194 |    3276 |    5359     384    5359 |     769     384     769 |    0.2   12.6    0.7
2099 |   194 |    3282 |    5371     385    5371 |     771     385     771 |    0.2   12.9    0.7
2100 |   193 |    3259 |    5358     384    5358 |     768     384     768 |    0.1   13.1    0.7
2101 |   194 |    3278 |    5368     384    5368 |     769     384     769 |    0.2   13.4    0.7
2102 |   194 |    2287 |    4599     384    4599 |     768     384     768 |    0.1    9.6    0.6
2103 |   194 |    3279 |    5367     385    5367 |     771     385     771 |    0.2   13.0    0.7
2104 |   193 |    2686 |    5350     384    5350 |     770     385     770 |    0.2   10.2    0.6
2105 |   194 |    3289 |    5375     386    5375 |     772     386     772 |    0.2   12.9    0.7
2106 |   193 |    3247 |    4594     383    4594 |     766     383     766 |    0.1    9.8    0.6
2107 |   194 |    3279 |    5371     385    5371 |     769     385     769 |    0.2   13.5    0.7
2108 |   194 |    3267 |    5357     383    5357 |     767     383     767 |    0.3   13.5    0.7
2109 |   194 |    3282 |    5378     385    5378 |     770     385     770 |    0.2   13.2    0.7
2110 |   194 |    3270 |    5361     385    5361 |     771     385     771 |    0.2   12.9    0.7
2111 |   194 |    2503 |    5366     386    5366 |     772     386     772 |    0.2    9.7    0.6
2112 |   194 |    3270 |    5366     385    5366 |     770     385     770 |    0.2   13.5    0.7
2113 |   194 |    2108 |    5369     384    5369 |     768     384     768 |    0.2   10.0    0.6
2114 |   194 |    3272 |    5366     385    5366 |     770     385     770 |    0.2   12.9    0.7
2115 |   193 |    3235 |    5302     383    5302 |     767     383     767 |    0.2   12.3    0.7
2116 |   193 |    3261 |    5353     383    5353 |     767     383     767 |    0.2   12.6    0.7
2117 |   194 |    3278 |    5369     386    5369 |     771     386     771 |    0.2   13.0    0.7
2118 |   194 |    3230 |    4582     384    4582 |     768     384     768 |    0.1    9.9    0.6
2119 |   194 |    3269 |    5363     384    5363 |     768     384     768 |    0.2    9.8    0.6
2120 |   194 |    3283 |    5374     386    5374 |     772     386     772 |    0.2   12.8    0.7
2121 |   194 |    2889 |    5362     387    5362 |     774     387     774 |    0.2   10.6    0.6
2122 |   194 |    3259 |    5368     385    5368 |     769     384     769 |    0.2   13.0    0.7
2123 |   194 |    3267 |    5363     384    5363 |     768     384     768 |    0.2   12.7    0.8
2124 |   194 |    3265 |    5369     384    5369 |     769     385     769 |    0.2   13.5    0.7
2125 |   193 |    3274 |    5367     385    5367 |     769     385     769 |    0.2   12.9    0.7
2126 |   194 |    3281 |    5377     385    5377 |     770     385     770 |    0.2   13.9    0.7
2127 |   190 |    3211 |    4545     383    4545 |     765     383     765 |    0.2    9.4    0.6
2128 |   193 |    3255 |    5336     383    5336 |     767     383     767 |    0.1   12.6    0.8
2129 |   194 |    3273 |    5352     384    5352 |     769     384     769 |    0.2   13.4    0.7
2130 |   194 |    2691 |    5371     386    5371 |     772     386     772 |    0.2    9.9    0.6
2131 |   193 |    3252 |    5346     383    5346 |     766     383     766 |    0.1   12.5    0.7
2132 |   193 |    3263 |    4601     385    4601 |     771     385     771 |    0.2    9.4    0.6
2133 |   194 |    3278 |    4608     385    4608 |     770     385     770 |    0.2   10.4    0.6
2134 |   194 |    2503 |    5371     385    5371 |     771     385     771 |    0.3   10.2    0.7
2135 |   193 |    3264 |    5347     384    5347 |     767     384     767 |    0.2   12.9    0.7
2136 |   193 |    2106 |    5355     384    5355 |     768     384     768 |    0.2   13.1    0.7
2137 |   192 |    3244 |    4589     383    4589 |     766     383     766 |    0.1    9.4    0.6
2138 |   194 |    2100 |    4603     385    4603 |     769     385     769 |    0.2    9.7    0.6
2139 |   194 |    3283 |    5382     385    5382 |     770     385     770 |    0.3   13.1    1.2
2140 |   193 |    3265 |    5359     384    5359 |     769     384     769 |    0.2   13.2    0.7
2141 |   194 |    3267 |    5348     384    5348 |     768     384     768 |    0.2   13.6    0.7
2142 |   193 |    3271 |    5366     384    5366 |     769     384     769 |    0.2   12.8    0.7
2143 |   194 |    2691 |    5371     385    5371 |     770     385     770 |    0.2   13.6    0.7
2144 |   193 |    2495 |    5363     385    5363 |     771     385     771 |    0.2   12.7    0.7
2145 |   194 |    2106 |    4603     384    4603 |     768     384     768 |    0.2   10.2    0.6
2146 |   194 |    3288 |    5370     386    5370 |     772     386     772 |    0.2   13.2    0.8
2147 |   194 |    3264 |    5361     384    5361 |     769     384     769 |    0.2   13.2    0.7
2148 |   193 |    2491 |    5347     385    5347 |     770     385     770 |    0.2    9.6    0.6
2149 |   192 |    3222 |    5321     383    5321 |     766     383     766 |    0.1    9.5    0.6
2150 |   194 |    3276 |    5356     384    5356 |     768     384     768 |    0.2   13.7    0.7
2151 |   193 |    3259 |    5360     384    5360 |     768     384     768 |    0.2   13.3    0.7
2152 |   194 |    3280 |    5368     385    5368 |     769     385     769 |    0.2   13.0    0.8
2153 |   194 |    3287 |    5373     386    5373 |     772     386     772 |    0.2   13.0    0.7
2154 |   194 |    3249 |    4597     384    4597 |     767     384     767 |    0.1   10.0    0.6
2155 |   194 |    3276 |    5346     385    5346 |     770     385     770 |    0.2   12.7    0.7
2156 |   194 |    3275 |    5371     385    5371 |     770     385     770 |    0.2   13.2    0.8
2157 |   194 |    3277 |    5356     385    5356 |     770     385     770 |    0.2   12.5    0.7
2158 |   194 |    3284 |    5377     386    5377 |     771     386     771 |    0.2   13.7    0.8
2159 |   194 |    3279 |    5380     385    5380 |     771     385     771 |    0.2   12.8    0.7
2160 |   194 |    3277 |    5373     385    5373 |     770     385     770 |    0.2   12.8    0.7
2161 |   193 |    3272 |    5364     384    5364 |     769     385     769 |    0.2    9.8    0.6
2162 |   194 |    3269 |    5359     384    5359 |     767     384     767 |    0.2   13.6    0.7
2163 |   194 |    3271 |    5357     385    5357 |     770     385     770 |    0.2   12.8    0.7
2164 |   194 |    3279 |    5365     386    5365 |     771     386     771 |    0.2   13.2    0.7
2165 |   194 |    3276 |    5372     385    5372 |     770     385     770 |    0.2   13.5    0.7
2166 |   193 |    3254 |    5354     383    5354 |     768     384     768 |    0.1   12.3    0.7
2167 |   194 |    3271 |    5359     384    5359 |     768     384     768 |    0.2   12.9    0.7
2168 |   194 |    3289 |    5378     386    5378 |     772     386     772 |    0.2   13.9    0.7
2169 |   194 |    3280 |    5374     385    5374 |     771     385     771 |    0.2   13.2    0.7
2170 |   194 |    3279 |    5349     386    5349 |     772     386     772 |    0.4   13.7    0.7
2171 |   194 |    3272 |    5364     385    5364 |     770     385     770 |    0.2   13.3    0.7
2172 |   194 |    3287 |    5379     386    5379 |     771     386     771 |    0.2   13.7    0.7
2173 |   194 |    3277 |    5369     385    5369 |     770     385     770 |    0.2   15.4    0.9
2174 |   193 |    2098 |    4596     383    4596 |     767     383     767 |    0.2   10.6    0.6
2175 |   194 |    2291 |    5364     384    5364 |     768     384     768 |    0.2   12.9    0.7
2176 |   193 |    3253 |    5338     384    5338 |     769     384     769 |    0.2   12.9    0.7
2177 |   194 |    3283 |    5375     385    5375 |     770     385     770 |    0.2   12.8    0.7
2178 |   194 |    2285 |    5359     385    5359 |     770     385     770 |    0.2   12.7    0.7
2179 |   194 |    2663 |    4590     384    4590 |     768     384     768 |    0.1    9.8    0.6
2180 |   194 |    3290 |    5378     385    5378 |     772     385     772 |    0.2   12.8    0.7
2181 |   194 |    3274 |    5369     385    5369 |     770     385     770 |    0.2   12.8    0.7
2182 |   194 |    3238 |    5326     385    5326 |     770     385     770 |    0.1   10.0    0.6
2183 |   193 |    3258 |    5361     384    5361 |     768     384     768 |    0.2   12.6    0.7
2184 |   194 |    2087 |    4584     384    4584 |     768     384     768 |    0.1    9.7    0.6
2185 |   194 |    3273 |    5356     384    5356 |     769     384     769 |    0.2   13.7    0.7
2186 |   194 |    3255 |    5360     384    5360 |     768     384     768 |    0.2   14.3    0.7
2187 |   194 |    2500 |    5340     385    5340 |     771     385     771 |    0.2    9.7    0.6
2188 |   194 |    3268 |    5359     384    5359 |     768     384     768 |    0.2   13.2    0.7
2189 |   193 |    3273 |    5358     385    5358 |     771     385     771 |    0.3   13.0    0.7
2190 |   194 |    3278 |    5374     384    5374 |     769     384     769 |    0.2   13.2    0.7
2191 |   194 |    3261 |    5366     384    5366 |     768     384     768 |    0.2   12.5    0.7
2192 |   194 |    3287 |    5378     386    5378 |     772     386     772 |    0.2   13.4    0.7
2193 |   194 |    3289 |    5382     386    5382 |     772     386     772 |    0.2   12.5    0.7
2194 |   193 |    3262 |    5356     385    5356 |     770     385     770 |    0.2   13.1    0.7
2195 |   194 |    3282 |    5369     384    5369 |     770     384     770 |    0.2   12.8    0.8
2196 |   194 |    3286 |    5381     385    5381 |     770     385     770 |    0.3   13.3    0.7
2197 |   194 |    3279 |    5375     385    5375 |     770     385     770 |    0.2   13.2    0.7
2198 |   194 |    2120 |    5372     386    5372 |     772     386     772 |    0.2   12.4    0.7
2199 |   194 |    3275 |    5361     385    5361 |     770     385     770 |    0.2   14.0    0.7
2200 |   194 |    3253 |    5319     385    5319 |     771     385     771 |    0.1   12.9    0.7
2201 |   193 |    3254 |    5358     385    5358 |     769     385     769 |    0.2   13.3    0.7
2202 |   193 |    2080 |    4553     383    4553 |     766     383     766 |    0.1    9.8    0.7
2203 |   194 |    3282 |    5374     385    5374 |     771     386     771 |    0.3   13.2    0.7
2204 |   193 |    3259 |    5353     384    5353 |     769     384     769 |    0.2   13.6    0.7
2205 |   194 |    3284 |    5380     385    5380 |     771     385     771 |    0.2   12.9    0.7
2206 |   193 |    3256 |    5359     383    5359 |     767     383     767 |    0.2   12.5    0.7
2207 |   194 |    2292 |    4605     384    4605 |     769     384     769 |    0.2    9.8    0.6
2208 |   192 |    3255 |    5356     383    5356 |     767     383     767 |    0.1   13.5    0.7
2209 |   192 |    3240 |    4584     383    4584 |     765     383     765 |    0.2    9.7    0.6
2210 |   191 |    2069 |    4532     383    4532 |     765     383     765 |    0.1    8.6    0.5
2211 |   194 |    3272 |    5362     384    5362 |     769     384     769 |    0.2   13.6    0.7
2212 |   191 |    3212 |    4559     383    4559 |     765     383     765 |    0.1    9.7    0.6
2213 |   193 |    3261 |    5364     384    5364 |     769     384     769 |    0.2   12.8    0.7
2214 |   194 |    3278 |    5364     385    5364 |     770     385     770 |    0.2   12.9    0.7
2215 |   194 |    3276 |    5367     384    5367 |     769     384     769 |    0.2   13.2    0.7
2216 |   194 |    2492 |    5369     384    5369 |     769     384     769 |    0.2   12.7    0.7
2217 |   193 |    3268 |    5354     384    5354 |     769     384     769 |    0.2   13.3    0.7
2218 |   194 |    2123 |    5369     386    5369 |     771     386     771 |    0.2   10.3    0.6
2219 |   191 |    3234 |    4579     383    4579 |     765     383     765 |    0.1    9.5    0.6
2220 |   192 |    3236 |    4583     383    4583 |     765     383     765 |    0.1    9.5    0.6
2221 |   194 |    3275 |    5369     385    5369 |     770     385     770 |    0.2   12.8    0.7
2222 |   193 |    3260 |    5352     384    5352 |     767     384     767 |    0.1   12.6    0.7
2223 |   194 |    3269 |    5358     384    5358 |     768     384     768 |    0.2   13.3    0.8
2224 |   193 |    3253 |    5340     383    5340 |     767     383     767 |    0.2   12.6    0.7
2225 |   194 |    3290 |    5381     386    5381 |     771     386     771 |    0.2   13.6    0.7
2226 |   192 |    3199 |    5299     383    5299 |     766     383     766 |    0.1    9.8    0.6
2227 |   194 |    2678 |    5369     384    5369 |     769     384     769 |    0.2   13.0    0.7
2228 |   194 |    2277 |    4583     384    4583 |     767     384     767 |    0.1   10.0    0.6
2229 |   194 |    3273 |    5366     386    5366 |     771     386     771 |    0.2   13.8    0.7
2230 |   194 |    3271 |    5362     385    5362 |     771     385     771 |    0.2   13.5    0.8
2231 |   194 |    3287 |    5376     385    5376 |     771     385     771 |    0.2   12.7    0.7
2232 |   193 |    2087 |    4566     383    4566 |     767     383     767 |    0.2    9.6    0.6
2233 |   193 |    3265 |    5351     383    5351 |     769     385     769 |    0.2   13.3    0.7
2234 |   194 |    2899 |    5386     386    5386 |     771     386     771 |    0.2   10.2    0.6
2235 |   194 |    3278 |    5368     387    5368 |     773     387     773 |    0.2   12.6    0.7
2236 |   193 |    3269 |    5366     385    5366 |     769     385     769 |    0.2   13.1    0.7
2237 |   194 |    3286 |    5367     386    5367 |     772     386     772 |    0.2   13.0    0.7
2238 |   194 |    2488 |    4604     384    4604 |     768     384     768 |    0.2    9.7    0.6
2239 |   194 |    3274 |    5373     384    5373 |     769     384     769 |    0.2   10.3    0.6
2240 |   194 |    2279 |    4589     384    4589 |     769     384     769 |    0.1    9.3    0.6
2241 |   194 |    3281 |    5369     386    5369 |     771     386     771 |    0.2   13.5    0.7
2242 |   193 |    3260 |    5353     384    5353 |     768     384     768 |    0.2   12.5    0.6
2243 |   194 |    3275 |    5358     386    5358 |     771     386     771 |    0.2   12.6    0.7
2244 |   194 |    3276 |    5369     385    5369 |     769     385     769 |    0.2   14.1    0.7
2245 |   194 |    3287 |    5374     385    5374 |     771     385     771 |    0.2   13.2    0.7
2246 |   193 |    2464 |    5319     385    5319 |     770     385     770 |    0.1   10.1    0.6
2247 |   194 |    3278 |    5371     385    5371 |     769     385     769 |    0.2   12.9    0.7
2248 |   194 |    3284 |    5375     385    5375 |     770     385     770 |    0.2   12.9    0.7
2249 |   194 |    3277 |    5363     384    5363 |     770     385     770 |    0.2   12.6    0.7
2250 |   193 |    3261 |    5353     384    5353 |     767     384     767 |    0.2   13.5    0.7
2251 |   194 |    3292 |    5386     385    5386 |     771     385     771 |    0.2   13.8    0.7
2252 |   194 |    3281 |    5367     385    5367 |     770     385     770 |    0.2   13.9    0.7
2253 |   194 |    3268 |    5367     384    5367 |     769     385     769 |    0.3   12.7    0.7
2254 |   194 |    2682 |    5378     385    5378 |     770     385     770 |    0.2   10.0    0.6
2255 |   194 |    3270 |    5368     384    5368 |     769     384     769 |    0.2   13.1    0.7
2256 |   194 |    2298 |    5371     385    5371 |     771     385     771 |    0.2   12.7    0.7
2257 |   192 |    3248 |    5343     383    5343 |     766     383     766 |    0.2   12.4    0.7
2258 |   194 |    3273 |    5366     384    5366 |     769     385     769 |    0.2   13.2    0.7
2259 |   194 |    3276 |    5362     385    5362 |     769     384     769 |    0.2   13.2    0.7
2260 |   194 |    2297 |    5367     385    5367 |     772     386     772 |    0.2   12.1    0.7
2261 |   193 |    2105 |    5361     384    5361 |     769     384     769 |    0.2   13.8    0.7
2262 |   194 |    3246 |    5316     384    5316 |     767     384     767 |    0.2   13.0    0.7
2263 |   194 |    3269 |    5356     384    5356 |     768     384     768 |    0.2   13.0    0.7
2264 |   194 |    2886 |    5374     385    5374 |     770     385     770 |    0.2    9.7    0.6
2265 |   194 |    2118 |    5364     385    5364 |     770     385     770 |    0.2   12.6    0.7
2266 |   192 |    3240 |    4587     383    4587 |     765     383     765 |    0.1    9.9    0.6
2267 |   194 |    3280 |    5368     385    5368 |     770     385     770 |    0.2   13.6    0.7
2268 |   194 |    2500 |    5371     385    5371 |     770     385     770 |    0.2   10.6    0.6
2269 |   194 |    2872 |    5359     385    5359 |     770     385     770 |    0.2    9.7    0.6
2270 |   194 |    3260 |    5367     384    5367 |     769     384     769 |    0.2   13.1    0.7
2271 |   194 |    3276 |    5362     386    5362 |     772     386     772 |    0.2   13.0    0.7
2272 |   194 |    3283 |    5372     385    5372 |     770     385     770 |    0.2   13.8    0.7
2273 |   194 |    3242 |    4592     384    4592 |     767     384     767 |    0.1   10.3    0.6
2274 |   194 |    2112 |    5368     386    5368 |     771     386     771 |    0.2   13.6    0.8
2275 |   194 |    3285 |    5378     385    5378 |     770     385     770 |    0.2   12.9    0.7
2276 |   194 |    3283 |    5364     386    5364 |     772     386     772 |    0.2   12.9    0.7
2277 |   194 |    3271 |    5369     384    5369 |     769     384     769 |    0.2   13.9    0.7
2278 |   194 |    3285 |    5369     385    5369 |     770     385     770 |    0.2   12.6    0.7
2279 |   193 |    2293 |    5361     385    5361 |     770     385     770 |    0.2   12.8    0.7
2280 |   194 |    3252 |    5325     384    5325 |     768     384     768 |    0.1   12.5    0.7
2281 |   194 |    3289 |    5379     385    5379 |     771     386     771 |    0.2   12.7    0.7
2282 |   194 |    3280 |    5378     385    5378 |     770     385     770 |    0.2   13.2    0.7
2283 |   193 |    3244 |    5325     383    5325 |     767     383     767 |    0.1   14.0    0.7
2284 |   194 |    3279 |    5372     385    5372 |     770     385     770 |    0.2   12.9    0.7
2285 |   194 |    3273 |    5351     385    5351 |     770     385     770 |    0.2   13.2    0.7
2286 |   194 |    3258 |    5363     384    5363 |     768     384     768 |    0.2   13.8    0.7
2287 |   194 |    3262 |    5347     384    5347 |     767     384     767 |    0.2   13.1    0.7
2288 |   194 |    2304 |    5368     385    5368 |     770     385     770 |    0.2   10.6    0.7
2289 |   193 |    2291 |    5360     384    5360 |     769     384     769 |    0.2   13.3    0.7
2290 |   194 |    2507 |    5377     385    5377 |     770     385     770 |    0.2    9.5    0.8
2291 |   193 |    3268 |    5361     385    5361 |     769     385     769 |    0.3   16.6    0.7
2292 |   194 |    3274 |    5361     385    5361 |     770     385     770 |    0.2   13.1    0.8
2293 |   194 |    3285 |    5375     385    5375 |     771     386     771 |    0.2   13.2    0.7
2294 |   194 |    3283 |    5352     386    5352 |     773     386     773 |    0.2   13.0    0.7
2295 |   194 |    3283 |    5370     385    5370 |     771     385     771 |    0.3   13.6    0.7
2296 |   194 |    3288 |    5371     386    5371 |     773     386     773 |    0.2   13.3    0.7
2297 |   193 |    3268 |    5357     384    5357 |     768     384     768 |    0.2   12.9    0.7
2298 |   194 |    3266 |    5361     384    5361 |     768     384     768 |    0.2   13.0    0.7
2299 |   194 |    3278 |    5377     385    5377 |     771     385     771 |    0.2   13.7    0.7
2300 |   194 |    2678 |    4606     385    4606 |     769     385     769 |    0.2    9.9    0.6
2301 |   193 |    3256 |    5355     384    5355 |     768     384     768 |    0.2   10.0    0.6
2302 |   194 |    2693 |    5368     386    5368 |     772     386     772 |    0.2   12.9    0.7
2303 |   194 |    2295 |    5374     385    5374 |     770     385     770 |    0.2   12.8    0.7
2304 |   193 |    3260 |    5356     384    5356 |     768     384     768 |    0.2   12.7    0.7
2305 |   189 |    3194 |    4530     383    4530 |     765     383     765 |    0.1    9.2    0.5
2306 |   194 |    3282 |    5378     386    5378 |     771     386     771 |    0.2   13.3    0.7
2307 |   194 |    2682 |    5343     384    5343 |     769     384     769 |    0.2   10.6    0.6
2308 |   194 |    3285 |    5378     385    5378 |     770     385     770 |    0.2   13.5    0.7
2309 |   193 |    3255 |    5347     383    5347 |     767     383     767 |    0.2   12.9    0.7
2310 |   194 |    3286 |    5380     385    5380 |     770     385     770 |    0.2   13.7    0.7
2311 |   194 |    3279 |    5369     385    5369 |     770     385     770 |    0.2   13.2    0.7
2312 |   192 |    3254 |    5355     383    5355 |     767     383     767 |    0.1   12.6    0.7
2313 |   194 |    3265 |    5362     385    5362 |     769     385     769 |    0.2   12.9    0.7
2314 |   194 |    3275 |    5354     385    5354 |     770     385     770 |    0.2   12.9    0.7
2315 |   192 |    2102 |    5350     383    5350 |     767     383     767 |    0.1   13.0    0.7
2316 |   194 |    3285 |    5373     385    5373 |     770     385     770 |    0.2   13.4    0.7
2317 |   194 |    3287 |    5371     386    5371 |     772     386     772 |    0.2   13.5    0.8
2318 |   194 |    3283 |    5376     385    5376 |     771     386     771 |    0.2   13.2    0.7
2319 |   193 |    2094 |    4575     384    4575 |     768     384     768 |    0.1    9.9    0.6
2320 |   194 |    3280 |    5381     385    5381 |     770     385     770 |    0.2   12.3    0.7
2321 |   194 |    3257 |    5325     385    5325 |     771     385     771 |    0.2   12.0    0.7
2322 |   193 |    3246 |    5335     383    5335 |     766     383     766 |    0.1   12.7    0.8
2323 |   194 |    3282 |    5380     385    5380 |     770     385     770 |    0.2   13.6    0.7
2324 |   193 |    2284 |    4590     383    4590 |     766     383     766 |    0.2    9.9    0.6
2325 |   194 |    3274 |    5368     385    5368 |     771     385     771 |    0.2   13.0    0.7
2326 |   194 |    3285 |    5378     385    5378 |     771     385     771 |    0.2   13.3    0.7
2327 |   194 |    2282 |    4585     384    4585 |     768     384     768 |    0.1   10.1    0.6
2328 |   194 |    3274 |    5355     385    5355 |     771     385     771 |    0.2   10.4    0.6
2329 |   194 |    3277 |    5375     385    5375 |     770     385     770 |    0.2   13.4    0.7
2330 |   194 |    3282 |    5382     385    5382 |     771     385     771 |    0.2   13.2    0.7
2331 |   194 |    3286 |    5381     386    5381 |     772     386     772 |    0.2   13.3    0.7
2332 |   194 |    3275 |    5361     385    5361 |     770     385     770 |    0.2   13.8    0.7
2333 |   194 |    3260 |    5361     384    5361 |     768     384     768 |    0.2   13.5    0.7
2334 |   194 |    3286 |    5369     385    5369 |     771     385     771 |    0.2   13.4    0.8
2335 |   194 |    3279 |    5370     384    5370 |     769     384     769 |    0.2   13.1    0.7
2336 |   194 |    2679 |    5364     384    5364 |     769     385     769 |    0.2   12.7    0.7
2337 |   194 |    3283 |    5378     385    5378 |     770     385     770 |    0.2   13.7    0.7
2338 |   193 |    2459 |    4563     383    4563 |     766     383     766 |    0.1    9.8    0.6
2339 |   193 |    3248 |    5315     383    5315 |     768     383     768 |    0.1   12.5    0.7
2340 |   194 |    3260 |    5364     384    5364 |     768     384     768 |    0.2   13.2    0.8
2341 |   194 |    3278 |    5372     385    5372 |     770     385     770 |    0.2   13.4    0.7
2342 |   194 |    3265 |    5365     385    5365 |     772     385     772 |    0.2   12.8    0.7
2343 |   194 |    3282 |    5363     385    5363 |     771     385     771 |    0.2   16.9    0.8
2344 |   194 |    2094 |    4588     384    4588 |     768     384     768 |    0.2    9.6    0.6
2345 |   194 |    3277 |    5378     385    5378 |     769     385     769 |    0.2   13.6    0.7
2346 |   191 |    3219 |    4554     383    4554 |     765     383     765 |    0.2    9.4    0.6
2347 |   193 |    3249 |    4596     383    4596 |     767     383     767 |    0.1    9.7    0.6
2348 |   194 |    3264 |    5349     384    5349 |     767     384     767 |    0.2   13.7    0.7
2349 |   194 |    3273 |    5368     385    5368 |     770     385     770 |    0.2   12.8    0.7
2350 |   193 |    3260 |    4600     384    4600 |     768     384     768 |    0.2   10.1    0.6
2351 |   194 |    3258 |    4603     384    4603 |     768     384     768 |    0.1   10.2    0.6
2352 |   193 |    3224 |    4574     383    4574 |     767     383     767 |    0.1    9.5    0.6
2353 |   194 |    3271 |    5366     385    5366 |     770     385     770 |    0.2   13.1    0.7
2354 |   194 |    3288 |    5373     385    5373 |     772     386     772 |    0.2   11.9    0.7
2355 |   192 |    3239 |    5331     383    5331 |     766     383     766 |    0.1   12.6    0.7
2356 |   192 |    3251 |    5348     383    5348 |     766     383     766 |    0.1   13.0    0.7
2357 |   193 |    3261 |    5365     383    5365 |     768     384     768 |    0.2   14.2    0.8
2358 |   194 |    3269 |    5353     384    5353 |     768     384     768 |    0.2   12.7    0.7
2359 |   194 |    3273 |    5356     385    5356 |     770     385     770 |    0.2   13.5    0.7
2360 |   194 |    3287 |    5376     385    5376 |     770     385     770 |    0.2   13.0    0.7
2361 |   194 |    3272 |    5365     385    5365 |     770     385     770 |    0.3   12.8    0.7
2362 |   194 |    3284 |    5376     385    5376 |     770     385     770 |    0.2   13.0    0.7
2363 |   194 |    3280 |    5363     385    5363 |     770     385     770 |    0.2   13.6    0.7
2364 |   194 |    3275 |    5365     385    5365 |     771     385     771 |    0.2   12.9    0.7
2365 |   194 |    3284 |    5374     385    5374 |     769     385     769 |    0.2   13.5    0.7
2366 |   194 |    3215 |    4562     384    4562 |     769     384     769 |    0.1   10.1    0.8
2367 |   194 |    3257 |    4607     384    4607 |     769     384     769 |    0.3   12.5    0.6
2368 |   194 |    3283 |    5378     385    5378 |     770     385     770 |    0.2   13.4    0.7
2369 |   194 |    3270 |    5372     385    5372 |     769     385     769 |    0.2   13.1    0.7
2370 |   193 |    3258 |    5348     384    5348 |     767     384     767 |    0.1   13.4    0.7
2371 |   193 |    3259 |    5356     384    5356 |     768     384     768 |    0.2   13.2    0.7
2372 |   194 |    2888 |    5355     384    5355 |     769     384     769 |    0.2   10.0    0.6
2373 |   193 |    3259 |    5356     384    5356 |     767     384     767 |    0.2   13.0    0.7
2374 |   194 |    2496 |    5371     385    5371 |     770     385     770 |    0.2   13.2    0.7
2375 |   193 |    3255 |    5349     384    5349 |     769     384     769 |    0.2   14.6    0.7
2376 |   194 |    3274 |    5367     384    5367 |     769     384     769 |    0.2   12.8    0.8
2377 |   193 |    2133 |    5346     387    5346 |     773     387     773 |    0.2   10.2    0.6
2378 |   194 |    3271 |    5369     384    5369 |     769     384     769 |    0.2   13.1    0.7
2379 |   194 |    2302 |    5374     385    5374 |     771     385     771 |    0.2   13.5    0.7
2380 |   194 |    3281 |    5372     385    5372 |     771     385     771 |    0.2   13.1    0.7
2381 |   194 |    3267 |    5360     385    5360 |     771     385     771 |    0.2   12.4    0.7
2382 |   190 |    3206 |    4547     384    4547 |     767     384     767 |    0.2   10.0    0.6
2383 |   192 |    3240 |    4584     383    4584 |     765     383     765 |    0.1    9.6    0.6
2384 |   194 |    2105 |    5360     384    5360 |     768     384     768 |    0.2   14.0    0.7
2385 |   194 |    2502 |    5358     385    5358 |     770     385     770 |    0.3   10.0    0.6
2386 |   194 |    3269 |    5363     384    5363 |     768     384     768 |    0.2   13.2    0.7
2387 |   192 |    3241 |    5332     385    5332 |     769     385     769 |    0.2    9.9    0.7
2388 |   194 |    3266 |    5365     384    5365 |     768     384     768 |    0.2   13.4    0.7
2389 |   194 |    3274 |    5364     384    5364 |     767     384     767 |    0.2   13.2    0.7
2390 |   194 |    3275 |    5366     385    5366 |     770     385     770 |    0.2   13.4    0.7
2391 |   194 |    3272 |    5362     388    5362 |     775     388     775 |    0.2   12.7    0.7
2392 |   192 |    3239 |    4579     383    4579 |     765     383     765 |    0.1    9.7    0.6
2393 |   194 |    3288 |    5385     385    5385 |     771     385     771 |    0.2   12.8    0.7
2394 |   194 |    3284 |    5375     385    5375 |     770     385     770 |    0.2   13.5    0.7
2395 |   193 |    3263 |    5355     384    5355 |     768     384     768 |    0.2   12.6    0.7
2396 |   193 |    3262 |    5355     385    5355 |     769     385     769 |    0.2   12.8    0.7
2397 |   194 |    3281 |    5375     385    5375 |     770     385     770 |    0.2   13.5    0.7
2398 |   194 |    3276 |    5365     386    5365 |     771     386     771 |    0.2   13.5    0.7
2399 |   189 |    3186 |    4525     383    4525 |     765     383     765 |    0.1    9.0    0.6
2400 |   191 |    3200 |    4545     383    4545 |     765     383     765 |    0.1    9.3    0.6
2401 |   194 |    2110 |    5369     385    5369 |     771     385     771 |    0.3   12.7    0.7
2402 |   194 |    3288 |    5377     385    5377 |     771     385     771 |    0.2   13.5    0.7
2403 |   193 |    2852 |    5323     384    5323 |     769     384     769 |    0.2   10.4    0.6
2404 |   194 |    3270 |    5354     384    5354 |     768     384     768 |    0.2   14.0    0.7
2405 |   194 |    3288 |    5375     386    5375 |     772     386     772 |    0.2   13.7    0.7
2406 |   194 |    3279 |    5360     386    5360 |     772     386     772 |    0.2   13.3    0.7
2407 |   193 |    3262 |    5359     384    5359 |     768     384     768 |    0.2   13.3    0.7
2408 |   194 |    3263 |    5371     384    5371 |     769     384     769 |    0.2   13.2    0.9
2409 |   192 |    3240 |    4586     383    4586 |     765     383     765 |    0.2    9.3    0.6
2410 |   194 |    3281 |    5372     385    5372 |     770     385     770 |    0.2   13.4    0.7
2411 |   194 |    3278 |    5371     385    5371 |     770     385     770 |    0.3   13.3    0.7
2412 |   194 |    2090 |    4587     383    4587 |     767     383     767 |    0.1    9.9    0.6
2413 |   194 |    3278 |    5369     384    5369 |     768     384     768 |    0.2   13.2    0.7
2414 |   193 |    2100 |    4599     384    4599 |     767     384     767 |    0.1    9.7    0.6
2415 |   194 |    3250 |    4597     384    4597 |     769     384     769 |    0.1    9.6    0.6
2416 |   191 |    3239 |    4586     383    4586 |     765     383     765 |    0.1    9.8    0.7
2417 |   194 |    3255 |    5328     385    5328 |     770     385     770 |    0.2   12.2    1.2
2418 |   194 |    2497 |    5368     384    5368 |     769     384     769 |    0.4   12.9    0.7
2419 |   190 |    3222 |    4563     383    4563 |     765     383     765 |    0.1   10.6    0.6
2420 |   194 |    2269 |    4588     383    4588 |     768     384     768 |    0.2   10.4    0.6
2421 |   192 |    2466 |    4584     383    4584 |     766     383     766 |    0.1   10.0    0.7
2422 |   194 |    3290 |    5379     385    5379 |     771     386     771 |    0.2   13.6    0.7
2423 |   194 |    2682 |    5357     385    5357 |     771     385     771 |    0.2   10.2    0.6
2424 |   194 |    3278 |    5369     385    5369 |     770     385     770 |    0.2   12.9    0.7
2425 |   194 |    3283 |    5374     386    5374 |     771     386     771 |    0.2   13.9    0.7
2426 |   194 |    2492 |    5356     386    5356 |     772     386     772 |    0.2   10.0    0.7
2427 |   194 |    3278 |    5364     386    5364 |     772     386     772 |    0.2   13.1    1.0
2428 |   194 |    3270 |    5359     384    5359 |     769     384     769 |    0.2   13.0    0.7
2429 |   194 |    3276 |    5372     384    5372 |     770     384     770 |    0.2   13.3    0.7
2430 |   194 |    2293 |    5369     384    5369 |     769     384     769 |    0.2   13.8    0.7
2431 |   193 |    3264 |    5362     385    5362 |     770     385     770 |    0.2   12.7    0.7
2432 |   194 |    3271 |    5350     385    5350 |     769     385     769 |    0.2   12.5    0.7
2433 |   194 |    3277 |    5373     385    5373 |     769     385     769 |    0.2   13.4    0.7
2434 |   194 |    3274 |    5374     384    5374 |     769     384     769 |    0.2   12.6    0.7
2435 |   194 |    3265 |    5356     386    5356 |     772     386     772 |    0.2   10.0    0.6
2436 |   194 |    2663 |    4591     384    4591 |     768     384     768 |    0.1    9.9    0.6
2437 |   194 |    3275 |    5365     384    5365 |     769     384     769 |    0.2   13.2    0.7
2438 |   193 |    3251 |    5350     383    5350 |     766     383     766 |    0.1   13.5    0.7
2439 |   194 |    3283 |    5377     385    5377 |     770     385     770 |    0.2   13.2    0.7
2440 |   194 |    3289 |    5383     385    5383 |     771     386     771 |    0.2   13.3    0.7
2441 |   194 |    3233 |    4582     384    4582 |     768     384     768 |    0.2    9.4    0.6
2442 |   194 |    2481 |    5363     386    5363 |     772     386     772 |    0.2   13.1    0.7
2443 |   193 |    2101 |    4597     384    4597 |     768     384     768 |    0.1   10.1    0.6
2444 |   194 |    3258 |    5362     384    5362 |     768     384     768 |    0.2   10.4    0.9
2445 |   194 |    2477 |    4597     384    4597 |     768     384     768 |    0.3   13.9    0.8
2446 |   194 |    3240 |    4587     384    4587 |     768     384     768 |    0.3   11.1    0.6
2447 |   193 |    3262 |    5362     384    5362 |     769     384     769 |    0.2   13.2    0.7
2448 |   194 |    3268 |    5354     384    5354 |     768     384     768 |    0.2   12.4    0.7
2449 |   194 |    3285 |    5380     385    5380 |     771     385     771 |    0.2   13.3    0.7
2450 |   194 |    3285 |    5376     385    5376 |     770     385     770 |    0.2   13.9    0.7
2451 |   194 |    3265 |    5341     384    5341 |     769     385     769 |    0.2   12.3    0.7
2452 |   194 |    3273 |    5360     384    5360 |     769     384     769 |    0.2   13.3    0.7
2453 |   194 |    3268 |    5362     385    5362 |     770     385     770 |    0.2   12.6    0.7
2454 |   194 |    3264 |    5362     384    5362 |     770     384     770 |    0.2   13.3    0.7
2455 |   194 |    3269 |    5364     384    5364 |     768     384     768 |    0.3   13.3    0.9
2456 |   194 |    3288 |    5378     385    5378 |     771     385     771 |    0.4   13.4    0.7
2457 |   194 |    3283 |    5370     385    5370 |     771     385     771 |    0.2   13.0    0.7
2458 |   194 |    3271 |    5355     385    5355 |     770     385     770 |    0.2   13.4    0.7
2459 |   194 |    2116 |    5355     385    5355 |     771     385     771 |    0.2   13.5    0.7
2460 |   194 |    3278 |    5368     384    5368 |     769     384     769 |    0.2   12.9    0.7
2461 |   194 |    2510 |    5366     385    5366 |     771     385     771 |    0.2   11.0    0.6
2462 |   194 |    3285 |    5377     385    5377 |     771     385     771 |    0.2   13.9    0.7
2463 |   194 |    3269 |    5360     384    5360 |     768     384     768 |    0.2   13.5    0.9
2464 |   194 |    2707 |    5381     385    5381 |     771     386     771 |    0.3   13.8    0.7
2465 |   194 |    2892 |    5378     385    5378 |     771     385     771 |    0.2   12.7    0.7
2466 |   194 |    3278 |    5364     385    5364 |     770     385     770 |    0.2   12.9    0.7
2467 |   194 |    2110 |    5370     385    5370 |     770     385     770 |    0.2   13.1    0.7
2468 |   194 |    3270 |    5347     385    5347 |     769     385     769 |    0.2   12.9    0.7
2469 |   194 |    2502 |    5378     385    5378 |     771     385     771 |    0.2   13.5    0.7
2470 |   190 |    2442 |    5281     384    5281 |     767     384     767 |    0.1    9.8    0.6
2471 |   194 |    3278 |    5377     385    5377 |     770     385     770 |    0.2   13.1    0.7
2472 |   194 |    2496 |    5363     384    5363 |     768     384     768 |    0.2   10.3    0.6
2473 |   194 |    3273 |    5361     384    5361 |     768     384     768 |    0.2   13.3    0.7
2474 |   191 |    3223 |    4567     383    4567 |     765     383     765 |    0.1    9.3    0.6
2475 |   194 |    3218 |    4569     384    4569 |     767     384     767 |    0.1   10.3    0.6
2476 |   193 |    3261 |    5357     384    5357 |     768     384     768 |    0.2   12.8    0.7
2477 |   193 |    3262 |    5364     384    5364 |     767     384     767 |    0.2   13.2    0.7
2478 |   190 |    3211 |    4547     383    4547 |     765     383     765 |    0.1    9.6    0.5
2479 |   194 |    3276 |    5372     385    5372 |     769     385     769 |    0.2   13.7    0.7
2480 |   193 |    3263 |    5362     384    5362 |     768     384     768 |    0.2   12.9    0.7
2481 |   194 |    3264 |    5366     384    5366 |     768     384     768 |    0.2   12.9    0.7
2482 |   192 |    3248 |    5350     383    5350 |     767     384     767 |    0.1   14.1    0.7
2483 |   194 |    3275 |    5363     384    5363 |     768     384     768 |    0.2   13.2    0.7
2484 |   194 |    3287 |    5377     385    5377 |     771     385     771 |    0.2   13.1    0.7
2485 |   194 |    3282 |    5377     385    5377 |     770     385     770 |    0.2   13.3    0.7
2486 |   194 |    3258 |    5333     385    5333 |     770     385     770 |    0.2   12.6    0.7
2487 |   194 |    2505 |    5372     385    5372 |     771     385     771 |    0.2   10.1    0.6
2488 |   194 |    2123 |    5367     387    5367 |     774     387     774 |    0.2   13.0    0.7
2489 |   194 |    3287 |    5368     386    5368 |     772     386     772 |    0.2   14.0    0.7
2490 |   194 |    3274 |    4609     384    4609 |     769     384     769 |    0.2    9.9    0.6
2491 |   194 |    3272 |    5351     384    5351 |     769     384     769 |    0.2   12.7    0.7
2492 |   194 |    3280 |    5378     385    5378 |     770     385     770 |    0.2   14.3    0.7
2493 |   193 |    3256 |    4602     384    4602 |     768     384     768 |    0.1    9.8    0.6
2494 |   194 |    3274 |    5357     385    5357 |     770     385     770 |    0.2   12.6    0.7
2495 |   193 |    3264 |    5356     384    5356 |     768     384     768 |    0.2   12.5    0.7
2496 |   194 |    3282 |    5378     385    5378 |     770     385     770 |    0.2   13.6    0.7
2497 |   194 |    2104 |    4605     384    4605 |     769     384     769 |    0.2   10.0    0.6
2498 |   194 |    3267 |    5371     384    5371 |     769     384     769 |    0.2   13.1    0.7
2499 |   194 |    3245 |    4593     383    4593 |     768     384     768 |    0.1   10.0    0.6
2500 |   194 |    3275 |    5373     385    5373 |     770     385     770 |    0.2   13.4    0.7
2501 |   194 |    3276 |    5361     384    5361 |     770     384     770 |    0.2   13.1    0.7
2502 |   194 |    2316 |    5386     385    5386 |     771     385     771 |    0.2   10.2    0.6
2503 |   194 |    3278 |    5361     386    5361 |     772     386     772 |    0.2   12.8    0.7
2504 |   194 |    3290 |    5382     385    5382 |     771     385     771 |    0.4   13.0    0.7
2505 |   194 |    3286 |    5382     385    5382 |     771     385     771 |    0.2   13.4    0.7
2506 |   194 |    2310 |    5363     385    5363 |     771     385     771 |    0.2   11.0    0.6
2507 |   194 |    3268 |    5358     386    5358 |     771     386     771 |    0.2   13.0    0.7
2508 |   194 |    3286 |    5382     385    5382 |     771     386     771 |    0.2   14.2    0.9
2509 |   193 |    3263 |    5363     384    5363 |     769     384     769 |    0.3   14.9    0.7
2510 |   194 |    3280 |    5373     386    5373 |     771     386     771 |    0.2   13.2    0.7
2511 |   194 |    2503 |    5371     385    5371 |     771     385     771 |    0.2   12.8    0.7
2512 |   194 |    2481 |    5359     384    5359 |     771     386     771 |    0.2   12.8    0.7
2513 |   194 |    2500 |    5375     385    5375 |     771     385     771 |    0.2    9.6    0.6
2514 |   194 |    2896 |    5324     388    5324 |     775     388     775 |    0.2   10.4    0.6
2515 |   192 |    3247 |    4591     383    4591 |     766     383     766 |    0.1   11.0    0.6
2516 |   194 |    3272 |    5347     385    5347 |     769     385     769 |    0.2   14.5    0.9
2517 |   193 |    3269 |    5356     385    5356 |     770     385     770 |    0.2   12.5    0.7
2518 |   194 |    3252 |    4600     384    4600 |     769     384     769 |    0.1    9.8    0.6
2519 |   193 |    2487 |    5351     384    5351 |     767     384     767 |    0.2   10.0    0.6
2520 |   194 |    2483 |    4599     384    4599 |     769     384     769 |    0.2   10.4    0.8
2521 |   193 |    3265 |    5356     384    5356 |     770     384     770 |    0.3   17.0    0.7
2522 |   192 |    3235 |    4575     383    4575 |     765     383     765 |    0.2    9.8    1.1
2523 |   194 |    3283 |    5367     385    5367 |     770     385     770 |    0.2   13.6    0.7
2524 |   194 |    3232 |    5324     385    5324 |     771     385     771 |    0.2   10.0    0.6
2525 |   194 |    2089 |    4566     384    4566 |     767     384     767 |    0.1    9.5    0.6
2526 |   194 |    2859 |    5305     385    5305 |     769     385     769 |    0.1    8.8    0.6
2527 |   192 |    3251 |    5353     383    5353 |     766     383     766 |    0.1   12.8    0.7
2528 |   193 |    3268 |    5356     385    5356 |     771     385     771 |    0.2   12.6    0.7
2529 |   191 |    3234 |    4580     383    4580 |     765     383     765 |    0.1   11.4    0.8
2530 |   194 |    3290 |    5384     386    5384 |     771     386     771 |    0.3   13.8    0.7
2531 |   193 |    3266 |    5361     384    5361 |     770     384     770 |    0.2   12.8    0.7
2532 |   194 |    2101 |    4606     384    4606 |     768     384     768 |    0.2    9.6    0.6
2533 |   194 |    2489 |    4604     384    4604 |     768     384     768 |    0.1   10.1    0.6
2534 |   193 |    3248 |    5333     384    5333 |     768     384     768 |    0.1   12.8    0.7
2535 |   194 |    3254 |    5323     384    5323 |     768     384     768 |    0.1   12.7    0.7
2536 |   194 |    3278 |    5371     385    5371 |     770     385     770 |    0.2   12.9    0.7
2537 |   194 |    3275 |    5370     384    5370 |     768     384     768 |    0.2   13.2    0.7
2538 |   194 |    2892 |    5378     385    5378 |     770     385     770 |    0.2   10.5    0.6
2539 |   193 |    3270 |    5356     385    5356 |     770     385     770 |    0.2   12.4    0.7
2540 |   192 |    2666 |    5340     383    5340 |     767     384     767 |    0.1   10.3    0.6
2541 |   194 |    3275 |    5370     385    5370 |     771     385     771 |    0.2   14.0    0.7
2542 |   194 |    3280 |    5353     385    5353 |     771     385     771 |    0.2   13.4    0.8
2543 |   194 |    3259 |    5367     384    5367 |     768     384     768 |    0.2   13.6    0.7
2544 |   194 |    3287 |    5373     386    5373 |     772     386     772 |    0.2   13.1    0.7
2545 |   194 |    3243 |    4591     385    4591 |     769     385     769 |    0.2    9.4    0.6
2546 |   194 |    3270 |    5355     384    5355 |     768     384     768 |    0.2   13.5    0.7
2547 |   194 |    3273 |    5361     384    5361 |     769     384     769 |    0.2   12.9    0.7
2548 |   194 |    3275 |    5374     384    5374 |     770     384     770 |    0.2   13.0    0.7
2549 |   194 |    3262 |    5351     383    5351 |     768     383     768 |    0.2   12.9    0.7
2550 |   194 |    3274 |    5371     385    5371 |     771     386     771 |    0.2   12.6    0.7
2551 |   192 |    2278 |    4587     383    4587 |     766     383     766 |    0.1    9.7    0.6
2552 |   194 |    2692 |    5363     384    5363 |     768     384     768 |    0.3   12.3    0.7
2553 |   194 |    3283 |    5373     385    5373 |     770     385     770 |    0.2   13.6    0.7
2554 |   194 |    3283 |    5377     385    5377 |     770     385     770 |    0.2   13.7    0.7
2555 |   194 |    3285 |    5380     385    5380 |     771     385     771 |    0.2   13.9    0.7
2556 |   194 |    3271 |    5372     385    5372 |     770     385     770 |    0.2   13.0    0.7
2557 |   194 |    3293 |    5389     386    5389 |     771     386     771 |    0.2   14.0    0.7
2558 |   192 |    3229 |    4581     383    4581 |     766     383     766 |    0.1   10.3    0.6
2559 |   193 |    3264 |    5360     384    5360 |     767     384     767 |    0.2   14.2    0.9
2560 |   194 |    3283 |    5358     386    5358 |     772     386     772 |    0.2   13.1    0.7
2561 |   194 |    3220 |    4570     384    4570 |     768     384     768 |    0.2   10.3    0.6
2562 |   194 |    2288 |    4597     384    4597 |     768     384     768 |    0.1   10.7    0.6
2563 |   194 |    3275 |    5370     385    5370 |     769     385     769 |    0.3   15.9    0.9
2564 |   194 |    3257 |    5338     384    5338 |     767     384     767 |    0.2   14.6    0.7
2565 |   194 |    3278 |    5369     385    5369 |     771     385     771 |    0.2   13.0    0.7
2566 |   193 |    3251 |    5352     383    5352 |     767     383     767 |    0.1   13.7    0.7
2567 |   194 |    3256 |    5337     385    5337 |     769     385     769 |    0.2   12.8    0.7
2568 |   194 |    3287 |    5378     385    5378 |     771     385     771 |    0.2   12.9    0.7
2569 |   194 |    3245 |    4591     384    4591 |     768     384     768 |    0.1    9.3    0.6
2570 |   194 |    3256 |    5361     384    5361 |     768     384     768 |    0.1   13.0    0.7
2571 |   194 |    3279 |    5366     385    5366 |     770     385     770 |    0.2   12.6    0.7
2572 |   192 |    2059 |    4532     383    4532 |     765     383     765 |    0.1    9.8    0.6
2573 |   193 |    3264 |    5364     384    5364 |     768     384     768 |    0.2   13.2    0.7
2574 |   194 |    3289 |    5382     385    5382 |     771     385     771 |    0.2   13.1    0.7
2575 |   194 |    3286 |    5382     385    5382 |     771     385     771 |    0.2   13.4    1.2
2576 |   194 |    3280 |    5377     384    5377 |     770     385     770 |    0.2   13.4    0.7
2577 |   194 |    3285 |    5379     385    5379 |     771     385     771 |    0.2   13.2    0.7
2578 |   194 |    2693 |    5372     385    5372 |     770     385     770 |    0.2   10.0    0.6
2579 |   194 |    3277 |    5364     385    5364 |     770     385     770 |    0.2   13.4    0.7
2580 |   194 |    3282 |    5371     385    5371 |     772     385     772 |    0.2   13.8    0.7
2581 |   194 |    2304 |    5375     385    5375 |     771     385     771 |    0.2   13.5    0.7
2582 |   194 |    2125 |    5374     385    5374 |     772     385     772 |    0.2    9.3    0.6
2583 |   193 |    3260 |    5364     384    5364 |     768     384     768 |    0.2   13.4    0.7
2584 |   194 |    3283 |    5378     385    5378 |     772     385     772 |    0.2   13.7    0.7
2585 |   194 |    3276 |    5369     384    5369 |     768     384     768 |    0.2   13.4    0.7
2586 |   194 |    3285 |    5365     387    5365 |     773     387     773 |    0.2   13.4    0.7
2587 |   194 |    3284 |    5379     385    5379 |     770     385     770 |    0.3   13.2    0.7
2588 |   194 |    3282 |    5373     385    5373 |     771     385     771 |    0.2   13.3    0.7
2589 |   194 |    3286 |    5372     385    5372 |     771     385     771 |    0.2   13.4    0.7
2590 |   194 |    3270 |    5368     385    5368 |     770     385     770 |    0.2   13.6    0.7
2591 |   194 |    3274 |    5374     385    5374 |     770     385     770 |    0.2   13.1    0.7
2592 |   193 |    3270 |    5360     385    5360 |     770     385     770 |    0.2   13.4    1.1
2593 |   194 |    3287 |    5373     385    5373 |     771     386     771 |    0.2   13.2    0.7
2594 |   194 |    3284 |    5371     385    5371 |     772     385     772 |    0.2   13.5    0.7
2595 |   192 |    3253 |    5353     383    5353 |     766     383     766 |    0.1   13.6    0.7
2596 |   193 |    3268 |    5365     384    5365 |     769     384     769 |    0.2   10.2    0.6
2597 |   194 |    3279 |    5368     385    5368 |     769     385     769 |    0.2   13.7    0.7
2598 |   194 |    3268 |    5370     385    5370 |     769     384     769 |    0.2   13.9    0.7
2599 |   194 |    3230 |    4574     384    4574 |     769     384     769 |    0.1    9.9    0.7
2600 |   194 |    3256 |    5356     384    5356 |     768     384     768 |    0.2   12.6    0.7
2601 |   194 |    3276 |    5369     385    5369 |     771     385     771 |    0.2   13.3    0.7
2602 |   194 |    3282 |    5363     386    5363 |     771     386     771 |    0.2   13.6    0.7
2603 |   194 |    3279 |    5372     385    5372 |     770     385     770 |    0.3   16.2    0.9
2604 |   194 |    3279 |    5373     385    5373 |     770     385     770 |    0.3   14.0    0.7
2605 |   190 |    2615 |    4526     383    4526 |     765     383     765 |    0.1   10.0    0.6
2606 |   194 |    2681 |    5347     385    5347 |     770     385     770 |    0.2    9.6    0.7
2607 |   194 |    2508 |    5337     386    5337 |     773     385     773 |    0.2   10.3    0.6
2608 |   194 |    3283 |    5368     386    5368 |     772     386     772 |    0.2   13.3    0.7
2609 |   194 |    3276 |    5371     385    5371 |     770     385     770 |    0.2   13.4    0.7
2610 |   192 |    3245 |    5338     383    5338 |     766     383     766 |    0.1   13.5    0.7
2611 |   190 |    3211 |    5292     385    5292 |     769     385     769 |    0.1    9.8    0.6
2612 |   193 |    3249 |    4596     383    4596 |     767     383     767 |    0.1    9.7    0.6
2613 |   194 |    3284 |    5373     385    5373 |     770     385     770 |    0.2   13.8    0.7
2614 |   194 |    3284 |    5370     385    5370 |     771     385     771 |    0.2   17.2    0.7
2615 |   194 |    2296 |    5369     385    5369 |     769     385     769 |    0.2   13.1    0.7
2616 |   194 |    3277 |    5357     386    5357 |     772     386     772 |    0.2   13.1    0.7
2617 |   194 |    2126 |    5373     385    5373 |     771     385     771 |    0.2   10.6    0.7
2618 |   194 |    3267 |    5365     384    5365 |     769     384     769 |    0.2   13.8    0.7
2619 |   193 |    3252 |    5341     383    5341 |     766     383     766 |    0.1   13.4    0.7
2620 |   193 |    3247 |    4596     384    4596 |     767     384     767 |    0.2    9.1    0.5
2621 |   194 |    3269 |    5356     385    5356 |     770     385     770 |    0.2   13.1    0.7
2622 |   193 |    3261 |    5348     384    5348 |     768     384     768 |    0.1   12.7    0.7
2623 |   193 |    3265 |    5360     385    5360 |     770     385     770 |    0.2   12.9    0.7
2624 |   194 |    3271 |    5351     385    5351 |     771     385     771 |    0.2    9.7    0.6
2625 |   193 |    3226 |    4572     383    4572 |     766     383     766 |    0.2    9.3    0.6
2626 |   194 |    3264 |    5356     383    5356 |     767     383     767 |    0.2   13.7    0.7
2627 |   194 |    3285 |    5376     385    5376 |     770     385     770 |    0.2   12.6    0.7
2628 |   190 |    2454 |    4556     383    4556 |     765     383     765 |    0.2    9.4    0.6
2629 |   194 |    2888 |    5348     386    5348 |     773     386     773 |    0.2   10.0    0.6
2630 |   194 |    3275 |    5361     386    5361 |     772     386     772 |    0.2   12.5    0.7
2631 |   193 |    2090 |    5331     383    5331 |     767     384     767 |    0.1    9.8    0.6
2632 |   193 |    3251 |    5337     383    5337 |     766     383     766 |    0.1   13.0    0.7
2633 |   194 |    3283 |    5374     386    5374 |     771     386     771 |    0.2   12.9    0.7
2634 |   194 |    3284 |    5376     385    5376 |     771     385     771 |    0.2   13.2    0.7
2635 |   194 |    3291 |    5374     386    5374 |     772     386     772 |    0.2   14.1    0.7
2636 |   193 |    3265 |    5362     384    5362 |     767     384     767 |    0.2   12.9    0.7
2637 |   194 |    3278 |    5361     385    5361 |     770     385     770 |    0.2   13.6    1.0
2638 |   194 |    2503 |    5364     385    5364 |     770     385     770 |    0.2   11.0    0.6
2639 |   194 |    3283 |    5376     385    5376 |     771     385     771 |    0.2   13.3    0.7
2640 |   193 |    3261 |    5354     383    5354 |     769     384     769 |    0.2   13.2    0.7
2641 |   194 |    2088 |    4566     384    4566 |     769     384     769 |    0.1    9.3    0.6
2642 |   194 |    3273 |    5372     385    5372 |     770     385     770 |    0.2   13.1    0.7
2643 |   194 |    3287 |    5374     386    5374 |     772     386     772 |    0.2   12.3    0.7
2644 |   194 |    3275 |    5377     385    5377 |     770     385     770 |    0.2   13.0    0.7
2645 |   194 |    2293 |    5363     384    5363 |     768     384     768 |    0.2   13.0    0.7
2646 |   194 |    3290 |    5379     386    5379 |     771     386     771 |    0.2   13.0    0.7
2647 |   193 |    2883 |    5361     384    5361 |     769     384     769 |    0.2   10.0    0.6
2648 |   194 |    2894 |    5371     385    5371 |     771     385     771 |    0.2   12.9    0.7
2649 |   194 |    2502 |    5376     385    5376 |     771     385     771 |    0.2    9.9    0.6
2650 |   194 |    3285 |    5371     385    5371 |     770     385     770 |    0.2   13.7    0.7
2651 |   193 |    2494 |    5346     384    5346 |     769     384     769 |    0.2   10.1    0.6
2652 |   194 |    2482 |    5374     386    5374 |     773     386     773 |    0.2   13.0    0.7
2653 |   192 |    3243 |    5345     383    5345 |     765     383     765 |    0.2    9.6    0.8
2654 |   194 |    3285 |    5378     385    5378 |     770     385     770 |    0.2   13.0    0.8
2655 |   194 |    3282 |    5377     386    5377 |     771     386     771 |    0.2   13.2    0.7
2656 |   193 |    3251 |    5358     383    5358 |     767     383     767 |    0.1   12.5    0.7
2657 |   194 |    3277 |    5367     385    5367 |     772     385     772 |    0.2   12.9    0.8
2658 |   193 |    2286 |    5363     385    5363 |     769     385     769 |    0.2   12.8    0.8
2659 |   194 |    3252 |    4601     384    4601 |     767     384     767 |    0.2    9.8    0.6
2660 |   194 |    2704 |    5377     385    5377 |     771     385     771 |    0.2    9.6    0.6
2661 |   194 |    3274 |    5358     385    5358 |     769     385     769 |    0.2   13.6    0.7
2662 |   194 |    3272 |    5363     384    5363 |     768     384     768 |    0.2   12.9    0.7
2663 |   194 |    2652 |    4577     384    4577 |     768     384     768 |    0.1    9.7    0.6
2664 |   194 |    2294 |    4597     385    4597 |     770     385     770 |    0.1    9.2    0.6
2665 |   194 |    3261 |    5364     384    5364 |     769     384     769 |    0.2   12.5    0.7
2666 |   194 |    3286 |    5362     386    5362 |     772     386     772 |    0.2   13.7    0.7
2667 |   194 |    3276 |    5373     385    5373 |     770     385     770 |    0.2   13.0    0.7
2668 |   194 |    3274 |    5374     385    5374 |     770     385     770 |    0.2   13.3    0.7
2669 |   194 |    3289 |    5377     387    5377 |     773     387     773 |    0.2   13.2    0.7
2670 |   194 |    3290 |    5378     386    5378 |     772     386     772 |    0.2   13.2    0.7
2671 |   193 |    2667 |    5344     384    5344 |     767     384     767 |    0.2   10.5    0.7
2672 |   193 |    3263 |    5345     384    5345 |     770     385     770 |    0.2   10.1    0.6
2673 |   194 |    3272 |    5352     384    5352 |     768     384     768 |    0.2   13.3    0.7
2674 |   194 |    3262 |    5351     384    5351 |     767     384     767 |    0.2   13.2    0.7
2675 |   193 |    3269 |    5366     384    5366 |     769     384     769 |    0.2   13.2    0.7
2676 |   194 |    2504 |    5368     386    5368 |     772     386     772 |    0.2   13.2    0.7
2677 |   194 |    3282 |    5369     385    5369 |     770     385     770 |    0.3   12.8    0.7
2678 |   193 |    3269 |    5361     384    5361 |     769     384     769 |    0.2   12.3    1.1
2679 |   194 |    3284 |    5385     385    5385 |     770     385     770 |    0.3   13.8    0.9
2680 |   194 |    2506 |    5361     387    5361 |     774     387     774 |    0.3   13.3    0.7
2681 |   193 |    3247 |    5325     383    5325 |     767     383     767 |    0.1   12.3    0.7
2682 |   193 |    2677 |    4600     384    4600 |     768     384     768 |    0.2    9.4    0.6
2683 |   194 |    3277 |    5370     385    5370 |     770     385     770 |    0.2   13.4    0.8
2684 |   194 |    3287 |    5369     385    5369 |     770     385     770 |    0.2   12.1    0.7
2685 |   194 |    3276 |    5377     385    5377 |     770     385     770 |    0.2   13.5    0.7
2686 |   194 |    3287 |    5365     387    5365 |     773     387     773 |    0.2   12.8    0.7
2687 |   194 |    3288 |    5384     385    5384 |     770     385     770 |    0.3   13.7    0.7
2688 |   193 |    3253 |    4598     383    4598 |     767     383     767 |    0.1    9.8    0.6
2689 |   194 |    3286 |    5375     386    5375 |     772     386     772 |    0.2   14.4    0.7
2690 |   194 |    3277 |    5370     384    5370 |     769     384     769 |    0.2   12.7    0.7
2691 |   193 |    3227 |    4571     383    4571 |     767     383     767 |    0.1    9.4    0.6
2692 |   193 |    3254 |    4583     385    4583 |     771     385     771 |    0.2    9.7    0.6
2693 |   194 |    3285 |    5383     385    5383 |     771     386     771 |    0.2   14.3    0.7
2694 |   194 |    3278 |    5378     385    5378 |     770     385     770 |    0.2   13.8    0.7
2695 |   193 |    3253 |    5360     383    5360 |     767     384     767 |    0.1   13.0    0.7
2696 |   194 |    3283 |    5376     385    5376 |     770     385     770 |    0.2   13.4    0.7
2697 |   194 |    3267 |    5360     384    5360 |     768     384     768 |    0.2   13.3    0.7
2698 |   194 |    3279 |    5367     385    5367 |     771     385     771 |    0.2   12.5    0.7
2699 |   193 |    3257 |    5350     383    5350 |     767     383     767 |    0.1   13.5    0.7
2700 |   194 |    3276 |    5365     385    5365 |     770     385     770 |    0.2   12.7    0.7
2701 |   193 |    3264 |    5360     385    5360 |     770     385     770 |    0.2   12.3    0.7
2702 |   194 |    3271 |    5362     384    5362 |     769     385     769 |    0.2   13.6    0.7
2703 |   194 |    2508 |    5376     385    5376 |     771     385     771 |    0.2   13.3    0.7
2704 |   194 |    3282 |    5379     385    5379 |     770     385     770 |    0.2   13.5    0.8
2705 |   194 |    3251 |    4597     384    4597 |     768     384     768 |    0.1   11.6    0.8
2706 |   194 |    3249 |    4599     384    4599 |     767     384     767 |    0.2   12.6    0.6
2707 |   193 |    2105 |    5346     384    5346 |     768     384     768 |    0.2   12.8    0.7
2708 |   194 |    3271 |    5360     384    5360 |     768     384     768 |    0.2   12.3    0.9
2709 |   194 |    3284 |    5368     385    5368 |     771     385     771 |    0.2   13.2    0.7
2710 |   194 |    2689 |    4611     386    4611 |     771     386     771 |    0.3    9.6    0.6
2711 |   194 |    3271 |    5374     385    5374 |     770     385     770 |    0.2   13.1    0.7
2712 |   194 |    3267 |    5360     385    5360 |     770     385     770 |    0.2   13.0    0.7
2713 |   194 |    3272 |    5358     384    5358 |     768     384     768 |    0.2   12.8    0.7
2714 |   194 |    2296 |    5372     384    5372 |     769     384     769 |    0.2   10.1    0.6
2715 |   194 |    3246 |    4592     384    4592 |     768     384     768 |    0.1   10.5    0.6
2716 |   194 |    2865 |    5368     385    5368 |     770     385     770 |    0.2   10.3    0.6
2717 |   194 |    3279 |    5373     384    5373 |     769     384     769 |    0.2   12.7    0.7
2718 |   192 |    3245 |    5348     383    5348 |     765     383     765 |    0.1   13.0    0.7
2719 |   193 |    3262 |    4598     383    4598 |     767     383     767 |    0.2    9.7    0.6
2720 |   194 |    2683 |    5343     384    5343 |     768     384     768 |    0.2   10.0    0.6
2721 |   194 |    3276 |    5374     385    5374 |     770     385     770 |    0.2   13.2    0.7
2722 |   194 |    3279 |    5375     386    5375 |     771     386     771 |    0.2   13.0    0.7
2723 |   194 |    3276 |    5369     384    5369 |     769     385     769 |    0.2   13.1    0.7
2724 |   194 |    2505 |    5376     385    5376 |     771     385     771 |    0.2   13.2    0.7
2725 |   193 |    3223 |    4568     383    4568 |     768     383     768 |    0.1    9.4    0.6
2726 |   194 |    3255 |    4604     384    4604 |     769     384     769 |    0.2   10.1    0.6
2727 |   194 |    3276 |    5371     385    5371 |     771     385     771 |    0.2   12.6    0.7
2728 |   193 |    3223 |    4574     383    4574 |     766     383     766 |    0.1    9.5    0.6
2729 |   194 |    3280 |    5372     385    5372 |     770     385     770 |    0.2   13.0    0.7
2730 |   193 |    3225 |    4570     384    4570 |     767     384     767 |    0.2   10.3    0.6
2731 |   193 |    3251 |    5338     383    5338 |     767     383     767 |    0.1   13.5    0.7
2732 |   194 |    3260 |    5354     384    5354 |     767     384     767 |    0.2   13.1    0.7
2733 |   193 |    3251 |    5343     383    5343 |     766     383     766 |    0.1   13.4    0.7
2734 |   193 |    3265 |    5355     384    5355 |     768     384     768 |    0.2   13.2    0.7
2735 |   194 |    3285 |    5380     385    5380 |     770     385     770 |    0.2   13.3    0.7
2736 |   191 |    2262 |    4554     383    4554 |     765     383     765 |    0.1    9.2    0.6
2737 |   194 |    3280 |    5373     385    5373 |     771     385     771 |    0.2   13.8    0.7
2738 |   193 |    3272 |    5370     385    5370 |     769     385     769 |    0.2   13.8    0.7
2739 |   194 |    3282 |    5376     385    5376 |     771     385     771 |    0.2   13.1    0.7
2740 |   194 |    3268 |    5363     385    5363 |     770     385     770 |    0.2   13.1    0.7
2741 |   194 |    3287 |    5370     386    5370 |     772     386     772 |    0.2   10.7    0.6
2742 |   194 |    3276 |    5369     384    5369 |     769     384     769 |    0.2   13.5    0.7
2743 |   192 |    3223 |    5325     383    5325 |     765     383     765 |    0.1    9.5    0.6
2744 |   194 |    3284 |    5373     385    5373 |     771     385     771 |    0.2   13.1    0.7
2745 |   194 |    2292 |    4598     384    4598 |     768     384     768 |    0.1    9.8    0.6
2746 |   194 |    3287 |    5383     386    5383 |     772     386     772 |    0.2   12.8    0.7
2747 |   194 |    3283 |    5376     385    5376 |     771     385     771 |    0.2   12.9    0.7
2748 |   193 |    3268 |    5361     384    5361 |     769     384     769 |    0.2   12.9    0.7
2749 |   194 |    2495 |    5370     385    5370 |     770     385     770 |    0.2   12.6    0.7
2750 |   194 |    2292 |    4602     384    4602 |     768     384     768 |    0.1   10.6    0.6
2751 |   194 |    3284 |    5373     385    5373 |     770     385     770 |    0.2   13.2    0.7
2752 |   194 |    3257 |    4606     384    4606 |     769     384     769 |    0.2   10.0    0.6
2753 |   194 |    2303 |    4615     385    4615 |     770     385     770 |    0.2    9.6    0.6
2754 |   192 |    3237 |    4582     383    4582 |     766     383     766 |    0.1    9.9    0.6
2755 |   194 |    2292 |    5360     384    5360 |     768     384     768 |    0.2   12.9    0.7
2756 |   194 |    3281 |    5369     385    5369 |     770     385     770 |    0.2   13.7    0.7
2757 |   194 |    3287 |    5381     385    5381 |     771     385     771 |    0.2   13.1    0.7
2758 |   193 |    3256 |    5345     384    5345 |     767     384     767 |    0.1   12.7    0.7
2759 |   194 |    3276 |    5374     385    5374 |     770     385     770 |    0.2   13.0    0.8
2760 |   194 |    3273 |    5365     385    5365 |     770     385     770 |    0.2   12.7    0.7
2761 |   194 |    3284 |    5382     385    5382 |     770     385     770 |    0.2   13.1    0.7
2762 |   194 |    3275 |    5373     385    5373 |     770     385     770 |    0.2   13.1    0.7
2763 |   194 |    2102 |    4599     383    4599 |     768     384     768 |    0.1    9.9    0.6
2764 |   194 |    3262 |    4605     385    4605 |     771     385     771 |    0.2    9.3    0.6
2765 |   194 |    3276 |    5360     384    5360 |     769     384     769 |    0.2   13.1    0.7
2766 |   194 |    3285 |    5379     385    5379 |     771     385     771 |    0.2   14.1    0.7
2767 |   194 |    3274 |    5365     384    5365 |     770     384     770 |    0.2   12.6    0.7
2768 |   194 |    3278 |    5369     385    5369 |     769     385     769 |    0.2   13.7    0.7
2769 |   194 |    3278 |    5370     385    5370 |     769     385     769 |    0.2   15.2    0.9
2770 |   193 |    3256 |    5346     384    5346 |     767     384     767 |    0.2   14.5    0.7
2771 |   194 |    3276 |    5369     385    5369 |     770     385     770 |    0.2   13.8    0.7
2772 |   194 |    3290 |    5383     385    5383 |     771     385     771 |    0.2   12.8    0.7
2773 |   194 |    3072 |    5358     386    5358 |     772     386     772 |    0.2   10.4    0.6
2774 |   194 |    3273 |    5371     386    5371 |     771     386     771 |    0.3   13.5    0.7
2775 |   194 |    3287 |    5378     386    5378 |     771     386     771 |    0.2   12.7    0.7
2776 |   194 |    3290 |    5375     386    5375 |     772     386     772 |    0.2   13.7    0.7
2777 |   194 |    3277 |    5357     385    5357 |     770     385     770 |    0.2   14.0    0.7
2778 |   193 |    3227 |    4576     383    4576 |     767     383     767 |    0.1   10.4    0.6
2779 |   194 |    3286 |    5370     385    5370 |     771     385     771 |    0.2   12.9    0.7
2780 |   193 |    3241 |    4586     383    4586 |     767     383     767 |    0.1   10.2    0.6
2781 |   194 |    3279 |    5367     385    5367 |     769     385     769 |    0.2   13.4    1.2
2782 |   193 |    3239 |    4586     384    4586 |     767     384     767 |    0.3   10.0    0.6
2783 |   194 |    3270 |    5363     384    5363 |     769     384     769 |    0.2   13.0    0.7
2784 |   194 |    3273 |    5373     385    5373 |     770     385     770 |    0.2   12.6    0.7
2785 |   194 |    3277 |    5366     384    5366 |     769     384     769 |    0.2   12.6    0.7
2786 |   194 |    2108 |    5367     384    5367 |     769     384     769 |    0.2   13.2    0.7
2787 |   194 |    3287 |    5378     386    5378 |     771     386     771 |    0.2   13.2    0.7
2788 |   194 |    3277 |    5367     387    5367 |     773     387     773 |    0.2   13.6    0.8
2789 |   194 |    2281 |    5268     386    5268 |     772     386     772 |    0.2   10.2    0.6
2790 |   194 |    3273 |    5366     384    5366 |     769     384     769 |    0.2   13.4    0.7
2791 |   194 |    3285 |    5375     385    5375 |     770     385     770 |    0.2   13.2    0.7
2792 |   194 |    2095 |    4594     383    4594 |     767     383     767 |    0.1    9.7    0.6
2793 |   193 |    3261 |    5360     384    5360 |     767     384     767 |    0.2   12.8    0.7
2794 |   194 |    3277 |    5361     386    5361 |     772     386     772 |    0.2   12.9    0.8
2795 |   194 |    3266 |    5346     384    5346 |     768     384     768 |    0.2   13.0    0.7
2796 |   194 |    2692 |    5366     385    5366 |     770     385     770 |    0.2   13.3    0.7
2797 |   193 |    3252 |    5348     383    5348 |     767     383     767 |    0.2   13.1    0.7
2798 |   194 |    3285 |    5380     385    5380 |     771     386     771 |    0.2   13.1    0.7
2799 |   194 |    3248 |    4594     384    4594 |     768     384     768 |    0.1    9.9    0.6
2800 |   194 |    2503 |    5370     385    5370 |     769     384     769 |    0.2    9.8    0.6
2801 |   194 |    3268 |    5365     385    5365 |     770     385     770 |    0.2   11.0    0.6
2802 |   194 |    3274 |    5357     384    5357 |     768     384     768 |    0.3   14.4    0.7
2803 |   194 |    3277 |    5368     385    5368 |     770     385     770 |    0.2   13.0    0.7
2804 |   194 |    3282 |    5369     385    5369 |     771     385     771 |    0.2   13.2    0.7
2805 |   194 |    3265 |    5368     384    5368 |     768     384     768 |    0.2   14.4    0.9
2806 |   194 |    3292 |    5386     385    5386 |     771     385     771 |    0.3   15.3    0.8
2807 |   192 |    2827 |    5280     383    5280 |     767     384     767 |    0.2   10.0    0.6
2808 |   193 |    3262 |    5362     384    5362 |     768     384     768 |    0.2   13.4    0.8
2809 |   191 |    3228 |    4574     383    4574 |     765     383     765 |    0.2    9.7    0.6
2810 |   194 |    3282 |    5374     385    5374 |     771     385     771 |    0.2   13.1    0.7
2811 |   193 |    3260 |    5359     384    5359 |     768     384     768 |    0.1   12.7    0.7
2812 |   194 |    3272 |    5371     384    5371 |     770     384     770 |    0.2   13.0    0.7
2813 |   194 |    3276 |    5370     385    5370 |     771     385     771 |    0.2   12.7    0.7
2814 |   194 |    3263 |    5339     384    5339 |     768     384     768 |    0.2   13.2    0.7
2815 |   193 |    3232 |    4580     384    4580 |     767     384     767 |    0.2    9.5    0.6
2816 |   193 |    3260 |    5361     384    5361 |     768     384     768 |    0.1   12.8    0.6
2817 |   194 |    3285 |    5381     386    5381 |     771     386     771 |    0.2   13.0    0.7
2818 |   193 |    3255 |    5356     383    5356 |     767     383     767 |    0.1   12.8    0.7
2819 |   194 |    3269 |    5357     384    5357 |     768     384     768 |    0.2   13.6    0.7
2820 |   194 |    3287 |    5380     385    5380 |     770     385     770 |    0.2   13.5    0.7
2821 |   194 |    3287 |    5379     385    5379 |     771     385     771 |    0.2   13.5    0.7
2822 |   191 |    3237 |    4583     383    4583 |     765     383     765 |    0.1    9.8    0.6
2823 |   194 |    3286 |    5376     385    5376 |     771     385     771 |    0.2   13.2    0.7
2824 |   194 |    3285 |    5382     386    5382 |     772     386     772 |    0.2   13.2    0.7
2825 |   194 |    3280 |    5382     385    5382 |     770     385     770 |    0.2   13.5    0.7
2826 |   194 |    3266 |    5368     384    5368 |     769     384     769 |    0.2   13.4    0.7
2827 |   193 |    3274 |    5366     384    5366 |     769     385     769 |    0.2   13.1    0.7
2828 |   193 |    3272 |    5366     384    5366 |     768     384     768 |    0.2   13.3    0.7
2829 |   191 |    3203 |    4546     383    4546 |     765     383     765 |    0.1    9.2    0.6
2830 |   194 |    3272 |    5375     385    5375 |     769     384     769 |    0.2   12.9    0.7
2831 |   194 |    3288 |    5380     386    5380 |     772     386     772 |    0.2   13.8    0.8
2832 |   193 |    3261 |    5356     385    5356 |     769     385     769 |    0.2   12.6    0.7
2833 |   194 |    3276 |    5363     384    5363 |     768     384     768 |    0.2   12.4    0.7
2834 |   193 |    3266 |    4608     384    4608 |     769     384     769 |    0.2    9.7    0.6
2835 |   194 |    3283 |    5373     385    5373 |     770     385     770 |    0.2   13.0    0.7
2836 |   194 |    3287 |    5382     385    5382 |     770     385     770 |    0.2   13.3    0.7
2837 |   193 |    3244 |    4593     384    4593 |     767     384     767 |    0.4    9.8    0.6
2838 |   194 |    3276 |    5369     385    5369 |     770     385     770 |    0.2   12.5    0.7
2839 |   193 |    3237 |    4584     383    4584 |     768     383     768 |    0.2    9.8    0.6
2840 |   194 |    3267 |    5362     384    5362 |     767     384     767 |    0.2   12.8    0.7
2841 |   194 |    3280 |    5374     385    5374 |     770     385     770 |    0.2   12.9    0.8
2842 |   193 |    3260 |    5360     384    5360 |     769     384     769 |    0.2   13.0    0.7
2843 |   194 |    3276 |    5362     385    5362 |     768     384     768 |    0.2   13.1    0.7
2844 |   193 |    2108 |    5366     384    5366 |     769     384     769 |    0.2   13.4    0.7
2845 |   194 |    3281 |    5374     385    5374 |     770     385     770 |    0.2   12.9    0.7
2846 |   194 |    3269 |    5360     384    5360 |     768     384     768 |    0.2   13.8    0.7
2847 |   192 |    3251 |    5351     383    5351 |     766     383     766 |    0.1   13.8    0.7
2848 |   193 |    3275 |    5372     384    5372 |     769     385     769 |    0.2   13.4    0.7
2849 |   194 |    3283 |    5363     386    5363 |     773     386     773 |    0.2   13.6    0.7
2850 |   194 |    2099 |    5355     384    5355 |     767     384     767 |    0.1   13.6    0.7
2851 |   194 |    2285 |    4598     385    4598 |     769     385     769 |    0.1    9.6    0.6
2852 |   194 |    3270 |    5368     384    5368 |     769     384     769 |    0.2   13.9    0.7
2853 |   194 |    3248 |    5341     385    5341 |     770     385     770 |    0.2    9.7    0.6
2854 |   194 |    3280 |    5370     384    5370 |     769     384     769 |    0.2   12.9    0.7
2855 |   194 |    3286 |    5381     385    5381 |     771     385     771 |    0.2   13.6    0.7
2856 |   194 |    3280 |    5369     385    5369 |     770     385     770 |    0.2   14.0    0.8
2857 |   193 |    2083 |    4554     384    4554 |     767     384     767 |    0.3   10.0    0.6
2858 |   194 |    3286 |    5368     385    5368 |     771     385     771 |    0.2   12.6    0.7
2859 |   194 |    3272 |    5370     385    5370 |     769     385     769 |    0.2   12.9    0.7
2860 |   193 |    3261 |    5352     384    5352 |     768     384     768 |    0.1   13.3    0.7
2861 |   193 |    3275 |    5369     384    5369 |     770     385     770 |    0.2   13.5    0.7
2862 |   194 |    2108 |    5363     384    5363 |     770     385     770 |    0.2    9.5    0.6
2863 |   193 |    3265 |    5347     384    5347 |     767     384     767 |    0.2   13.4    0.7
2864 |   194 |    3288 |    5386     386    5386 |     771     385     771 |    0.2   13.5    1.0
2865 |   194 |    2502 |    5366     386    5366 |     772     386     772 |    0.3   12.9    0.8
2866 |   191 |    2076 |    4561     383    4561 |     765     383     765 |    0.2    9.5    0.6
2867 |   193 |    3245 |    4594     383    4594 |     766     383     766 |    0.2    9.5    0.6
2868 |   193 |    3259 |    5363     384    5363 |     769     384     769 |    0.2   12.6    0.7
2869 |   194 |    3260 |    5362     384    5362 |     768     384     768 |    0.2   14.0    0.7
2870 |   194 |    3267 |    5369     385    5369 |     769     385     769 |    0.2   12.6    0.7
2871 |   194 |    3246 |    4594     384    4594 |     767     384     767 |    0.2    9.6    0.6
2872 |   193 |    2651 |    4581     383    4581 |     766     383     766 |    0.1   10.3    0.6
2873 |   190 |    3218 |    4560     383    4560 |     765     383     765 |    0.1    9.4    0.6
2874 |   193 |    2273 |    5361     384    5361 |     768     384     768 |    0.2   12.9    0.7
2875 |   194 |    3274 |    5360     384    5360 |     768     384     768 |    0.2   13.2    0.7
2876 |   193 |    2875 |    5354     384    5354 |     767     384     767 |    0.2   10.5    0.6
2877 |   194 |    2093 |    4593     383    4593 |     768     384     768 |    0.1   10.0    0.6
2878 |   194 |    3288 |    5378     385    5378 |     771     385     771 |    0.2   12.6    0.7
2879 |   194 |    3209 |    4556     384    4556 |     768     384     768 |    0.2    9.7    0.6
2880 |   194 |    3279 |    5370     385    5370 |     769     385     769 |    0.2   13.9    0.7
2881 |   194 |    3274 |    5370     385    5370 |     769     385     769 |    0.2   12.3    0.7
2882 |   193 |    3255 |    4600     384    4600 |     768     384     768 |    0.1   10.2    0.6
2883 |   194 |    3280 |    5367     385    5367 |     771     385     771 |    0.2   13.1    0.7
2884 |   194 |    3280 |    5379     385    5379 |     771     385     771 |    0.2   13.0    0.8
2885 |   194 |    3276 |    5367     385    5367 |     770     385     770 |    0.2   13.0    0.7
2886 |   193 |    3263 |    5359     384    5359 |     768     384     768 |    0.2   13.4    0.7
2887 |   194 |    3277 |    5368     385    5368 |     771     385     771 |    0.2   13.1    0.7
2888 |   194 |    3287 |    5378     386    5378 |     772     386     772 |    0.2   13.1    0.7
2889 |   193 |    3259 |    5359     383    5359 |     767     383     767 |    0.1   13.5    0.7
2890 |   194 |    3285 |    5368     386    5368 |     771     386     771 |    0.2   13.0    0.7
2891 |   194 |    3259 |    5339     384    5339 |     768     384     768 |    0.1   12.9    0.7
2892 |   193 |    3270 |    5364     385    5364 |     770     385     770 |    0.2   13.3    0.7
2893 |   194 |    3286 |    5381     385    5381 |     770     385     770 |    0.2   13.4    0.7
2894 |   194 |    2496 |    5364     385    5364 |     771     385     771 |    0.2   10.2    0.6
2895 |   193 |    3245 |    5340     383    5340 |     766     383     766 |    0.1   12.8    0.7
2896 |   194 |    3279 |    5362     384    5362 |     769     385     769 |    0.2   13.5    0.7
2897 |   194 |    2504 |    5375     385    5375 |     771     385     771 |    0.2    9.6    0.6
2898 |   194 |    3278 |    5374     386    5374 |     771     386     771 |    0.2   13.1    0.9
2899 |   194 |    3286 |    5369     387    5369 |     775     387     775 |    0.3   16.9    0.8
2900 |   194 |    3274 |    5359     385    5359 |     769     385     769 |    0.2   12.7    0.7
2901 |   194 |    3280 |    5370     385    5370 |     770     385     770 |    0.2   13.2    0.8
2902 |   194 |    3290 |    5371     386    5371 |     772     386     772 |    0.2   12.8    0.7
2903 |   194 |    3266 |    5337     387    5337 |     774     387     774 |    0.2   13.3    0.7
2904 |   194 |    2889 |    5368     385    5368 |     770     385     770 |    0.2   10.4    0.6
2905 |   192 |    3233 |    4569     384    4569 |     768     384     768 |    0.2   10.1    0.7
2906 |   192 |    3251 |    5352     383    5352 |     766     383     766 |    0.2   13.0    0.7
2907 |   194 |    3281 |    4617     385    4617 |     770     385     770 |    0.2   10.0    0.6
2908 |   194 |    2294 |    5361     384    5361 |     769     384     769 |    0.2   13.0    0.7
2909 |   194 |    3273 |    5367     384    5367 |     769     384     769 |    0.2   13.3    0.7
2910 |   194 |    3258 |    5367     385    5367 |     769     385     769 |    0.2   12.7    0.7
2911 |   192 |    3232 |    5330     384    5330 |     769     384     769 |    0.1   12.7    0.7
2912 |   193 |    3228 |    4573     384    4573 |     767     384     767 |    0.1    9.5    0.6
2913 |   194 |    3290 |    4620     385    4620 |     771     385     771 |    0.2   10.0    0.6
2914 |   194 |    2706 |    5365     386    5365 |     772     386     772 |    0.2   10.6    0.6
2915 |   194 |    3277 |    5376     385    5376 |     770     385     770 |    0.2   13.4    0.7
2916 |   194 |    3272 |    5367     385    5367 |     771     385     771 |    0.2   13.4    0.7
2917 |   192 |    3237 |    4583     383    4583 |     766     383     766 |    0.1    9.8    0.6
2918 |   194 |    2690 |    5360     385    5360 |     771     385     771 |    0.2   10.8    0.6
2919 |   194 |    2289 |    5362     384    5362 |     768     384     768 |    0.1   12.7    0.7
2920 |   194 |    3273 |    5369     385    5369 |     770     385     770 |    0.2   12.6    0.7
2921 |   194 |    3288 |    5385     386    5385 |     771     386     771 |    0.2    9.7    1.1
2922 |   194 |    3269 |    5357     384    5357 |     769     384     769 |    0.2   13.1    0.7
2923 |   194 |    3274 |    5369     384    5369 |     769     384     769 |    0.2   10.2    0.6
2924 |   194 |    2677 |    5338     385    5338 |     769     385     769 |    0.2   10.4    0.6
2925 |   194 |    3285 |    5380     386    5380 |     771     386     771 |    0.2   13.8    0.7
2926 |   193 |    3255 |    5348     383    5348 |     766     383     766 |    0.1   13.5    0.7
2927 |   194 |    3269 |    5358     385    5358 |     769     385     769 |    0.2   13.1    0.7
2928 |   193 |    3236 |    5313     384    5313 |     768     384     768 |    0.2   12.9    0.7
2929 |   194 |    3288 |    5378     385    5378 |     771     385     771 |    0.2   13.4    0.7
2930 |   194 |    3279 |    5361     386    5361 |     773     386     773 |    0.2   13.2    0.7
2931 |   193 |    3253 |    5355     384    5355 |     767     384     767 |    0.1   13.0    0.7
2932 |   194 |    3288 |    5385     385    5385 |     770     385     770 |    0.2   13.1    0.7
2933 |   193 |    3252 |    5347     383    5347 |     766     383     766 |    0.1   12.5    0.7
2934 |   194 |    3279 |    5370     384    5370 |     769     384     769 |    0.2   13.7    0.7
2935 |   192 |    3241 |    4589     382    4589 |     766     383     766 |    0.2   10.1    0.6
2936 |   191 |    3212 |    4555     383    4555 |     765     383     765 |    0.2    9.3    0.6
2937 |   194 |    3262 |    5368     384    5368 |     769     384     769 |    0.2   12.8    0.7
2938 |   193 |    3244 |    4590     383    4590 |     766     383     766 |    0.1    9.7    0.6
2939 |   194 |    3273 |    5360     384    5360 |     769     384     769 |    0.2   12.6    0.7
2940 |   194 |    3284 |    5379     386    5379 |     771     386     771 |    0.2   13.2    0.8
2941 |   192 |    3252 |    5345     383    5345 |     767     383     767 |    0.2   12.9    0.7
2942 |   194 |    3278 |    5372     385    5372 |     771     385     771 |    0.2   12.8    0.7
2943 |   193 |    3248 |    4596     384    4596 |     768     384     768 |    0.1    9.8    0.6
2944 |   193 |    2676 |    5351     384    5351 |     768     384     768 |    0.2    9.8    0.6
2945 |   194 |    3269 |    5354     385    5354 |     769     385     769 |    0.2   13.4    0.7
2946 |   193 |    3260 |    5358     383    5358 |     767     383     767 |    0.2   13.0    0.7
2947 |   193 |    3275 |    5357     385    5357 |     771     385     771 |    0.3   13.4    0.7
2948 |   194 |    3291 |    5384     385    5384 |     771     385     771 |    0.2   13.1    0.7
2949 |   194 |    3271 |    5353     384    5353 |     768     384     768 |    0.2   13.1    0.7
2950 |   194 |    3285 |    5379     386    5379 |     772     386     772 |    0.2   13.0    0.7
2951 |   194 |    3286 |    5376     385    5376 |     770     385     770 |    0.2   13.1    0.7
2952 |   194 |    3266 |    5361     385    5361 |     771     385     771 |    0.2   12.7    0.7
2953 |   193 |    2665 |    5336     384    5336 |     768     384     768 |    0.2   10.4    0.6
2954 |   194 |    3283 |    5376     385    5376 |     771     385     771 |    0.2   12.9    0.7
2955 |   193 |    2453 |    4561     383    4561 |     767     383     767 |    0.2    9.5    0.6
2956 |   194 |    2275 |    4588     384    4588 |     768     384     768 |    0.1   14.7    0.8
2957 |   194 |    3285 |    5371     386    5371 |     772     386     772 |    0.4   14.2    0.7
2958 |   194 |    3283 |    5371     385    5371 |     770     385     770 |    0.2   13.3    0.7
2959 |   194 |    3257 |    5370     384    5370 |     769     384     769 |    0.2   13.0    0.7
2960 |   194 |    3278 |    5372     385    5372 |     769     385     769 |    0.2   14.2    0.8
2961 |   194 |    2495 |    5359     385    5359 |     772     385     772 |    0.3    9.2    0.6
2962 |   194 |    3282 |    5370     385    5370 |     772     386     772 |    0.2   13.3    0.7
2963 |   193 |    2880 |    5350     386    5350 |     771     386     771 |    0.2    9.9    0.6
2964 |   194 |    2112 |    5365     385    5365 |     771     385     771 |    0.2    9.9    0.6
2965 |   194 |    2696 |    5377     385    5377 |     770     385     770 |    0.2   10.2    0.6
2966 |   194 |    2500 |    5377     385    5377 |     771     386     771 |    0.2   13.6    0.7
2967 |   194 |    3271 |    5365     386    5365 |     772     386     772 |    0.2   12.2    0.7
2968 |   194 |    3284 |    5378     385    5378 |     770     385     770 |    0.2   12.6    0.7
2969 |   194 |    3278 |    5371     385    5371 |     770     385     770 |    0.2   13.7    0.7
2970 |   194 |    3265 |    5367     384    5367 |     769     384     769 |    0.2   12.7    0.7
2971 |   194 |    2545 |    5313     389    5313 |     778     389     778 |    0.2   10.8    0.6
2972 |   193 |    3264 |    5356     384    5356 |     768     384     768 |    0.2   13.4    0.7
2973 |   194 |    3279 |    5374     384    5374 |     769     384     769 |    0.2   12.8    0.7
2974 |   194 |    2669 |    4599     384    4599 |     768     384     768 |    0.1    9.4    0.6
2975 |   194 |    2696 |    5384     385    5384 |     771     386     771 |    0.2   12.9    0.7
2976 |   194 |    3287 |    5374     385    5374 |     771     385     771 |    0.2   13.1    0.7
2977 |   193 |    3263 |    5347     384    5347 |     768     384     768 |    0.2   12.9    0.7
2978 |   193 |    3265 |    5355     384    5355 |     768     384     768 |    0.2   13.1    0.7
2979 |   191 |    2625 |    4544     383    4544 |     765     383     765 |    0.1    9.3    0.6
2980 |   194 |    3282 |    5376     385    5376 |     771     385     771 |    0.2   13.2    0.7
2981 |   194 |    3277 |    5373     384    5373 |     769     384     769 |    0.2   13.2    0.8
2982 |   194 |    3281 |    5371     385    5371 |     770     385     770 |    0.2   14.8    0.7
2983 |   193 |    3264 |    5357     385    5357 |     769     385     769 |    0.2   13.6    0.7
2984 |   189 |    2240 |    4524     383    4524 |     765     383     765 |    0.1    8.9    0.5
2985 |   194 |    3283 |    5375     385    5375 |     771     385     771 |    0.2   13.6    0.9
2986 |   194 |    3257 |    5336     384    5336 |     767     384     767 |    0.2   12.8    0.7
2987 |   194 |    3287 |    5372     386    5372 |     772     386     772 |    0.2   13.1    0.7
2988 |   193 |    2094 |    4592     383    4592 |     767     383     767 |    0.1    9.5    0.6
2989 |   194 |    3283 |    5374     385    5374 |     771     385     771 |    0.2   13.6    0.7
2990 |   194 |    3283 |    5372     385    5372 |     770     385     770 |    0.2   13.8    0.7
2991 |   194 |    3262 |    5366     384    5366 |     769     384     769 |    0.2   13.2    0.7
2992 |   194 |    3271 |    5356     386    5356 |     772     386     772 |    0.2   12.6    0.7
2993 |   194 |    2505 |    5377     386    5377 |     773     386     773 |    0.2   12.5    0.7
2994 |   194 |    3286 |    5373     386    5373 |     773     386     773 |    0.2   13.5    0.7
2995 |   194 |    3281 |    5378     386    5378 |     772     386     772 |    0.2   12.8    0.7
2996 |   194 |    3285 |    5380     385    5380 |     771     385     771 |    0.2   13.2    0.7
2997 |   194 |    3274 |    5377     384    5377 |     769     385     769 |    0.2   12.6    0.7
2998 |   194 |    3253 |    4598     384    4598 |     769     384     769 |    0.1   10.3    0.6
2999 |   194 |    3272 |    5361     384    5361 |     768     384     768 |    0.2   13.2    0.9
3000 |   194 |    2121 |    5384     385    5384 |     770     385     770 |    0.3   13.6    0.7
3001 |   194 |    3284 |    5364     386    5364 |     773     386     773 |    0.2   12.8    0.7
3002 |   194 |    3269 |    5369     384    5369 |     769     384     769 |    0.2   12.6    0.7
3003 |   194 |    3281 |    5380     386    5380 |     771     386     771 |    0.2   13.4    0.7
3004 |   193 |    3266 |    5349     385    5349 |     769     385     769 |    0.2   13.9    0.7
3005 |   193 |    3219 |    4567     384    4567 |     767     384     767 |    0.2    9.7    0.6
3006 |   194 |    3269 |    5359     384    5359 |     768     384     768 |    0.2   13.1    0.7
3007 |   194 |    3275 |    5371     384    5371 |     769     384     769 |    0.2   12.5    0.7
3008 |   194 |    3212 |    5297     385    5297 |     772     386     772 |    0.2    9.7    0.6
3009 |   194 |    2484 |    5372     385    5372 |     770     385     770 |    0.2   13.4    0.7
3010 |   194 |    3251 |    5324     384    5324 |     767     384     767 |    0.1   13.2    0.7
3011 |   194 |    3287 |    5380     386    5380 |     772     386     772 |    0.2   13.4    0.7
3012 |   194 |    2500 |    5352     385    5352 |     770     385     770 |    0.2    9.7    0.6
3013 |   194 |    3260 |    5334     384    5334 |     768     384     768 |    0.1   13.2    0.7
3014 |   193 |    3264 |    5356     384    5356 |     768     384     768 |    0.2   12.6    0.7
3015 |   194 |    3287 |    5379     385    5379 |     771     386     771 |    0.2   13.0    0.7
3016 |   194 |    3280 |    5374     385    5374 |     770     385     770 |    0.2   13.0    0.8
3017 |   194 |    3285 |    5366     386    5366 |     772     386     772 |    0.2   12.9    0.7
3018 |   194 |    3243 |    5355     384    5355 |     767     384     767 |    0.1    9.9    0.6
3019 |   194 |    3277 |    5372     387    5372 |     775     387     775 |    0.2   12.9    0.9
3020 |   194 |    3267 |    5357     385    5357 |     770     385     770 |    0.2   13.3    0.7
3021 |   194 |    3282 |    5373     385    5373 |     770     385     770 |    0.2   13.3    0.7
3022 |   193 |    3256 |    5347     383    5347 |     767     383     767 |    0.1   12.9    0.7
3023 |   194 |    2690 |    5360     386    5360 |     771     386     771 |    0.2   10.7    0.6
3024 |   193 |    3261 |    5354     383    5354 |     767     383     767 |    0.1   13.4    0.7
3025 |   194 |    3270 |    5367     385    5367 |     770     385     770 |    0.2   13.9    0.7
3026 |   193 |    3249 |    5340     383    5340 |     766     383     766 |    0.1   13.1    0.7
3027 |   194 |    2506 |    5380     386    5380 |     771     386     771 |    0.2    9.8    0.6
3028 |   193 |    3264 |    5365     384    5365 |     769     384     769 |    0.2   12.7    0.7
3029 |   193 |    2266 |    4568     383    4568 |     766     383     766 |    0.1    9.9    0.6
3030 |   193 |    2102 |    5357     383    5357 |     768     383     768 |    0.2   12.4    0.7
3031 |   194 |    3283 |    5363     386    5363 |     771     386     771 |    0.2   12.6    1.0
3032 |   194 |    3290 |    5369     386    5369 |     772     386     772 |    0.2   13.0    0.7
3033 |   194 |    3264 |    5350     384    5350 |     767     384     767 |    0.2   13.0    0.7
3034 |   194 |    3276 |    5365     385    5365 |     770     385     770 |    0.2   12.5    0.7
3035 |   194 |    3248 |    5316     383    5316 |     768     383     768 |    0.1   12.3    0.7
3036 |   194 |    3282 |    5371     385    5371 |     773     385     773 |    0.2   13.4    0.7
3037 |   194 |    3282 |    5351     386    5351 |     774     386     774 |    0.2   12.9    0.7
3038 |   194 |    3278 |    5369     384    5369 |     769     384     769 |    0.2   13.9    0.7
3039 |   194 |    3261 |    5336     386    5336 |     771     386     771 |    0.2   12.9    0.7
3040 |   194 |    3249 |    5326     384    5326 |     767     384     767 |    0.2    9.3    0.6
3041 |   194 |    2121 |    5364     386    5364 |     772     386     772 |    0.2   10.1    0.6
3042 |   193 |    3259 |    5353     384    5353 |     767     384     767 |    0.1   13.4    0.7
3043 |   192 |    3245 |    4591     383    4591 |     766     383     766 |    0.1    9.8    0.6
3044 |   194 |    3290 |    5385     385    5385 |     771     385     771 |    0.2   12.7    0.7
3045 |   194 |    2114 |    5367     385    5367 |     770     385     770 |    0.2   12.7    0.7
3046 |   194 |    3281 |    5377     385    5377 |     771     385     771 |    0.2   13.3    0.7
3047 |   194 |    2296 |    4606     385    4606 |     770     385     770 |    0.2    9.6    0.6
3048 |   193 |    3265 |    5356     384    5356 |     768     384     768 |    0.2   12.9    0.7
3049 |   192 |    2482 |    5342     384    5342 |     767     384     767 |    0.2   10.1    0.7
3050 |   193 |    3269 |    5364     384    5364 |     768     384     768 |    0.2   12.7    0.7
3051 |   194 |    3279 |    5373     385    5373 |     770     385     770 |    0.2   12.9    0.7
3052 |   194 |    3277 |    5364     386    5364 |     772     386     772 |    0.2   13.1    0.7
3053 |   194 |    2282 |    4595     384    4595 |     768     384     768 |    0.1   11.0    0.8
3054 |   194 |    3278 |    5368     385    5368 |     770     385     770 |    0.3   17.6    0.9
3055 |   193 |    3252 |    5354     383    5354 |     768     384     768 |    0.2   15.4    0.7
3056 |   192 |    3254 |    5358     383    5358 |     767     384     767 |    0.1   13.6    0.7
3057 |   194 |    3292 |    5367     387    5367 |     775     387     775 |    0.2   13.5    0.7
3058 |   193 |    3233 |    4582     384    4582 |     767     384     767 |    0.2    9.4    0.6
3059 |   194 |    3284 |    5365     385    5365 |     771     385     771 |    0.2   12.7    0.8
3060 |   193 |    3267 |    5364     384    5364 |     769     384     769 |    0.2   13.4    0.7
3061 |   194 |    3273 |    5375     385    5375 |     770     385     770 |    0.2   13.0    0.7
3062 |   194 |    3251 |    4599     383    4599 |     768     384     768 |    0.1    9.6    0.6
3063 |   194 |    3287 |    5364     387    5364 |     773     387     773 |    0.2   13.6    0.7
3064 |   194 |    3254 |    5321     384    5321 |     768     384     768 |    0.1   13.8    0.7
3065 |   192 |    3222 |    5294     383    5294 |     765     383     765 |    0.1   12.3    0.7
3066 |   194 |    3287 |    5374     385    5374 |     772     386     772 |    0.2   13.6    0.7
3067 |   194 |    3283 |    5381     385    5381 |     770     385     770 |    0.2   13.1    0.7
3068 |   193 |    3264 |    5362     384    5362 |     768     384     768 |    0.2   12.8    0.7
3069 |   194 |    3267 |    5351     383    5351 |     768     383     768 |    0.2   12.9    0.7
3070 |   194 |    3272 |    5374     385    5374 |     770     385     770 |    0.2   13.2    0.7
3071 |   194 |    2687 |    5372     385    5372 |     770     385     770 |    0.2   12.9    0.7
3072 |   192 |    3248 |    5347     383    5347 |     766     383     766 |    0.1   12.7    0.7
3073 |   194 |    3279 |    5368     384    5368 |     769     384     769 |    0.2   13.1    0.7
3074 |   194 |    2276 |    4576     384    4576 |     767     384     767 |    0.1   10.3    0.8
3075 |   194 |    3261 |    5358     384    5358 |     768     384     768 |    0.2   12.8    0.7
3076 |   194 |    3277 |    5358     385    5358 |     770     385     770 |    0.2   13.1    0.7
3077 |   194 |    3279 |    5374     385    5374 |     770     385     770 |    0.2   13.5    0.7
3078 |   193 |    3273 |    5368     385    5368 |     770     385     770 |    0.2   13.7    0.8
3079 |   194 |    3287 |    5380     385    5380 |     770     385     770 |    0.2   13.3    0.7
3080 |   193 |    3263 |    5354     384    5354 |     769     384     769 |    0.2   13.7    0.8
3081 |   194 |    3267 |    5353     384    5353 |     768     384     768 |    0.2   12.6    0.7
3082 |   194 |    3256 |    4602     384    4602 |     767     384     767 |    0.1    9.6    0.6
3083 |   194 |    3274 |    5370     384    5370 |     769     384     769 |    0.2   13.3    0.7
3084 |   194 |    3282 |    5373     385    5373 |     771     385     771 |    0.2   13.1    0.7
3085 |   194 |    3281 |    5376     385    5376 |     770     385     770 |    0.2   12.8    0.7
3086 |   194 |    3271 |    5355     384    5355 |     770     384     770 |    0.2   12.4    0.7
3087 |   194 |    3268 |    5353     384    5353 |     767     384     767 |    0.2   13.7    0.7
3088 |   194 |    2290 |    5364     385    5364 |     770     385     770 |    0.2   13.0    0.7
3089 |   194 |    2116 |    5374     385    5374 |     771     385     771 |    0.2   13.6    0.7
3090 |   194 |    3289 |    5378     386    5378 |     772     386     772 |    0.2   12.8    0.7
3091 |   194 |    3262 |    5368     384    5368 |     769     384     769 |    0.2   12.9    0.7
3092 |   194 |    3263 |    5352     384    5352 |     768     384     768 |    0.2   13.1    1.1
3093 |   193 |    2449 |    4550     383    4550 |     767     383     767 |    0.3   10.1    0.6
3094 |   194 |    3259 |    5363     384    5363 |     768     384     768 |    0.2   13.4    0.7
3095 |   194 |    3293 |    5385     386    5385 |     772     386     772 |    0.2   13.4    0.7
3096 |   194 |    3237 |    4585     384    4585 |     768     384     768 |    0.1    9.5    0.7
3097 |   193 |    3260 |    5348     384    5348 |     768     383     768 |    0.2   12.6    0.7
3098 |   194 |    2124 |    5376     387    5376 |     773     387     773 |    0.2   13.7    0.7
3099 |   194 |    2111 |    5364     384    5364 |     770     385     770 |    0.2   13.7    0.8
3100 |   194 |    3277 |    5372     385    5372 |     770     385     770 |    0.3    9.7    0.6
3101 |   194 |    3215 |    4564     384    4564 |     767     384     767 |    0.1   10.2    0.6
3102 |   192 |    3252 |    5353     383    5353 |     767     383     767 |    0.1   13.0    0.7
3103 |   194 |    3291 |    5366     387    5366 |     774     387     774 |    0.2   12.8    0.7
3104 |   194 |    3238 |    5286     384    5286 |     769     384     769 |    0.1   12.0    0.7
3105 |   194 |    3266 |    5350     384    5350 |     768     384     768 |    0.2   13.3    0.7
3106 |   194 |    3282 |    5365     386    5365 |     772     386     772 |    0.2   12.5    0.7
3107 |   193 |    3262 |    5353     384    5353 |     768     384     768 |    0.2   13.2    0.7
3108 |   194 |    3270 |    5352     384    5352 |     768     384     768 |    0.2   12.9    0.7
3109 |   194 |    2114 |    5371     384    5371 |     769     384     769 |    0.2   12.7    0.7
3110 |   194 |    2501 |    5369     385    5369 |     771     385     771 |    0.2   13.2    0.7
3111 |   194 |    3275 |    5359     385    5359 |     771     385     771 |    0.2   12.8    0.7
3112 |   194 |    2667 |    5368     384    5368 |     769     384     769 |    0.2   13.2    0.7
3113 |   194 |    2105 |    5367     384    5367 |     769     384     769 |    0.2   13.2    0.8
3114 |   193 |    3272 |    5351     385    5351 |     771     385     771 |    0.2   13.1    0.7
3115 |   192 |    3247 |    4596     384    4596 |     767     384     767 |    0.2   10.1    0.6
3116 |   194 |    3277 |    5375     385    5375 |     770     385     770 |    0.2   14.5    0.7
3117 |   194 |    3222 |    4566     383    4566 |     768     383     768 |    0.1    9.8    0.6
3118 |   193 |    3267 |    5362     384    5362 |     769     384     769 |    0.2   12.8    0.7
3119 |   193 |    3270 |    5371     384    5371 |     769     385     769 |    0.2   13.0    0.7
3120 |   194 |    3274 |    4616     385    4616 |     770     385     770 |    0.2   10.2    0.6
3121 |   194 |    3282 |    5375     385    5375 |     770     385     770 |    0.2   13.6    0.7
3122 |   194 |    3271 |    5368     384    5368 |     769     384     769 |    0.2   13.1    0.7
3123 |   194 |    2501 |    5367     385    5367 |     770     385     770 |    0.2    9.9    0.6
3124 |   194 |    3287 |    5381     385    5381 |     771     385     771 |    0.2   13.1    0.7
3125 |   194 |    3270 |    5358     384    5358 |     768     384     768 |    0.2   13.3    0.7
3126 |   194 |    2131 |    5353     387    5353 |     773     386     773 |    0.2   10.2    0.6
3127 |   194 |    3287 |    5366     386    5366 |     772     386     772 |    0.2   12.8    0.7
3128 |   194 |    3277 |    5365     384    5365 |     769     384     769 |    0.2   13.5    0.7
3129 |   194 |    3285 |    5384     386    5384 |     771     386     771 |    0.2   13.6    0.7
3130 |   193 |    2872 |    5342     384    5342 |     767     384     767 |    0.2    9.9    0.6
3131 |   192 |    3217 |    4565     383    4565 |     765     383     765 |    0.3    9.8    0.6
3132 |   194 |    3273 |    5362     385    5362 |     771     386     771 |    0.2   12.9    0.7
3133 |   194 |    3274 |    5370     385    5370 |     770     385     770 |    0.2   12.9    0.7
3134 |   194 |    3254 |    5321     384    5321 |     767     384     767 |    0.1   14.9    0.9
3135 |   194 |    3265 |    5350     384    5350 |     767     384     767 |    0.2   14.5    0.7
3136 |   194 |    2852 |    5315     385    5315 |     771     385     771 |    0.2   10.4    0.6
3137 |   194 |    3282 |    5370     385    5370 |     769     385     769 |    0.2   13.5    0.7
3138 |   194 |    3282 |    5380     385    5380 |     771     385     771 |    0.2   13.7    0.7
3139 |   193 |    2883 |    5344     385    5344 |     770     385     770 |    0.3   10.0    0.6
3140 |   193 |    3258 |    5355     383    5355 |     768     384     768 |    0.1   12.9    0.7
3141 |   194 |    3273 |    4614     385    4614 |     770     385     770 |    0.2    9.7    0.6
3142 |   194 |    3261 |    5362     384    5362 |     768     384     768 |    0.2   13.2    0.7
3143 |   193 |    3264 |    5358     384    5358 |     769     384     769 |    0.2   12.0    0.7
3144 |   193 |    3256 |    5352     383    5352 |     766     383     766 |    0.1   12.8    0.7
3145 |   194 |    3277 |    5366     384    5366 |     768     384     768 |    0.2   13.5    0.7
3146 |   194 |    3288 |    5374     385    5374 |     771     385     771 |    0.2   13.7    0.7
3147 |   191 |    3210 |    4545     384    4545 |     767     384     767 |    0.1    9.2    0.6
3148 |   194 |    3270 |    5362     384    5362 |     768     384     768 |    0.2   13.2    0.7
3149 |   194 |    3286 |    5375     385    5375 |     771     385     771 |    0.2   13.2    0.7
3150 |   194 |    3266 |    5371     384    5371 |     768     384     768 |    0.2   13.0    0.7
3151 |   194 |    3283 |    5366     385    5366 |     770     385     770 |    0.2   12.8    0.7
3152 |   193 |    3251 |    5330     384    5330 |     767     384     767 |    0.1   12.6    0.7
3153 |   194 |    3272 |    5362     384    5362 |     768     384     768 |    0.2   12.1    0.7
3154 |   194 |    3279 |    5364     386    5364 |     772     386     772 |    0.2   13.4    0.7
3155 |   194 |    3287 |    5375     385    5375 |     771     385     771 |    0.2   13.1    0.7
3156 |   193 |    3236 |    5298     383    5298 |     767     383     767 |    0.2   12.6    0.7
3157 |   193 |    3262 |    5349     384    5349 |     768     384     768 |    0.2   14.0    0.7
3158 |   193 |    3255 |    5340     383    5340 |     767     383     767 |    0.1   13.3    0.7
3159 |   194 |    3293 |    5384     385    5384 |     771     386     771 |    0.2   13.5    0.7
3160 |   193 |    3262 |    5353     384    5353 |     770     384     770 |    0.2   13.3    0.7
3161 |   194 |    3284 |    5373     386    5373 |     771     386     771 |    0.2   13.7    1.3
3162 |   193 |    3267 |    5360     386    5360 |     771     386     771 |    0.2   12.7    0.7
3163 |   193 |    3262 |    5350     384    5350 |     767     384     767 |    0.1   13.2    0.7
3164 |   194 |    3281 |    5376     385    5376 |     771     385     771 |    0.2   13.2    0.7
3165 |   194 |    2488 |    5368     385    5368 |     770     385     770 |    0.2    9.4    0.6
3166 |   194 |    3283 |    5367     386    5367 |     771     386     771 |    0.2   13.8    0.7
3167 |   191 |    3221 |    4564     383    4564 |     765     383     765 |    0.1    9.2    0.6
3168 |   194 |    3282 |    5378     385    5378 |     770     385     770 |    0.4   13.5    0.7
3169 |   192 |    3251 |    5350     383    5350 |     766     383     766 |    0.1   12.8    0.7
3170 |   194 |    3284 |    5380     385    5380 |     771     385     771 |    0.2   12.7    0.7
3171 |   194 |    3273 |    5372     385    5372 |     770     385     770 |    0.2   13.0    0.7
3172 |   194 |    3274 |    5377     385    5377 |     770     385     770 |    0.2   13.3    0.7
3173 |   194 |    2299 |    5370     385    5370 |     771     385     771 |    0.2   13.0    0.7
3174 |   194 |    3275 |    5373     385    5373 |     770     385     770 |    0.2   13.8    0.7
3175 |   193 |    3262 |    5355     383    5355 |     767     383     767 |    0.2   13.7    0.7
3176 |   194 |    3278 |    5376     385    5376 |     770     385     770 |    0.2   13.8    0.7
3177 |   194 |    3289 |    5380     386    5380 |     772     386     772 |    0.2   14.0    0.7
3178 |   193 |    3255 |    4600     384    4600 |     768     384     768 |    0.2    9.6    0.6
3179 |   194 |    3288 |    5365     387    5365 |     774     387     774 |    0.2   12.6    0.7
3180 |   194 |    3278 |    5370     386    5370 |     771     386     771 |    0.2   12.9    0.7
3181 |   194 |    3279 |    5370     385    5370 |     771     385     771 |    0.2   13.0    0.7
3182 |   194 |    3277 |    5365     385    5365 |     770     385     770 |    0.2   13.0    0.7
3183 |   194 |    3253 |    5337     384    5337 |     767     384     767 |    0.1   12.2    1.1
3184 |   194 |    3277 |    5376     384    5376 |     769     385     769 |    0.2   13.6    0.7
3185 |   194 |    2121 |    5377     386    5377 |     772     386     772 |    0.4   12.5    0.7
3186 |   194 |    3279 |    5370     384    5370 |     769     384     769 |    0.2   13.2    0.7
3187 |   194 |    2291 |    4600     384    4600 |     769     384     769 |    0.2   10.2    0.6
3188 |   194 |    3274 |    5369     384    5369 |     769     385     769 |    0.2   12.9    0.7
3189 |   194 |    3276 |    5363     384    5363 |     768     384     768 |    0.2   13.1    0.7
3190 |   194 |    2888 |    5371     385    5371 |     770     385     770 |    0.2    9.7    0.6
3191 |   193 |    3272 |    5371     384    5371 |     769     384     769 |    0.2   13.1    0.7
3192 |   193 |    2276 |    4580     384    4580 |     768     384     768 |    0.1   10.6    0.6
3193 |   194 |    2296 |    5377     385    5377 |     770     385     770 |    0.2   14.0    0.7
3194 |   194 |    3239 |    4587     384    4587 |     768     384     768 |    0.1    9.9    0.6
3195 |   193 |    3273 |    5368     384    5368 |     768     384     768 |    0.2   13.0    0.7
3196 |   194 |    3286 |    5374     386    5374 |     772     386     772 |    0.2   13.2    0.7
3197 |   193 |    3261 |    5343     384    5343 |     771     384     771 |    0.2   13.1    0.7
3198 |   194 |    3256 |    5324     384    5324 |     769     384     769 |    0.1   14.0    0.7
3199 |   194 |    2685 |    5358     385    5358 |     770     385     770 |    0.3   10.1    0.6
3200 |   194 |    3266 |    5354     384    5354 |     768     384     768 |    0.2   13.1    0.7
3201 |   194 |    3268 |    5354     384    5354 |     768     384     768 |    0.2   13.3    0.7
3202 |   193 |    2290 |    5362     384    5362 |     768     384     768 |    0.1   13.0    0.7
3203 |   194 |    3278 |    5371     384    5371 |     769     384     769 |    0.2   12.4    0.9
3204 |   194 |    3279 |    5360     386    5360 |     772     386     772 |    0.2   10.1    0.7
3205 |   193 |    3256 |    5328     388    5328 |     778     388     778 |    0.2   13.1    0.7
3206 |   194 |    3280 |    5377     385    5377 |     769     385     769 |    0.2   13.5    0.7
3207 |   194 |    3272 |    5356     385    5356 |     769     385     769 |    0.2   13.3    0.7
3208 |   193 |    3261 |    5362     384    5362 |     768     384     768 |    0.2   12.8    0.7
3209 |   194 |    3279 |    5373     385    5373 |     770     385     770 |    0.2   12.7    0.7
3210 |   194 |    3274 |    5370     384    5370 |     769     384     769 |    0.3   12.7    0.8
3211 |   194 |    3277 |    5369     385    5369 |     769     385     769 |    0.2   12.8    0.7
3212 |   194 |    3286 |    5380     385    5380 |     770     385     770 |    0.2   13.6    0.7
3213 |   192 |    2476 |    5341     383    5341 |     766     383     766 |    0.1   13.1    0.7
3214 |   193 |    2296 |    5359     386    5359 |     771     386     771 |    0.3   13.7    0.7
3215 |   194 |    3277 |    5374     385    5374 |     770     385     770 |    0.2   13.6    0.7
3216 |   194 |    2699 |    5379     385    5379 |     771     385     771 |    0.2   10.4    0.6
3217 |   194 |    3287 |    5370     387    5370 |     773     387     773 |    0.2   13.8    0.7
3218 |   194 |    3282 |    5364     386    5364 |     772     386     772 |    0.2   12.8    0.9
3219 |   194 |    3276 |    5362     385    5362 |     769     385     769 |    0.3   13.3    0.7
3220 |   194 |    3278 |    5374     385    5374 |     770     385     770 |    0.2   12.9    0.7
3221 |   192 |    3241 |    4592     383    4592 |     767     383     767 |    0.2    9.4    0.6
3222 |   194 |    2103 |    5364     384    5364 |     768     384     768 |    0.1   13.3    0.7
3223 |   193 |    3250 |    4594     384    4594 |     768     384     768 |    0.1    9.6    0.6
3224 |   194 |    3285 |    5371     386    5371 |     772     386     772 |    0.2   12.5    0.7
3225 |   194 |    2515 |    5366     386    5366 |     773     386     773 |    0.2   10.5    0.6
3226 |   194 |    3277 |    5368     385    5368 |     770     385     770 |    0.2   13.1    0.7
3227 |   194 |    3281 |    5372     385    5372 |     771     385     771 |    0.2   12.8    0.7
3228 |   192 |    3246 |    5345     383    5345 |     766     383     766 |    0.2   13.0    0.7
3229 |   194 |    3269 |    5360     384    5360 |     767     384     767 |    0.2   13.4    0.7
3230 |   193 |    3262 |    5358     384    5358 |     768     384     768 |    0.2   14.1    0.7
3231 |   194 |    3281 |    5370     385    5370 |     770     385     770 |    0.2   13.2    0.7
3232 |   194 |    2507 |    5369     384    5369 |     769     385     769 |    0.2    9.9    0.6
3233 |   193 |    3261 |    5344     386    5344 |     771     386     771 |    0.2   13.0    0.7
3234 |   194 |    3261 |    5360     383    5360 |     768     384     768 |    0.2   13.7    0.7
3235 |   193 |    3267 |    5355     384    5355 |     769     384     769 |    0.2   13.9    0.7
3236 |   193 |    2087 |    4583     383    4583 |     766     383     766 |    0.1    9.8    0.6
3237 |   194 |    3286 |    5368     386    5368 |     772     386     772 |    0.2   13.4    0.7
3238 |   194 |    3242 |    4590     383    4590 |     767     383     767 |    0.1    9.5    0.7
3239 |   193 |    2461 |    4570     383    4570 |     767     383     767 |    0.1    9.8    0.6
3240 |   194 |    2098 |    4593     384    4593 |     768     384     768 |    0.1   10.5    0.6
3241 |   194 |    3251 |    5313     384    5313 |     769     384     769 |    0.1   13.0    0.7
3242 |   194 |    2098 |    4591     384    4591 |     768     384     768 |    0.1    9.3    0.6
3243 |   194 |    3289 |    5379     386    5379 |     772     386     772 |    0.2   12.8    0.7
3244 |   194 |    2295 |    5360     385    5360 |     770     385     770 |    0.2   12.2    0.7
3245 |   194 |    2447 |    4556     384    4556 |     768     384     768 |    0.1   10.1    0.6
3246 |   194 |    3274 |    5369     385    5369 |     770     385     770 |    0.2   13.5    0.7
3247 |   194 |    3265 |    5361     384    5361 |     769     384     769 |    0.2   13.1    0.7
3248 |   194 |    3277 |    5376     385    5376 |     771     385     771 |    0.2   13.3    0.7
3249 |   193 |    2477 |    4589     384    4589 |     768     384     768 |    0.2    9.4    0.6
3250 |   194 |    3268 |    5360     385    5360 |     771     385     771 |    0.2   13.0    0.7
3251 |   193 |    2494 |    5356     385    5356 |     769     385     769 |    0.2   10.3    0.6
3252 |   192 |    3237 |    4585     383    4585 |     765     383     765 |    0.1    9.8    0.6
3253 |   194 |    3266 |    5352     384    5352 |     767     384     767 |    0.2   16.5    0.9
3254 |   194 |    3281 |    5367     385    5367 |     771     386     771 |    0.3   18.1    0.8
3255 |   194 |    2504 |    5371     385    5371 |     769     385     769 |    0.2   13.2    0.7
3256 |   194 |    3225 |    4575     384    4575 |     768     384     768 |    0.2    9.5    0.6
3257 |   194 |    3241 |    4589     385    4589 |     769     385     769 |    0.2    9.5    0.6
3258 |   194 |    3285 |    5381     385    5381 |     771     385     771 |    0.2   12.9    0.7
3259 |   194 |    3280 |    5361     386    5361 |     771     386     771 |    0.2   13.3    0.7
3260 |   194 |    3268 |    5358     384    5358 |     770     384     770 |    0.2   12.9    0.7
3261 |   194 |    3282 |    5379     385    5379 |     771     385     771 |    0.2   13.4    1.1
3262 |   194 |    3264 |    5359     385    5359 |     770     385     770 |    0.2   12.3    0.7
3263 |   194 |    2684 |    5319     386    5319 |     772     386     772 |    0.2   10.5    0.6
3264 |   194 |    3276 |    5364     385    5364 |     770     385     770 |    0.2   13.2    0.7
3265 |   194 |    3287 |    5380     385    5380 |     770     385     770 |    0.2   13.1    0.7
3266 |   194 |    2491 |    5364     384    5364 |     769     384     769 |    0.2   12.3    0.7
3267 |   194 |    3272 |    5362     384    5362 |     767     384     767 |    0.2   13.4    0.7
3268 |   194 |    2104 |    4600     384    4600 |     768     384     768 |    0.1   10.2    0.6
3269 |   194 |    3279 |    5375     384    5375 |     770     384     770 |    0.2   13.5    0.7
3270 |   194 |    3287 |    5370     385    5370 |     771     385     771 |    0.2   13.6    0.7
3271 |   194 |    3267 |    5359     384    5359 |     768     384     768 |    0.2   14.1    0.7
3272 |   194 |    2108 |    5367     384    5367 |     769     384     769 |    0.2   13.7    0.7
3273 |   194 |    3277 |    5362     384    5362 |     769     384     769 |    0.2   12.8    0.7
3274 |   194 |    3277 |    5374     385    5374 |     770     385     770 |    0.2   13.2    0.7
3275 |   194 |    3272 |    5358     385    5358 |     773     385     773 |    0.2   12.6    0.7
3276 |   193 |    3259 |    5350     383    5350 |     768     383     768 |    0.2   13.0    0.8
3277 |   194 |    2280 |    4572     384    4572 |     769     384     769 |    0.1    9.7    0.6
3278 |   194 |    3280 |    4617     385    4617 |     770     385     770 |    0.2   10.2    0.6
3279 |   194 |    3272 |    5370     385    5370 |     769     385     769 |    0.2   13.7    0.7
3280 |   194 |    2493 |    5354     385    5354 |     771     385     771 |    0.2    9.6    0.6
3281 |   194 |    3272 |    5370     385    5370 |     770     385     770 |    0.2   13.1    0.7
3282 |   194 |    2506 |    5374     386    5374 |     772     386     772 |    0.3   12.2    0.7
3283 |   193 |    3253 |    5329     384    5329 |     768     384     768 |    0.1   12.7    0.7
3284 |   193 |    3243 |    5319     383    5319 |     766     383     766 |    0.1   12.5    0.6
3285 |   194 |    3283 |    5377     385    5377 |     770     385     770 |    0.2   13.7    0.7
3286 |   193 |    3265 |    5367     384    5367 |     769     384     769 |    0.2   13.1    0.7
3287 |   194 |    3282 |    5378     386    5378 |     771     386     771 |    0.2   13.7    0.7
3288 |   194 |    3282 |    5380     385    5380 |     770     385     770 |    0.3   13.1    0.7
3289 |   194 |    3260 |    4607     384    4607 |     768     384     768 |    0.2    9.3    0.6
3290 |   194 |    3277 |    5372     385    5372 |     771     385     771 |    0.2   13.9    0.7
3291 |   194 |    3277 |    5359     385    5359 |     769     385     769 |    0.2   13.5    0.7
3292 |   193 |    3260 |    5361     383    5361 |     767     384     767 |    0.2   14.0    0.7
3293 |   194 |    2875 |    5371     385    5371 |     770     385     770 |    0.2    9.9    0.6
3294 |   194 |    2121 |    5378     385    5378 |     772     386     772 |    0.2   14.1    0.7
3295 |   194 |    3291 |    5387     385    5387 |     771     385     771 |    0.2   14.2    0.7
3296 |   194 |    2477 |    4598     384    4598 |     767     384     767 |    0.1    9.3    0.6
3297 |   193 |    3259 |    5359     385    5359 |     769     385     769 |    0.2   13.5    0.7
3298 |   194 |    2267 |    4578     384    4578 |     769     384     769 |    0.1   10.3    0.6
3299 |   194 |    3277 |    5374     385    5374 |     770     385     770 |    0.2   13.1    0.7
3300 |   194 |    3286 |    5381     386    5381 |     771     386     771 |    0.2   14.0    0.7
3301 |   193 |    3265 |    5356     384    5356 |     769     384     769 |    0.2   13.5    0.7
3302 |   191 |    3237 |    4582     383    4582 |     765     383     765 |    0.1    9.8    0.6
3303 |   194 |    3280 |    5376     385    5376 |     770     385     770 |    0.2   13.2    0.7
3304 |   194 |    3280 |    5369     384    5369 |     769     384     769 |    0.2   13.9    0.7
3305 |   193 |    3254 |    5334     383    5334 |     768     383     768 |    0.1   13.5    0.7
3306 |   194 |    2286 |    5369     384    5369 |     768     384     768 |    0.2   13.0    0.7
3307 |   193 |    3260 |    5360     384    5360 |     769     384     769 |    0.2   13.5    0.7
3308 |   194 |    3276 |    5363     384    5363 |     769     384     769 |    0.2   12.7    0.7
3309 |   194 |    2697 |    5379     385    5379 |     770     385     770 |    0.2   13.1    0.7
3310 |   193 |    3248 |    4594     384    4594 |     767     383     767 |    0.2    9.4    0.7
3311 |   194 |    3289 |    5384     385    5384 |     771     385     771 |    0.3   13.3    0.7
3312 |   194 |    3268 |    5367     385    5367 |     771     385     771 |    0.2   12.9    0.7
3313 |   193 |    3260 |    5349     384    5349 |     767     384     767 |    0.2   13.3    0.7
3314 |   194 |    2286 |    4578     384    4578 |     768     384     768 |    0.1    9.7    0.6
3315 |   194 |    2683 |    5337     385    5337 |     771     386     771 |    0.2    9.8    0.6
3316 |   193 |    3261 |    5362     384    5362 |     767     384     767 |    0.2   13.2    0.7
3317 |   194 |    2119 |    5377     385    5377 |     770     385     770 |    0.3   10.2    0.6
3318 |   191 |    3219 |    4566     383    4566 |     765     383     765 |    0.1    9.2    0.6
3319 |   193 |    3244 |    5326     383    5326 |     767     383     767 |    0.1   12.5    0.7
3320 |   193 |    3248 |    5336     383    5336 |     766     383     766 |    0.1   12.8    0.8
3321 |   194 |    3275 |    5373     385    5373 |     770     385     770 |    0.2   12.9    0.7
3322 |   194 |    3283 |    5351     387    5351 |     773     387     773 |    0.2   12.9    0.7
3323 |   193 |    3267 |    4604     385    4604 |     769     385     769 |    0.2   12.4    0.8
3324 |   194 |    3288 |    5377     386    5377 |     771     386     771 |    0.3   14.4    0.7
3325 |   194 |    3285 |    5370     385    5370 |     771     385     771 |    0.2   12.0    0.7
3326 |   194 |    3279 |    5364     384    5364 |     769     384     769 |    0.2   13.2    0.7
3327 |   194 |    2307 |    5379     386    5379 |     772     386     772 |    0.2   13.5    0.7
3328 |   194 |    3261 |    5369     384    5369 |     769     384     769 |    0.2   14.1    0.7
3329 |   194 |    3285 |    5361     387    5361 |     773     387     773 |    0.2   13.3    0.8
3330 |   194 |    3269 |    5354     384    5354 |     768     384     768 |    0.2   13.0    1.4
3331 |   193 |    3262 |    5355     384    5355 |     768     384     768 |    0.3   13.2    0.7
3332 |   194 |    3277 |    5373     385    5373 |     770     385     770 |    0.2   12.6    0.7
3333 |   194 |    3247 |    4591     385    4591 |     770     385     770 |    0.1    9.5    0.6
3334 |   194 |    3199 |    4549     384    4549 |     768     384     768 |    0.1   10.2    0.8
3335 |   192 |    3237 |    4588     383    4588 |     765     383     765 |    0.2   12.6    0.6
3336 |   194 |    3289 |    5383     386    5383 |     772     386     772 |    0.2   12.9    0.7
3337 |   194 |    2680 |    5372     385    5372 |     770     385     770 |    0.2   13.4    0.7
3338 |   194 |    3253 |    4601     384    4601 |     768     384     768 |    0.1    9.6    0.6
3339 |   194 |    3282 |    5363     386    5363 |     772     386     772 |    0.2   12.7    0.7
3340 |   194 |    3288 |    5375     386    5375 |     772     386     772 |    0.2   13.6    0.8
3341 |   194 |    3285 |    5375     386    5375 |     771     386     771 |    0.2   13.2    0.7
3342 |   194 |    3275 |    5376     385    5376 |     770     385     770 |    0.2   13.6    0.8
3343 |   192 |    3240 |    5340     383    5340 |     766     383     766 |    0.2   12.7    0.8
3344 |   194 |    3273 |    5354     385    5354 |     770     385     770 |    0.3   13.6    0.7
3345 |   194 |    3277 |    5370     385    5370 |     771     386     771 |    0.2   14.2    0.7
3346 |   194 |    3285 |    5383     385    5383 |     770     385     770 |    0.2   12.9    0.7
3347 |   194 |    3278 |    5373     386    5373 |     771     386     771 |    0.2   13.2    0.7
3348 |   193 |    3266 |    5362     384    5362 |     769     384     769 |    0.3   12.8    0.7
3349 |   193 |    3273 |    5361     385    5361 |     770     385     770 |    0.2   13.1    0.7
3350 |   194 |    2484 |    5364     384    5364 |     768     384     768 |    0.2   12.9    0.7
3351 |   193 |    2290 |    5364     384    5364 |     769     384     769 |    0.2   13.0    0.7
3352 |   194 |    2298 |    5382     385    5382 |     770     385     770 |    0.2   12.9    0.7
3353 |   193 |    3265 |    5355     384    5355 |     769     384     769 |    0.2   12.9    0.7
3354 |   194 |    3275 |    5359     385    5359 |     770     385     770 |    0.2   13.4    0.7
3355 |   194 |    3291 |    5377     386    5377 |     773     386     773 |    0.2   13.0    0.7
3356 |   194 |    3289 |    5381     385    5381 |     771     385     771 |    0.2   13.1    0.7
3357 |   193 |    3262 |    5340     384    5340 |     768     384     768 |    0.2   12.6    0.7
3358 |   194 |    2115 |    4614     385    4614 |     770     385     770 |    0.2   10.7    0.6
3359 |   194 |    3249 |    5358     384    5358 |     768     384     768 |    0.2    9.8    0.6
3360 |   194 |    3264 |    5370     384    5370 |     769     385     769 |    0.2   13.2    0.7
3361 |   194 |    3280 |    5359     385    5359 |     771     386     771 |    0.2   13.2    0.7
3362 |   194 |    3264 |    4606     384    4606 |     768     384     768 |    0.2   10.4    0.6
3363 |   193 |    3269 |    5352     385    5352 |     770     385     770 |    0.2   12.8    0.7
3364 |   194 |    3267 |    5365     385    5365 |     770     385     770 |    0.2   13.3    0.7
3365 |   194 |    3261 |    5349     384    5349 |     767     384     767 |    0.2   13.3    0.7
3366 |   194 |    3280 |    5374     385    5374 |     770     385     770 |    0.2   13.0    0.7
3367 |   194 |    3283 |    5379     385    5379 |     771     385     771 |    0.3   13.8    0.7
3368 |   194 |    3274 |    5367     385    5367 |     770     385     770 |    0.2   17.2    0.8
3369 |   194 |    3270 |    5351     384    5351 |     768     384     768 |    0.2   13.0    0.7
3370 |   194 |    3259 |    5328     384    5328 |     768     384     768 |    0.1   12.9    0.7
3371 |   194 |    3285 |    5361     385    5361 |     771     385     771 |    0.2   12.7    0.7
3372 |   194 |    3285 |    5368     387    5368 |     773     387     773 |    0.2   12.8    0.7
3373 |   194 |    3282 |    5378     385    5378 |     770     385     770 |    0.2   12.4    0.7
3374 |   194 |    3281 |    5368     385    5368 |     771     385     771 |    0.2   12.7    0.7
3375 |   194 |    3268 |    5362     384    5362 |     767     383     767 |    0.2   13.3    0.7
3376 |   194 |    3237 |    5345     384    5345 |     768     384     768 |    0.2    9.8    0.6
3377 |   194 |    3276 |    5370     385    5370 |     770     385     770 |    0.2   13.0    0.7
3378 |   194 |    2117 |    5375     385    5375 |     770     385     770 |    0.2   13.2    0.7
3379 |   194 |    3286 |    5371     386    5371 |     773     386     773 |    0.2   13.2    0.7
3380 |   194 |    3291 |    5379     386    5379 |     771     385     771 |    0.2   13.6    0.7
3381 |   194 |    3290 |    5381     386    5381 |     772     386     772 |    0.2   13.3    0.7
3382 |   194 |    3270 |    5373     385    5373 |     769     385     769 |    0.2   13.4    0.7
3383 |   192 |    3249 |    5351     384    5351 |     767     384     767 |    0.1   12.3    0.7
3384 |   192 |    3243 |    5340     383    5340 |     766     383     766 |    0.3   13.2    0.7
3385 |   194 |    3267 |    5366     385    5366 |     770     385     770 |    0.2   12.8    0.7
3386 |   193 |    3275 |    5372     385    5372 |     770     385     770 |    0.2   13.4    0.7
3387 |   193 |    2291 |    5345     384    5345 |     768     384     768 |    0.2   10.2    0.6
3388 |   194 |    3274 |    5372     384    5372 |     769     384     769 |    0.2   13.2    0.7
3389 |   194 |    3277 |    5359     385    5359 |     771     385     771 |    0.2   12.8    0.7
3390 |   194 |    3285 |    5369     385    5369 |     771     385     771 |    0.2   13.4    0.7
3391 |   194 |    3285 |    5375     385    5375 |     771     385     771 |    0.2   13.1    0.7
3392 |   194 |    3264 |    4595     384    4595 |     767     384     767 |    0.2    9.8    0.6
3393 |   194 |    3271 |    5373     385    5373 |     770     385     770 |    0.2   13.8    0.9
3394 |   194 |    2866 |    5352     385    5352 |     769     385     769 |    0.2   10.9    0.6
3395 |   194 |    3270 |    5358     386    5358 |     773     386     773 |    0.2   14.0    0.8
3396 |   193 |    3264 |    5353     384    5353 |     768     384     768 |    0.2   13.9    0.7
3397 |   194 |    3173 |    4527     384    4527 |     769     384     769 |    0.1    9.2    0.6
3398 |   194 |    3277 |    5365     385    5365 |     769     385     769 |    0.4   13.5    0.7
3399 |   194 |    3283 |    4615     385    4615 |     770     385     770 |    0.2   11.0    0.8
3400 |   194 |    3269 |    5373     384    5373 |     769     384     769 |    0.2   14.5    0.7
3401 |   194 |    2109 |    5371     385    5371 |     769     385     769 |    0.2   16.4    0.9
3402 |   194 |    3268 |    5349     384    5349 |     768     384     768 |    0.3   14.1    0.7
3403 |   193 |    2486 |    5351     385    5351 |     769     385     769 |    0.2   11.3    0.8
3404 |   194 |    3268 |    5373     384    5373 |     769     384     769 |    0.3   16.2    0.7
3405 |   194 |    3275 |    5360     386    5360 |     772     386     772 |    0.3   14.6    0.7
3406 |   194 |    2115 |    5367     386    5367 |     771     386     771 |    0.2   12.9    0.7
3407 |   194 |    3271 |    5365     384    5365 |     770     385     770 |    0.2   13.8    0.7
3408 |   193 |    3270 |    5361     385    5361 |     770     385     770 |    0.2   14.2    0.9
3409 |   194 |    3237 |    4585     384    4585 |     768     384     768 |    0.2   12.3    0.6
3410 |   194 |    3283 |    5375     386    5375 |     772     386     772 |    0.2   13.6    0.7
3411 |   194 |    3284 |    5383     385    5383 |     770     385     770 |    0.2   13.7    0.8
3412 |   194 |    3284 |    5379     385    5379 |     771     385     771 |    0.5   13.3    1.2
3413 |   194 |    3287 |    5370     385    5370 |     772     385     772 |    0.3   12.8    0.9
3414 |   194 |    3288 |    5382     385    5382 |     771     385     771 |    0.3   13.6    0.7
3415 |   194 |    3272 |    5374     385    5374 |     770     385     770 |    0.2   13.4    0.7
3416 |   194 |    3254 |    4598     384    4598 |     769     384     769 |    0.1    9.8    0.6
3417 |   193 |    2093 |    4588     383    4588 |     767     383     767 |    0.1   10.3    0.6
3418 |   194 |    3281 |    5372     385    5372 |     771     385     771 |    0.3   14.0    0.7
3419 |   194 |    3278 |    5370     385    5370 |     770     385     770 |    0.2   13.8    0.8
3420 |   193 |    3270 |    5363     384    5363 |     769     384     769 |    0.2   13.7    0.7
3421 |   194 |    3268 |    5368     384    5368 |     769     384     769 |    0.2   14.6    0.7
3422 |   194 |    3274 |    5367     384    5367 |     769     384     769 |    0.2   13.2    0.7
3423 |   192 |    2682 |    5317     386    5317 |     772     386     772 |    0.3   10.2    0.7
3424 |   192 |    3238 |    5320     383    5320 |     766     383     766 |    0.2   12.6    0.7
3425 |   193 |    3261 |    4595     383    4595 |     767     383     767 |    0.2   10.8    0.6
3426 |   194 |    3280 |    5358     385    5358 |     770     385     770 |    0.2   14.0    0.7
3427 |   194 |    3274 |    5375     385    5375 |     770     385     770 |    0.3   14.1    0.7
3428 |   193 |    3268 |    4606     384    4606 |     769     384     769 |    0.2    9.5    0.6
3429 |   194 |    3291 |    5386     385    5386 |     771     385     771 |    0.2   13.0    0.7
3430 |   194 |    2687 |    5365     386    5365 |     772     386     772 |    0.2   14.7    0.7
3431 |   194 |    2499 |    5363     384    5363 |     768     384     768 |    0.2   13.2    0.7
3432 |   193 |    3269 |    5358     385    5358 |     770     385     770 |    0.2   13.7    0.7
3433 |   194 |    3267 |    5345     386    5345 |     773     386     773 |    0.2   12.7    0.7
3434 |   194 |    3281 |    5367     385    5367 |     770     385     770 |    0.2   14.6    0.7
3435 |   193 |    3250 |    4593     385    4593 |     770     385     770 |    0.2   10.2    0.6
3436 |   194 |    3286 |    5380     385    5380 |     770     385     770 |    0.2   14.3    0.7
3437 |   194 |    3275 |    5360     385    5360 |     771     385     771 |    0.2   13.9    0.7
3438 |   194 |    3288 |    5382     386    5382 |     771     386     771 |    0.3   14.3    1.0
3439 |   193 |    3264 |    5355     385    5355 |     769     385     769 |    0.3   15.0    0.7
3440 |   193 |    3268 |    5368     385    5368 |     769     385     769 |    0.2   13.2    0.9
3441 |   194 |    2695 |    5376     386    5376 |     772     386     772 |    0.3   16.1    0.7
3442 |   194 |    3285 |    5385     385    5385 |     772     385     772 |    0.2   15.2    0.7
3443 |   193 |    3256 |    5354     383    5354 |     766     383     766 |    0.2   13.9    0.7
3444 |   194 |    3268 |    5361     384    5361 |     768     384     768 |    0.3   13.9    0.8
3445 |   193 |    3271 |    5365     385    5365 |     770     385     770 |    0.2   12.8    0.8
3446 |   194 |    3266 |    5370     384    5370 |     769     384     769 |    0.2   13.4    0.7
3447 |   194 |    3276 |    5356     384    5356 |     769     384     769 |    0.2   13.7    0.7
3448 |   194 |    3268 |    5372     384    5372 |     769     385     769 |    0.2   13.8    0.7
3449 |   194 |    2502 |    5364     386    5364 |     772     386     772 |    0.2   13.6    0.7
3450 |   194 |    3275 |    5367     385    5367 |     771     385     771 |    0.2   13.5    0.7
3451 |   194 |    3270 |    5368     385    5368 |     769     385     769 |    0.2   13.6    0.7
3452 |   194 |    3276 |    5362     385    5362 |     769     385     769 |    0.2   12.9    0.7
3453 |   194 |    3242 |    4588     383    4588 |     767     384     767 |    0.1    9.6    0.6
3454 |   194 |    3285 |    5377     385    5377 |     770     385     770 |    0.2   13.6    0.8
3455 |   194 |    3254 |    4601     384    4601 |     767     384     767 |    0.2    9.6    0.6
3456 |   194 |    3282 |    5372     386    5372 |     771     386     771 |    0.2   14.1    0.8
3457 |   194 |    3273 |    5373     385    5373 |     770     385     770 |    0.3   13.9    0.8
3458 |   194 |    3259 |    5355     386    5355 |     772     386     772 |    0.2   14.2    0.7
3459 |   194 |    3270 |    5350     384    5350 |     769     384     769 |    0.2   14.6    0.8
3460 |   193 |    2099 |    4596     384    4596 |     768     384     768 |    0.1   10.6    0.6
3461 |   193 |    3267 |    5366     384    5366 |     768     384     768 |    0.2   14.6    0.8
3462 |   194 |    3276 |    5368     384    5368 |     769     384     769 |    0.2   14.6    0.7
3463 |   194 |    3285 |    5386     385    5386 |     771     386     771 |    0.2   13.6    0.7
3464 |   194 |    3262 |    5337     384    5337 |     768     384     768 |    0.2   13.1    0.9
3465 |   193 |    3254 |    5350     383    5350 |     766     383     766 |    0.2   14.6    0.7
3466 |   194 |    3268 |    5367     385    5367 |     770     385     770 |    0.3   12.8    0.7
3467 |   192 |    3238 |    5341     383    5341 |     765     383     765 |    0.1    9.5    0.6
3468 |   194 |    3268 |    5357     386    5357 |     771     386     771 |    0.2   13.5    0.7
3469 |   194 |    3267 |    5354     384    5354 |     767     384     767 |    0.2   13.4    0.7
3470 |   192 |    3235 |    5325     383    5325 |     766     383     766 |    0.1   13.1    0.7
3471 |   194 |    3263 |    5360     385    5360 |     770     385     770 |    0.2   13.7    0.7
3472 |   194 |    3285 |    5373     386    5373 |     771     386     771 |    0.2   13.1    0.7
3473 |   194 |    2102 |    5366     385    5366 |     769     385     769 |    0.2   13.5    0.8
3474 |   193 |    3247 |    5326     383    5326 |     767     383     767 |    0.2   13.0    1.0
3475 |   194 |    3287 |    5370     386    5370 |     772     386     772 |    0.3   22.2    0.7
3476 |   194 |    3287 |    5378     385    5378 |     770     385     770 |    0.3   14.7    0.7
3477 |   193 |    3252 |    5358     384    5358 |     767     384     767 |    0.1   13.4    0.7
3478 |   193 |    2286 |    5356     383    5356 |     767     383     767 |    0.1   13.5    0.7
3479 |   194 |    3267 |    5368     384    5368 |     769     384     769 |    0.2   13.6    0.8
3480 |   193 |    2461 |    4582     383    4582 |     766     383     766 |    0.2   10.0    0.6
3481 |   194 |    2281 |    4592     384    4592 |     768     384     768 |    0.1    9.3    0.6
3482 |   193 |    3269 |    5360     384    5360 |     768     384     768 |    0.2   13.5    0.7
3483 |   194 |    3284 |    5371     385    5371 |     770     385     770 |    0.2   15.0    0.9
3484 |   192 |    3243 |    4592     383    4592 |     766     383     766 |    0.2   12.2    0.7
3485 |   194 |    3286 |    5383     385    5383 |     771     385     771 |    0.2   14.2    0.7
3486 |   193 |    2474 |    4589     383    4589 |     767     383     767 |    0.2    9.7    0.9
3487 |   192 |    3254 |    5353     383    5353 |     767     383     767 |    0.2   13.6    0.7
3488 |   192 |    3246 |    4591     383    4591 |     766     383     766 |    0.1   10.0    0.6
3489 |   194 |    3275 |    5356     385    5356 |     769     385     769 |    0.2   12.6    0.7
3490 |   194 |    3271 |    5371     384    5371 |     770     384     770 |    0.2   13.7    0.8
3491 |   192 |    3248 |    5353     383    5353 |     766     383     766 |    0.1   14.3    0.7
3492 |   194 |    3272 |    5364     385    5364 |     770     385     770 |    0.2   13.1    0.7
3493 |   194 |    3264 |    5347     385    5347 |     770     385     770 |    0.2   13.4    0.7
3494 |   194 |    3285 |    5376     385    5376 |     770     385     770 |    0.2   13.6    0.7
3495 |   194 |    3286 |    5374     385    5374 |     771     385     771 |    0.2   12.6    0.7
3496 |   194 |    3269 |    5360     384    5360 |     768     384     768 |    0.4   16.6    0.7
3497 |   192 |    2286 |    5355     384    5355 |     767     384     767 |    0.1   13.6    0.9
3498 |   194 |    2679 |    5345     386    5345 |     772     386     772 |    0.2    9.8    0.6
3499 |   194 |    3280 |    5363     385    5363 |     771     385     771 |    0.2   13.7    0.7
3500 |   193 |    2493 |    5357     385    5357 |     770     385     770 |    0.2   13.0    0.7
3501 |   194 |    2285 |    4604     384    4604 |     768     384     768 |    0.1    9.9    0.6
3502 |   194 |    3288 |    5372     385    5372 |     771     386     771 |    0.2   12.8    0.7
3503 |   194 |    3271 |    5353     385    5353 |     769     385     769 |    0.2   13.9    0.7
3504 |   194 |    3279 |    5368     386    5368 |     771     386     771 |    0.3   14.4    0.9
3505 |   194 |    3255 |    4604     384    4604 |     768     384     768 |    0.2   10.3    0.6
3506 |   194 |    2898 |    5369     385    5369 |     771     385     771 |    0.2   10.9    0.6
3507 |   193 |    3267 |    5363     384    5363 |     768     384     768 |    0.2   13.0    0.7
3508 |   194 |    2279 |    5325     384    5325 |     767     384     767 |    0.2   10.4    0.6
3509 |   193 |    3252 |    5361     384    5361 |     768     384     768 |    0.2   14.0    0.7
3510 |   194 |    3262 |    5329     384    5329 |     769     384     769 |    0.2   12.8    0.7
3511 |   194 |    3274 |    5372     385    5372 |     770     385     770 |    0.2   13.0    0.7
3512 |   193 |    3258 |    5360     384    5360 |     768     384     768 |    0.2   12.9    0.7
3513 |   193 |    2079 |    4555     384    4555 |     767     384     767 |    0.1    9.3    0.6
3514 |   193 |    3255 |    5356     383    5356 |     767     383     767 |    0.1   13.7    0.7
3515 |   193 |    3269 |    5358     384    5358 |     769     384     769 |    0.2   13.7    0.7
3516 |   194 |    3287 |    5382     385    5382 |     771     385     771 |    0.2   13.5    0.7
3517 |   192 |    2076 |    4572     383    4572 |     766     383     766 |    0.2    9.5    0.6
3518 |   194 |    3280 |    5376     385    5376 |     770     385     770 |    0.2   13.4    0.9
3519 |   193 |    3263 |    5359     383    5359 |     767     383     767 |    0.2   16.2    0.7
3520 |   194 |    3281 |    5369     384    5369 |     769     384     769 |    0.3   13.5    0.7
3521 |   194 |    2123 |    5372     385    5372 |     771     385     771 |    0.2   13.1    0.8
3522 |   194 |    3290 |    5376     386    5376 |     772     386     772 |    0.2   13.0    0.7
3523 |   194 |    2497 |    5367     384    5367 |     770     384     770 |    0.2   12.2    0.6
3524 |   194 |    3261 |    5341     383    5341 |     768     383     768 |    0.1   12.9    0.7
3525 |   193 |    3221 |    4566     384    4566 |     768     384     768 |    0.2    9.6    0.6
3526 |   192 |    2084 |    4573     383    4573 |     766     383     766 |    0.1    9.3    0.9
3527 |   193 |    2283 |    4594     384    4594 |     767     384     767 |    0.3   10.0    0.6
3528 |   194 |    3271 |    5360     386    5360 |     771     386     771 |    0.2   13.1    0.7
3529 |   194 |    3281 |    5361     386    5361 |     772     386     772 |    0.2   13.8    0.7
3530 |   194 |    2300 |    5379     385    5379 |     770     385     770 |    0.2   13.1    0.7
3531 |   194 |    2090 |    4574     384    4574 |     767     384     767 |    0.1   10.0    0.6
3532 |   194 |    3276 |    5361     386    5361 |     773     386     773 |    0.2   13.0    0.8
3533 |   194 |    3290 |    5378     386    5378 |     772     386     772 |    0.2   13.8    0.9
3534 |   194 |    3255 |    4603     384    4603 |     768     384     768 |    0.2    9.9    0.6
3535 |   192 |    3241 |    4587     383    4587 |     766     383     766 |    0.1    9.9    0.6
3536 |   194 |    3270 |    5373     385    5373 |     769     385     769 |    0.2   13.2    0.7
3537 |   194 |    3280 |    5370     384    5370 |     769     384     769 |    0.2   12.7    0.7
3538 |   194 |    2502 |    5374     385    5374 |     770     385     770 |    0.2   10.5    0.6
3539 |   194 |    2510 |    5378     385    5378 |     771     385     771 |    0.2   13.4    0.7
3540 |   193 |    3244 |    4591     383    4591 |     767     384     767 |    0.1    9.7    0.6
3541 |   194 |    3279 |    4616     385    4616 |     770     385     770 |    0.2   10.4    0.7
3542 |   194 |    3273 |    5348     385    5348 |     770     385     770 |    0.2   13.1    0.9
3543 |   193 |    3247 |    4572     385    4572 |     771     385     771 |    0.2   12.5    0.8
3544 |   194 |    3267 |    5359     384    5359 |     767     384     767 |    0.3   14.1    0.7
3545 |   193 |    3251 |    5363     384    5363 |     769     384     769 |    0.2   13.0    0.7
3546 |   192 |    3247 |    5348     383    5348 |     766     383     766 |    0.1   13.0    0.7
3547 |   194 |    3288 |    5385     386    5385 |     771     386     771 |    0.2   13.4    0.7
3548 |   194 |    2287 |    4579     385    4579 |     769     385     769 |    0.1   10.6    0.8
3549 |   194 |    2887 |    5363     384    5363 |     768     384     768 |    0.2   13.5    0.7
3550 |   194 |    3276 |    5359     385    5359 |     770     385     770 |    0.2   12.8    0.7
3551 |   194 |    2297 |    5374     385    5374 |     771     385     771 |    0.2   13.0    0.7
3552 |   194 |    3284 |    5367     386    5367 |     773     386     773 |    0.2   13.0    0.8
3553 |   194 |    3281 |    5372     386    5372 |     772     386     772 |    0.3   12.5    0.7
3554 |   194 |    3284 |    5374     385    5374 |     770     385     770 |    0.2   14.1    0.7
3555 |   194 |    3274 |    5361     384    5361 |     769     384     769 |    0.2   13.6    0.7
3556 |   194 |    3221 |    5326     384    5326 |     768     384     768 |    0.2    9.9    0.6
3557 |   193 |    3269 |    5364     384    5364 |     769     384     769 |    0.2   13.4    0.7
3558 |   194 |    2699 |    5360     385    5360 |     771     385     771 |    0.2    9.7    0.9
3559 |   194 |    3271 |    5364     384    5364 |     769     384     769 |    0.2   13.1    0.7
3560 |   194 |    2867 |    5369     385    5369 |     771     385     771 |    0.2   13.8    0.7
3561 |   192 |    3244 |    5341     383    5341 |     766     383     766 |    0.1   16.2    0.9
3562 |   194 |    3287 |    5376     385    5376 |     771     385     771 |    0.3   13.7    0.7
3563 |   194 |    3288 |    5380     385    5380 |     771     385     771 |    0.2   12.9    0.7
3564 |   194 |    2882 |    5367     386    5367 |     771     386     771 |    0.2   10.0    0.6
3565 |   194 |    3282 |    5375     385    5375 |     770     385     770 |    0.2   13.5    0.7
3566 |   193 |    3197 |    4550     384    4550 |     767     384     767 |    0.1    9.8    0.9
3567 |   194 |    3264 |    5346     384    5346 |     768     384     768 |    0.3   13.0    0.7
3568 |   194 |    3276 |    5375     385    5375 |     770     385     770 |    0.2   13.5    0.7
3569 |   194 |    3257 |    4604     384    4604 |     769     384     769 |    0.2    9.6    0.6
3570 |   194 |    3276 |    5362     385    5362 |     770     385     770 |    0.2   12.7    0.7
3571 |   194 |    2116 |    5374     385    5374 |     770     385     770 |    0.2   10.0    0.8
3572 |   194 |    3266 |    5364     384    5364 |     769     384     769 |    0.3   12.7    0.7
3573 |   193 |    3267 |    5358     384    5358 |     769     384     769 |    0.2   14.2    0.7
3574 |   194 |    3209 |    4563     383    4563 |     767     383     767 |    0.1    9.5    0.6
3575 |   194 |    3279 |    5375     385    5375 |     771     385     771 |    0.2   13.5    0.7
3576 |   194 |    3277 |    5370     385    5370 |     770     385     770 |    0.2   12.5    0.7
3577 |   194 |    3273 |    5366     384    5366 |     769     384     769 |    0.2   13.8    0.7
3578 |   194 |    3277 |    5370     385    5370 |     770     385     770 |    0.2   13.3    0.7
3579 |   193 |    3257 |    4599     384    4599 |     768     384     768 |    0.1    9.7    0.6
3580 |   194 |    3261 |    5354     385    5354 |     770     385     770 |    0.2   12.7    0.7
3581 |   193 |    3254 |    5362     384    5362 |     768     384     768 |    0.2   13.3    0.7
3582 |   194 |    2666 |    4584     383    4584 |     768     384     768 |    0.1    9.5    0.6
3583 |   194 |    3282 |    5363     385    5363 |     771     385     771 |    0.2   12.7    0.8
3584 |   194 |    3271 |    5367     385    5367 |     770     385     770 |    0.2   12.7    0.7
3585 |   194 |    3291 |    5382     385    5382 |     771     385     771 |    0.2   13.6    0.7
3586 |   194 |    3277 |    5374     384    5374 |     769     385     769 |    0.2   13.5    0.7
3587 |   191 |    2251 |    4533     383    4533 |     765     383     765 |    0.1    9.3    0.6
3588 |   194 |    3281 |    5371     385    5371 |     771     385     771 |    0.3   13.2    0.7
3589 |   194 |    3273 |    5351     384    5351 |     769     384     769 |    0.2   12.8    0.7
3590 |   193 |    3261 |    5355     383    5355 |     767     384     767 |    0.2   12.5    0.7
3591 |   194 |    3273 |    5377     385    5377 |     770     385     770 |    0.2   13.5    0.9
3592 |   193 |    3264 |    5363     384    5363 |     768     384     768 |    0.2   12.6    0.7
3593 |   194 |    3280 |    5372     384    5372 |     769     384     769 |    0.2   14.0    0.7
3594 |   193 |    2107 |    5359     385    5359 |     771     385     771 |    0.2   13.3    0.7
3595 |   193 |    3254 |    5359     383    5359 |     767     384     767 |    0.1   13.0    0.7
3596 |   194 |    3283 |    5383     385    5383 |     770     385     770 |    0.2   10.0    0.6
3597 |   194 |    3282 |    5370     385    5370 |     770     385     770 |    0.2   13.3    0.7
3598 |   194 |    2497 |    5366     386    5366 |     773     386     773 |    0.2   13.7    0.7
3599 |   194 |    3281 |    5369     385    5369 |     770     385     770 |    0.2   13.3    0.7
3600 |   194 |    3262 |    5335     387    5335 |     774     387     774 |    0.2   10.0    0.6
3601 |   194 |    3267 |    5363     384    5363 |     770     385     770 |    0.2   15.0    0.9
3602 |   194 |    3279 |    5366     386    5366 |     771     386     771 |    0.3   17.7    1.3
3603 |   194 |    3274 |    5369     385    5369 |     769     385     769 |    0.3   13.1    0.7
3604 |   193 |    3247 |    5325     384    5325 |     767     384     767 |    0.1   12.5    0.7
3605 |   194 |    3286 |    5380     385    5380 |     771     385     771 |    0.2   13.4    0.7
3606 |   194 |    3287 |    5382     385    5382 |     771     386     771 |    0.2   13.4    0.7
3607 |   194 |    3285 |    5378     386    5378 |     771     386     771 |    0.2   13.3    0.7
3608 |   194 |    3286 |    5377     385    5377 |     770     385     770 |    0.2   15.9    0.9
3609 |   192 |    3254 |    5353     383    5353 |     766     383     766 |    0.2   15.0    0.7
3610 |   194 |    3275 |    5366     386    5366 |     772     386     772 |    0.2   13.3    0.7
3611 |   194 |    3275 |    5369     385    5369 |     770     385     770 |    0.2   13.5    0.7
3612 |   194 |    2492 |    5356     385    5356 |     770     385     770 |    0.2   10.7    0.6
3613 |   194 |    3285 |    5377     385    5377 |     771     385     771 |    0.2   12.7    0.7
3614 |   194 |    3270 |    5355     384    5355 |     768     384     768 |    0.2   12.8    0.7
3615 |   194 |    3271 |    5367     384    5367 |     768     384     768 |    0.2   13.5    0.7
3616 |   194 |    3282 |    5374     385    5374 |     770     385     770 |    0.2   13.0    0.7
3617 |   194 |    3290 |    5375     386    5375 |     772     386     772 |    0.2   13.6    0.7
3618 |   193 |    2497 |    5361     385    5361 |     769     385     769 |    0.2   10.4    0.6
3619 |   194 |    2499 |    5371     385    5371 |     769     385     769 |    0.2   10.6    0.7
3620 |   194 |    3276 |    5378     385    5378 |     770     385     770 |    0.2   13.1    0.8
3621 |   194 |    3261 |    5361     384    5361 |     769     384     769 |    0.2   13.5    0.7
3622 |   194 |    3284 |    5375     386    5375 |     771     386     771 |    0.2   13.8    0.7
3623 |   194 |    2693 |    5378     385    5378 |     770     385     770 |    0.2   13.6    0.7
3624 |   194 |    3290 |    5383     385    5383 |     771     385     771 |    0.2   17.4    0.9
3625 |   194 |    3251 |    5363     384    5363 |     768     384     768 |    0.2   13.6    0.7
3626 |   193 |    2099 |    5358     383    5358 |     767     383     767 |    0.1   13.0    0.7
3627 |   194 |    3274 |    5363     385    5363 |     770     385     770 |    0.2   13.8    0.7
3628 |   194 |    2508 |    5384     385    5384 |     771     385     771 |    0.2   10.7    0.6
3629 |   194 |    3284 |    5377     385    5377 |     771     385     771 |    0.2   13.0    0.7
3630 |   194 |    3286 |    5381     385    5381 |     771     385     771 |    0.2   13.4    0.7
3631 |   194 |    3289 |    5381     386    5381 |     772     386     772 |    0.2   13.9    0.7
3632 |   194 |    2676 |    4600     383    4600 |     767     384     767 |    0.2    9.6    0.6
3633 |   194 |    2875 |    5354     384    5354 |     768     384     768 |    0.2    9.7    0.6
3634 |   193 |    3274 |    5367     384    5367 |     769     384     769 |    0.2   12.6    0.7
3635 |   193 |    2492 |    5361     384    5361 |     769     384     769 |    0.2    9.8    0.6
3636 |   194 |    3271 |    5344     388    5344 |     775     388     775 |    0.2   10.0    0.6
3637 |   194 |    3269 |    5363     384    5363 |     770     385     770 |    0.2   13.5    0.7
3638 |   192 |    3246 |    5346     383    5346 |     766     383     766 |    0.1   12.5    0.7
3639 |   193 |    3269 |    5356     384    5356 |     770     384     770 |    0.2   13.2    0.7
3640 |   193 |    3252 |    4597     383    4597 |     767     383     767 |    0.1   10.4    0.8
3641 |   193 |    3268 |    5361     384    5361 |     768     384     768 |    0.3   15.9    0.7
3642 |   194 |    3274 |    5357     384    5357 |     768     384     768 |    0.2   13.1    0.7
3643 |   194 |    3279 |    5377     385    5377 |     770     385     770 |    0.2   13.8    0.7
3644 |   192 |    3237 |    4582     383    4582 |     765     383     765 |    0.2    9.9    0.6
3645 |   194 |    3267 |    5354     384    5354 |     768     384     768 |    0.2   13.3    0.7
3646 |   194 |    3271 |    5371     385    5371 |     770     385     770 |    0.2   13.4    0.7
3647 |   194 |    3256 |    5350     385    5350 |     770     385     770 |    0.2   10.5    0.6
3648 |   194 |    3280 |    5371     385    5371 |     770     385     770 |    0.2   13.2    0.7
3649 |   194 |    3249 |    5307     384    5307 |     768     384     768 |    0.1   12.8    0.7
3650 |   194 |    3261 |    5331     385    5331 |     770     385     770 |    0.2   14.2    0.8
3651 |   194 |    3270 |    5355     387    5355 |     773     387     773 |    0.2   12.5    0.7
3652 |   193 |    3227 |    5331     383    5331 |     767     383     767 |    0.2    9.6    0.6
3653 |   194 |    3261 |    5367     384    5367 |     769     384     769 |    0.2   13.2    0.7
3654 |   194 |    3274 |    5376     385    5376 |     770     385     770 |    0.2   12.7    0.7
3655 |   194 |    2290 |    4600     384    4600 |     769     384     769 |    0.1   10.5    0.6
3656 |   194 |    3271 |    5364     385    5364 |     770     385     770 |    0.2   13.7    0.9
3657 |   193 |    3249 |    4596     384    4596 |     767     384     767 |    0.2   10.0    0.6
3658 |   194 |    3267 |    5368     384    5368 |     769     384     769 |    0.2   15.9    0.9
3659 |   194 |    3286 |    5377     385    5377 |     771     385     771 |    0.3   13.7    0.7
3660 |   194 |    3276 |    5367     385    5367 |     771     385     771 |    0.2   13.6    1.0
3661 |   194 |    3259 |    4601     385    4601 |     770     385     770 |    0.2    9.9    0.7
3662 |   194 |    3288 |    5379     385    5379 |     771     385     771 |    0.2   13.0    0.7
3663 |   193 |    3247 |    5335     383    5335 |     766     383     766 |    0.2   12.9    0.8
3664 |   194 |    2124 |    5380     386    5380 |     773     386     773 |    0.2   12.9    0.7
3665 |   194 |    3271 |    5347     384    5347 |     769     384     769 |    0.2   12.7    0.7
3666 |   194 |    3271 |    5362     385    5362 |     770     385     770 |    0.2   13.5    0.7
3667 |   194 |    2480 |    5323     385    5323 |     772     385     772 |    0.2   10.6    0.6
3668 |   194 |    3290 |    5383     386    5383 |     772     386     772 |    0.2   13.4    0.7
3669 |   194 |    3286 |    5365     386    5365 |     771     386     771 |    0.2   13.1    0.7
3670 |   194 |    3290 |    5385     386    5385 |     771     386     771 |    0.2   13.4    0.8
3671 |   194 |    3275 |    5366     385    5366 |     770     385     770 |    0.2   12.4    1.0
3672 |   194 |    2104 |    5370     385    5370 |     769     385     769 |    0.3   13.0    0.7
3673 |   194 |    3277 |    5372     385    5372 |     771     385     771 |    0.2   14.2    0.7
3674 |   193 |    3264 |    5359     384    5359 |     768     384     768 |    0.2   14.1    0.7
3675 |   194 |    3281 |    5373     386    5373 |     771     386     771 |    0.2   13.0    0.7
3676 |   194 |    3290 |    5375     386    5375 |     772     386     772 |    0.2   13.4    0.7
3677 |   194 |    3278 |    5364     385    5364 |     771     385     771 |    0.2   13.0    0.7
3678 |   193 |    3255 |    4599     384    4599 |     769     384     769 |    0.1    9.5    0.6
3679 |   193 |    3264 |    5354     383    5354 |     768     384     768 |    0.2   13.3    0.7
3680 |   194 |    3287 |    5371     385    5371 |     772     386     772 |    0.2   12.6    0.7
3681 |   194 |    3279 |    5377     385    5377 |     770     385     770 |    0.2   14.3    0.7
3682 |   194 |    3271 |    5365     384    5365 |     768     384     768 |    0.2   13.4    0.7
3683 |   194 |    2119 |    5363     386    5363 |     772     386     772 |    0.2   14.1    0.7
3684 |   193 |    3261 |    5350     384    5350 |     770     384     770 |    0.2   13.3    0.7
3685 |   194 |    3272 |    5375     385    5375 |     770     385     770 |    0.2   13.2    0.7
3686 |   194 |    2297 |    5366     386    5366 |     771     386     771 |    0.2   13.1    0.7
3687 |   193 |    3269 |    5358     385    5358 |     770     385     770 |    0.2   14.4    0.7
3688 |   194 |    3279 |    5375     384    5375 |     770     385     770 |    0.2   14.2    0.8
3689 |   194 |    3265 |    5361     383    5361 |     767     384     767 |    0.2   13.1    0.7
3690 |   194 |    2674 |    5360     384    5360 |     768     384     768 |    0.2   13.8    0.7
3691 |   194 |    3280 |    5370     385    5370 |     771     385     771 |    0.2   12.9    0.7
3692 |   194 |    2488 |    5371     384    5371 |     769     384     769 |    0.2   13.1    0.9
3693 |   194 |    3277 |    5363     384    5363 |     769     384     769 |    0.2   12.8    0.7
3694 |   193 |    2282 |    4594     383    4594 |     767     384     767 |    0.1    9.6    0.7
3695 |   194 |    3259 |    5361     384    5361 |     768     384     768 |    0.2   12.5    0.7
3696 |   194 |    2100 |    5358     384    5358 |     768     384     768 |    0.1   13.2    0.7
3697 |   192 |    3241 |    5338     383    5338 |     765     383     765 |    0.1   12.4    0.7
3698 |   194 |    2300 |    5373     386    5373 |     773     386     773 |    0.2   13.3    0.8
3699 |   194 |    2879 |    5344     386    5344 |     771     386     771 |    0.2   10.1    0.6
3700 |   194 |    3264 |    5353     385    5353 |     769     385     769 |    0.2   13.9    0.7
3701 |   194 |    3289 |    5382     385    5382 |     771     385     771 |    0.2   12.8    0.7
3702 |   194 |    3287 |    5369     386    5369 |     772     386     772 |    0.2   13.0    0.7
3703 |   194 |    2104 |    5339     385    5339 |     770     385     770 |    0.1    9.9    0.6
3704 |   193 |    3241 |    4591     383    4591 |     767     383     767 |    0.1    9.5    0.6
3705 |   194 |    3283 |    5375     386    5375 |     772     386     772 |    0.2   13.2    0.7
3706 |   194 |    3281 |    5381     385    5381 |     771     385     771 |    0.2   13.5    0.7
3707 |   194 |    3272 |    5372     385    5372 |     770     385     770 |    0.2   14.0    0.7
3708 |   194 |    3276 |    5366     385    5366 |     770     385     770 |    0.2   13.9    0.7
3709 |   192 |    2278 |    5345     383    5345 |     765     383     765 |    0.1    9.8    0.6
3710 |   194 |    3280 |    5372     385    5372 |     770     385     770 |    0.2   12.7    0.7
3711 |   194 |    3277 |    5376     385    5376 |     771     385     771 |    0.2   12.8    0.7
3712 |   194 |    2500 |    5367     386    5367 |     771     386     771 |    0.2   13.5    0.7
3713 |   194 |    3287 |    5376     385    5376 |     770     385     770 |    0.2   13.6    0.7
3714 |   194 |    3243 |    4594     384    4594 |     768     384     768 |    0.1    9.9    0.6
3715 |   193 |    3260 |    5353     383    5353 |     767     383     767 |    0.2   12.8    0.7
3716 |   194 |    2489 |    5346     386    5346 |     771     386     771 |    0.2    9.9    0.6
3717 |   194 |    3281 |    5370     385    5370 |     771     385     771 |    0.2   13.3    0.7
3718 |   194 |    3282 |    5369     386    5369 |     771     386     771 |    0.2   13.6    0.7
3719 |   194 |    3265 |    5340     387    5340 |     774     387     774 |    0.2   13.4    0.7
3720 |   193 |    2279 |    5360     385    5360 |     769     385     769 |    0.2   13.7    0.7
3721 |   192 |    3248 |    4592     384    4592 |     767     384     767 |    0.2   10.0    0.6
3722 |   194 |    3281 |    5367     385    5367 |     769     385     769 |    0.2   13.2    0.7
3723 |   193 |    3233 |    5291     384    5291 |     767     384     767 |    0.2   12.1    0.7
3724 |   194 |    3277 |    5366     384    5366 |     768     384     768 |    0.2   13.2    0.7
3725 |   194 |    3283 |    5375     385    5375 |     770     385     770 |    0.2   13.8    0.7
3726 |   194 |    2298 |    5371     384    5371 |     770     384     770 |    0.2   13.2    0.7
3727 |   194 |    3284 |    5366     386    5366 |     772     386     772 |    0.2   13.7    0.7
3728 |   194 |    3286 |    5380     385    5380 |     771     386     771 |    0.2   13.7    0.7
3729 |   193 |    3268 |    5354     384    5354 |     770     385     770 |    0.2   13.7    0.7
3730 |   194 |    3264 |    5361     385    5361 |     770     385     770 |    0.2   11.9    0.7
3731 |   194 |    3283 |    5377     386    5377 |     772     386     772 |    0.2   13.6    0.7
3732 |   194 |    3282 |    5380     385    5380 |     771     385     771 |    0.2   13.1    0.7
3733 |   193 |    3244 |    5353     383    5353 |     767     383     767 |    0.1    9.7    0.6
3734 |   194 |    3260 |    5361     384    5361 |     769     385     769 |    0.2   13.0    0.7
3735 |   194 |    3238 |    5316     387    5316 |     773     387     773 |    0.2    9.5    0.6
3736 |   194 |    3292 |    5374     386    5374 |     772     386     772 |    0.2   13.5    0.7
3737 |   194 |    3273 |    5360     385    5360 |     772     385     772 |    0.2   13.3    0.7
3738 |   192 |    3245 |    4591     383    4591 |     766     383     766 |    0.1    9.8    0.6
3739 |   194 |    3288 |    5383     385    5383 |     771     385     771 |    0.2   12.9    0.7
3740 |   194 |    3278 |    5366     384    5366 |     769     384     769 |    0.2   12.9    0.7
3741 |   194 |    2509 |    5373     386    5373 |     772     386     772 |    0.2   13.3    0.7
3742 |   194 |    3261 |    5362     383    5362 |     769     384     769 |    0.2   13.7    0.7
3743 |   194 |    3290 |    5385     385    5385 |     771     385     771 |    0.2   13.1    0.7
3744 |   194 |    3289 |    5381     385    5381 |     770     385     770 |    0.2   14.7    0.8
3745 |   193 |    3254 |    5359     384    5359 |     767     384     767 |    0.2   13.4    0.7
3746 |   194 |    3281 |    5379     385    5379 |     770     385     770 |    0.2   13.5    0.8
3747 |   193 |    3275 |    5366     385    5366 |     771     385     771 |    0.2   12.8    0.7
3748 |   193 |    3255 |    5354     384    5354 |     768     384     768 |    0.1   12.7    0.8
3749 |   194 |    3275 |    4613     385    4613 |     770     385     770 |    0.2   10.0    0.6
3750 |   193 |    3190 |    4545     383    4545 |     767     383     767 |    0.1    9.9    0.6
3751 |   194 |    3275 |    5369     385    5369 |     770     385     770 |    0.2   13.9    0.7
3752 |   193 |    2401 |    4488     385    4488 |     769     385     769 |    0.2    8.7    0.6
3753 |   194 |    3277 |    5358     385    5358 |     770     385     770 |    0.2   13.1    0.7
3754 |   194 |    2310 |    5367     385    5367 |     770     385     770 |    0.2    9.5    0.6
3755 |   194 |    2105 |    5368     385    5368 |     769     385     769 |    0.2   12.6    0.7
3756 |   194 |    3278 |    5376     385    5376 |     771     385     771 |    0.2   13.1    0.7
3757 |   194 |    3282 |    5381     385    5381 |     770     385     770 |    0.2   10.3    0.7
3758 |   194 |    3267 |    5354     384    5354 |     768     384     768 |    0.2   13.5    0.7
3759 |   193 |    3262 |    5358     384    5358 |     769     384     769 |    0.2   13.9    0.7
3760 |   194 |    3280 |    5369     385    5369 |     770     385     770 |    0.2   13.1    0.7
3761 |   194 |    3285 |    5378     386    5378 |     771     386     771 |    0.2   13.8    0.7
3762 |   194 |    3282 |    5377     385    5377 |     772     386     772 |    0.2   13.4    0.8
3763 |   194 |    3276 |    5357     384    5357 |     769     384     769 |    0.2   13.5    0.7
3764 |   194 |    3263 |    5351     384    5351 |     767     384     767 |    0.2   14.0    0.7
3765 |   194 |    3278 |    5371     385    5371 |     771     385     771 |    0.3   13.6    0.7
3766 |   194 |    2107 |    5368     384    5368 |     769     384     769 |    0.2   13.9    0.7
3767 |   194 |    3285 |    5370     385    5370 |     770     385     770 |    0.2   14.1    0.7
3768 |   192 |    3236 |    5314     383    5314 |     766     383     766 |    0.1   13.1    0.7
3769 |   194 |    3281 |    5368     386    5368 |     771     386     771 |    0.2   13.6    0.7
3770 |   194 |    3276 |    5372     385    5372 |     770     385     770 |    0.2   13.3    0.7
3771 |   193 |    3265 |    5367     384    5367 |     768     384     768 |    0.2   13.2    0.7
3772 |   194 |    2682 |    5367     384    5367 |     769     384     769 |    0.2   13.2    0.7
3773 |   194 |    2277 |    4572     384    4572 |     768     384     768 |    0.1    9.6    0.6
3774 |   194 |    3272 |    4613     385    4613 |     769     385     769 |    0.2   10.0    0.7
3775 |   193 |    3267 |    5369     384    5369 |     769     384     769 |    0.2   13.3    0.7
3776 |   194 |    3267 |    5367     385    5367 |     769     385     769 |    0.2   13.6    0.7
3777 |   194 |    3285 |    5381     385    5381 |     770     385     770 |    0.2   12.8    0.7
3778 |   194 |    3278 |    5348     388    5348 |     776     388     776 |    0.2   13.0    0.7
3779 |   192 |    3254 |    5348     383    5348 |     767     383     767 |    0.1   13.3    0.7
3780 |   194 |    3285 |    5379     385    5379 |     771     385     771 |    0.2   12.9    0.7
3781 |   194 |    3264 |    5366     384    5366 |     769     384     769 |    0.2   12.8    0.7
3782 |   194 |    2108 |    5368     384    5368 |     769     384     769 |    0.2   13.1    0.7
3783 |   194 |    2100 |    4595     384    4595 |     768     384     768 |    0.2    9.6    0.6
3784 |   194 |    3287 |    5376     386    5376 |     772     386     772 |    0.2   13.1    0.7
3785 |   194 |    3275 |    5372     385    5372 |     769     385     769 |    0.2   12.8    0.7
3786 |   194 |    3276 |    5358     384    5358 |     768     384     768 |    0.2   13.0    0.7
3787 |   194 |    3287 |    5376     385    5376 |     770     385     770 |    0.2   13.6    0.7
3788 |   194 |    2686 |    5342     384    5342 |     769     384     769 |    0.2   10.4    0.6
3789 |   194 |    3263 |    5339     386    5339 |     772     386     772 |    0.2   12.8    0.7
3790 |   194 |    3283 |    5364     387    5364 |     774     387     774 |    0.2   12.0    0.6
3791 |   194 |    3268 |    5363     384    5363 |     768     384     768 |    0.2   12.8    0.7
3792 |   194 |    3277 |    5366     385    5366 |     769     385     769 |    0.2   13.0    0.7
3793 |   194 |    3266 |    5365     384    5365 |     769     384     769 |    0.2   12.8    0.8
3794 |   194 |    3283 |    5377     385    5377 |     770     385     770 |    0.2   13.0    0.7
3795 |   194 |    3287 |    5374     386    5374 |     772     386     772 |    0.2   13.6    0.7
3796 |   194 |    2291 |    5368     384    5368 |     769     384     769 |    0.2   12.8    0.7
3797 |   193 |    3259 |    5357     383    5357 |     767     383     767 |    0.1   12.6    0.7
3798 |   194 |    3274 |    5368     385    5368 |     770     385     770 |    0.2   13.5    0.8
3799 |   194 |    3281 |    5374     385    5374 |     770     385     770 |    0.2   14.0    0.7
3800 |   193 |    3266 |    5360     384    5360 |     768     384     768 |    0.2   13.3    0.7
3801 |   194 |    3283 |    5360     384    5360 |     773     386     773 |    0.2   12.8    0.7
3802 |   194 |    3257 |    5350     385    5350 |     770     385     770 |    0.2   12.9    0.8
3803 |   194 |    3287 |    5376     385    5376 |     772     385     772 |    0.3   17.0    0.9
3804 |   194 |    3264 |    5366     384    5366 |     768     384     768 |    0.4   12.9    0.7
3805 |   193 |    3269 |    5366     384    5366 |     769     384     769 |    0.2   13.1    0.7
3806 |   194 |    3254 |    5359     384    5359 |     769     384     769 |    0.2   13.8    0.7
3807 |   194 |    3276 |    5360     388    5360 |     776     388     776 |    0.2   12.6    0.7
3808 |   194 |    3263 |    5367     384    5367 |     769     384     769 |    0.2   12.9    0.7
3809 |   193 |    2682 |    5356     385    5356 |     770     385     770 |    0.2   10.3    0.6
3810 |   193 |    3262 |    5346     385    5346 |     771     385     771 |    0.2   12.3    0.9
3811 |   194 |    3281 |    5373     384    5373 |     769     384     769 |    0.2   13.4    0.7
3812 |   193 |    2085 |    4559     384    4559 |     767     384     767 |    0.2   10.4    0.6
3813 |   192 |    3248 |    5349     383    5349 |     766     383     766 |    0.1   13.3    0.7
3814 |   194 |    3275 |    5360     385    5360 |     770     385     770 |    0.2   13.3    0.7
3815 |   194 |    3257 |    5358     384    5358 |     768     384     768 |    0.1   13.7    0.7
3816 |   193 |    3242 |    4587     383    4587 |     767     383     767 |    0.1    9.4    0.6
3817 |   194 |    2286 |    5369     385    5369 |     769     384     769 |    0.2   13.5    1.1
3818 |   194 |    3260 |    5363     385    5363 |     770     385     770 |    0.3   10.4    0.6
3819 |   194 |    2121 |    5375     385    5375 |     771     385     771 |    0.2   13.1    0.7
3820 |   194 |    3258 |    4603     384    4603 |     768     384     768 |    0.2    9.8    0.6
3821 |   194 |    3288 |    5386     385    5386 |     772     386     772 |    0.2   13.8    0.7
3822 |   194 |    3276 |    5358     384    5358 |     769     384     769 |    0.2   13.1    0.7
3823 |   194 |    3276 |    5366     385    5366 |     770     385     770 |    0.2   12.9    0.7
3824 |   194 |    3283 |    5373     385    5373 |     771     385     771 |    0.2   13.1    1.3
3825 |   194 |    3185 |    4535     384    4535 |     767     384     767 |    0.2    9.5    0.6
3826 |   192 |    2081 |    5326     383    5326 |     765     383     765 |    0.1    9.8    0.6
3827 |   193 |    3232 |    4579     383    4579 |     767     383     767 |    0.1    9.7    0.6
3828 |   194 |    3274 |    5361     386    5361 |     772     386     772 |    0.2   12.6    0.7
3829 |   194 |    3268 |    5368     385    5368 |     770     385     770 |    0.2   13.3    0.7
3830 |   194 |    3229 |    4577     384    4577 |     769     384     769 |    0.1   10.5    0.6
3831 |   194 |    3270 |    5368     385    5368 |     770     385     770 |    0.2   13.6    0.7
3832 |   192 |    3228 |    4573     383    4573 |     766     383     766 |    0.1   10.1    0.6
3833 |   194 |    2887 |    5371     385    5371 |     770     385     770 |    0.2   10.9    0.7
3834 |   193 |    3250 |    5352     383    5352 |     767     383     767 |    0.2   12.4    0.6
3835 |   193 |    3263 |    5361     384    5361 |     768     384     768 |    0.2   13.0    0.7
3836 |   193 |    3252 |    5349     383    5349 |     767     383     767 |    0.1   14.0    0.7
3837 |   193 |    3240 |    4588     384    4588 |     767     384     767 |    0.2   10.0    0.6
3838 |   192 |    3233 |    5313     383    5313 |     766     383     766 |    0.1   13.4    0.7
3839 |   194 |    3273 |    5367     384    5367 |     769     384     769 |    0.2   13.5    0.7
3840 |   194 |    3266 |    5367     385    5367 |     769     385     769 |    0.2   13.3    0.7
3841 |   194 |    3275 |    5376     385    5376 |     770     385     770 |    0.3   14.1    0.7
3842 |   194 |    3285 |    5376     385    5376 |     770     385     770 |    0.2   13.5    0.8
3843 |   194 |    3288 |    5378     385    5378 |     770     385     770 |    0.2   13.1    0.7
3844 |   194 |    3267 |    5362     384    5362 |     767     384     767 |    0.2   13.0    0.7
3845 |   193 |    2487 |    5347     384    5347 |     768     384     768 |    0.2   10.4    0.6
3846 |   194 |    3277 |    5370     384    5370 |     769     385     769 |    0.2   13.0    0.7
3847 |   194 |    3275 |    5366     384    5366 |     769     384     769 |    0.2   13.3    0.7
3848 |   194 |    3270 |    5357     384    5357 |     769     384     769 |    0.2   12.7    0.8
3849 |   193 |    3261 |    5356     384    5356 |     768     384     768 |    0.2   13.8    0.7
3850 |   194 |    3283 |    5365     384    5365 |     770     385     770 |    0.2   13.5    0.7
3851 |   194 |    3235 |    5283     384    5283 |     768     384     768 |    0.1   12.2    0.7
3852 |   194 |    3276 |    5375     385    5375 |     771     385     771 |    0.2   12.9    0.7
3853 |   194 |    3238 |    4587     384    4587 |     768     384     768 |    0.2   10.5    0.6
3854 |   194 |    3281 |    5371     385    5371 |     771     385     771 |    0.2   12.5    0.8
3855 |   194 |    2691 |    5380     385    5380 |     770     385     770 |    0.3   10.1    0.6
3856 |   194 |    3265 |    5348     384    5348 |     767     384     767 |    0.2   13.1    0.7
3857 |   194 |    3269 |    5350     384    5350 |     768     384     768 |    0.2   12.8    0.7
3858 |   194 |    3278 |    5378     385    5378 |     770     385     770 |    0.2   13.9    0.7
3859 |   194 |    3288 |    5376     386    5376 |     772     386     772 |    0.2   13.4    0.8
3860 |   193 |    3259 |    5352     384    5352 |     769     384     769 |    0.2   12.8    0.7
3861 |   194 |    3285 |    5368     386    5368 |     772     386     772 |    0.2   12.9    0.7
3862 |   193 |    2864 |    5358     384    5358 |     768     384     768 |    0.2   13.6    0.7
3863 |   194 |    3276 |    5378     385    5378 |     770     385     770 |    0.2    9.7    0.6
3864 |   194 |    2106 |    5361     384    5361 |     769     385     769 |    0.2   12.6    0.7
3865 |   194 |    2461 |    4575     384    4575 |     768     384     768 |    0.1    9.7    0.6
3866 |   194 |    3278 |    5375     385    5375 |     770     385     770 |    0.2   12.7    0.7
3867 |   194 |    3270 |    5358     384    5358 |     768     384     768 |    0.2   12.4    0.8
3868 |   194 |    3281 |    5377     385    5377 |     771     385     771 |    0.2   13.5    0.7
3869 |   194 |    2289 |    5370     385    5370 |     771     386     771 |    0.2   12.9    0.7
3870 |   194 |    2883 |    5364     385    5364 |     770     385     770 |    0.2   10.3    0.6
3871 |   194 |    3270 |    5357     385    5357 |     770     385     770 |    0.2   14.3    0.7
3872 |   194 |    3284 |    5368     386    5368 |     772     386     772 |    0.2   13.4    0.7
3873 |   194 |    3273 |    5353     384    5353 |     768     384     768 |    0.2   13.1    0.7
3874 |   194 |    3272 |    5356     384    5356 |     769     385     769 |    0.2   13.3    0.7
3875 |   194 |    3259 |    5329     384    5329 |     768     384     768 |    0.2   12.1    0.7
3876 |   194 |    2101 |    5358     384    5358 |     767     384     767 |    0.1    9.7    0.6
3877 |   194 |    2486 |    5362     384    5362 |     769     385     769 |    0.2   13.0    0.7
3878 |   194 |    2504 |    5374     385    5374 |     771     385     771 |    0.2   15.0    0.9
3879 |   193 |    3260 |    5354     383    5354 |     769     384     769 |    0.2   15.1    0.7
3880 |   194 |    3257 |    5358     384    5358 |     769     384     769 |    0.2   13.1    0.7
3881 |   194 |    3260 |    5360     384    5360 |     768     384     768 |    0.2   13.5    0.7
3882 |   194 |    3276 |    4614     385    4614 |     770     385     770 |    0.2    9.8    0.6
3883 |   194 |    3256 |    4602     384    4602 |     768     384     768 |    0.2    9.8    0.6
3884 |   194 |    3268 |    5365     384    5365 |     769     384     769 |    0.5   13.6    0.7
3885 |   192 |    3243 |    5337     383    5337 |     766     383     766 |    0.1   12.3    0.7
3886 |   192 |    3254 |    4597     383    4597 |     767     383     767 |    0.1   10.1    0.6
3887 |   194 |    3287 |    5371     386    5371 |     772     386     772 |    0.2   12.9    0.7
3888 |   194 |    3250 |    4597     384    4597 |     768     384     768 |    0.2    9.7    0.7
3889 |   193 |    3251 |    4595     384    4595 |     768     384     768 |    0.1    9.4    0.6
3890 |   194 |    2494 |    5354     386    5354 |     772     386     772 |    0.2   10.7    0.6
3891 |   194 |    2115 |    5366     385    5366 |     770     385     770 |    0.2   13.6    0.7
3892 |   194 |    3281 |    5374     386    5374 |     771     386     771 |    0.2   13.6    0.7
3893 |   194 |    3283 |    5368     386    5368 |     772     386     772 |    0.2   13.3    0.7
3894 |   194 |    3284 |    5369     385    5369 |     771     386     771 |    0.2   13.3    0.7
3895 |   194 |    2492 |    5359     384    5359 |     769     384     769 |    0.2   12.5    0.7
3896 |   192 |    3243 |    4588     383    4588 |     766     383     766 |    0.1    9.7    0.6
3897 |   194 |    3277 |    5369     385    5369 |     769     385     769 |    0.2   13.4    0.7
3898 |   194 |    3262 |    5365     384    5365 |     768     384     768 |    0.2   13.0    0.7
3899 |   194 |    3290 |    5380     385    5380 |     772     385     772 |    0.2   13.0    0.7
3900 |   194 |    3279 |    5366     386    5366 |     773     386     773 |    0.2   13.4    0.7
3901 |   193 |    3268 |    5356     384    5356 |     769     384     769 |    0.2   13.0    0.7
3902 |   193 |    3224 |    5293     383    5293 |     766     383     766 |    0.1   12.4    0.7
3903 |   194 |    3266 |    5370     385    5370 |     769     385     769 |    0.2   13.5    0.7
3904 |   192 |    3242 |    5338     383    5338 |     766     383     766 |    0.1   16.7    0.9
3905 |   193 |    3257 |    5359     384    5359 |     768     384     768 |    0.2   13.3    0.7
3906 |   194 |    3281 |    5375     385    5375 |     770     385     770 |    0.2   13.3    0.7
3907 |   193 |    3257 |    5359     384    5359 |     768     384     768 |    0.1   15.6    0.9
3908 |   194 |    2122 |    5380     385    5380 |     771     385     771 |    0.3   17.0    0.9
3909 |   193 |    2487 |    5354     384    5354 |     768     384     768 |    0.2   10.7    0.6
3910 |   194 |    3288 |    5358     386    5358 |     772     386     772 |    0.2   13.0    0.7
3911 |   194 |    3273 |    5350     385    5350 |     769     385     769 |    0.2   13.7    0.7
3912 |   193 |    2495 |    5355     384    5355 |     769     384     769 |    0.2   10.5    0.7
3913 |   192 |    2279 |    5354     383    5354 |     768     384     768 |    0.2   12.7    0.8
3914 |   194 |    3242 |    4587     384    4587 |     768     384     768 |    0.2    9.8    0.6
3915 |   194 |    3271 |    5368     385    5368 |     770     385     770 |    0.2   12.7    0.7
3916 |   194 |    3288 |    5376     385    5376 |     771     385     771 |    0.2   12.8    0.7
3917 |   194 |    3267 |    5365     385    5365 |     771     385     771 |    0.2   14.3    0.9
3918 |   194 |    2116 |    5373     385    5373 |     772     386     772 |    0.3   14.8    0.7
3919 |   194 |    3286 |    5380     385    5380 |     771     385     771 |    0.2   13.4    0.7
3920 |   194 |    3278 |    5374     385    5374 |     771     385     771 |    0.2   12.9    0.7
3921 |   193 |    3271 |    5369     385    5369 |     769     385     769 |    0.2   13.1    0.7
3922 |   194 |    3280 |    5375     385    5375 |     770     385     770 |    0.2   12.6    0.7
3923 |   193 |    3256 |    5361     384    5361 |     768     384     768 |    0.3   13.3    0.7
3924 |   193 |    3264 |    5360     384    5360 |     769     384     769 |    0.2   13.5    0.7
3925 |   194 |    3285 |    5384     385    5384 |     771     385     771 |    0.2   13.6    0.7
3926 |   194 |    3282 |    5381     385    5381 |     771     385     771 |    0.2    9.9    0.6
3927 |   194 |    3271 |    5370     385    5370 |     770     385     770 |    0.3   13.7    0.7
3928 |   193 |    3258 |    5344     383    5344 |     768     384     768 |    0.1   13.0    0.7
3929 |   193 |    3270 |    5360     384    5360 |     769     384     769 |    0.2   13.3    0.7
3930 |   194 |    2302 |    5367     386    5367 |     772     386     772 |    0.2   12.8    0.7
3931 |   193 |    3254 |    5354     384    5354 |     768     384     768 |    0.2   12.5    0.7
3932 |   194 |    3277 |    5366     384    5366 |     769     384     769 |    0.2   13.6    0.7
3933 |   193 |    3268 |    5369     384    5369 |     769     384     769 |    0.2   13.8    0.8
3934 |   194 |    3278 |    5371     385    5371 |     770     385     770 |    0.2   13.8    0.7
3935 |   194 |    3274 |    5360     384    5360 |     769     384     769 |    0.2   12.9    0.7
3936 |   194 |    3278 |    5368     384    5368 |     769     384     769 |    0.2   13.1    0.7
3937 |   194 |    3268 |    5373     384    5373 |     769     384     769 |    0.2   13.1    0.7
3938 |   194 |    3241 |    4589     385    4589 |     769     385     769 |    0.2    9.3    0.6
3939 |   194 |    3288 |    5384     386    5384 |     771     386     771 |    0.2   13.4    0.7
3940 |   194 |    3283 |    5379     385    5379 |     771     385     771 |    0.2   12.9    0.7
3941 |   192 |    3239 |    5331     383    5331 |     765     383     765 |    0.1   12.8    0.7
3942 |   194 |    3281 |    5371     385    5371 |     771     385     771 |    0.2   13.4    0.7
3943 |   194 |    2902 |    5374     386    5374 |     771     386     771 |    0.2   10.6    0.6
3944 |   194 |    3271 |    5369     385    5369 |     770     385     770 |    0.2   13.0    0.9
3945 |   194 |    3238 |    5302     384    5302 |     767     384     767 |    0.2   12.6    0.7
3946 |   193 |    3248 |    5346     383    5346 |     767     383     767 |    0.1   12.7    0.7
3947 |   194 |    3280 |    5367     385    5367 |     771     385     771 |    0.2   13.4    0.7
3948 |   192 |    3248 |    4592     383    4592 |     766     383     766 |    0.1    9.6    0.6
3949 |   194 |    3258 |    4606     384    4606 |     769     384     769 |    0.2   10.1    0.8
3950 |   194 |    2676 |    4603     384    4603 |     768     384     768 |    0.2   12.9    0.8
3951 |   193 |    2490 |    5357     384    5357 |     768     384     768 |    0.2   13.3    0.7
3952 |   194 |    2113 |    5371     385    5371 |     770     385     770 |    0.2   13.3    0.7
3953 |   194 |    3266 |    5355     384    5355 |     767     384     767 |    0.2   13.1    0.7
3954 |   194 |    3270 |    5368     384    5368 |     769     384     769 |    0.2   12.9    0.7
3955 |   194 |    2106 |    5362     384    5362 |     769     385     769 |    0.2   13.9    0.7
3956 |   193 |    3246 |    5313     383    5313 |     768     383     768 |    0.1   13.0    0.7
3957 |   194 |    3263 |    5365     384    5365 |     768     384     768 |    0.2   12.7    0.7
3958 |   194 |    3198 |    4552     383    4552 |     767     383     767 |    0.2    9.3    0.6
3959 |   194 |    3279 |    5368     385    5368 |     771     386     771 |    0.2   16.6    0.9
3960 |   194 |    2687 |    5378     385    5378 |     770     385     770 |    0.2    9.5    0.6
3961 |   194 |    2880 |    5361     384    5361 |     767     384     767 |    0.2   10.1    0.6
3962 |   194 |    3273 |    5360     384    5360 |     769     384     769 |    0.2   13.1    0.7
3963 |   194 |    3268 |    5338     384    5338 |     770     384     770 |    0.2   12.8    0.7
3964 |   194 |    2684 |    5354     385    5354 |     770     385     770 |    0.2   10.3    0.6
3965 |   194 |    2688 |    5329     386    5329 |     773     386     773 |    0.1    9.8    0.6
3966 |   194 |    3275 |    5364     384    5364 |     769     384     769 |    0.2   13.5    0.7
3967 |   193 |    3248 |    5350     384    5350 |     767     384     767 |    0.2   13.5    0.7
3968 |   193 |    3248 |    5330     384    5330 |     769     384     769 |    0.2   13.1    0.7
3969 |   194 |    3255 |    4602     385    4602 |     770     385     770 |    0.2    9.4    0.6
3970 |   194 |    3289 |    5378     385    5378 |     771     385     771 |    0.2   13.8    0.7
3971 |   194 |    3287 |    5381     386    5381 |     773     386     773 |    0.2   12.7    0.7
3972 |   193 |    2278 |    4593     383    4593 |     767     383     767 |    0.1   10.7    0.6
3973 |   194 |    2497 |    5371     385    5371 |     770     385     770 |    0.2   13.3    0.7
3974 |   194 |    3264 |    5364     384    5364 |     768     384     768 |    0.2   13.7    0.7
3975 |   194 |    3273 |    5363     384    5363 |     769     384     769 |    0.2   13.3    0.7
3976 |   193 |    3272 |    5368     385    5368 |     770     385     770 |    0.2   12.6    0.8
3977 |   194 |    3278 |    5372     385    5372 |     770     385     770 |    0.3   16.4    0.7
3978 |   194 |    2108 |    5358     385    5358 |     770     385     770 |    0.2   13.2    0.7
3979 |   194 |    3281 |    5380     385    5380 |     771     385     771 |    0.2   12.9    0.7
3980 |   194 |    2672 |    4596     384    4596 |     768     384     768 |    0.1    9.8    0.6
3981 |   194 |    3276 |    4613     384    4613 |     770     385     770 |    0.2   10.6    0.6
3982 |   194 |    3270 |    5365     385    5365 |     769     384     769 |    0.2   12.8    0.7
3983 |   194 |    2509 |    5378     385    5378 |     770     385     770 |    0.2    9.8    0.6
3984 |   194 |    3288 |    5371     386    5371 |     772     386     772 |    0.2   14.0    0.7
3985 |   193 |    3268 |    5364     385    5364 |     770     385     770 |    0.2   13.2    0.7
3986 |   194 |    2277 |    4573     384    4573 |     768     384     768 |    0.2    9.5    0.6
3987 |   193 |    3273 |    5365     385    5365 |     770     385     770 |    0.2   13.3    0.7
3988 |   192 |    3248 |    5352     383    5352 |     766     383     766 |    0.1   13.3    0.7
3989 |   194 |    3282 |    5371     386    5371 |     771     386     771 |    0.2   18.3    0.8
3990 |   194 |    3288 |    5382     386    5382 |     771     386     771 |    0.5   14.5    0.7
3991 |   194 |    3273 |    5374     385    5374 |     769     385     769 |    0.2   13.0    0.7
3992 |   194 |    3286 |    5377     385    5377 |     771     385     771 |    0.2   13.0    0.7
3993 |   194 |    3290 |    5387     385    5387 |     771     385     771 |    0.2   12.8    0.8
3994 |   194 |    3264 |    5351     384    5351 |     767     384     767 |    0.2   12.8    0.7
3995 |   194 |    3285 |    5382     385    5382 |     771     385     771 |    0.2   12.5    0.7
3996 |   194 |    2106 |    4605     384    4605 |     769     384     769 |    0.2   10.6    0.6
3997 |   194 |    2110 |    5374     385    5374 |     771     385     771 |    0.2   13.3    0.7
3998 |   194 |    3283 |    5376     385    5376 |     770     385     770 |    0.2   12.7    0.7
3999 |   194 |    3270 |    5370     386    5370 |     771     386     771 |    0.2   10.4    0.6
4000 |   191 |    2462 |    4565     383    4565 |     765     383     765 |    0.1    9.9    0.6
4001 |   193 |    3239 |    5308     385    5308 |     769     385     769 |    0.1   12.4    0.7
4002 |   194 |    2101 |    5344     385    5344 |     770     385     770 |    0.1    9.7    0.6
4003 |   194 |    3280 |    5363     385    5363 |     769     385     769 |    0.2   13.3    0.8
4004 |   192 |    3251 |    5350     383    5350 |     767     384     767 |    0.2   13.3    0.7
4005 |   193 |    3261 |    5349     384    5349 |     768     384     768 |    0.2   12.9    0.7
4006 |   193 |    3269 |    5363     384    5363 |     769     384     769 |    0.2   13.6    0.7
4007 |   193 |    3271 |    5366     384    5366 |     769     384     769 |    0.2   12.9    0.7
4008 |   194 |    3284 |    5366     386    5366 |     772     386     772 |    0.3   10.1    0.6
4009 |   194 |    3276 |    5363     385    5363 |     770     385     770 |    0.2    9.7    0.6
4010 |   194 |    3273 |    5369     385    5369 |     771     385     771 |    0.2   13.3    0.7
4011 |   194 |    2124 |    5383     385    5383 |     771     385     771 |    0.2   13.3    0.7
4012 |   194 |    2119 |    5379     385    5379 |     770     385     770 |    0.2   13.6    0.7
4013 |   194 |    3274 |    5370     385    5370 |     770     385     770 |    0.2   12.7    0.7
4014 |   194 |    3282 |    5375     385    5375 |     770     385     770 |    0.2   12.4    0.7
4015 |   194 |    3261 |    5353     385    5353 |     770     385     770 |    0.2   10.1    0.7
4016 |   194 |    3284 |    5378     385    5378 |     770     385     770 |    0.2   13.4    0.9
4017 |   193 |    3261 |    5354     384    5354 |     768     384     768 |    0.2   12.4    0.7
4018 |   192 |    3236 |    4584     385    4584 |     770     385     770 |    0.2   10.1    0.6
4019 |   194 |    2877 |    5360     385    5360 |     771     385     771 |    0.2   10.5    0.6
4020 |   193 |    3268 |    5355     384    5355 |     769     384     769 |    0.2   12.4    0.7
4021 |   194 |    3262 |    5339     384    5339 |     768     384     768 |    0.2   12.4    0.7
4022 |   194 |    3261 |    5369     385    5369 |     769     385     769 |    0.4   13.0    0.7
4023 |   194 |    3277 |    5368     385    5368 |     771     385     771 |    0.2   13.6    0.7
4024 |   194 |    3283 |    5366     385    5366 |     770     385     770 |    0.2   12.8    0.7
4025 |   194 |    2296 |    5373     386    5373 |     772     386     772 |    0.2   13.7    0.7
4026 |   193 |    2065 |    4545     384    4545 |     767     384     767 |    0.1   10.0    0.6
4027 |   194 |    3263 |    5340     384    5340 |     768     384     768 |    0.2   12.8    1.3
4028 |   192 |    3184 |    4530     382    4530 |     765     383     765 |    0.1    9.6    0.6
4029 |   193 |    3259 |    5361     384    5361 |     768     384     768 |    0.2   13.4    0.7
4030 |   193 |    3262 |    5350     384    5350 |     768     384     768 |    0.2   13.1    0.7
4031 |   194 |    3268 |    5361     385    5361 |     770     385     770 |    0.2   12.4    0.7
4032 |   194 |    3264 |    5366     385    5366 |     769     385     769 |    0.2   12.4    0.7
4033 |   194 |    3262 |    5343     384    5343 |     767     384     767 |    0.1   13.4    0.7
4034 |   194 |    2297 |    5371     385    5371 |     769     385     769 |    0.2   12.9    1.0
4035 |   194 |    3290 |    5379     385    5379 |     771     385     771 |    0.3   12.7    0.7
4036 |   194 |    3270 |    5355     384    5355 |     768     384     768 |    0.2   13.7    0.7
4037 |   194 |    3280 |    5377     385    5377 |     770     385     770 |    0.2   13.0    0.7
4038 |   193 |    3251 |    5344     385    5344 |     770     385     770 |    0.1    9.5    0.6
4039 |   194 |    3270 |    5366     385    5366 |     770     385     770 |    0.2   13.0    0.7
4040 |   193 |    3263 |    5346     384    5346 |     769     384     769 |    0.2   12.5    0.7
4041 |   194 |    3278 |    5370     385    5370 |     770     385     770 |    0.2   12.7    0.8
4042 |   194 |    2287 |    4589     384    4589 |     767     384     767 |    0.2   10.0    0.6
4043 |   194 |    2700 |    5374     385    5374 |     770     385     770 |    0.2   11.8    0.8
4044 |   194 |    3286 |    5378     385    5378 |     770     385     770 |    0.3   14.5    0.7
4045 |   194 |    3279 |    5377     385    5377 |     770     385     770 |    0.2   12.7    0.7
4046 |   194 |    3288 |    5381     385    5381 |     771     386     771 |    0.2   12.7    0.7
4047 |   194 |    3280 |    5372     385    5372 |     771     385     771 |    0.2   13.9    0.7
4048 |   194 |    3279 |    5371     385    5371 |     770     385     770 |    0.2   13.3    0.7
4049 |   192 |    3172 |    4518     382    4518 |     765     383     765 |    0.1    9.2    0.6
4050 |   194 |    3264 |    5343     384    5343 |     769     384     769 |    0.2   12.7    0.7
4051 |   194 |    3254 |    5360     384    5360 |     768     384     768 |    0.2   13.2    0.7
4052 |   194 |    3251 |    4598     383    4598 |     768     384     768 |    0.1    9.5    0.6
4053 |   194 |    2677 |    5336     384    5336 |     768     384     768 |    0.2   13.7    0.7
4054 |   194 |    3265 |    5364     385    5364 |     771     385     771 |    0.2   13.5    0.7
4055 |   194 |    3288 |    5385     386    5385 |     771     386     771 |    0.2   13.1    0.7
4056 |   193 |    2102 |    5337     385    5337 |     769     385     769 |    0.1    9.9    0.6
4057 |   194 |    3275 |    5365     384    5365 |     768     384     768 |    0.2   12.9    0.7
4058 |   193 |    3270 |    5362     385    5362 |     770     385     770 |    0.2   12.9    0.7
4059 |   193 |    3265 |    5358     385    5358 |     769     385     769 |    0.2   12.9    0.7
4060 |   192 |    3244 |    5337     383    5337 |     766     383     766 |    0.1   12.7    0.7
4061 |   194 |    3276 |    5370     384    5370 |     769     384     769 |    0.2   14.6    0.8
4062 |   194 |    3287 |    5378     385    5378 |     771     385     771 |    0.2   14.5    0.7
4063 |   193 |    3244 |    5301     386    5301 |     773     386     773 |    0.2   12.9    0.7
4064 |   194 |    3261 |    5363     384    5363 |     769     385     769 |    0.2   13.0    0.7
4065 |   194 |    3288 |    5370     386    5370 |     773     386     773 |    0.3   13.1    0.8
4066 |   192 |    3254 |    5351     383    5351 |     767     383     767 |    0.1   13.1    0.7
4067 |   194 |    3281 |    5374     385    5374 |     771     385     771 |    0.2   13.2    0.7
4068 |   194 |    3224 |    4573     383    4573 |     768     384     768 |    0.1    9.5    0.6
4069 |   194 |    2296 |    5367     384    5367 |     769     384     769 |    0.2   13.2    0.7
4070 |   194 |    3223 |    4576     384    4576 |     768     384     768 |    0.1    9.9    0.6
4071 |   191 |    3198 |    4544     383    4544 |     765     383     765 |    0.1    9.2    0.6
4072 |   194 |    3273 |    5359     384    5359 |     768     384     768 |    0.2   13.1    0.7
4073 |   194 |    3283 |    5372     386    5372 |     771     386     771 |    0.2   13.4    0.7
4074 |   194 |    3275 |    5366     385    5366 |     769     385     769 |    0.2   13.3    0.7
4075 |   194 |    3281 |    5365     385    5365 |     770     385     770 |    0.2   13.4    0.7
4076 |   194 |    3290 |    5380     386    5380 |     771     386     771 |    0.2    9.8    0.8
4077 |   194 |    3274 |    5366     384    5366 |     769     384     769 |    0.3   17.0    0.7
4078 |   194 |    3287 |    5368     386    5368 |     772     386     772 |    0.2   14.2    0.7
4079 |   194 |    3251 |    5325     384    5325 |     768     384     768 |    0.2   13.2    0.7
4080 |   194 |    2502 |    5367     385    5367 |     769     385     769 |    0.3   13.1    0.7
4081 |   192 |    2477 |    5338     384    5338 |     768     384     768 |    0.2   10.6    0.7
4082 |   194 |    3281 |    5365     385    5365 |     770     385     770 |    0.2   13.8    0.7
4083 |   191 |    2462 |    5310     384    5310 |     767     384     767 |    0.2   10.4    0.6
4084 |   194 |    3248 |    5317     386    5317 |     773     386     773 |    0.2   10.0    0.6
4085 |   194 |    2270 |    4572     384    4572 |     768     384     768 |    0.1   11.4    0.6
4086 |   193 |    3258 |    5353     385    5353 |     770     385     770 |    0.2   10.3    0.6
4087 |   194 |    3278 |    5365     384    5365 |     769     384     769 |    0.2   12.9    0.7
4088 |   194 |    3277 |    5375     385    5375 |     770     385     770 |    0.2   13.3    0.7
4089 |   194 |    3285 |    5373     385    5373 |     770     385     770 |    0.2   13.1    1.0
4090 |   194 |    2268 |    4542     384    4542 |     767     384     767 |    0.3    9.9    0.6
4091 |   194 |    2486 |    4603     385    4603 |     769     385     769 |    0.2   10.0    0.6
4092 |   194 |    2296 |    5372     385    5372 |     771     385     771 |    0.2   14.1    0.7
4093 |   194 |    3267 |    5361     384    5361 |     768     384     768 |    0.2   13.8    0.7
4094 |   193 |    3258 |    5360     384    5360 |     768     384     768 |    0.2   13.2    0.7
4095 |   194 |    3277 |    5362     385    5362 |     770     385     770 |    0.2   13.4    0.7
4096 |   194 |    3279 |    5374     386    5374 |     772     386     772 |    0.2   13.1    0.8
4097 |   194 |    3287 |    5374     386    5374 |     772     386     772 |    0.3   13.4    0.7
4098 |   194 |    3270 |    5358     384    5358 |     767     384     767 |    0.2   13.0    0.7
4099 |   194 |    3277 |    5371     385    5371 |     769     385     769 |    0.2   14.0    0.7
4100 |   194 |    3270 |    5369     385    5369 |     770     385     770 |    0.2   13.4    0.7
4101 |   193 |    3246 |    5329     383    5329 |     767     383     767 |    0.2   13.1    0.7
4102 |   194 |    3277 |    5360     385    5360 |     769     385     769 |    0.2   13.8    0.7
4103 |   194 |    3285 |    5372     385    5372 |     770     385     770 |    0.2   13.6    0.7
4104 |   194 |    3272 |    5358     384    5358 |     768     384     768 |    0.2   13.2    0.7
4105 |   194 |    3284 |    5375     385    5375 |     771     385     771 |    0.2   13.6    0.7
4106 |   193 |    3268 |    5360     385    5360 |     770     385     770 |    0.2   13.5    0.7
4107 |   194 |    3280 |    5366     385    5366 |     770     385     770 |    0.2   13.6    0.7
4108 |   193 |    2450 |    4554     383    4554 |     766     383     766 |    0.2    9.3    0.6
4109 |   194 |    3280 |    5374     384    5374 |     769     385     769 |    0.2   13.8    0.7
4110 |   194 |    3287 |    5382     385    5382 |     771     385     771 |    0.2   14.1    0.7
4111 |   194 |    3289 |    5381     385    5381 |     771     385     771 |    0.2   13.7    0.7
4112 |   194 |    3274 |    5371     384    5371 |     769     385     769 |    0.2   13.1    0.7
4113 |   194 |    3226 |    4577     384    4577 |     767     384     767 |    0.2    9.6    0.6
4114 |   194 |    3275 |    5372     385    5372 |     770     385     770 |    0.2   14.1    0.7
4115 |   194 |    2124 |    5367     386    5367 |     774     386     774 |    0.2   12.9    0.7
4116 |   194 |    3285 |    5381     386    5381 |     772     386     772 |    0.2   12.6    0.7
4117 |   194 |    3267 |    5365     385    5365 |     769     385     769 |    0.2   12.7    0.7
4118 |   194 |    3266 |    5350     384    5350 |     768     384     768 |    0.2   13.0    0.7
4119 |   193 |    3256 |    5354     383    5354 |     766     383     766 |    0.1   13.7    0.7
4120 |   194 |    3290 |    5383     386    5383 |     771     386     771 |    0.2   13.6    0.7
4121 |   194 |    3280 |    5374     385    5374 |     771     385     771 |    0.2   13.1    0.7
4122 |   194 |    3281 |    5370     385    5370 |     771     385     771 |    0.2   13.5    0.7
4123 |   194 |    3268 |    5364     384    5364 |     768     384     768 |    0.2   14.4    0.9
4124 |   194 |    2099 |    4590     384    4590 |     768     384     768 |    0.2   12.3    0.6
4125 |   193 |    2111 |    5355     385    5355 |     769     385     769 |    0.2    9.9    0.6
4126 |   194 |    3259 |    5340     386    5340 |     772     386     772 |    0.2   12.8    0.7
4127 |   194 |    3274 |    5371     385    5371 |     770     385     770 |    0.2   13.0    0.7
4128 |   194 |    3289 |    5376     386    5376 |     772     386     772 |    0.2   13.2    0.7
4129 |   194 |    2296 |    4602     385    4602 |     770     385     770 |    0.2    9.9    0.6
4130 |   194 |    3270 |    5364     384    5364 |     769     384     769 |    0.2   13.0    0.7
4131 |   194 |    3267 |    5344     384    5344 |     771     384     771 |    0.2   13.5    0.8
4132 |   194 |    3273 |    5361     385    5361 |     770     385     770 |    0.3   13.1    0.7
4133 |   194 |    3269 |    5352     384    5352 |     768     384     768 |    0.2   13.4    0.7
4134 |   194 |    2109 |    5367     385    5367 |     770     385     770 |    0.2   13.6    0.7
4135 |   194 |    3281 |    5377     385    5377 |     770     385     770 |    0.2   14.2    0.7
4136 |   194 |    3269 |    5360     384    5360 |     770     384     770 |    0.2   13.4    0.7
4137 |   194 |    2879 |    5360     385    5360 |     770     385     770 |    0.2   10.3    0.6
4138 |   194 |    3273 |    5367     384    5367 |     768     384     768 |    0.2   13.4    0.7
4139 |   192 |    3250 |    5342     385    5342 |     770     385     770 |    0.2   13.6    0.7
4140 |   194 |    3225 |    4575     384    4575 |     767     384     767 |    0.1    9.4    0.6
4141 |   194 |    3286 |    5384     385    5384 |     771     386     771 |    0.2   13.0    0.9
4142 |   194 |    3289 |    5376     386    5376 |     771     386     771 |    0.3   13.1    0.8
4143 |   194 |    2705 |    5380     386    5380 |     773     386     773 |    0.2    9.6    0.6
4144 |   194 |    3284 |    5381     386    5381 |     771     386     771 |    0.2   12.9    0.7
4145 |   194 |    3280 |    5374     385    5374 |     771     385     771 |    0.2   13.5    0.9
4146 |   194 |    3275 |    5371     385    5371 |     771     386     771 |    0.3   14.3    0.7
4147 |   194 |    3273 |    5358     385    5358 |     770     385     770 |    0.2   12.7    0.7
4148 |   194 |    3246 |    5359     384    5359 |     767     384     767 |    0.1    9.7    0.6
4149 |   194 |    3253 |    5366     384    5366 |     768     384     768 |    0.2   13.5    0.7
4150 |   194 |    3282 |    5372     385    5372 |     771     385     771 |    0.2   13.3    0.7
4151 |   194 |    3241 |    4587     384    4587 |     767     384     767 |    0.1   10.0    0.8
4152 |   194 |    2122 |    5368     386    5368 |     772     386     772 |    0.2   13.4    0.7
4153 |   194 |    3284 |    5372     385    5372 |     770     385     770 |    0.2   13.2    0.7
4154 |   194 |    3256 |    4599     385    4599 |     770     385     770 |    0.2   10.0    0.6
4155 |   193 |    3257 |    5357     383    5357 |     767     383     767 |    0.1   13.8    0.7
4156 |   194 |    3272 |    5366     385    5366 |     771     385     771 |    0.2   13.1    0.7
4157 |   194 |    3285 |    5383     385    5383 |     771     385     771 |    0.2   13.5    0.8
4158 |   193 |    3273 |    5364     385    5364 |     769     385     769 |    0.2   13.6    0.7
4159 |   194 |    2880 |    5349     386    5349 |     772     386     772 |    0.2   10.1    0.6
4160 |   192 |    3238 |    4582     384    4582 |     767     384     767 |    0.2    9.8    0.6
4161 |   194 |    2496 |    5366     385    5366 |     771     385     771 |    0.2   12.8    0.7
4162 |   194 |    2087 |    5327     384    5327 |     767     384     767 |    0.1    9.4    0.6
4163 |   194 |    3263 |    5359     384    5359 |     769     384     769 |    0.2   13.6    0.7
4164 |   193 |    3237 |    4585     384    4585 |     767     384     767 |    0.2    9.9    0.6
4165 |   194 |    3268 |    5371     385    5371 |     770     385     770 |    0.2   12.8    0.7
4166 |   194 |    3267 |    5367     385    5367 |     770     385     770 |    0.2   13.4    0.7
4167 |   193 |    2286 |    5367     385    5367 |     770     385     770 |    0.2   13.7    0.7
4168 |   194 |    3259 |    4605     384    4605 |     769     384     769 |    0.2    9.6    0.6
4169 |   193 |    2621 |    4539     383    4539 |     767     383     767 |    0.1    9.6    0.6
4170 |   193 |    2685 |    5361     384    5361 |     769     384     769 |    0.2   10.3    0.6
4171 |   193 |    3255 |    5346     387    5346 |     774     387     774 |    0.2   12.9    0.7
4172 |   193 |    3256 |    5355     383    5355 |     767     383     767 |    0.1   13.4    0.7
4173 |   194 |    2112 |    5373     385    5373 |     770     385     770 |    0.2   13.1    0.7
4174 |   194 |    3282 |    5350     388    5350 |     776     388     776 |    0.2   10.3    0.6
4175 |   194 |    2109 |    5364     385    5364 |     771     385     771 |    0.2   12.9    0.7
4176 |   191 |    3237 |    4579     383    4579 |     765     383     765 |    0.2    9.4    0.6
4177 |   194 |    3279 |    5375     385    5375 |     770     385     770 |    0.2   14.0    0.7
4178 |   194 |    3262 |    5354     384    5354 |     768     384     768 |    0.2   13.3    0.7
4179 |   194 |    3278 |    5376     385    5376 |     770     385     770 |    0.2   10.2    0.7
4180 |   194 |    3287 |    5376     386    5376 |     772     386     772 |    0.2   12.4    0.7
4181 |   192 |    3253 |    5351     383    5351 |     766     383     766 |    0.1   12.9    0.7
4182 |   194 |    2460 |    5309     385    5309 |     770     385     770 |    0.1    9.9    0.6
4183 |   193 |    3271 |    5366     384    5366 |     768     384     768 |    0.2   12.7    0.7
4184 |   192 |    3253 |    5355     384    5355 |     767     384     767 |    0.1   12.7    0.7
4185 |   194 |    2888 |    5371     384    5371 |     770     385     770 |    0.2   10.2    0.6
4186 |   194 |    3278 |    5373     385    5373 |     771     385     771 |    0.2   12.8    0.7
4187 |   194 |    3290 |    5373     386    5373 |     773     386     773 |    0.2   13.3    0.7
4188 |   190 |    3207 |    4550     383    4550 |     765     383     765 |    0.1    9.3    0.6
4189 |   194 |    3278 |    5370     385    5370 |     770     385     770 |    0.2   12.8    0.7
4190 |   194 |    3262 |    5338     384    5338 |     768     384     768 |    0.1   12.9    0.7
4191 |   193 |    3273 |    5363     385    5363 |     769     385     769 |    0.2   13.8    0.7
4192 |   194 |    3290 |    5385     385    5385 |     771     385     771 |    0.2   13.6    0.7
4193 |   194 |    2106 |    5361     384    5361 |     769     384     769 |    0.2   13.6    0.9
4194 |   194 |    2485 |    5353     384    5353 |     770     385     770 |    0.2   16.5    0.9
4195 |   194 |    3257 |    4604     384    4604 |     769     384     769 |    0.2   11.9    0.6
4196 |   194 |    2877 |    5378     385    5378 |     770     385     770 |    0.2    9.9    0.6
4197 |   194 |    3281 |    5367     385    5367 |     771     385     771 |    0.2   13.5    0.7
4198 |   194 |    3262 |    5368     384    5368 |     769     384     769 |    0.2   12.7    0.7
4199 |   194 |    3275 |    5368     384    5368 |     769     384     769 |    0.2   12.7    0.7
4200 |   194 |    2661 |    4596     384    4596 |     768     384     768 |    0.2    9.8    0.6
4201 |   193 |    2259 |    4559     383    4559 |     766     383     766 |    0.1    9.1    0.5
4202 |   194 |    3280 |    5370     385    5370 |     770     385     770 |    0.2   13.5    0.7
4203 |   192 |    3257 |    5353     384    5353 |     767     384     767 |    0.1   12.8    0.7
4204 |   194 |    3269 |    5370     385    5370 |     771     386     771 |    0.2   12.9    0.7
4205 |   194 |    3276 |    5377     385    5377 |     770     385     770 |    0.2   13.9    0.7
4206 |   194 |    3267 |    5349     384    5349 |     768     384     768 |    0.2   12.7    0.7
4207 |   194 |    3259 |    5343     383    5343 |     767     383     767 |    0.1   12.6    0.7
4208 |   194 |    3240 |    5329     385    5329 |     770     385     770 |    0.1    9.7    0.6
4209 |   194 |    3270 |    5366     385    5366 |     771     386     771 |    0.2   12.9    0.7
4210 |   194 |    3269 |    5364     385    5364 |     770     385     770 |    0.2   13.0    0.7
4211 |   194 |    3254 |    4598     384    4598 |     769     384     769 |    0.1   10.7    0.6
4212 |   194 |    3287 |    5379     386    5379 |     772     386     772 |    0.2   12.6    0.7
4213 |   194 |    3280 |    5376     385    5376 |     771     385     771 |    0.2   13.6    0.7
4214 |   194 |    3279 |    5375     385    5375 |     771     385     771 |    0.2   13.1    0.7
4215 |   194 |    3286 |    5385     385    5385 |     770     385     770 |    0.2   10.1    0.7
4216 |   194 |    3284 |    5375     385    5375 |     771     385     771 |    0.2   13.7    0.7
4217 |   194 |    2502 |    5366     386    5366 |     772     386     772 |    0.2   13.6    0.7
4218 |   194 |    3281 |    5372     385    5372 |     771     386     771 |    0.3   13.5    0.8
4219 |   194 |    3284 |    5376     385    5376 |     770     385     770 |    0.2   13.7    0.7
4220 |   193 |    3258 |    5359     384    5359 |     768     384     768 |    0.2   13.5    0.7
4221 |   192 |    2666 |    5334     384    5334 |     768     384     768 |    0.2   10.0    0.6
4222 |   194 |    2497 |    5366     385    5366 |     771     386     771 |    0.2   13.0    0.7
4223 |   193 |    3256 |    5346     383    5346 |     767     383     767 |    0.1   13.2    0.7
4224 |   194 |    3283 |    5372     385    5372 |     769     385     769 |    0.2   13.5    0.8
4225 |   194 |    2872 |    5375     385    5375 |     770     385     770 |    0.2   13.5    0.7
4226 |   194 |    3286 |    5375     385    5375 |     771     385     771 |    0.2   13.5    0.7
4227 |   193 |    3266 |    5356     384    5356 |     768     384     768 |    0.2   12.2    0.7
4228 |   194 |    3278 |    5377     385    5377 |     770     385     770 |    0.2   10.3    0.6
4229 |   194 |    2284 |    4596     384    4596 |     768     384     768 |    0.1    9.8    0.6
4230 |   194 |    3269 |    5352     384    5352 |     768     384     768 |    0.2   12.9    0.7
4231 |   194 |    3277 |    5369     385    5369 |     770     385     770 |    0.2   13.9    0.7
4232 |   194 |    3280 |    5367     385    5367 |     771     385     771 |    0.2   13.6    0.7
4233 |   194 |    3280 |    5373     385    5373 |     770     385     770 |    0.2   12.8    0.7
4234 |   194 |    3284 |    5356     386    5356 |     772     386     772 |    0.2   13.2    0.7
4235 |   194 |    3254 |    5360     384    5360 |     768     384     768 |    0.1   13.9    0.7
4236 |   194 |    2101 |    4592     384    4592 |     768     384     768 |    0.1    9.8    0.6
4237 |   194 |    3265 |    5342     383    5342 |     768     383     768 |    0.2   13.3    0.7
4238 |   191 |    3232 |    4577     383    4577 |     765     383     765 |    0.1    9.7    0.6
4239 |   194 |    3280 |    5375     385    5375 |     770     385     770 |    0.2   12.9    0.7
4240 |   192 |    3255 |    5349     383    5349 |     767     384     767 |    0.1   13.3    0.7
4241 |   192 |    3243 |    4588     383    4588 |     766     383     766 |    0.1   10.1    0.9
4242 |   194 |    3268 |    5364     385    5364 |     770     385     770 |    0.2   12.9    0.7
4243 |   194 |    3263 |    5367     385    5367 |     770     385     770 |    0.2   13.1    0.7
4244 |   194 |    3274 |    5366     385    5366 |     770     385     770 |    0.2   12.7    0.7
4245 |   194 |    2877 |    5336     384    5336 |     767     384     767 |    0.2   13.2    0.7
4246 |   194 |    3282 |    5365     385    5365 |     771     385     771 |    0.2   14.1    0.7
4247 |   194 |    3281 |    5368     385    5368 |     771     385     771 |    0.2   13.2    0.7
4248 |   193 |    3229 |    4576     383    4576 |     767     383     767 |    0.1    9.6    0.6
4249 |   194 |    3287 |    5383     386    5383 |     772     386     772 |    0.2   13.4    0.7
4250 |   194 |    2492 |    5367     385    5367 |     770     385     770 |    0.3   12.8    0.7
4251 |   194 |    3276 |    5364     384    5364 |     769     385     769 |    0.2   13.1    0.7
4252 |   194 |    3272 |    5350     385    5350 |     771     385     771 |    0.2   12.7    0.7
4253 |   194 |    3288 |    5384     385    5384 |     771     386     771 |    0.2   13.5    0.8
4254 |   194 |    3276 |    5361     385    5361 |     770     385     770 |    0.2   13.2    0.7
4255 |   193 |    2484 |    5361     385    5361 |     769     385     769 |    0.2   10.2    0.6
4256 |   194 |    2286 |    5382     385    5382 |     770     385     770 |    0.2   13.2    0.7
4257 |   192 |    3221 |    5308     382    5308 |     765     383     765 |    0.2   10.0    0.6
4258 |   194 |    3262 |    5338     384    5338 |     768     384     768 |    0.2   13.7    0.7
4259 |   194 |    3274 |    5367     385    5367 |     769     385     769 |    0.2   13.0    0.7
4260 |   193 |    3263 |    5358     383    5358 |     768     383     768 |    0.2   13.5    0.7
4261 |   191 |    2080 |    4570     383    4570 |     765     383     765 |    0.2   10.0    0.6
4262 |   194 |    3220 |    4568     383    4568 |     768     384     768 |    0.2    9.2    0.6
4263 |   194 |    2302 |    5369     386    5369 |     771     386     771 |    0.2   12.9    0.7
4264 |   190 |    3212 |    4552     383    4552 |     765     383     765 |    0.1    9.4    0.6
4265 |   194 |    3289 |    5381     386    5381 |     772     386     772 |    0.2   13.3    0.8
4266 |   192 |    3239 |    5325     383    5325 |     766     383     766 |    0.1   12.9    0.7
4267 |   193 |    3265 |    5356     385    5356 |     769     385     769 |    0.2   12.5    0.7
4268 |   193 |    3264 |    5357     383    5357 |     767     383     767 |    0.2   12.9    0.7
4269 |   194 |    3267 |    5369     384    5369 |     768     384     768 |    0.2   13.4    0.7
4270 |   192 |    2669 |    5334     384    5334 |     768     384     768 |    0.2   12.0    0.8
4271 |   194 |    3288 |    5378     386    5378 |     772     386     772 |    0.3   14.4    0.7
4272 |   194 |    3278 |    5377     385    5377 |     770     385     770 |    0.2   13.0    0.7
4273 |   194 |    2501 |    5367     386    5367 |     771     386     771 |    0.2   13.3    0.7
4274 |   194 |    3266 |    5360     384    5360 |     767     384     767 |    0.2   12.8    0.7
4275 |   194 |    3285 |    5374     385    5374 |     771     385     771 |    0.2   13.0    0.7
4276 |   193 |    3256 |    5348     384    5348 |     767     384     767 |    0.2   13.6    0.8
4277 |   193 |    2491 |    5356     385    5356 |     769     385     769 |    0.2    9.6    0.6
4278 |   194 |    3278 |    5367     384    5367 |     769     384     769 |    0.2   13.3    0.8
4279 |   193 |    3255 |    5354     384    5354 |     768     384     768 |    0.2   13.3    0.7
4280 |   194 |    2109 |    5368     384    5368 |     769     384     769 |    0.2   13.0    0.7
4281 |   193 |    3265 |    5363     384    5363 |     768     384     768 |    0.2   12.8    0.7
4282 |   194 |    3279 |    5375     385    5375 |     770     385     770 |    0.2   13.2    0.7
4283 |   192 |    3215 |    5286     383    5286 |     766     383     766 |    0.1   12.1    0.9
4284 |   194 |    3286 |    5374     385    5374 |     771     386     771 |    0.3   13.4    0.7
4285 |   192 |    3243 |    5339     383    5339 |     766     383     766 |    0.1   12.6    0.7
4286 |   194 |    3241 |    5296     385    5296 |     770     385     770 |    0.2   12.6    0.7
4287 |   193 |    3271 |    5362     385    5362 |     770     385     770 |    0.2   13.4    0.7
4288 |   190 |    2065 |    4540     383    4540 |     765     383     765 |    0.1    9.6    0.6
4289 |   194 |    2507 |    5373     386    5373 |     771     386     771 |    0.2    9.7    0.6
4290 |   194 |    2286 |    5366     384    5366 |     769     384     769 |    0.2   13.7    0.7
4291 |   194 |    3290 |    5386     385    5386 |     771     385     771 |    0.2   13.2    0.7
4292 |   194 |    3272 |    5366     384    5366 |     769     384     769 |    0.2   13.8    0.7
4293 |   193 |    3260 |    5354     383    5354 |     767     383     767 |    0.2   13.1    0.7
4294 |   194 |    3258 |    5337     384    5337 |     768     384     768 |    0.1   12.8    0.7
4295 |   191 |    3210 |    4552     383    4552 |     765     383     765 |    0.1   10.3    0.6
4296 |   194 |    3287 |    5379     386    5379 |     771     386     771 |    0.2   13.4    0.7
4297 |   194 |    3274 |    5375     385    5375 |     770     385     770 |    0.2   13.6    0.7
4298 |   193 |    2116 |    5364     385    5364 |     769     385     769 |    0.2    9.7    0.6
4299 |   194 |    3263 |    5336     384    5336 |     769     384     769 |    0.1   13.1    0.7
4300 |   193 |    3264 |    5359     384    5359 |     768     384     768 |    0.2   14.7    0.9
4301 |   193 |    3255 |    5344     384    5344 |     769     384     769 |    0.2   13.1    0.7
4302 |   194 |    3275 |    5352     385    5352 |     771     385     771 |    0.2   12.6    0.7
4303 |   194 |    2115 |    4609     386    4609 |     772     386     772 |    0.3    9.7    0.6
4304 |   193 |    2507 |    5313     387    5313 |     776     387     776 |    0.2    9.6    0.6
4305 |   194 |    2507 |    5383     385    5383 |     771     385     771 |    0.2   10.2    0.6
4306 |   194 |    2483 |    4603     384    4603 |     768     384     768 |    0.1    9.7    0.7
4307 |   194 |    3293 |    5385     385    5385 |     771     386     771 |    0.2   13.5    0.7
4308 |   194 |    2508 |    5377     385    5377 |     770     385     770 |    0.2   13.8    0.7
4309 |   194 |    3288 |    5380     386    5380 |     772     386     772 |    0.2   13.6    0.7
4310 |   194 |    3279 |    5369     385    5369 |     771     385     771 |    0.2   12.9    0.7
4311 |   194 |    2892 |    5361     386    5361 |     774     385     774 |    0.2   10.0    0.6
4312 |   194 |    2111 |    5367     385    5367 |     771     385     771 |    0.2   13.6    0.7
4313 |   194 |    3278 |    5370     385    5370 |     771     385     771 |    0.2   14.0    0.7
4314 |   194 |    3290 |    5383     386    5383 |     771     386     771 |    0.2   13.2    0.7
4315 |   194 |    3260 |    5356     383    5356 |     770     385     770 |    0.2   12.8    0.7
4316 |   192 |    3225 |    4569     383    4569 |     766     383     766 |    0.2    9.5    0.6
4317 |   194 |    3268 |    5372     385    5372 |     769     385     769 |    0.2   14.9    0.9
4318 |   194 |    3278 |    5368     384    5368 |     769     384     769 |    0.3   14.6    0.7
4319 |   191 |    3226 |    4566     383    4566 |     765     383     765 |    0.1   10.2    0.6
4320 |   194 |    3258 |    5339     384    5339 |     767     384     767 |    0.1   13.0    0.7
4321 |   194 |    2506 |    5378     385    5378 |     770     385     770 |    0.2   10.2    0.6
4322 |   194 |    3270 |    5373     384    5373 |     769     385     769 |    0.2   13.3    0.7
4323 |   194 |    3282 |    5376     385    5376 |     770     385     770 |    0.2   13.3    0.7
4324 |   194 |    3276 |    5371     385    5371 |     770     385     770 |    0.2   10.2    0.6
4325 |   193 |    3253 |    5358     384    5358 |     768     384     768 |    0.2   12.6    0.7
4326 |   192 |    2271 |    4567     383    4567 |     766     383     766 |    0.2    9.5    0.6
4327 |   194 |    3277 |    5375     385    5375 |     771     385     771 |    0.2   12.7    0.7
4328 |   194 |    3281 |    5369     384    5369 |     769     385     769 |    0.2   13.5    0.7
4329 |   194 |    3284 |    5374     385    5374 |     771     385     771 |    0.2   14.5    0.7
4330 |   194 |    3277 |    5365     385    5365 |     770     385     770 |    0.2   13.4    0.7
4331 |   193 |    3265 |    5355     384    5355 |     769     384     769 |    0.2   13.7    0.7
4332 |   193 |    3259 |    5353     383    5353 |     769     384     769 |    0.2   13.5    0.7
4333 |   194 |    3281 |    5379     385    5379 |     770     385     770 |    0.2   12.8    0.7
4334 |   194 |    3284 |    5381     385    5381 |     771     385     771 |    0.2   14.1    0.7
4335 |   194 |    3253 |    5360     384    5360 |     768     384     768 |    0.2   12.8    0.7
4336 |   194 |    3286 |    5383     386    5383 |     771     386     771 |    0.3   12.7    0.7
4337 |   194 |    3264 |    5365     384    5365 |     768     384     768 |    0.2   13.2    0.7
4338 |   194 |    3272 |    5359     386    5359 |     772     386     772 |    0.2   13.6    0.7
4339 |   193 |    2481 |    5345     384    5345 |     770     384     770 |    0.2    9.5    0.6
4340 |   194 |    3274 |    5369     385    5369 |     769     385     769 |    0.2   12.2    0.7
4341 |   193 |    3268 |    5367     385    5367 |     769     385     769 |    0.2   13.4    0.7
4342 |   194 |    3278 |    5373     385    5373 |     771     385     771 |    0.2   12.4    0.7
4343 |   194 |    2475 |    4589     384    4589 |     769     384     769 |    0.2   10.5    0.6
4344 |   194 |    3287 |    5381     385    5381 |     771     385     771 |    0.2   12.8    0.7
4345 |   194 |    3287 |    5376     386    5376 |     772     386     772 |    0.2   13.6    0.7
4346 |   193 |    3274 |    5357     385    5357 |     770     385     770 |    0.2   13.0    0.7
4347 |   194 |    3257 |    5361     384    5361 |     768     384     768 |    0.2   13.4    0.7
4348 |   194 |    3291 |    5373     386    5373 |     772     386     772 |    0.2   13.1    0.7
4349 |   194 |    3250 |    4599     384    4599 |     768     384     768 |    0.2    9.7    0.6
4350 |   194 |    3282 |    5382     385    5382 |     770     385     770 |    0.2   13.8    0.7
4351 |   194 |    3230 |    4580     384    4580 |     767     384     767 |    0.1    9.5    0.6
4352 |   194 |    3286 |    5385     385    5385 |     771     385     771 |    0.2   10.2    0.6
4353 |   193 |    3263 |    5358     384    5358 |     768     384     768 |    0.2   14.1    0.7
4354 |   194 |    3285 |    5378     386    5378 |     772     386     772 |    0.2   13.5    0.7
4355 |   194 |    3263 |    5331     386    5331 |     775     386     775 |    0.2   12.8    0.7
4356 |   194 |    2089 |    4582     384    4582 |     767     384     767 |    0.1    9.3    0.6
4357 |   193 |    2090 |    4583     383    4583 |     766     383     766 |    0.1    9.8    0.6
4358 |   192 |    3229 |    5308     383    5308 |     765     383     765 |    0.2   12.7    0.7
4359 |   194 |    2502 |    5364     386    5364 |     772     386     772 |    0.2   13.3    0.7
4360 |   194 |    2502 |    5358     385    5358 |     771     385     771 |    0.2   11.8    0.7
4361 |   194 |    3287 |    5376     385    5376 |     771     385     771 |    0.2   13.1    0.7
4362 |   193 |    3234 |    4583     384    4583 |     767     384     767 |    0.2    9.4    0.6
4363 |   194 |    2303 |    5357     385    5357 |     770     385     770 |    0.2    9.7    0.6
4364 |   190 |    3211 |    4549     383    4549 |     765     383     765 |    0.1   10.0    0.6
4365 |   194 |    3259 |    5362     384    5362 |     770     385     770 |    0.2   13.4    0.7
4366 |   194 |    2297 |    5378     386    5378 |     772     386     772 |    0.2   12.9    0.9
4367 |   194 |    3281 |    5373     385    5373 |     770     385     770 |    0.2   13.5    0.7
4368 |   194 |    3274 |    5368     385    5368 |     770     385     770 |    0.2   12.8    0.7
4369 |   194 |    3288 |    5373     386    5373 |     772     386     772 |    0.2   13.2    0.7
4370 |   194 |    3250 |    5306     384    5306 |     769     384     769 |    0.1   14.4    0.7
4371 |   194 |    3271 |    5362     384    5362 |     769     384     769 |    0.2   12.7    0.7
4372 |   194 |    3287 |    5380     385    5380 |     771     385     771 |    0.2   13.0    0.7
4373 |   194 |    2105 |    5355     384    5355 |     769     384     769 |    0.2   12.6    0.7
4374 |   194 |    2302 |    5371     385    5371 |     770     385     770 |    0.2   12.7    0.7
4375 |   194 |    3286 |    5372     385    5372 |     771     385     771 |    0.2   13.1    0.7
4376 |   194 |    3286 |    5383     385    5383 |     771     385     771 |    0.2   13.2    0.7
4377 |   194 |    3257 |    4603     384    4603 |     768     384     768 |    0.2    9.4    0.6
4378 |   194 |    3273 |    5371     385    5371 |     770     385     770 |    0.2   13.2    0.7
4379 |   194 |    3184 |    4530     383    4530 |     767     384     767 |    0.2    9.4    0.6
4380 |   194 |    2896 |    5363     387    5363 |     773     387     773 |    0.2   10.0    0.6
4381 |   194 |    3290 |    5379     385    5379 |     771     385     771 |    0.2   13.5    0.7
4382 |   192 |    3232 |    4574     383    4574 |     765     383     765 |    0.1   10.5    0.6
4383 |   192 |    3249 |    5348     383    5348 |     766     383     766 |    0.2   12.5    0.7
4384 |   192 |    3248 |    4593     383    4593 |     766     383     766 |    0.1    9.6    0.6
4385 |   193 |    3263 |    5359     384    5359 |     768     384     768 |    0.2   12.6    0.7
4386 |   192 |    3233 |    5345     383    5345 |     766     383     766 |    0.1    9.7    0.6
4387 |   193 |    3231 |    4575     384    4575 |     768     384     768 |    0.1   10.0    0.6
4388 |   194 |    3257 |    5360     384    5360 |     768     384     768 |    0.2   13.0    0.8
4389 |   193 |    3230 |    4575     383    4575 |     767     383     767 |    0.2    9.9    0.6
4390 |   194 |    3278 |    5373     385    5373 |     771     385     771 |    0.2   13.3    0.7
4391 |   194 |    3290 |    5380     385    5380 |     771     385     771 |    0.2   14.3    0.7
4392 |   194 |    3287 |    5384     385    5384 |     771     385     771 |    0.2   13.3    0.7
4393 |   194 |    3265 |    5345     384    5345 |     769     384     769 |    0.2   12.7    0.7
4394 |   194 |    3276 |    5366     385    5366 |     771     385     771 |    0.2   12.5    0.7
4395 |   194 |    3278 |    5373     385    5373 |     770     385     770 |    0.2    9.9    0.6
4396 |   194 |    3288 |    5375     386    5375 |     771     386     771 |    0.2   13.3    0.7
4397 |   194 |    3287 |    5365     387    5365 |     773     387     773 |    0.3   13.5    0.7
4398 |   194 |    2306 |    5372     386    5372 |     772     386     772 |    0.2   13.3    0.7
4399 |   191 |    3232 |    4572     383    4572 |     765     383     765 |    0.1    9.5    0.6
4400 |   194 |    3274 |    5373     385    5373 |     770     385     770 |    0.2   13.3    0.7
4401 |   194 |    3282 |    5380     385    5380 |     771     385     771 |    0.2   13.1    0.7
4402 |   194 |    3271 |    5360     384    5360 |     768     384     768 |    0.2   12.9    0.7
4403 |   193 |    3256 |    5358     384    5358 |     768     384     768 |    0.1   13.7    0.7
4404 |   194 |    3283 |    5376     385    5376 |     770     385     770 |    0.2   13.2    0.7
4405 |   194 |    3261 |    5362     384    5362 |     769     385     769 |    0.2   13.2    0.7
4406 |   193 |    3256 |    5356     384    5356 |     769     384     769 |    0.2   12.7    0.7
4407 |   194 |    2508 |    5378     385    5378 |     770     385     770 |    0.2   13.1    0.7
4408 |   194 |    3276 |    5370     385    5370 |     770     385     770 |    0.2   14.4    0.7
4409 |   194 |    3197 |    4553     383    4553 |     768     384     768 |    0.2    9.3    0.9
4410 |   194 |    3290 |    5378     386    5378 |     772     386     772 |    0.2   13.3    0.7
4411 |   194 |    3281 |    5364     385    5364 |     770     385     770 |    0.3   12.4    0.7
4412 |   193 |    3267 |    5366     384    5366 |     768     384     768 |    0.2   16.6    0.9
4413 |   194 |    2657 |    4573     384    4573 |     768     384     768 |    0.4    9.5    0.6
4414 |   193 |    3264 |    5357     384    5357 |     768     384     768 |    0.2   13.2    0.7
4415 |   194 |    3283 |    5362     386    5362 |     772     386     772 |    0.2   13.1    0.7
4416 |   194 |    3280 |    5371     385    5371 |     771     385     771 |    0.2   13.0    0.7
4417 |   193 |    2099 |    5355     384    5355 |     769     384     769 |    0.2   13.0    0.7
4418 |   194 |    2113 |    4613     385    4613 |     770     385     770 |    0.2    9.3    0.6
4419 |   194 |    2120 |    5364     387    5364 |     773     387     773 |    0.2   13.5    0.7
4420 |   194 |    2126 |    5350     387    5350 |     774     387     774 |    0.2    9.8    0.6
4421 |   194 |    3267 |    5361     386    5361 |     771     386     771 |    0.2   12.6    0.7
4422 |   194 |    2116 |    5365     386    5365 |     771     386     771 |    0.2   12.8    0.7
4423 |   194 |    3285 |    5375     385    5375 |     771     385     771 |    0.2   13.6    0.7
4424 |   194 |    3256 |    5337     384    5337 |     767     384     767 |    0.1   12.7    0.7
4425 |   193 |    2271 |    4564     383    4564 |     766     383     766 |    0.2    9.3    0.6
4426 |   193 |    3260 |    5352     384    5352 |     767     384     767 |    0.2   12.8    0.7
4427 |   194 |    3283 |    5369     385    5369 |     770     385     770 |    0.3   13.2    0.7
4428 |   194 |    3270 |    5370     385    5370 |     770     385     770 |    0.2   13.3    0.7
4429 |   194 |    3286 |    5382     385    5382 |     771     385     771 |    0.2   14.0    0.7
4430 |   194 |    3281 |    5373     385    5373 |     770     385     770 |    0.2   13.9    0.8
4431 |   194 |    3267 |    5362     385    5362 |     770     385     770 |    0.2    9.9    0.6
4432 |   194 |    2108 |    5369     384    5369 |     769     385     769 |    0.2   12.8    0.7
4433 |   194 |    3271 |    5371     385    5371 |     770     385     770 |    0.2    9.5    0.6
4434 |   194 |    3277 |    5365     385    5365 |     769     385     769 |    0.2   14.4    0.7
4435 |   194 |    3282 |    5380     385    5380 |     771     385     771 |    0.2   13.9    0.7
4436 |   192 |    3245 |    4591     383    4591 |     766     383     766 |    0.1    9.9    1.0
4437 |   194 |    3275 |    5372     385    5372 |     770     385     770 |    0.3   16.7    0.7
4438 |   194 |    2294 |    4600     384    4600 |     768     384     768 |    0.1    9.4    0.6
4439 |   194 |    3279 |    5374     385    5374 |     770     385     770 |    0.2   13.1    0.7
4440 |   194 |    3272 |    5363     385    5363 |     770     385     770 |    0.2   13.1    0.7
4441 |   194 |    3283 |    5367     386    5367 |     772     386     772 |    0.2   13.7    0.7
4442 |   194 |    3268 |    5355     383    5355 |     768     383     768 |    0.2   13.5    0.7
4443 |   194 |    3278 |    5372     385    5372 |     769     385     769 |    0.2   12.9    0.7
4444 |   194 |    3286 |    5371     386    5371 |     772     386     772 |    0.2   12.9    0.7
4445 |   194 |    3195 |    4552     383    4552 |     767     384     767 |    0.2    9.4    0.6
4446 |   194 |    3276 |    5368     385    5368 |     770     385     770 |    0.2   13.2    0.7
4447 |   194 |    2109 |    5358     385    5358 |     770     385     770 |    0.2   13.8    0.7
4448 |   193 |    3258 |    5363     384    5363 |     768     384     768 |    0.2   13.7    0.7
4449 |   194 |    3287 |    5374     385    5374 |     770     385     770 |    0.2   13.2    0.7
4450 |   194 |    3266 |    5350     384    5350 |     768     384     768 |    0.2   12.8    0.7
4451 |   194 |    3275 |    5374     384    5374 |     769     384     769 |    0.2   12.8    0.7
4452 |   193 |    3272 |    5367     385    5367 |     769     385     769 |    0.2   14.7    0.9
4453 |   194 |    3269 |    5373     385    5373 |     770     385     770 |    0.3   15.7    0.7
4454 |   194 |    3254 |    5371     384    5371 |     769     384     769 |    0.2   13.6    0.7
4455 |   194 |    3280 |    5376     385    5376 |     770     385     770 |    0.2   12.6    0.7
4456 |   193 |    3266 |    5351     384    5351 |     768     384     768 |    0.2   13.4    0.7
4457 |   193 |    3246 |    4592     383    4592 |     767     383     767 |    0.2    9.8    0.6
4458 |   194 |    3291 |    5377     386    5377 |     773     386     773 |    0.2   13.6    0.7
4459 |   194 |    3278 |    5368     385    5368 |     770     385     770 |    0.2   13.6    0.7
4460 |   194 |    3267 |    5370     385    5370 |     769     385     769 |    0.2   13.3    0.7
4461 |   194 |    3279 |    5377     385    5377 |     770     385     770 |    0.2   12.5    0.7
4462 |   194 |    3258 |    5329     385    5329 |     771     386     771 |    0.2   12.5    0.7
4463 |   193 |    3269 |    5358     384    5358 |     769     384     769 |    0.2   13.0    0.7
4464 |   194 |    3286 |    5373     386    5373 |     772     386     772 |    0.2   13.4    0.8
4465 |   194 |    3278 |    5372     385    5372 |     770     385     770 |    0.3   14.1    0.7
4466 |   194 |    3264 |    5362     385    5362 |     770     385     770 |    0.2   13.3    0.7
4467 |   194 |    3268 |    5365     385    5365 |     771     385     771 |    0.2   12.6    0.7
4468 |   193 |    3260 |    5343     384    5343 |     767     384     767 |    0.2   12.7    0.7
4469 |   194 |    3264 |    5365     384    5365 |     769     384     769 |    0.2   12.9    0.7
4470 |   193 |    3257 |    5361     384    5361 |     768     384     768 |    0.2   13.2    0.7
4471 |   194 |    3272 |    5368     385    5368 |     770     385     770 |    0.2   12.8    0.7
4472 |   194 |    3257 |    5332     384    5332 |     767     384     767 |    0.2   12.9    0.7
4473 |   194 |    3278 |    5366     385    5366 |     771     385     771 |    0.2   13.1    0.7
4474 |   194 |    3286 |    5379     385    5379 |     770     385     770 |    0.2   12.6    0.7
4475 |   194 |    3273 |    5359     384    5359 |     768     384     768 |    0.2   13.2    0.7
4476 |   194 |    3274 |    5370     385    5370 |     770     385     770 |    0.2   12.8    0.7
4477 |   192 |    3236 |    5317     383    5317 |     766     383     766 |    0.1   13.3    0.7
4478 |   194 |    3280 |    5369     385    5369 |     770     385     770 |    0.2   13.2    0.7
4479 |   194 |    3275 |    5369     384    5369 |     769     384     769 |    0.2   13.0    0.7
4480 |   194 |    2114 |    5372     386    5372 |     771     386     771 |    0.2   13.5    0.7
4481 |   194 |    3253 |    4604     384    4604 |     768     384     768 |    0.2    9.9    0.6
4482 |   194 |    2111 |    5363     385    5363 |     771     386     771 |    0.2   13.1    0.7
4483 |   194 |    3270 |    5358     384    5358 |     769     384     769 |    0.3   13.1    0.7
4484 |   194 |    3278 |    5371     385    5371 |     770     385     770 |    0.2   13.2    0.7
4485 |   194 |    3277 |    5377     385    5377 |     770     385     770 |    0.2   13.6    0.7
4486 |   193 |    3255 |    5348     385    5348 |     769     385     769 |    0.1   10.5    0.6
4487 |   194 |    3249 |    4599     384    4599 |     768     384     768 |    0.1   10.0    0.6
4488 |   193 |    3255 |    5359     383    5359 |     768     383     768 |    0.2   12.3    0.8
4489 |   194 |    2678 |    5364     384    5364 |     768     384     768 |    0.2   12.6    0.7
4490 |   194 |    3275 |    5368     385    5368 |     771     385     771 |    0.2   13.2    0.7
4491 |   194 |    2871 |    5361     385    5361 |     771     385     771 |    0.2   13.1    0.7
4492 |   193 |    3254 |    4601     384    4601 |     768     384     768 |    0.1   10.9    0.8
4493 |   193 |    3263 |    5359     384    5359 |     768     384     768 |    0.2   16.6    0.9
4494 |   194 |    3291 |    5384     385    5384 |     771     385     771 |    0.3   14.4    0.7
4495 |   193 |    3265 |    5360     384    5360 |     767     383     767 |    0.2   13.6    0.7
4496 |   194 |    3278 |    5373     384    5373 |     769     385     769 |    0.2   13.7    0.7
4497 |   194 |    3253 |    4598     384    4598 |     769     384     769 |    0.1    9.5    0.6
4498 |   194 |    3283 |    5363     386    5363 |     772     386     772 |    0.2   12.6    0.7
4499 |   193 |    3259 |    5360     384    5360 |     767     384     767 |    0.2   13.8    0.7
4500 |   194 |    2106 |    5364     384    5364 |     769     384     769 |    0.2   13.0    0.7
4501 |   193 |    3261 |    5352     384    5352 |     768     384     768 |    0.1   12.6    0.7
4502 |   193 |    2665 |    5348     384    5348 |     768     384     768 |    0.2   10.0    0.6
4503 |   194 |    3273 |    5353     385    5353 |     770     385     770 |    0.2   13.3    0.7
4504 |   194 |    3282 |    5383     385    5383 |     770     385     770 |    0.2   13.2    0.8
4505 |   194 |    2281 |    5326     384    5326 |     769     384     769 |    0.2    9.4    0.6
4506 |   194 |    2101 |    5313     385    5313 |     772     385     772 |    0.1    9.3    0.6
4507 |   194 |    3268 |    5364     384    5364 |     767     384     767 |    0.2   13.9    0.7
4508 |   194 |    3282 |    5370     386    5370 |     771     386     771 |    0.2   12.7    0.7
4509 |   192 |    3240 |    4587     383    4587 |     765     383     765 |    0.1    9.7    0.6
4510 |   193 |    3248 |    4597     383    4597 |     767     383     767 |    0.2   12.4    0.9
4511 |   194 |    2102 |    5359     384    5359 |     769     384     769 |    0.3   15.9    0.7
4512 |   194 |    2101 |    4595     384    4595 |     769     384     769 |    0.1    9.5    0.6
4513 |   194 |    3278 |    5370     385    5370 |     771     385     771 |    0.2   12.8    0.7
4514 |   194 |    3276 |    5363     385    5363 |     769     385     769 |    0.2   13.2    0.7
4515 |   192 |    3241 |    5298     385    5298 |     771     385     771 |    0.2    9.5    0.6
4516 |   191 |    2651 |    5300     384    5300 |     768     384     768 |    0.2   10.0    0.6
4517 |   193 |    3248 |    4593     383    4593 |     767     383     767 |    0.1    9.8    0.6
4518 |   193 |    3251 |    5346     383    5346 |     766     383     766 |    0.1   12.5    0.8
4519 |   194 |    3283 |    5377     385    5377 |     771     386     771 |    0.2   12.7    0.7
4520 |   191 |    3216 |    4557     384    4557 |     767     384     767 |    0.2    9.1    0.6
4521 |   194 |    3288 |    5379     386    5379 |     772     386     772 |    0.2   13.1    0.7
4522 |   192 |    3208 |    4559     383    4559 |     766     383     766 |    0.1    9.6    0.7
4523 |   193 |    3264 |    5358     384    5358 |     769     384     769 |    0.2   13.0    0.8
4524 |   194 |    3269 |    5364     384    5364 |     768     384     768 |    0.2   13.8    0.7
4525 |   194 |    2297 |    5373     385    5373 |     770     385     770 |    0.2   13.8    0.7
4526 |   194 |    3273 |    5356     384    5356 |     768     384     768 |    0.2   13.9    0.7
4527 |   194 |    3286 |    5372     385    5372 |     771     386     771 |    0.2   13.3    0.7
4528 |   194 |    3273 |    5374     385    5374 |     770     385     770 |    0.2   16.3    0.7
4529 |   193 |    3270 |    5362     384    5362 |     768     384     768 |    0.2   14.6    0.7
4530 |   194 |    3278 |    5374     385    5374 |     771     386     771 |    0.2   14.0    0.7
4531 |   194 |    3286 |    5376     385    5376 |     771     385     771 |    0.2   14.8    0.7
4532 |   192 |    3243 |    4588     383    4588 |     766     383     766 |    0.2   10.4    0.6
4533 |   194 |    3284 |    5370     386    5370 |     771     386     771 |    0.2   13.8    0.7
4534 |   194 |    3274 |    5362     385    5362 |     770     385     770 |    0.3   14.2    0.8
4535 |   194 |    3251 |    4599     384    4599 |     768     384     768 |    0.2   10.9    0.6
4536 |   194 |    3288 |    5380     385    5380 |     770     385     770 |    0.2   14.0    0.9
4537 |   194 |    3273 |    5372     385    5372 |     770     385     770 |    0.3   13.7    0.7
4538 |   194 |    3246 |    5332     385    5332 |     771     385     771 |    0.2   10.2    0.6
4539 |   194 |    3278 |    5368     384    5368 |     769     385     769 |    0.2   13.3    0.7
4540 |   192 |    2254 |    4559     383    4559 |     766     383     766 |    0.2   10.6    0.6
4541 |   194 |    3273 |    5352     386    5352 |     772     386     772 |    0.2   14.6    0.7
4542 |   194 |    3288 |    5379     385    5379 |     771     385     771 |    0.2   14.8    0.8
4543 |   194 |    2096 |    4592     384    4592 |     769     384     769 |    0.2   10.0    0.7
4544 |   194 |    3283 |    5380     385    5380 |     771     385     771 |    0.3   13.0    0.7
4545 |   194 |    2683 |    5351     385    5351 |     770     385     770 |    0.2   10.2    0.6
4546 |   192 |    3241 |    4587     383    4587 |     765     383     765 |    0.1    9.8    0.6
4547 |   194 |    3287 |    5373     386    5373 |     772     386     772 |    0.2   14.6    0.8
4548 |   194 |    3278 |    5356     386    5356 |     773     386     773 |    0.3   14.1    0.7
4549 |   194 |    2285 |    4603     384    4603 |     768     384     768 |    0.2   10.2    0.6
4550 |   194 |    3284 |    5370     385    5370 |     770     385     770 |    0.2   13.5    0.8
4551 |   194 |    3289 |    5383     385    5383 |     770     385     770 |    0.2   14.0    0.7
4552 |   193 |    3243 |    5330     383    5330 |     767     383     767 |    0.2   14.0    0.7
4553 |   194 |    3282 |    5360     386    5360 |     774     386     774 |    0.3   13.7    0.8
4554 |   194 |    3282 |    5380     385    5380 |     771     385     771 |    0.2   14.4    0.7
4555 |   194 |    2500 |    5365     386    5365 |     772     386     772 |    0.2   13.6    0.7
4556 |   194 |    3233 |    4581     384    4581 |     768     384     768 |    0.2   10.2    0.6
4557 |   194 |    3279 |    5357     386    5357 |     772     386     772 |    0.2   13.3    0.7
4558 |   194 |    3282 |    5378     385    5378 |     771     385     771 |    0.2   13.5    0.7
4559 |   192 |    2079 |    4575     383    4575 |     766     383     766 |    0.2   10.1    0.6
4560 |   194 |    2684 |    5365     385    5365 |     771     385     771 |    0.2   13.6    0.7
4561 |   194 |    3272 |    5362     385    5362 |     771     385     771 |    0.2   15.3    0.7
4562 |   194 |    3280 |    5373     384    5373 |     769     385     769 |    0.3   13.9    0.7
4563 |   194 |    3288 |    5358     387    5358 |     773     387     773 |    0.3   13.5    0.7
4564 |   194 |    3284 |    5372     385    5372 |     770     385     770 |    0.2   14.1    0.8
4565 |   194 |    3265 |    5370     384    5370 |     769     384     769 |    0.2   13.1    0.7
4566 |   194 |    2486 |    5357     385    5357 |     771     385     771 |    0.2   10.2    0.6
4567 |   194 |    3251 |    5360     384    5360 |     767     384     767 |    0.2   13.7    0.7
4568 |   194 |    2118 |    5370     386    5370 |     772     386     772 |    0.2   13.1    0.7
4569 |   194 |    3284 |    5373     386    5373 |     772     386     772 |    0.2   15.4    0.8
4570 |   194 |    3287 |    5380     386    5380 |     772     385     772 |    0.4   13.5    0.7
4571 |   194 |    3268 |    5360     384    5360 |     767     384     767 |    0.2   13.4    0.7
4572 |   194 |    3269 |    5361     384    5361 |     768     384     768 |    0.2   13.9    0.7
4573 |   193 |    3234 |    4583     383    4583 |     766     383     766 |    0.1   10.1    0.6
4574 |   194 |    3286 |    5376     386    5376 |     772     386     772 |    0.2   13.4    0.7
4575 |   193 |    3267 |    5350     385    5350 |     771     385     771 |    0.3   10.3    0.8
4576 |   194 |    3290 |    5380     385    5380 |     772     385     772 |    0.2   14.1    0.7
4577 |   194 |    3268 |    5352     384    5352 |     768     384     768 |    0.2   13.6    0.7
4578 |   194 |    3259 |    5364     384    5364 |     768     384     768 |    0.2   13.4    0.7
4579 |   193 |    3251 |    4596     383    4596 |     767     383     767 |    0.1   10.6    0.6
4580 |   194 |    2096 |    5291     386    5291 |     772     386     772 |    0.2   10.9    0.8
4581 |   194 |    3281 |    5372     384    5372 |     770     385     770 |    0.3   16.7    0.7
4582 |   193 |    3263 |    5357     384    5357 |     770     385     770 |    0.2   12.9    0.7
4583 |   194 |    3280 |    5356     386    5356 |     771     386     771 |    0.2   13.3    0.7
4584 |   194 |    2111 |    5366     385    5366 |     770     385     770 |    0.2   13.4    0.8
4585 |   194 |    3269 |    5361     384    5361 |     767     384     767 |    0.3   16.8    0.7
4586 |   194 |    3272 |    5360     385    5360 |     771     385     771 |    0.3   12.5    0.9
4587 |   194 |    2511 |    5381     385    5381 |     770     385     770 |    0.3   10.3    0.6
4588 |   193 |    3272 |    5368     385    5368 |     769     384     769 |    0.2   10.8    0.6
4589 |   194 |    3247 |    4594     384    4594 |     768     384     768 |    0.1    9.5    0.6
4590 |   194 |    3276 |    5359     385    5359 |     771     385     771 |    0.2   13.0    0.7
4591 |   193 |    3258 |    5354     383    5354 |     767     383     767 |    0.2   13.1    0.7
4592 |   194 |    3283 |    5364     386    5364 |     773     386     773 |    0.3   13.0    0.7
4593 |   194 |    3266 |    5360     384    5360 |     767     384     767 |    0.2   14.0    0.7
4594 |   194 |    3274 |    5368     385    5368 |     770     385     770 |    0.2   13.6    0.7
4595 |   194 |    3275 |    5349     384    5349 |     772     386     772 |    0.2   14.7    0.7
4596 |   194 |    2884 |    5364     384    5364 |     769     384     769 |    0.3   14.0    0.8
4597 |   193 |    3270 |    5361     384    5361 |     769     384     769 |    0.2   13.0    0.7
4598 |   194 |    3269 |    5361     384    5361 |     768     384     768 |    0.2   13.6    0.7
4599 |   194 |    3279 |    5377     385    5377 |     770     385     770 |    0.2   14.7    0.8
4600 |   193 |    3266 |    5364     384    5364 |     768     384     768 |    0.2   12.9    0.7
4601 |   194 |    2109 |    5349     385    5349 |     770     385     770 |    0.2   13.1    0.7
4602 |   194 |    3270 |    5373     384    5373 |     769     384     769 |    0.2   13.4    0.9
4603 |   194 |    3283 |    5365     386    5365 |     772     386     772 |    0.3   16.3    0.7
4604 |   194 |    3271 |    5364     384    5364 |     769     384     769 |    0.3   12.7    0.7
4605 |   193 |    2084 |    4559     383    4559 |     767     383     767 |    0.1    9.7    0.6
4606 |   194 |    2865 |    4604     384    4604 |     768     384     768 |    0.2   10.2    0.6
4607 |   193 |    2482 |    5322     385    5322 |     769     385     769 |    0.1    9.8    0.6
4608 |   194 |    3285 |    5383     385    5383 |     771     385     771 |    0.2   13.4    0.7
4609 |   194 |    3286 |    5381     385    5381 |     771     385     771 |    0.2   13.4    0.7
4610 |   194 |    2298 |    5374     385    5374 |     772     385     772 |    0.2   12.3    0.7
4611 |   194 |    2283 |    4578     384    4578 |     769     384     769 |    0.1    9.6    0.6
4612 |   194 |    3262 |    5326     384    5326 |     770     384     770 |    0.2   13.5    0.7
4613 |   194 |    3272 |    5370     385    5370 |     771     386     771 |    0.2   15.7    0.9
4614 |   194 |    3290 |    5386     385    5386 |     771     386     771 |    0.3   14.5    0.7
4615 |   194 |    3284 |    5375     385    5375 |     770     385     770 |    0.2   13.7    0.7
4616 |   194 |    3270 |    5356     385    5356 |     769     385     769 |    0.2   13.4    0.7
4617 |   194 |    3273 |    5376     385    5376 |     770     385     770 |    0.2   10.1    0.6
4618 |   194 |    3276 |    5373     385    5373 |     770     385     770 |    0.2   12.8    0.7
4619 |   194 |    2101 |    4599     384    4599 |     768     384     768 |    0.1    9.3    0.6
4620 |   194 |    3270 |    5373     385    5373 |     770     385     770 |    0.2   12.6    0.7
4621 |   194 |    2298 |    5379     385    5379 |     770     385     770 |    0.2   12.8    0.7
4622 |   194 |    2099 |    4587     384    4587 |     770     384     770 |    0.1   10.3    0.6
4623 |   193 |    3267 |    5363     384    5363 |     768     384     768 |    0.2   13.7    0.7
4624 |   194 |    3284 |    5378     386    5378 |     770     385     770 |    0.2   14.4    0.7
4625 |   194 |    3288 |    5373     386    5373 |     772     386     772 |    0.2   10.0    0.6
4626 |   194 |    2291 |    4606     384    4606 |     768     384     768 |    0.2    9.8    0.6
4627 |   194 |    3267 |    5359     384    5359 |     768     384     768 |    0.2   13.4    0.7
4628 |   194 |    3291 |    5378     386    5378 |     772     386     772 |    0.2   12.9    0.7
4629 |   194 |    3271 |    5359     384    5359 |     768     384     768 |    0.2   12.4    0.7
4630 |   194 |    3282 |    5363     386    5363 |     773     386     773 |    0.2   13.6    0.7
4631 |   194 |    3282 |    5370     385    5370 |     770     385     770 |    0.2   14.0    0.7
4632 |   194 |    3283 |    5377     385    5377 |     770     385     770 |    0.2   13.6    0.7
4633 |   194 |    3284 |    5381     385    5381 |     770     385     770 |    0.2   13.3    0.7
4634 |   194 |    3286 |    5378     385    5378 |     771     385     771 |    0.2   13.3    0.7
4635 |   194 |    3254 |    4601     384    4601 |     768     384     768 |    0.2    9.8    0.6
4636 |   194 |    3286 |    5362     386    5362 |     772     386     772 |    0.2   14.0    0.7
4637 |   194 |    3279 |    5374     385    5374 |     770     385     770 |    0.2   14.1    0.9
4638 |   194 |    2495 |    5368     385    5368 |     770     385     770 |    0.3   15.6    0.7
4639 |   194 |    3286 |    5379     385    5379 |     771     386     771 |    0.2   13.0    0.7
4640 |   194 |    3265 |    5367     385    5367 |     770     385     770 |    0.2   13.2    0.7
4641 |   194 |    3275 |    5370     385    5370 |     771     385     771 |    0.2   13.1    1.0
4642 |   194 |    3276 |    5371     384    5371 |     769     384     769 |    0.4   13.3    0.7
4643 |   194 |    2302 |    5380     385    5380 |     771     385     771 |    0.2   14.3    0.7
4644 |   194 |    3250 |    5333     384    5333 |     767     384     767 |    0.1   13.1    0.7
4645 |   193 |    3254 |    5345     383    5345 |     766     383     766 |    0.1   12.6    0.7
4646 |   194 |    2711 |    5362     386    5362 |     772     386     772 |    0.2   10.5    0.6
4647 |   194 |    3272 |    5363     385    5363 |     770     385     770 |    0.2   13.8    0.7
4648 |   193 |    3251 |    5357     383    5357 |     767     383     767 |    0.1   13.2    0.7
4649 |   194 |    2292 |    5372     386    5372 |     772     386     772 |    0.2   12.9    0.7
4650 |   194 |    3283 |    5374     385    5374 |     769     385     769 |    0.3   12.9    0.7
4651 |   193 |    3255 |    5346     383    5346 |     767     384     767 |    0.1   13.2    0.7
4652 |   191 |    3215 |    5289     385    5289 |     769     385     769 |    0.2    9.3    0.7
4653 |   194 |    3275 |    5367     385    5367 |     770     384     770 |    0.2   13.1    0.7
4654 |   194 |    3273 |    5361     386    5361 |     771     386     771 |    0.2    9.7    0.6
4655 |   194 |    3277 |    5366     385    5366 |     771     385     771 |    0.2   13.5    0.8
4656 |   194 |    3272 |    5367     386    5367 |     771     386     771 |    0.2   13.6    0.7
4657 |   194 |    3286 |    5376     386    5376 |     771     386     771 |    0.2   14.6    0.7
4658 |   194 |    3290 |    5378     386    5378 |     772     386     772 |    0.2   13.9    0.7
4659 |   194 |    3274 |    5360     384    5360 |     770     385     770 |    0.2   13.4    0.7
4660 |   194 |    2277 |    5326     384    5326 |     767     384     767 |    0.1    9.5    0.6
4661 |   193 |    3269 |    5359     384    5359 |     768     384     768 |    0.2   12.3    0.7
4662 |   193 |    3228 |    4573     383    4573 |     766     383     766 |    0.1    9.6    0.6
4663 |   193 |    3269 |    5359     385    5359 |     770     385     770 |    0.2   13.3    0.7
4664 |   192 |    3254 |    5351     384    5351 |     767     384     767 |    0.1   13.6    0.7
4665 |   194 |    3283 |    5379     385    5379 |     770     385     770 |    0.2   13.1    0.7
4666 |   194 |    3286 |    5378     385    5378 |     771     385     771 |    0.2   13.4    0.7
4667 |   194 |    3258 |    4603     384    4603 |     769     384     769 |    0.2    9.7    0.7
4668 |   194 |    3272 |    5364     385    5364 |     770     385     770 |    0.2   10.0    0.6
4669 |   194 |    2496 |    5370     385    5370 |     771     385     771 |    0.2   13.2    0.7
4670 |   194 |    3273 |    5360     384    5360 |     769     384     769 |    0.2   13.2    0.7
4671 |   194 |    3270 |    5354     384    5354 |     768     384     768 |    0.2   13.3    0.7
4672 |   192 |    3251 |    5349     383    5349 |     766     383     766 |    0.1   13.4    0.7
4673 |   191 |    2071 |    4544     383    4544 |     765     383     765 |    0.2   10.0    0.6
4674 |   194 |    3274 |    5370     385    5370 |     770     385     770 |    0.2   14.6    0.7
4675 |   193 |    3266 |    5365     384    5365 |     768     384     768 |    0.2   13.5    0.7
4676 |   194 |    3279 |    5372     385    5372 |     770     385     770 |    0.2   13.3    0.8
4677 |   194 |    3272 |    5365     384    5365 |     768     384     768 |    0.3   13.5    0.7
4678 |   194 |    3268 |    5356     384    5356 |     768     384     768 |    0.3   13.9    0.7
4679 |   194 |    2676 |    5357     384    5357 |     767     384     767 |    0.2   10.4    0.6
4680 |   192 |    2627 |    5287     384    5287 |     768     384     768 |    0.2   11.2    0.6
4681 |   193 |    3270 |    5355     383    5355 |     770     384     770 |    0.3   16.5    0.7
4682 |   194 |    3262 |    5347     384    5347 |     767     384     767 |    0.2   13.4    0.7
4683 |   194 |    2484 |    5334     385    5334 |     770     385     770 |    0.2   10.4    0.9
4684 |   193 |    2277 |    5364     384    5364 |     768     384     768 |    0.2   13.7    0.8
4685 |   194 |    2706 |    5386     385    5386 |     771     386     771 |    0.2   11.0    0.7
4686 |   193 |    3268 |    5361     385    5361 |     769     385     769 |    0.2   13.7    0.7
4687 |   194 |    3275 |    5368     384    5368 |     768     384     768 |    0.2   13.5    0.7
4688 |   194 |    3253 |    5361     384    5361 |     769     384     769 |    0.2   14.7    0.7
4689 |   194 |    3277 |    5362     384    5362 |     768     384     768 |    0.2   15.0    0.7
4690 |   194 |    3279 |    5372     385    5372 |     770     385     770 |    0.2   13.2    0.7
4691 |   194 |    3279 |    5378     385    5378 |     770     385     770 |    0.2   13.5    0.7
4692 |   192 |    3237 |    4577     383    4577 |     765     383     765 |    0.2   10.0    0.6
4693 |   194 |    3266 |    5351     384    5351 |     769     384     769 |    0.2   14.2    0.7
4694 |   194 |    3250 |    5362     384    5362 |     768     384     768 |    0.2   10.5    0.6
4695 |   194 |    3258 |    4606     384    4606 |     769     384     769 |    0.2    9.7    0.7
4696 |   194 |    3271 |    5374     385    5374 |     769     385     769 |    0.2   13.5    0.7
4697 |   194 |    3283 |    5377     385    5377 |     770     385     770 |    0.2   13.9    0.7
4698 |   194 |    3260 |    5359     384    5359 |     769     384     769 |    0.2   13.3    0.7
4699 |   194 |    3273 |    5364     387    5364 |     774     387     774 |    0.2   13.8    0.7
4700 |   194 |    3279 |    5377     385    5377 |     770     385     770 |    0.3   13.8    0.7
4701 |   193 |    3276 |    5369     384    5369 |     769     385     769 |    0.2   12.9    0.7
4702 |   194 |    3283 |    5378     385    5378 |     770     385     770 |    0.2   13.8    0.7
4703 |   193 |    2113 |    5362     385    5362 |     771     386     771 |    0.2   13.1    0.7
4704 |   194 |    3275 |    5364     385    5364 |     772     386     772 |    0.2   12.9    1.2
4705 |   193 |    3244 |    4591     383    4591 |     767     383     767 |    0.3    9.8    0.6
4706 |   194 |    3280 |    5362     386    5362 |     772     386     772 |    0.2   13.7    0.7
4707 |   194 |    3286 |    5380     385    5380 |     771     385     771 |    0.2   14.1    0.7
4708 |   190 |    3174 |    5257     384    5257 |     767     384     767 |    0.2    9.9    0.6
4709 |   194 |    3280 |    5367     386    5367 |     771     385     771 |    0.2   13.0    0.7
4710 |   194 |    3280 |    5357     385    5357 |     769     385     769 |    0.2   13.6    0.7
4711 |   194 |    3280 |    5370     385    5370 |     771     385     771 |    0.2   13.0    0.8
4712 |   194 |    3275 |    5372     385    5372 |     770     385     770 |    0.2   13.7    0.7
4713 |   194 |    3291 |    5383     386    5383 |     771     386     771 |    0.2   13.1    0.7
4714 |   194 |    3290 |    5383     386    5383 |     772     386     772 |    0.2   13.5    0.7
4715 |   194 |    3272 |    5366     385    5366 |     770     385     770 |    0.2   18.0    0.7
4716 |   192 |    3196 |    4540     385    4540 |     769     385     769 |    0.2    9.9    0.6
4717 |   194 |    3275 |    5359     385    5359 |     770     385     770 |    0.4   14.4    0.7
4718 |   194 |    3270 |    5365     385    5365 |     770     385     770 |    0.3   14.0    0.9
4719 |   193 |    2279 |    5358     384    5358 |     768     384     768 |    0.2   13.0    0.7
4720 |   194 |    3274 |    5364     385    5364 |     771     385     771 |    0.2   13.9    0.7
4721 |   194 |    3271 |    5360     384    5360 |     769     384     769 |    0.2   13.3    0.7
4722 |   194 |    3271 |    5357     385    5357 |     770     385     770 |    0.2   16.7    0.8
4723 |   194 |    2118 |    5372     386    5372 |     772     386     772 |    0.3   16.3    1.0
4724 |   194 |    2103 |    5364     384    5364 |     768     384     768 |    0.2   13.8    0.7
4725 |   194 |    3284 |    5377     385    5377 |     771     385     771 |    0.2   12.7    0.7
4726 |   194 |    3273 |    5374     384    5374 |     769     385     769 |    0.2   13.8    0.7
4727 |   194 |    2684 |    5364     384    5364 |     768     384     768 |    0.2   11.8    0.6
4728 |   194 |    3285 |    5363     386    5363 |     772     386     772 |    0.2   15.2    0.7
4729 |   194 |    2841 |    5298     385    5298 |     771     386     771 |    0.2    9.8    0.6
4730 |   193 |    3255 |    5359     383    5359 |     767     383     767 |    0.2   14.1    0.7
4731 |   192 |    3243 |    5343     383    5343 |     766     383     766 |    0.1   13.7    0.7
4732 |   194 |    3275 |    5363     384    5363 |     768     384     768 |    0.2   15.2    0.8
4733 |   194 |    3266 |    5367     385    5367 |     770     385     770 |    0.5   13.7    0.7
4734 |   193 |    3263 |    5351     383    5351 |     767     383     767 |    0.2   13.3    0.7
4735 |   194 |    3276 |    5365     384    5365 |     769     384     769 |    0.2   13.3    0.7
4736 |   194 |    3286 |    5380     386    5380 |     771     386     771 |    0.2   13.2    0.7
4737 |   194 |    3270 |    5358     384    5358 |     768     384     768 |    0.2   13.8    0.7
4738 |   193 |    2108 |    5359     384    5359 |     768     384     768 |    0.2   13.7    0.7
4739 |   194 |    3284 |    5371     386    5371 |     772     386     772 |    0.2   13.3    0.7
4740 |   194 |    3269 |    5365     385    5365 |     769     385     769 |    0.2   14.4    0.7
4741 |   191 |    3235 |    4579     383    4579 |     765     383     765 |    0.2   10.1    0.6
4742 |   194 |    3266 |    5364     384    5364 |     769     384     769 |    0.2   13.5    0.7
4743 |   194 |    3273 |    5362     386    5362 |     771     386     771 |    0.2   13.0    0.7
4744 |   194 |    3276 |    5375     385    5375 |     770     385     770 |    0.2   13.3    0.7
4745 |   194 |    3266 |    5339     384    5339 |     768     384     768 |    0.2   16.4    1.2
4746 |   194 |    3247 |    4594     384    4594 |     768     384     768 |    0.3    9.4    0.6
4747 |   194 |    3282 |    5380     385    5380 |     771     385     771 |    0.2   13.6    0.7
4748 |   194 |    3281 |    5378     385    5378 |     770     385     770 |    0.2   13.8    0.7
4749 |   194 |    3277 |    5364     384    5364 |     769     384     769 |    0.2   13.9    0.8
4750 |   194 |    2487 |    4605     384    4605 |     768     384     768 |    0.2    9.8    0.6
4751 |   194 |    3283 |    5376     385    5376 |     770     385     770 |    0.2   13.6    0.7
4752 |   194 |    3267 |    5362     384    5362 |     769     384     769 |    0.2   13.2    1.1
4753 |   194 |    3287 |    5376     385    5376 |     771     386     771 |    0.2   14.2    0.8
4754 |   194 |    3278 |    5361     385    5361 |     770     385     770 |    0.2   15.1    0.8
4755 |   193 |    3269 |    5366     384    5366 |     769     384     769 |    0.3   15.9    0.8
4756 |   194 |    2504 |    5372     385    5372 |     771     385     771 |    0.3   12.9    0.7
4757 |   194 |    3267 |    5343     384    5343 |     769     384     769 |    0.3   12.9    0.7
4758 |   192 |    2642 |    4563     383    4563 |     766     383     766 |    0.2   10.6    0.6
4759 |   194 |    3271 |    5372     384    5372 |     769     384     769 |    0.2   13.0    0.7
4760 |   194 |    3285 |    5377     385    5377 |     771     385     771 |    0.2   13.3    0.7
4761 |   193 |    3243 |    5326     383    5326 |     766     383     766 |    0.2   13.8    0.7
4762 |   194 |    3283 |    5364     387    5364 |     774     387     774 |    0.2   14.2    0.7
4763 |   193 |    3268 |    5359     385    5359 |     770     385     770 |    0.2   13.1    0.7
4764 |   192 |    3241 |    4586     383    4586 |     766     383     766 |    0.2   10.1    0.6
4765 |   193 |    3270 |    5362     384    5362 |     769     384     769 |    0.2   13.6    0.7
4766 |   193 |    3268 |    5369     384    5369 |     768     384     768 |    0.2   13.4    0.7
4767 |   193 |    2286 |    5361     384    5361 |     767     384     767 |    0.1   13.1    0.7
4768 |   194 |    2496 |    5373     385    5373 |     770     385     770 |    0.2   13.8    0.8
4769 |   194 |    3252 |    4600     384    4600 |     769     384     769 |    0.1    9.5    0.6
4770 |   194 |    3287 |    5380     386    5380 |     773     386     773 |    0.2   10.2    0.6
4771 |   194 |    3280 |    5354     385    5354 |     771     385     771 |    0.2   12.8    0.7
4772 |   194 |    3253 |    4599     384    4599 |     769     384     769 |    0.1   10.9    0.6
4773 |   194 |    2475 |    4591     384    4591 |     768     384     768 |    0.2   10.1    0.6
4774 |   194 |    3272 |    5357     384    5357 |     768     384     768 |    0.2   12.9    0.9
4775 |   194 |    3280 |    5379     385    5379 |     770     385     770 |    0.4   13.6    0.7
4776 |   194 |    2112 |    5372     385    5372 |     771     385     771 |    0.2   12.9    0.9
4777 |   194 |    3287 |    5369     386    5369 |     772     386     772 |    0.3   12.8    1.0
4778 |   192 |    3253 |    5354     383    5354 |     767     383     767 |    0.2   15.3    0.7
4779 |   193 |    2478 |    4592     384    4592 |     767     384     767 |    0.2    9.7    0.6
4780 |   194 |    3273 |    5364     384    5364 |     769     384     769 |    0.2   13.3    0.7
4781 |   194 |    2281 |    4591     384    4591 |     768     384     768 |    0.1   10.5    0.6
4782 |   194 |    3285 |    5375     385    5375 |     771     385     771 |    0.2   13.3    0.7
4783 |   194 |    3285 |    5376     385    5376 |     770     385     770 |    0.2   13.7    0.7
4784 |   194 |    2100 |    4582     384    4582 |     769     384     769 |    0.1    9.5    0.6
4785 |   194 |    3217 |    4565     384    4565 |     768     384     768 |    0.1    9.9    0.6
4786 |   194 |    3282 |    5374     385    5374 |     770     385     770 |    0.2   13.7    0.7
4787 |   194 |    3274 |    5356     384    5356 |     768     384     768 |    0.2   13.0    0.7
4788 |   194 |    3241 |    4585     384    4585 |     768     384     768 |    0.2    9.4    0.6
4789 |   194 |    3274 |    5369     385    5369 |     770     385     770 |    0.2   13.1    0.7
4790 |   193 |    3265 |    5363     384    5363 |     769     384     769 |    0.2   13.5    0.7
4791 |   194 |    3289 |    5376     385    5376 |     772     385     772 |    0.2   13.8    0.8
4792 |   194 |    3277 |    5369     384    5369 |     769     384     769 |    0.2   13.6    0.7
4793 |   193 |    3269 |    5366     384    5366 |     768     384     768 |    0.2   13.8    0.7
4794 |   194 |    3268 |    4610     384    4610 |     769     385     769 |    0.2   10.4    0.6
4795 |   194 |    3273 |    5372     385    5372 |     771     385     771 |    0.2   10.6    0.6
4796 |   194 |    3247 |    4591     384    4591 |     769     384     769 |    0.2   10.4    0.6
4797 |   193 |    3266 |    5357     384    5357 |     768     384     768 |    0.2   13.7    0.7
4798 |   193 |    3250 |    5358     383    5358 |     767     384     767 |    0.1   13.4    0.7
4799 |   194 |    2295 |    4608     385    4608 |     771     385     771 |    0.2    9.9    0.6
4800 |   194 |    2657 |    4574     384    4574 |     768     384     768 |    0.1    9.3    0.8
4801 |   194 |    3285 |    5371     385    5371 |     771     385     771 |    0.3   14.6    0.8
4802 |   194 |    3279 |    5376     385    5376 |     770     385     770 |    0.2   13.0    0.7
4803 |   194 |    3286 |    5375     386    5375 |     773     386     773 |    0.3   13.8    0.8
4804 |   194 |    3279 |    5379     385    5379 |     770     385     770 |    0.2   14.3    0.7
4805 |   194 |    2491 |    5361     385    5361 |     770     385     770 |    0.2   13.6    0.7
4806 |   194 |    2492 |    5358     385    5358 |     770     385     770 |    0.2   10.1    0.7
4807 |   193 |    3233 |    4579     383    4579 |     766     383     766 |    0.2    9.9    0.6
4808 |   194 |    3283 |    5380     385    5380 |     770     385     770 |    0.2   12.8    0.7
4809 |   194 |    2120 |    5368     385    5368 |     770     385     770 |    0.2    9.5    0.6
4810 |   194 |    3251 |    5334     384    5334 |     767     384     767 |    0.2   12.8    0.7
4811 |   193 |    3272 |    5365     384    5365 |     769     384     769 |    0.2   13.3    0.7
4812 |   194 |    3266 |    5344     384    5344 |     768     384     768 |    0.2   14.9    0.8
4813 |   194 |    3276 |    5339     386    5339 |     774     386     774 |    0.2   14.5    0.9
4814 |   194 |    3272 |    5367     385    5367 |     770     385     770 |    0.3   16.9    0.9
4815 |   189 |    3184 |    4513     383    4513 |     765     383     765 |    0.2   10.1    0.6
4816 |   194 |    2094 |    4588     384    4588 |     769     384     769 |    0.3   10.6    0.6
4817 |   194 |    3231 |    4582     384    4582 |     768     384     768 |    0.2   10.2    0.6
4818 |   194 |    2494 |    5360     385    5360 |     770     385     770 |    0.2   13.5    0.7
4819 |   193 |    3260 |    5346     384    5346 |     767     384     767 |    0.2   13.1    0.7
4820 |   193 |    3264 |    5338     386    5338 |     772     386     772 |    0.2   10.1    0.6
4821 |   194 |    3284 |    5375     385    5375 |     770     385     770 |    0.2   14.0    0.7
4822 |   194 |    3266 |    5368     385    5368 |     771     385     771 |    0.3   13.4    0.7
4823 |   194 |    3270 |    5371     384    5371 |     769     384     769 |    0.2   13.4    0.7
4824 |   194 |    3281 |    5372     386    5372 |     772     386     772 |    0.2   13.0    0.9
4825 |   194 |    2288 |    5300     385    5300 |     771     385     771 |    0.3    9.9    0.6
4826 |   194 |    3264 |    5367     386    5367 |     772     386     772 |    0.2   10.4    0.6
4827 |   194 |    3288 |    5385     385    5385 |     771     385     771 |    0.2   12.5    0.7
4828 |   193 |    3264 |    5362     384    5362 |     768     384     768 |    0.2   13.4    0.7
4829 |   194 |    3287 |    5373     385    5373 |     770     385     770 |    0.2   14.4    0.7
4830 |   192 |    3238 |    5337     382    5337 |     766     383     766 |    0.2   10.0    0.6
4831 |   194 |    3283 |    5365     386    5365 |     772     386     772 |    0.2   13.1    0.8
4832 |   194 |    3277 |    5369     384    5369 |     769     384     769 |    0.3   13.5    0.7
4833 |   194 |    3281 |    5371     385    5371 |     771     385     771 |    0.2   13.0    0.7
4834 |   194 |    3255 |    5360     384    5360 |     768     384     768 |    0.2    9.6    0.6
4835 |   194 |    3271 |    5353     386    5353 |     774     386     774 |    0.2   12.5    0.7
4836 |   194 |    3255 |    5367     384    5367 |     769     384     769 |    0.2   12.8    0.7
4837 |   194 |    3276 |    5367     385    5367 |     771     385     771 |    0.2   13.1    0.7
4838 |   194 |    3268 |    5368     386    5368 |     772     386     772 |    0.2   10.1    0.6
4839 |   194 |    3256 |    5317     384    5317 |     769     384     769 |    0.2   12.8    0.7
4840 |   194 |    3284 |    5372     385    5372 |     771     385     771 |    0.2   13.4    0.7
4841 |   192 |    2096 |    5339     383    5339 |     766     383     766 |    0.2   13.3    0.7
4842 |   194 |    3282 |    5373     384    5373 |     770     385     770 |    0.2   13.0    0.7
4843 |   193 |    3271 |    5363     385    5363 |     769     385     769 |    0.2   13.6    0.7
4844 |   194 |    3269 |    5369     384    5369 |     769     384     769 |    0.2   15.9    0.7
4845 |   194 |    2099 |    4587     384    4587 |     767     384     767 |    0.1    9.6    0.7
4846 |   194 |    3253 |    5316     384    5316 |     768     384     768 |    0.1   13.4    0.7
4847 |   194 |    3280 |    5374     385    5374 |     770     385     770 |    0.2   13.4    0.7
4848 |   194 |    3286 |    5374     386    5374 |     771     386     771 |    0.2   14.2    0.7
4849 |   191 |    2263 |    4547     383    4547 |     765     383     765 |    0.1    9.2    0.7
4850 |   194 |    3273 |    5367     384    5367 |     769     384     769 |    0.2   13.2    0.8
4851 |   193 |    2693 |    5354     385    5354 |     771     385     771 |    0.3   10.5    0.6
4852 |   193 |    3236 |    4586     383    4586 |     767     383     767 |    0.2   10.1    0.6
4853 |   194 |    3281 |    5372     386    5372 |     772     386     772 |    0.2   13.4    0.7
4854 |   194 |    3269 |    5359     384    5359 |     769     384     769 |    0.2   13.8    0.7
4855 |   194 |    3285 |    5383     385    5383 |     771     385     771 |    0.3   13.1    0.7
4856 |   194 |    3281 |    5375     386    5375 |     771     386     771 |    0.2   13.4    0.7
4857 |   194 |    3262 |    5361     385    5361 |     771     385     771 |    0.2   10.2    0.7
4858 |   194 |    3288 |    5383     385    5383 |     771     385     771 |    0.2   13.6    0.7
4859 |   194 |    2515 |    5386     385    5386 |     771     385     771 |    0.2   13.2    0.7
4860 |   194 |    3282 |    5367     385    5367 |     770     385     770 |    0.3   13.3    0.7
4861 |   194 |    3283 |    5378     385    5378 |     772     386     772 |    0.2   13.7    0.7
4862 |   193 |    3240 |    4593     384    4593 |     767     384     767 |    0.2   10.1    0.6
4863 |   194 |    3285 |    5383     385    5383 |     771     386     771 |    0.2   13.8    0.7
4864 |   194 |    2116 |    5370     386    5370 |     772     386     772 |    0.2   12.8    0.7
4865 |   193 |    2288 |    5359     384    5359 |     768     384     768 |    0.2   12.7    0.8
4866 |   193 |    3258 |    5356     384    5356 |     768     384     768 |    0.2   13.7    0.7
4867 |   194 |    3281 |    5375     385    5375 |     770     385     770 |    0.2   14.5    0.8
4868 |   193 |    3253 |    5350     383    5350 |     768     384     768 |    0.2   13.2    0.8
4869 |   194 |    2298 |    5377     385    5377 |     770     385     770 |    0.2   13.9    0.7
4870 |   194 |    3285 |    5373     385    5373 |     771     385     771 |    0.2   13.7    0.7
4871 |   194 |    3290 |    5381     385    5381 |     771     385     771 |    0.2   12.5    0.7
4872 |   194 |    3285 |    5377     385    5377 |     771     385     771 |    0.2   14.0    0.7
4873 |   194 |    3275 |    5362     384    5362 |     768     384     768 |    0.2   14.4    0.7
4874 |   194 |    3272 |    5372     384    5372 |     769     384     769 |    0.2   14.1    0.7
4875 |   193 |    3268 |    5350     384    5350 |     769     384     769 |    0.2   13.6    0.7
4876 |   193 |    3267 |    5357     384    5357 |     768     384     768 |    0.2   13.7    0.7
4877 |   194 |    3289 |    5384     385    5384 |     771     385     771 |    0.2   13.6    0.7
4878 |   194 |    2117 |    5380     386    5380 |     771     386     771 |    0.2   13.9    0.8
4879 |   194 |    3281 |    5380     385    5380 |     770     385     770 |    0.3   12.9    0.7
4880 |   194 |    3280 |    5371     385    5371 |     771     385     771 |    0.2   14.5    0.7
4881 |   194 |    3273 |    5357     385    5357 |     769     385     769 |    0.2   14.3    0.9
4882 |   194 |    3259 |    5366     384    5366 |     769     384     769 |    0.2   13.2    0.7
4883 |   194 |    3287 |    5362     387    5362 |     773     387     773 |    0.2   13.5    0.7
4884 |   193 |    3240 |    4587     384    4587 |     767     384     767 |    0.2    9.5    0.6
4885 |   194 |    3264 |    5360     385    5360 |     769     385     769 |    0.2   13.0    0.7
4886 |   194 |    2304 |    5365     386    5365 |     773     386     773 |    0.2   14.0    0.7
4887 |   193 |    3273 |    5369     384    5369 |     769     385     769 |    0.2   13.5    0.8
4888 |   194 |    2300 |    5369     385    5369 |     770     385     770 |    0.2   14.1    0.8
4889 |   194 |    3258 |    5362     384    5362 |     768     384     768 |    0.2   13.8    0.7
4890 |   194 |    3284 |    4618     385    4618 |     770     385     770 |    0.2   10.7    0.6
4891 |   194 |    3281 |    5376     385    5376 |     769     385     769 |    0.2   14.0    0.9
4892 |   194 |    3273 |    5371     385    5371 |     770     385     770 |    0.3   12.4    0.7
4893 |   194 |    3271 |    5355     384    5355 |     769     385     769 |    0.2   13.0    0.7
4894 |   194 |    2668 |    5314     385    5314 |     772     385     772 |    0.3   10.2    0.6
4895 |   194 |    2501 |    5364     385    5364 |     771     385     771 |    0.2   11.0    0.7
4896 |   194 |    3276 |    5364     385    5364 |     770     385     770 |    0.2   13.5    0.7
4897 |   194 |    3275 |    5365     385    5365 |     770     385     770 |    0.2   12.2    0.7
4898 |   194 |    3273 |    5345     385    5345 |     770     385     770 |    0.2   13.3    0.8
4899 |   194 |    2112 |    5367     385    5367 |     770     385     770 |    0.2   13.3    0.7
4900 |   193 |    3273 |    5372     384    5372 |     769     385     769 |    0.3   12.4    0.7
4901 |   194 |    2503 |    5360     386    5360 |     771     386     771 |    0.2   11.2    0.7
4902 |   194 |    3278 |    5371     384    5371 |     769     384     769 |    0.2   12.9    0.8
4903 |   194 |    3251 |    5352     384    5352 |     768     384     768 |    0.2   13.0    0.9
4904 |   193 |    2263 |    4536     383    4536 |     767     383     767 |    0.2    9.5    0.6
4905 |   194 |    3254 |    5359     384    5359 |     768     384     768 |    0.2   10.3    0.6
4906 |   194 |    3286 |    5376     386    5376 |     772     386     772 |    0.2   14.5    0.7
4907 |   194 |    3286 |    5383     386    5383 |     771     386     771 |    0.2   14.4    0.7
4908 |   194 |    3276 |    5359     385    5359 |     770     385     770 |    0.2   12.9    0.7
4909 |   194 |    3279 |    5379     386    5379 |     771     385     771 |    0.2   13.5    0.7
4910 |   194 |    3285 |    5375     385    5375 |     770     385     770 |    0.2   12.8    0.7
4911 |   194 |    3273 |    5363     385    5363 |     769     384     769 |    0.2   13.1    0.7
4912 |   194 |    2278 |    4565     383    4565 |     768     384     768 |    0.1    9.8    0.6
4913 |   194 |    3262 |    5333     383    5333 |     769     383     769 |    0.2   12.6    0.7
4914 |   194 |    3285 |    5372     386    5372 |     772     386     772 |    0.2   14.5    0.7
4915 |   194 |    3289 |    5378     386    5378 |     772     386     772 |    0.2   13.0    0.7
4916 |   194 |    3290 |    5383     386    5383 |     772     386     772 |    0.2   13.1    0.8
4917 |   193 |    3262 |    5359     384    5359 |     769     384     769 |    0.2   12.9    0.7
4918 |   194 |    3273 |    5368     384    5368 |     768     384     768 |    0.2   13.2    0.7
4919 |   193 |    3268 |    5364     384    5364 |     768     384     768 |    0.2   13.4    0.7
4920 |   194 |    3246 |    4590     383    4590 |     768     383     768 |    0.2   10.5    0.6
4921 |   189 |    3200 |    4537     383    4537 |     765     383     765 |    0.1    8.9    0.5
4922 |   194 |    2116 |    5359     384    5359 |     769     384     769 |    0.2   10.7    0.6
4923 |   193 |    3236 |    5312     386    5312 |     772     386     772 |    0.2   10.3    0.6
4924 |   194 |    3266 |    5355     385    5355 |     771     385     771 |    0.2   12.5    0.7
4925 |   193 |    3262 |    5355     384    5355 |     768     384     768 |    0.2   14.0    0.7
4926 |   194 |    3272 |    5373     385    5373 |     769     385     769 |    0.2   13.9    0.7
4927 |   193 |    2891 |    5339     386    5339 |     774     387     774 |    0.2   10.2    0.6
4928 |   194 |    2096 |    4595     384    4595 |     768     384     768 |    0.2   10.6    0.6
4929 |   194 |    3276 |    5373     385    5373 |     770     384     770 |    0.2   13.1    0.7
4930 |   194 |    3266 |    5371     385    5371 |     770     385     770 |    0.2   13.6    0.8
4931 |   194 |    3269 |    5356     384    5356 |     768     384     768 |    0.3   13.2    0.9
4932 |   194 |    2105 |    5362     384    5362 |     768     384     768 |    0.2   14.1    0.7
4933 |   194 |    2687 |    5345     386    5345 |     771     385     771 |    0.2   10.3    0.6
4934 |   193 |    3264 |    5360     384    5360 |     769     384     769 |    0.2   13.8    0.7
4935 |   194 |    3289 |    5379     385    5379 |     771     385     771 |    0.2   13.4    0.7
4936 |   194 |    3279 |    5374     385    5374 |     770     385     770 |    0.2   13.8    0.7
4937 |   194 |    3250 |    4595     384    4595 |     769     384     769 |    0.1    9.9    0.6
4938 |   194 |    3282 |    5361     385    5361 |     771     385     771 |    0.2   13.8    0.7
4939 |   193 |    3264 |    5360     384    5360 |     768     384     768 |    0.2   12.8    0.7
4940 |   194 |    2658 |    4579     384    4579 |     769     384     769 |    0.2   10.7    0.8
4941 |   194 |    3290 |    5374     386    5374 |     772     386     772 |    0.3   13.9    0.7
4942 |   193 |    3258 |    5353     383    5353 |     766     383     766 |    0.2   14.2    0.7
4943 |   194 |    3291 |    5375     386    5375 |     772     386     772 |    0.2   14.6    0.8
4944 |   194 |    3276 |    5364     384    5364 |     768     384     768 |    0.2   13.4    0.8
4945 |   191 |    3236 |    4582     383    4582 |     765     383     765 |    0.2    9.2    0.6
4946 |   194 |    2462 |    5326     384    5326 |     768     384     768 |    0.1   10.1    0.6
4947 |   194 |    3284 |    5364     386    5364 |     773     386     773 |    0.2   13.4    0.8
4948 |   192 |    3244 |    5330     383    5330 |     766     383     766 |    0.2   12.9    0.7
4949 |   194 |    3278 |    5371     384    5371 |     769     384     769 |    0.2   13.5    0.7
4950 |   194 |    3273 |    5367     385    5367 |     770     385     770 |    0.2   13.2    0.7
4951 |   194 |    2092 |    4574     384    4574 |     768     384     768 |    0.1   10.4    0.7
4952 |   194 |    3276 |    5376     385    5376 |     771     386     771 |    0.3   13.9    0.8
4953 |   194 |    3286 |    5381     385    5381 |     771     385     771 |    0.4   13.2    0.7
4954 |   194 |    3251 |    4600     384    4600 |     768     384     768 |    0.1   10.4    0.6
4955 |   194 |    3269 |    5363     385    5363 |     770     385     770 |    0.2   13.2    0.7
4956 |   194 |    3278 |    5366     385    5366 |     770     385     770 |    0.2   12.5    0.7
4957 |   193 |    2273 |    4569     383    4569 |     767     383     767 |    0.1   12.2    0.6
4958 |   194 |    3273 |    5360     384    5360 |     769     384     769 |    0.2   12.9    0.7
4959 |   193 |    3255 |    5355     383    5355 |     767     383     767 |    0.2   13.8    0.7
4960 |   194 |    3285 |    5375     385    5375 |     771     385     771 |    0.3   14.0    0.7
4961 |   193 |    2087 |    4570     383    4570 |     767     383     767 |    0.1   10.3    0.6
4962 |   194 |    2104 |    5361     384    5361 |     769     384     769 |    0.2   14.9    0.7
4963 |   193 |    3265 |    5355     384    5355 |     768     384     768 |    0.3   14.0    0.7
4964 |   194 |    3274 |    5369     384    5369 |     769     384     769 |    0.2   14.6    1.0
4965 |   191 |    3231 |    4576     384    4576 |     767     384     767 |    0.3   10.1    0.6
4966 |   194 |    3284 |    5374     385    5374 |     771     385     771 |    0.2   12.8    0.7
4967 |   194 |    3286 |    5379     385    5379 |     770     385     770 |    0.2   13.7    0.7
4968 |   194 |    3287 |    5379     385    5379 |     771     385     771 |    0.2   13.6    0.9
4969 |   194 |    3268 |    5367     385    5367 |     769     385     769 |    0.3   10.0    0.6
4970 |   194 |    2298 |    5375     385    5375 |     770     385     770 |    0.2   13.4    0.7
4971 |   194 |    3271 |    5359     384    5359 |     768     384     768 |    0.2   13.7    0.7
4972 |   194 |    3274 |    5359     384    5359 |     769     384     769 |    0.2   12.9    0.7
4973 |   193 |    3264 |    5365     384    5365 |     768     384     768 |    0.2   14.2    0.7
4974 |   194 |    3280 |    5379     385    5379 |     771     385     771 |    0.2   13.8    0.7
4975 |   194 |    2291 |    5361     384    5361 |     767     384     767 |    0.1   13.5    0.9
4976 |   194 |    2287 |    4600     384    4600 |     768     384     768 |    0.2   10.2    0.6
4977 |   194 |    3281 |    5374     385    5374 |     770     385     770 |    0.2   13.5    0.7
4978 |   194 |    3273 |    5367     385    5367 |     771     385     771 |    0.2   13.5    0.7
4979 |   194 |    2494 |    5368     385    5368 |     770     385     770 |    0.3   13.1    0.7
4980 |   194 |    3285 |    5369     386    5369 |     773     386     773 |    0.2   14.0    0.7
4981 |   194 |    3285 |    5378     385    5378 |     771     385     771 |    0.2   13.9    1.0
4982 |   194 |    2503 |    5365     385    5365 |     771     385     771 |    0.3   10.8    0.7
4983 |   194 |    2106 |    5368     385    5368 |     770     385     770 |    0.2   13.2    0.7
4984 |   194 |    3290 |    5368     386    5368 |     773     386     773 |    0.2   13.1    0.7
4985 |   193 |    3253 |    5342     383    5342 |     766     383     766 |    0.2   12.7    0.7
4986 |   193 |    2676 |    5361     384    5361 |     769     384     769 |    0.4   13.5    0.7
4987 |   194 |    3277 |    5366     385    5366 |     770     385     770 |    0.2   13.2    0.7
4988 |   194 |    3267 |    5356     385    5356 |     770     385     770 |    0.2   14.1    0.7
4989 |   194 |    3287 |    5383     385    5383 |     771     385     771 |    0.2   14.3    0.7
4990 |   193 |    3231 |    4576     383    4576 |     767     383     767 |    0.2   10.3    0.6
4991 |   194 |    3275 |    5369     385    5369 |     771     385     771 |    0.2   13.7    0.7
4992 |   192 |    3248 |    5350     384    5350 |     768     384     768 |    0.2   13.5    0.9
4993 |   193 |    3246 |    4597     383    4597 |     767     383     767 |    0.2    9.4    0.6
4994 |   194 |    3286 |    5376     386    5376 |     772     386     772 |    0.2   13.6    0.7
4995 |   194 |    3258 |    5360     384    5360 |     768     384     768 |    0.2   13.7    0.7
4996 |   193 |    2279 |    4583     383    4583 |     767     383     767 |    0.2   10.3    0.6
4997 |   194 |    3282 |    5372     385    5372 |     770     385     770 |    0.2   13.3    0.7
4998 |   194 |    2114 |    5375     385    5375 |     770     385     770 |    0.2   13.5    0.7
4999 |   194 |    3274 |    5372     385    5372 |     770     385     770 |    0.2   13.2    0.7
5000 |   191 |    2081 |    4565     383    4565 |     765     383     765 |    0.1    9.6    0.6
5001 |   194 |    3262 |    5363     384    5363 |     768     384     768 |    0.2   13.2    0.7
5002 |   194 |    3282 |    5362     386    5362 |     772     386     772 |    0.2   13.3    0.8
5003 |   194 |    3275 |    5367     385    5367 |     770     385     770 |    0.2   14.8    0.7
5004 |   194 |    3287 |    5384     385    5384 |     771     385     771 |    0.2   13.5    0.7
5005 |   193 |    3251 |    5354     383    5354 |     766     383     766 |    0.1   13.8    0.7
5006 |   194 |    3288 |    5382     385    5382 |     771     385     771 |    0.2   13.5    0.7
5007 |   194 |    2495 |    5371     385    5371 |     770     385     770 |    0.2   13.2    0.7
5008 |   194 |    2499 |    5367     385    5367 |     769     385     769 |    0.2   10.5    0.6
5009 |   194 |    3276 |    5355     385    5355 |     770     385     770 |    0.2   12.9    0.7
5010 |   194 |    2676 |    5338     385    5338 |     769     385     769 |    0.2   10.4    0.6
5011 |   194 |    2500 |    5363     386    5363 |     773     387     773 |    0.2   10.9    0.6
5012 |   194 |    3291 |    5370     386    5370 |     772     386     772 |    0.3   13.3    0.7
5013 |   194 |    3270 |    5348     387    5348 |     775     387     775 |    0.2   13.4    0.7
5014 |   194 |    3282 |    5372     386    5372 |     772     386     772 |    0.2   12.6    0.7
5015 |   194 |    3271 |    5357     384    5357 |     769     384     769 |    0.2   13.6    0.7
5016 |   193 |    2458 |    4570     384    4570 |     767     384     767 |    0.1    9.2    0.6
5017 |   193 |    3255 |    5348     384    5348 |     769     384     769 |    0.2   13.3    0.7
5018 |   194 |    2468 |    4599     384    4599 |     768     384     768 |    0.2   10.2    0.6
5019 |   194 |    2480 |    4606     384    4606 |     769     384     769 |    0.2    9.9    0.6
5020 |   194 |    3247 |    4592     386    4592 |     772     386     772 |    0.2   10.1    0.6
5021 |   193 |    3238 |    5343     383    5343 |     767     384     767 |    0.1   14.0    0.7
5022 |   194 |    2282 |    4574     384    4574 |     767     384     767 |    0.2   11.3    0.8
5023 |   194 |    3265 |    5367     384    5367 |     769     384     769 |    0.3   13.4    0.7
5024 |   193 |    3267 |    5362     384    5362 |     768     384     768 |    0.2   13.1    0.7
5025 |   191 |    3238 |    4580     383    4580 |     765     383     765 |    0.1    9.9    0.7
5026 |   194 |    3256 |    5332     384    5332 |     768     384     768 |    0.2   13.3    0.7
5027 |   194 |    2689 |    5367     385    5367 |     770     385     770 |    0.2   10.1    0.7
5028 |   194 |    3287 |    5386     385    5386 |     771     385     771 |    0.2   14.5    0.8
5029 |   194 |    2104 |    4604     384    4604 |     768     384     768 |    0.2    9.9    0.6
5030 |   194 |    3276 |    5362     386    5362 |     772     386     772 |    0.2   13.5    0.7
5031 |   194 |    3264 |    5364     384    5364 |     768     384     768 |    0.2   12.8    0.9
5032 |   194 |    3279 |    5368     385    5368 |     770     385     770 |    0.3   12.9    0.7
5033 |   193 |    3260 |    4597     384    4597 |     767     383     767 |    0.2    9.8    0.7
5034 |   194 |    2485 |    4602     384    4602 |     767     384     767 |    0.2   10.6    0.6
5035 |   194 |    3290 |    5383     385    5383 |     771     385     771 |    0.2   14.2    0.7
5036 |   194 |    3282 |    5369     385    5369 |     770     385     770 |    0.2   13.1    0.7
5037 |   194 |    3282 |    5369     386    5369 |     772     386     772 |    0.2   14.2    0.7
5038 |   194 |    3240 |    5350     384    5350 |     768     384     768 |    0.2   10.3    0.6
5039 |   194 |    3276 |    5359     384    5359 |     769     384     769 |    0.2   15.2    0.7
5040 |   194 |    3287 |    5380     385    5380 |     771     385     771 |    0.2   13.7    0.7
5041 |   194 |    3251 |    4598     384    4598 |     768     384     768 |    0.2   10.4    0.7
5042 |   194 |    3282 |    5369     385    5369 |     771     385     771 |    0.2   13.1    0.7
5043 |   194 |    3275 |    5372     385    5372 |     770     385     770 |    0.2   13.3    0.9
5044 |   194 |    3263 |    5363     384    5363 |     769     384     769 |    0.2   13.1    0.7
5045 |   194 |    3283 |    5373     385    5373 |     771     385     771 |    0.2   13.2    0.7
5046 |   194 |    3231 |    4585     384    4585 |     768     384     768 |    0.1    9.2    0.6
5047 |   194 |    3247 |    4596     384    4596 |     767     384     767 |    0.1   10.1    0.6
5048 |   193 |    3267 |    5362     385    5362 |     770     385     770 |    0.2   13.5    0.7
5049 |   194 |    3281 |    5377     385    5377 |     771     385     771 |    0.2   13.5    0.7
5050 |   194 |    3268 |    5371     385    5371 |     770     385     770 |    0.2   13.8    0.9
5051 |   194 |    3270 |    5368     385    5368 |     770     385     770 |    0.3   15.5    0.7
5052 |   194 |    3271 |    5358     385    5358 |     770     385     770 |    0.3   13.9    0.7
5053 |   194 |    3287 |    5380     386    5380 |     771     386     771 |    0.2   13.8    0.7
5054 |   194 |    3276 |    5373     385    5373 |     770     385     770 |    0.2   13.4    0.8
5055 |   194 |    2111 |    5372     385    5372 |     770     385     770 |    0.2   13.7    0.7
5056 |   193 |    3267 |    5358     384    5358 |     768     384     768 |    0.2   12.4    0.7
5057 |   194 |    3274 |    5368     385    5368 |     771     385     771 |    0.2   13.7    0.7
5058 |   194 |    2483 |    5362     384    5362 |     768     384     768 |    0.1   10.1    0.6
5059 |   194 |    2502 |    5376     386    5376 |     772     386     772 |    0.2   13.2    0.7
5060 |   193 |    3268 |    5364     384    5364 |     769     384     769 |    0.2   13.1    0.7
5061 |   194 |    3265 |    5370     385    5370 |     770     385     770 |    0.2   13.3    0.7
5062 |   194 |    2121 |    5376     385    5376 |     770     385     770 |    0.3   15.1    0.8
5063 |   194 |    2121 |    5380     385    5380 |     771     386     771 |    0.2   13.3    0.7
5064 |   194 |    3270 |    5366     384    5366 |     770     385     770 |    0.2   12.7    0.7
5065 |   194 |    2487 |    5346     385    5346 |     771     385     771 |    0.2   10.1    0.6
5066 |   194 |    2119 |    5367     386    5367 |     772     386     772 |    0.2   14.2    0.9
5067 |   194 |    3235 |    5299     384    5299 |     768     384     768 |    0.2   14.8    0.7
5068 |   194 |    3280 |    5370     385    5370 |     770     385     770 |    0.2   13.4    0.7
5069 |   193 |    3249 |    5341     383    5341 |     766     383     766 |    0.1   12.7    0.6
5070 |   194 |    3279 |    5373     385    5373 |     770     385     770 |    0.2   13.2    0.7
5071 |   193 |    3255 |    5350     383    5350 |     766     383     766 |    0.2   14.3    0.8
5072 |   194 |    2692 |    5364     385    5364 |     770     385     770 |    0.2   10.9    0.6
5073 |   194 |    3288 |    5365     386    5365 |     773     386     773 |    0.2   13.5    0.9
5074 |   194 |    3287 |    5384     385    5384 |     771     385     771 |    0.3   14.8    0.7
5075 |   194 |    3286 |    5372     385    5372 |     771     385     771 |    0.2   12.0    0.7
5076 |   193 |    2090 |    4576     383    4576 |     766     383     766 |    0.1    9.9    0.7
5077 |   192 |    3239 |    5341     383    5341 |     766     383     766 |    0.2   10.1    0.6
5078 |   194 |    2115 |    5371     385    5371 |     770     385     770 |    0.2   15.0    0.7
5079 |   194 |    3275 |    5370     385    5370 |     770     385     770 |    0.2   13.4    0.7
5080 |   194 |    3278 |    5372     385    5372 |     769     385     769 |    0.2   15.2    0.8
5081 |   194 |    2497 |    5356     386    5356 |     772     386     772 |    0.3   10.5    0.6
5082 |   193 |    3248 |    5332     386    5332 |     771     386     771 |    0.2   10.0    0.6
5083 |   194 |    3262 |    5357     384    5357 |     769     384     769 |    0.2   15.3    0.7
5084 |   194 |    2287 |    5368     384    5368 |     769     384     769 |    0.2   19.0    0.8
5085 |   193 |    3256 |    5348     384    5348 |     767     384     767 |    0.2   16.7    0.7
5086 |   194 |    3276 |    5362     385    5362 |     771     385     771 |    0.4   16.8    0.8
5087 |   194 |    2095 |    4597     384    4597 |     768     384     768 |    0.2   11.8    0.8
5088 |   194 |    3282 |    5377     385    5377 |     770     385     770 |    0.3   18.7    2.6
5089 |   194 |    3287 |    5374     385    5374 |     771     385     771 |    0.4   19.9    1.1
5090 |   194 |    2103 |    5358     384    5358 |     770     384     770 |    0.5   18.3    0.8
5091 |   193 |    3270 |    5368     384    5368 |     769     384     769 |    0.3   18.1    0.9
5092 |   194 |    3234 |    5325     385    5325 |     770     385     770 |    0.3   11.8    0.8
5093 |   192 |    2670 |    5334     384    5334 |     767     384     767 |    0.2   12.7    0.8
5094 |   194 |    3273 |    5362     384    5362 |     768     384     768 |    0.3   13.5    0.7
5095 |   193 |    3245 |    5328     383    5328 |     766     383     766 |    0.2   15.3    0.7
5096 |   194 |    3284 |    5358     386    5358 |     772     386     772 |    0.2   16.3    1.1
5097 |   194 |    3237 |    4586     383    4586 |     767     383     767 |    0.3   18.1    0.9
5098 |   194 |    3280 |    4617     385    4617 |     770     385     770 |    0.4   13.9    0.9
5099 |   194 |    3283 |    5380     385    5380 |     771     385     771 |    0.4   19.5    0.9
5100 |   193 |    3258 |    5360     384    5360 |     768     384     768 |    0.3   18.2    1.0
5101 |   192 |    3246 |    5351     383    5351 |     766     383     766 |    0.4   23.7    1.2
5102 |   194 |    3280 |    5379     385    5379 |     769     385     769 |    0.4   29.7    1.4
5103 |   194 |    3279 |    5365     387    5365 |     773     387     773 |    1.8   33.5    1.0
5104 |   194 |    3277 |    5372     384    5372 |     769     384     769 |    0.5   36.5    1.0
5105 |   193 |    3270 |    5362     384    5362 |     769     384     769 |    0.4   24.8    1.0
5106 |   194 |    3259 |    5366     384    5366 |     770     385     770 |    0.4   21.7    0.9
5107 |   194 |    3256 |    4603     384    4603 |     767     384     767 |    0.3   14.2    0.7
5108 |   194 |    3271 |    5343     385    5343 |     770     385     770 |    0.3   15.3    0.7
5109 |   194 |    3279 |    5371     384    5371 |     769     385     769 |    0.3   15.0    0.7
5110 |   194 |    3246 |    4594     384    4594 |     768     384     768 |    0.2   15.1    0.9
5111 |   194 |    3279 |    5374     385    5374 |     770     385     770 |    0.4   20.8    0.9
5112 |   194 |    3259 |    5331     384    5331 |     769     384     769 |    0.2   21.1    0.9
5113 |   194 |    3285 |    5376     385    5376 |     770     385     770 |    0.3   17.1    1.0
5114 |   194 |    3285 |    5380     386    5380 |     771     385     771 |    0.4   18.3    1.2
5115 |   193 |    3258 |    5347     384    5347 |     767     384     767 |    0.3   17.2    0.9
5116 |   194 |    3283 |    5380     386    5380 |     771     386     771 |    0.3   19.3    1.0
5117 |   193 |    3269 |    5358     384    5358 |     769     384     769 |    0.3   17.9    0.7
5118 |   194 |    3248 |    4593     384    4593 |     769     384     769 |    0.2   12.9    0.8
5119 |   194 |    3276 |    5374     385    5374 |     769     385     769 |    0.3   18.2    1.0
5120 |   194 |    3279 |    5358     385    5358 |     771     385     771 |    0.3   19.4    1.0
5121 |   194 |    3282 |    5372     385    5372 |     771     385     771 |    0.4   17.7    0.9
5122 |   194 |    3277 |    5371     384    5371 |     770     384     770 |    0.3   18.0    1.2
5123 |   194 |    3282 |    5376     385    5376 |     770     385     770 |    0.4   18.4    1.0
5124 |   194 |    3281 |    5380     385    5380 |     770     385     770 |    0.4   19.5    0.9
5125 |   194 |    3273 |    5367     385    5367 |     771     385     771 |    0.4   18.6    0.9
5126 |   194 |    3283 |    5375     385    5375 |     770     385     770 |    0.4   19.2    0.9
5127 |   194 |    3275 |    5365     385    5365 |     770     385     770 |    0.3   16.7    1.1
5128 |   194 |    3273 |    5369     384    5369 |     769     384     769 |    0.4   16.5    0.7
5129 |   194 |    3286 |    5378     385    5378 |     771     385     771 |    0.2   15.7    1.0
5130 |   194 |    3279 |    5371     385    5371 |     770     385     770 |    0.3   16.2    0.8
5131 |   194 |    3281 |    5367     385    5367 |     769     385     769 |    0.3   15.1    0.8
5132 |   192 |    3236 |    4583     383    4583 |     766     383     766 |    0.2   12.4    0.6
5133 |   194 |    3273 |    5365     385    5365 |     770     385     770 |    0.3   11.4    0.6
5134 |   194 |    3289 |    5383     385    5383 |     770     385     770 |    0.2   18.0    1.2
5135 |   194 |    3283 |    5375     385    5375 |     771     385     771 |    0.4   18.4    0.8
5136 |   194 |    3287 |    5373     386    5373 |     771     386     771 |    0.2   14.9    1.0
5137 |   194 |    3271 |    5366     385    5366 |     771     385     771 |    0.3   15.3    0.8
5138 |   194 |    3283 |    5372     385    5372 |     769     385     769 |    0.3   16.4    0.8
5139 |   193 |    3259 |    5339     386    5339 |     772     386     772 |    0.2   15.6    0.8
5140 |   194 |    3283 |    5379     385    5379 |     770     385     770 |    0.3   15.4    1.1
5141 |   194 |    3283 |    5373     385    5373 |     770     385     770 |    0.3   14.3    0.8
5142 |   194 |    3278 |    5356     384    5356 |     769     384     769 |    0.3   15.4    0.7
5143 |   193 |    3259 |    5348     384    5348 |     767     384     767 |    0.2   12.9    0.7
5144 |   194 |    3281 |    5368     385    5368 |     769     385     769 |    0.3   14.9    0.7
5145 |   194 |    2118 |    5377     385    5377 |     770     385     770 |    0.3   16.9    0.8
5146 |   194 |    3281 |    5366     385    5366 |     771     385     771 |    0.3   17.8    1.2
5147 |   194 |    3267 |    5360     384    5360 |     767     384     767 |    0.4   18.0    0.9
5148 |   194 |    2273 |    4581     384    4581 |     768     384     768 |    0.3   10.6    0.6
5149 |   194 |    3256 |    5359     385    5359 |     771     385     771 |    0.3   16.6    0.9
5150 |   194 |    3286 |    5377     385    5377 |     771     385     771 |    0.3   14.0    0.7
5151 |   194 |    2500 |    5380     385    5380 |     770     385     770 |    0.3   15.1    0.9
5152 |   194 |    3288 |    5379     386    5379 |     773     386     773 |    0.3   15.7    0.8
5153 |   194 |    3238 |    4583     384    4583 |     768     384     768 |    0.2   10.1    0.6
5154 |   193 |    3260 |    5358     384    5358 |     767     384     767 |    0.2   16.0    0.9
5155 |   194 |    3255 |    5319     385    5319 |     773     385     773 |    0.2   13.9    0.8
5156 |   194 |    2303 |    5372     385    5372 |     771     385     771 |    0.3   16.2    0.9
5157 |   194 |    3282 |    5371     384    5371 |     769     384     769 |    0.3   17.2    0.8
5158 |   193 |    3265 |    5366     384    5366 |     768     384     768 |    0.3   16.5    0.7
5159 |   194 |    3289 |    4619     385    4619 |     770     385     770 |    0.3   11.5    0.7
5160 |   194 |    3268 |    5364     384    5364 |     769     384     769 |    0.3   15.2    0.8
5161 |   194 |    3261 |    5345     384    5345 |     768     384     768 |    0.2   14.9    0.7
5162 |   194 |    3271 |    5371     384    5371 |     770     385     770 |    0.3   16.3    1.0
5163 |   194 |    3282 |    5366     385    5366 |     770     385     770 |    0.3   16.8    0.7
5164 |   193 |    3249 |    5359     384    5359 |     768     384     768 |    0.2   14.3    0.7
5165 |   194 |    3280 |    5362     385    5362 |     771     385     771 |    0.3   15.4    0.8
5166 |   194 |    2687 |    5370     386    5370 |     771     386     771 |    0.3   11.1    0.7
5167 |   193 |    3269 |    5362     384    5362 |     768     384     768 |    0.3   15.4    0.7
5168 |   193 |    3262 |    5342     383    5342 |     769     385     769 |    0.2   14.7    0.8
5169 |   194 |    3283 |    5367     385    5367 |     771     385     771 |    0.3   14.2    0.8
5170 |   194 |    3276 |    5364     385    5364 |     769     385     769 |    0.3   15.7    0.8
5171 |   194 |    3271 |    5360     385    5360 |     769     385     769 |    0.3   15.0    0.8
5172 |   193 |    3254 |    5337     383    5337 |     768     383     768 |    0.2   14.5    0.8
5173 |   193 |    3269 |    5367     384    5367 |     769     384     769 |    0.3   15.5    0.7
5174 |   194 |    3285 |    5368     386    5368 |     773     386     773 |    0.2   13.8    0.7
5175 |   192 |    3238 |    4583     383    4583 |     766     383     766 |    0.2   10.6    0.8
5176 |   193 |    2680 |    5368     385    5368 |     769     385     769 |    0.3   15.8    0.9
5177 |   194 |    3271 |    5356     385    5356 |     769     385     769 |    0.3   14.9    0.8
5178 |   194 |    3276 |    5370     384    5370 |     769     384     769 |    0.3   15.5    0.8
5179 |   193 |    3254 |    5357     383    5357 |     767     383     767 |    0.2   13.6    0.8
5180 |   194 |    2512 |    5372     385    5372 |     771     385     771 |    0.3   15.6    0.7
5181 |   194 |    3275 |    5345     385    5345 |     770     385     770 |    0.3   15.0    0.8
5182 |   194 |    3273 |    5360     384    5360 |     768     384     768 |    0.3   14.3    0.7
5183 |   194 |    3279 |    5372     385    5372 |     770     385     770 |    0.3   15.6    0.7
5184 |   193 |    3236 |    4583     383    4583 |     767     383     767 |    0.2   10.3    0.6
5185 |   194 |    3248 |    4595     384    4595 |     768     384     768 |    0.2   11.0    0.7
5186 |   194 |    3286 |    5365     386    5365 |     772     386     772 |    0.3   13.9    1.0
5187 |   192 |    3243 |    5334     383    5334 |     766     383     766 |    0.2   13.1    0.7
5188 |   194 |    3261 |    5361     384    5361 |     769     384     769 |    0.2   14.4    0.8
5189 |   194 |    3269 |    5349     384    5349 |     771     384     771 |    0.3   14.8    0.7
5190 |   193 |    3269 |    5358     385    5358 |     769     385     769 |    0.2   13.7    0.7
5191 |   194 |    3278 |    5374     385    5374 |     771     385     771 |    0.2   13.1    0.7
5192 |   194 |    3276 |    5374     384    5374 |     770     385     770 |    0.2   13.1    0.7
5193 |   194 |    3256 |    5330     384    5330 |     768     384     768 |    0.2   13.8    1.0
5194 |   194 |    3288 |    5377     386    5377 |     771     386     771 |    0.3   15.1    0.7
5195 |   193 |    2106 |    5361     384    5361 |     769     384     769 |    0.2   13.8    0.7
5196 |   194 |    3282 |    5370     385    5370 |     771     386     771 |    0.2   14.2    0.7
5197 |   194 |    3285 |    5379     386    5379 |     772     386     772 |    0.2   15.0    0.7
5198 |   194 |    3269 |    5355     384    5355 |     767     384     767 |    0.2   13.5    0.7
5199 |   193 |    3268 |    5362     384    5362 |     768     384     768 |    0.2   13.4    0.7
5200 |   194 |    2096 |    4589     384    4589 |     768     384     768 |    0.2   10.0    0.7
5201 |   194 |    2289 |    5364     384    5364 |     769     384     769 |    0.2   13.1    0.7
5202 |   194 |    3274 |    5366     385    5366 |     770     385     770 |    0.2   13.1    0.8
5203 |   194 |    3264 |    5364     384    5364 |     770     385     770 |    0.2   13.3    0.8
5204 |   194 |    3283 |    5373     385    5373 |     770     385     770 |    0.3   14.5    0.7
5205 |   194 |    3266 |    5360     386    5360 |     773     386     773 |    0.2   14.9    0.7
5206 |   194 |    3277 |    5363     385    5363 |     769     385     769 |    0.2   15.6    0.8
5207 |   194 |    3276 |    5364     384    5364 |     768     384     768 |    0.4   14.4    0.7
5208 |   194 |    3269 |    5368     386    5368 |     772     386     772 |    0.2   13.4    0.7
5209 |   194 |    3283 |    5366     385    5366 |     771     385     771 |    0.2   14.2    0.7
5210 |   194 |    2106 |    5364     384    5364 |     769     384     769 |    0.2   13.8    0.7
5211 |   193 |    3253 |    5356     384    5356 |     768     384     768 |    0.2   14.0    0.7
5212 |   194 |    3284 |    5377     385    5377 |     770     385     770 |    0.2   15.4    0.8
5213 |   194 |    2125 |    5383     386    5383 |     771     386     771 |    0.2   14.5    1.1
5214 |   193 |    2105 |    5354     385    5354 |     769     385     769 |    0.3   14.9    0.7
5215 |   194 |    3292 |    5377     386    5377 |     772     386     772 |    0.2   13.7    0.7
5216 |   194 |    3273 |    5364     385    5364 |     770     385     770 |    0.2   15.4    0.8
5217 |   193 |    3253 |    5354     385    5354 |     770     385     770 |    0.2   14.0    0.7
5218 |   193 |    3269 |    5364     384    5364 |     769     385     769 |    0.2   14.4    0.7
5219 |   194 |    3275 |    5367     385    5367 |     770     385     770 |    0.2   13.5    0.7
5220 |   194 |    3282 |    5378     385    5378 |     771     385     771 |    0.2   13.7    0.7
5221 |   194 |    3277 |    5371     385    5371 |     770     385     770 |    0.3   15.1    0.7
5222 |   194 |    2101 |    5359     384    5359 |     768     384     768 |    0.2   13.5    0.8
5223 |   193 |    3258 |    5351     384    5351 |     767     384     767 |    0.2   14.2    0.9
5224 |   194 |    3275 |    5366     385    5366 |     769     385     769 |    0.3   13.1    0.7
5225 |   194 |    3283 |    5381     385    5381 |     771     385     771 |    0.2   13.8    0.7
5226 |   194 |    3278 |    5357     385    5357 |     770     385     770 |    0.3   13.8    0.8
5227 |   192 |    3233 |    4573     383    4573 |     765     383     765 |    0.2    9.6    0.7
5228 |   194 |    3292 |    5381     386    5381 |     771     386     771 |    0.2   13.8    0.7
5229 |   193 |    3263 |    5361     384    5361 |     767     384     767 |    0.2   14.6    0.7
5230 |   194 |    3292 |    5386     386    5386 |     771     386     771 |    0.3   14.1    0.7
5231 |   194 |    2117 |    5381     385    5381 |     770     385     770 |    0.2   13.5    0.7
5232 |   194 |    2121 |    5380     385    5380 |     770     385     770 |    0.2   10.4    0.7
5233 |   194 |    2118 |    5387     385    5387 |     771     385     771 |    0.2   13.7    0.7
5234 |   194 |    2295 |    5377     385    5377 |     770     385     770 |    0.2   15.3    0.7
5235 |   194 |    2121 |    5382     386    5382 |     773     386     773 |    0.2   13.3    0.7
5236 |   194 |    3279 |    5369     385    5369 |     771     385     771 |    0.2   14.4    0.8
5237 |   194 |    3287 |    5380     386    5380 |     771     386     771 |    0.2   13.3    0.8
5238 |   194 |    3277 |    5364     385    5364 |     771     385     771 |    0.2   13.8    0.7
5239 |   194 |    2094 |    4585     384    4585 |     768     384     768 |    0.2    9.7    0.6
5240 |   193 |    3259 |    5364     384    5364 |     768     384     768 |    0.2   13.1    0.7
5241 |   194 |    3286 |    5355     387    5355 |     774     387     774 |    0.2   13.5    0.7
5242 |   194 |    3277 |    5369     385    5369 |     770     385     770 |    0.2   13.1    0.7
5243 |   194 |    2694 |    5374     385    5374 |     770     385     770 |    0.2   13.7    0.7
5244 |   194 |    3276 |    5369     385    5369 |     771     385     771 |    0.2   14.2    0.7
5245 |   194 |    3204 |    4553     383    4553 |     767     383     767 |    0.2    9.8    0.6
5246 |   193 |    3220 |    4566     384    4566 |     768     384     768 |    0.2    9.8    0.6
5247 |   194 |    3277 |    5366     385    5366 |     771     386     771 |    0.2   13.8    0.7
5248 |   194 |    3282 |    5375     385    5375 |     770     385     770 |    0.2   13.0    0.9
5249 |   194 |    2117 |    5380     385    5380 |     771     385     771 |    0.3   15.2    0.9
5250 |   194 |    3264 |    5368     384    5368 |     769     384     769 |    0.3   14.2    0.7
5251 |   194 |    3288 |    5381     386    5381 |     771     386     771 |    0.2   13.9    0.7
5252 |   194 |    3274 |    5381     385    5381 |     771     385     771 |    0.2   13.6    0.7
5253 |   194 |    2501 |    5365     386    5365 |     772     386     772 |    0.2   13.8    0.7
5254 |   193 |    3260 |    5355     384    5355 |     768     384     768 |    0.2   13.5    0.8
5255 |   194 |    3283 |    5378     385    5378 |     770     385     770 |    0.2   12.9    0.7
5256 |   191 |    3228 |    4570     383    4570 |     765     383     765 |    0.1   10.4    0.6
5257 |   194 |    3286 |    5374     385    5374 |     770     385     770 |    0.2   14.4    0.8
5258 |   194 |    3281 |    5375     385    5375 |     770     385     770 |    0.2   14.3    1.0
5259 |   193 |    2085 |    4572     384    4572 |     767     384     767 |    0.2   11.1    0.6
5260 |   193 |    3259 |    5355     383    5355 |     767     384     767 |    0.2   12.9    0.9
5261 |   194 |    3259 |    5367     384    5367 |     769     384     769 |    0.2   13.8    0.7
5262 |   194 |    2102 |    5362     385    5362 |     769     385     769 |    0.2   13.2    0.7
5263 |   194 |    3278 |    5370     384    5370 |     769     384     769 |    0.2   13.2    0.7
5264 |   194 |    3269 |    5366     384    5366 |     768     384     768 |    0.2   12.6    0.8
5265 |   194 |    2300 |    5371     384    5371 |     769     384     769 |    0.2   13.7    0.9
5266 |   194 |    3279 |    4615     385    4615 |     770     385     770 |    0.2   10.9    0.6
5267 |   194 |    2687 |    5362     386    5362 |     772     386     772 |    0.2   13.6    0.7
5268 |   194 |    3278 |    5374     385    5374 |     770     385     770 |    0.2   13.8    0.7
5269 |   194 |    2123 |    5361     385    5361 |     772     386     772 |    0.2   10.3    0.6
5270 |   194 |    3283 |    5378     385    5378 |     772     386     772 |    0.2   13.3    0.7
5271 |   194 |    2124 |    5377     386    5377 |     772     386     772 |    0.2   12.9    0.7
5272 |   192 |    3226 |    4564     383    4564 |     765     383     765 |    0.2    9.6    0.6
5273 |   194 |    3286 |    5370     385    5370 |     771     385     771 |    0.2   13.8    0.7
5274 |   194 |    3282 |    5379     385    5379 |     771     385     771 |    0.2   14.1    0.7
5275 |   193 |    3263 |    5359     384    5359 |     768     384     768 |    0.2   13.6    0.7
5276 |   193 |    3256 |    5355     384    5355 |     768     384     768 |    0.2   13.4    0.7
5277 |   194 |    3274 |    5372     385    5372 |     770     385     770 |    0.2   13.8    0.8
5278 |   194 |    3275 |    5372     385    5372 |     770     385     770 |    0.2   14.3    0.7
5279 |   194 |    2633 |    4533     384    4533 |     768     384     768 |    0.2    9.7    0.6
5280 |   194 |    2501 |    5368     385    5368 |     771     385     771 |    0.2   13.6    0.7
5281 |   194 |    3283 |    5375     384    5375 |     770     385     770 |    0.2   14.3    0.7
5282 |   192 |    3242 |    4585     383    4585 |     765     383     765 |    0.2    9.4    0.6
5283 |   194 |    2508 |    5371     386    5371 |     771     386     771 |    0.2   13.5    0.7
5284 |   194 |    2459 |    4561     384    4561 |     767     384     767 |    0.2   10.0    0.6
5285 |   194 |    3284 |    5378     385    5378 |     770     385     770 |    0.2   13.6    0.7
5286 |   193 |    3262 |    5349     384    5349 |     769     384     769 |    0.2   13.7    0.7
5287 |   194 |    2880 |    5342     386    5342 |     771     386     771 |    0.2   10.2    0.6
5288 |   194 |    3273 |    5363     385    5363 |     770     385     770 |    0.2   13.3    0.7
5289 |   194 |    3275 |    5367     384    5367 |     769     385     769 |    0.2   13.7    0.7
5290 |   193 |    3256 |    5349     383    5349 |     767     383     767 |    0.2   13.0    0.8
5291 |   194 |    3278 |    5360     387    5360 |     774     387     774 |    0.2   13.8    0.7
5292 |   194 |    3286 |    5374     385    5374 |     771     385     771 |    0.2   13.2    0.7
5293 |   194 |    3281 |    5374     386    5374 |     772     386     772 |    0.2   13.3    0.7
5294 |   194 |    3276 |    5368     385    5368 |     771     385     771 |    0.3   10.5    0.6
5295 |   194 |    3260 |    5333     384    5333 |     768     384     768 |    0.1   13.4    0.7
5296 |   194 |    3283 |    5373     385    5373 |     771     385     771 |    0.2   13.8    0.7
5297 |   194 |    3270 |    5364     384    5364 |     769     384     769 |    0.2   13.0    0.7
5298 |   194 |    3268 |    5346     384    5346 |     768     384     768 |    0.3   13.7    0.7
5299 |   194 |    2282 |    5364     384    5364 |     769     384     769 |    0.2   14.1    0.7
5300 |   194 |    2691 |    5370     385    5370 |     771     385     771 |    0.2   13.7    0.7
5301 |   194 |    3287 |    5372     385    5372 |     772     386     772 |    0.2   16.3    1.0
5302 |   194 |    3272 |    5362     384    5362 |     769     384     769 |    0.3   14.1    0.7
5303 |   193 |    3247 |    4598     383    4598 |     767     383     767 |    0.1    9.7    0.6
5304 |   194 |    3282 |    5363     386    5363 |     771     386     771 |    0.2   13.5    0.7
5305 |   192 |    3237 |    4578     384    4578 |     769     384     769 |    0.2   10.6    0.8
5306 |   193 |    2099 |    5358     385    5358 |     769     385     769 |    0.3   13.3    0.7
5307 |   194 |    2109 |    5372     385    5372 |     769     385     769 |    0.2   14.2    0.7
5308 |   194 |    3271 |    5347     385    5347 |     770     385     770 |    0.2   13.5    0.7
5309 |   194 |    3257 |    5331     384    5331 |     768     384     768 |    0.1   13.6    0.7
5310 |   194 |    3266 |    5370     384    5370 |     769     385     769 |    0.2   13.8    0.7
5311 |   193 |    3267 |    5363     384    5363 |     768     384     768 |    0.3   13.2    0.7
5312 |   194 |    3280 |    5370     385    5370 |     769     385     769 |    0.2   14.6    0.8
5313 |   194 |    3285 |    5379     386    5379 |     772     386     772 |    0.2   13.2    0.8
5314 |   193 |    3262 |    5366     384    5366 |     769     384     769 |    0.2   12.8    0.7
5315 |   191 |    2840 |    5293     384    5293 |     767     384     767 |    0.2    9.7    0.6
5316 |   194 |    3255 |    5331     385    5331 |     769     385     769 |    0.3   13.8    0.7
5317 |   194 |    2284 |    4588     384    4588 |     769     384     769 |    0.1   10.1    0.6
5318 |   192 |    3226 |    4568     385    4568 |     769     385     769 |    0.2   10.0    0.6
5319 |   194 |    3284 |    5369     387    5369 |     773     387     773 |    0.2   12.8    0.7
5320 |   194 |    3283 |    5367     385    5367 |     771     385     771 |    0.2   13.1    0.7
5321 |   194 |    3283 |    5369     385    5369 |     772     386     772 |    0.3   12.9    0.7
5322 |   194 |    3263 |    5362     384    5362 |     768     384     768 |    0.2   13.8    0.8
5323 |   194 |    3277 |    5371     384    5371 |     769     385     769 |    0.3   13.7    0.7
5324 |   194 |    3276 |    5364     384    5364 |     768     384     768 |    0.2   14.1    0.7
5325 |   194 |    3281 |    5373     384    5373 |     769     384     769 |    0.2   13.0    0.7
5326 |   194 |    3252 |    4597     384    4597 |     768     384     768 |    0.2   10.1    0.6
5327 |   194 |    3264 |    5368     385    5368 |     770     385     770 |    0.2   14.5    0.8
5328 |   194 |    2121 |    5380     385    5380 |     771     385     771 |    0.2   13.0    0.7
5329 |   193 |    3264 |    5353     384    5353 |     769     384     769 |    0.2   13.1    0.7
5330 |   193 |    2090 |    4575     383    4575 |     767     383     767 |    0.2   10.5    0.6
5331 |   193 |    3232 |    5299     383    5299 |     766     383     766 |    0.1   12.7    0.7
5332 |   193 |    3236 |    4582     385    4582 |     769     385     769 |    0.2   10.3    0.6
5333 |   194 |    3276 |    5367     384    5367 |     769     384     769 |    0.2   13.2    0.7
5334 |   193 |    3260 |    5356     384    5356 |     767     383     767 |    0.2   13.7    0.7
5335 |   194 |    3266 |    5335     384    5335 |     770     384     770 |    0.2   14.8    0.9
5336 |   194 |    2106 |    5363     384    5363 |     769     385     769 |    0.3   14.9    0.8
5337 |   194 |    2288 |    5359     384    5359 |     768     384     768 |    0.2   13.0    0.7
5338 |   193 |    3268 |    5366     384    5366 |     768     384     768 |    0.3   13.3    0.7
5339 |   194 |    3267 |    5365     384    5365 |     768     384     768 |    0.3   13.9    0.7
5340 |   194 |    3274 |    5367     384    5367 |     770     384     770 |    0.2   14.4    0.7
5341 |   194 |    2479 |    4592     383    4592 |     767     383     767 |    0.2   10.9    0.7
5342 |   193 |    3261 |    5343     385    5343 |     771     385     771 |    0.2   14.5    0.7
5343 |   194 |    3283 |    5367     385    5367 |     771     385     771 |    0.2   14.3    0.7
5344 |   194 |    3279 |    5375     385    5375 |     770     385     770 |    0.2   13.9    0.7
5345 |   194 |    3274 |    5369     385    5369 |     770     385     770 |    0.2   15.2    0.8
5346 |   194 |    3285 |    5379     385    5379 |     772     385     772 |    0.3   13.7    0.7
5347 |   194 |    3280 |    5360     386    5360 |     772     386     772 |    0.2   13.7    0.7
5348 |   194 |    2502 |    5372     385    5372 |     770     385     770 |    0.2   14.1    0.7
5349 |   192 |    3256 |    5351     383    5351 |     768     384     768 |    0.2   12.9    0.7
5350 |   194 |    2296 |    5367     385    5367 |     770     385     770 |    0.2   13.3    0.7
5351 |   194 |    2118 |    5383     385    5383 |     771     385     771 |    0.3   13.9    0.7
5352 |   194 |    3276 |    5361     384    5361 |     770     384     770 |    0.2   13.4    0.7
5353 |   192 |    2853 |    5326     384    5326 |     768     384     768 |    0.2   10.4    0.8
5354 |   194 |    2296 |    5373     385    5373 |     771     385     771 |    0.2   13.8    0.7
5355 |   194 |    3284 |    5379     385    5379 |     771     385     771 |    0.3   13.9    0.7
5356 |   194 |    3269 |    5358     384    5358 |     769     384     769 |    0.2   16.2    1.2
5357 |   194 |    3279 |    5368     385    5368 |     771     385     771 |    0.3   12.9    0.7
5358 |   192 |    3246 |    4591     383    4591 |     766     383     766 |    0.2   10.1    0.6
5359 |   194 |    3280 |    5370     385    5370 |     770     385     770 |    0.2   14.6    0.7
5360 |   193 |    3260 |    5364     384    5364 |     768     384     768 |    0.2   13.7    0.9
5361 |   194 |    3290 |    5370     386    5370 |     773     386     773 |    0.2   14.2    0.8
5362 |   194 |    3287 |    5358     385    5358 |     771     386     771 |    0.2   13.6    0.8
5363 |   194 |    3275 |    5350     386    5350 |     771     386     771 |    0.2   13.2    0.7
5364 |   194 |    3245 |    5343     385    5343 |     771     385     771 |    0.2   10.1    0.6
5365 |   192 |    3209 |    4555     383    4555 |     765     383     765 |    0.2   10.1    0.6
5366 |   193 |    2099 |    4600     384    4600 |     767     384     767 |    0.1   10.8    0.6
5367 |   194 |    2704 |    5370     386    5370 |     772     386     772 |    0.2   10.4    0.6
5368 |   194 |    3283 |    5370     385    5370 |     770     385     770 |    0.2   13.1    0.7
5369 |   194 |    3273 |    5360     384    5360 |     769     384     769 |    0.2   13.3    0.9
5370 |   194 |    3264 |    5363     384    5363 |     769     384     769 |    0.3   13.8    0.8
5371 |   192 |    2453 |    5312     385    5312 |     769     385     769 |    0.2   10.0    0.6
5372 |   192 |    2483 |    5311     385    5311 |     771     385     771 |    0.2   10.1    0.6
5373 |   194 |    2510 |    5387     385    5387 |     771     386     771 |    0.2    9.6    0.7
5374 |   193 |    3260 |    5360     384    5360 |     768     384     768 |    0.2   13.3    0.7
5375 |   193 |    3249 |    5355     383    5355 |     766     383     766 |    0.1   13.1    0.7
5376 |   192 |    3235 |    4583     383    4583 |     766     383     766 |    0.1   10.2    0.6
5377 |   194 |    3283 |    5372     384    5372 |     769     384     769 |    0.2   13.6    0.7
5378 |   194 |    3262 |    5362     384    5362 |     768     384     768 |    0.2   13.6    0.7
5379 |   194 |    3274 |    5372     384    5372 |     770     384     770 |    0.2   13.0    0.7
5380 |   194 |    3279 |    5370     384    5370 |     769     384     769 |    0.2   15.5    0.9
5381 |   194 |    2095 |    4593     384    4593 |     768     384     768 |    0.2   10.1    0.6
5382 |   194 |    3268 |    5350     385    5350 |     770     385     770 |    0.2   13.1    0.7
5383 |   194 |    3272 |    5354     384    5354 |     768     384     768 |    0.2   13.5    0.7
5384 |   193 |    3248 |    4591     384    4591 |     768     384     768 |    0.1   10.7    0.6
5385 |   194 |    2296 |    5376     385    5376 |     770     385     770 |    0.2   14.0    0.7
5386 |   194 |    3267 |    5341     384    5341 |     769     384     769 |    0.2   14.4    0.7
5387 |   194 |    3278 |    5374     385    5374 |     770     385     770 |    0.2   13.8    0.7
5388 |   194 |    3275 |    5363     385    5363 |     769     385     769 |    0.2   13.8    0.7
5389 |   194 |    3286 |    5383     385    5383 |     770     385     770 |    0.2   13.5    0.7
5390 |   194 |    2296 |    5369     385    5369 |     770     385     770 |    0.2   13.6    0.7
5391 |   194 |    3291 |    5375     386    5375 |     772     386     772 |    0.3   12.8    0.9
5392 |   194 |    3284 |    5378     385    5378 |     770     385     770 |    0.4   13.2    0.9
5393 |   193 |    3264 |    5358     384    5358 |     768     384     768 |    0.3   13.1    0.7
5394 |   194 |    3266 |    5354     385    5354 |     770     385     770 |    0.2   13.0    0.7
5395 |   194 |    2501 |    5357     385    5357 |     771     386     771 |    0.2   10.0    0.6
5396 |   193 |    2093 |    5303     384    5303 |     770     384     770 |    0.2   10.1    0.6
5397 |   194 |    3277 |    5371     385    5371 |     771     385     771 |    0.2   13.9    0.7
5398 |   194 |    3285 |    5367     385    5367 |     771     386     771 |    0.2   14.3    0.7
5399 |   194 |    3288 |    5375     385    5375 |     771     385     771 |    0.2   14.3    0.8
5400 |   194 |    3271 |    5368     385    5368 |     769     385     769 |    0.2   13.7    0.9
5401 |   194 |    3266 |    5360     384    5360 |     769     384     769 |    0.3   13.3    0.7
5402 |   194 |    2283 |    4587     383    4587 |     767     384     767 |    0.2   10.2    0.6
5403 |   194 |    2698 |    5359     386    5359 |     772     386     772 |    0.2   11.3    0.8
5404 |   194 |    3283 |    5376     385    5376 |     770     385     770 |    0.2   13.0    0.7
5405 |   194 |    3229 |    4579     384    4579 |     768     384     768 |    0.2    9.7    0.6
5406 |   194 |    3265 |    5351     384    5351 |     767     384     767 |    0.3   14.0    0.7
5407 |   194 |    3284 |    5375     386    5375 |     771     386     771 |    0.2   13.8    0.7
5408 |   194 |    2508 |    5358     386    5358 |     772     386     772 |    0.2   10.3    0.6
5409 |   193 |    3257 |    5347     383    5347 |     767     383     767 |    0.1   14.5    0.7
5410 |   194 |    3280 |    5373     385    5373 |     770     385     770 |    0.2   14.6    0.7
5411 |   194 |    3280 |    5375     385    5375 |     771     385     771 |    0.2   13.3    0.7
5412 |   194 |    3268 |    5368     384    5368 |     769     384     769 |    0.2   14.1    0.7
5413 |   194 |    3265 |    5347     385    5347 |     770     385     770 |    0.2   13.5    0.7
5414 |   194 |    3270 |    4600     384    4600 |     767     384     767 |    0.2   10.0    0.6
5415 |   193 |    3263 |    5355     383    5355 |     767     383     767 |    0.2   12.5    0.7
5416 |   194 |    2104 |    4596     384    4596 |     769     384     769 |    0.1   11.2    0.6
5417 |   193 |    3205 |    4556     383    4556 |     767     383     767 |    0.2   10.1    0.6
5418 |   192 |    2085 |    4560     383    4560 |     766     383     766 |    0.2   10.7    0.6
5419 |   194 |    3271 |    5355     385    5355 |     771     385     771 |    0.2   13.0    0.8
5420 |   194 |    3282 |    5375     385    5375 |     771     385     771 |    0.2   12.9    0.7
5421 |   194 |    3270 |    5365     386    5365 |     772     386     772 |    0.2   14.8    0.7
5422 |   194 |    3288 |    5383     385    5383 |     771     385     771 |    0.2   13.8    0.7
5423 |   193 |    3271 |    5365     385    5365 |     770     385     770 |    0.2   14.1    0.7
5424 |   194 |    3290 |    5386     385    5386 |     771     385     771 |    0.2   13.8    0.7
5425 |   194 |    3278 |    5371     385    5371 |     771     385     771 |    0.2   13.5    0.7
5426 |   194 |    3252 |    4598     384    4598 |     768     384     768 |    0.2   10.0    0.7
5427 |   194 |    3268 |    5354     384    5354 |     768     384     768 |    0.3   14.6    0.7
5428 |   194 |    3276 |    5378     385    5378 |     769     385     769 |    0.2   13.9    0.7
5429 |   194 |    3286 |    5375     386    5375 |     772     386     772 |    0.2   13.6    0.7
5430 |   194 |    3269 |    5361     384    5361 |     767     384     767 |    0.2   12.7    0.6
5431 |   194 |    3266 |    5361     384    5361 |     767     384     767 |    0.2   13.2    0.7
5432 |   194 |    3269 |    5359     384    5359 |     768     384     768 |    0.2   14.2    0.7
5433 |   194 |    3266 |    5368     384    5368 |     769     384     769 |    0.3   13.7    0.7
5434 |   194 |    3274 |    5356     385    5356 |     769     385     769 |    0.3   14.8    0.8
5435 |   194 |    3289 |    5385     386    5385 |     771     386     771 |    0.2   16.4    0.7
5436 |   194 |    3218 |    4564     383    4564 |     768     383     768 |    0.2    9.9    0.6
5437 |   193 |    2090 |    4576     383    4576 |     768     383     768 |    0.2   10.3    0.6
5438 |   194 |    2498 |    4609     385    4609 |     771     385     771 |    0.2   10.1    0.6
5439 |   194 |    3282 |    5366     385    5366 |     771     385     771 |    0.2   13.3    0.7
5440 |   193 |    3268 |    5353     387    5353 |     774     387     774 |    0.2   10.3    0.6
5441 |   194 |    3286 |    5380     385    5380 |     770     385     770 |    0.2   13.2    0.7
5442 |   192 |    3244 |    4589     382    4589 |     766     383     766 |    0.2   10.2    0.7
5443 |   194 |    3282 |    5366     386    5366 |     772     386     772 |    0.2   14.9    0.8
5444 |   194 |    3262 |    5359     384    5359 |     767     384     767 |    0.2   13.1    0.8
5445 |   193 |    2788 |    5235     385    5235 |     770     385     770 |    0.2    9.3    0.9
5446 |   193 |    3261 |    5350     384    5350 |     768     384     768 |    0.2   13.6    0.7
5447 |   192 |    3255 |    5356     383    5356 |     767     383     767 |    0.1   13.1    0.7
5448 |   194 |    3288 |    5375     386    5375 |     771     386     771 |    0.2   13.4    0.7
5449 |   193 |    3253 |    4599     383    4599 |     767     383     767 |    0.2   10.7    0.6
5450 |   194 |    3288 |    5380     385    5380 |     770     385     770 |    0.2   14.5    0.7
5451 |   194 |    3281 |    5370     385    5370 |     771     385     771 |    0.2   12.9    0.7
5452 |   194 |    3268 |    5360     384    5360 |     767     384     767 |    0.2   13.1    0.7
5453 |   194 |    2087 |    4560     384    4560 |     768     384     768 |    0.2    9.4    0.6
5454 |   194 |    3273 |    5367     384    5367 |     769     384     769 |    0.2   14.1    0.7
5455 |   194 |    3270 |    5365     384    5365 |     768     384     768 |    0.2   14.2    0.7
5456 |   194 |    3280 |    5370     385    5370 |     769     385     769 |    0.2   14.8    0.9
5457 |   193 |    3254 |    5344     383    5344 |     767     383     767 |    0.2   13.6    0.7
5458 |   194 |    2266 |    4551     383    4551 |     768     383     768 |    0.2   10.1    0.6
5459 |   193 |    3269 |    4607     384    4607 |     768     384     768 |    0.2   10.3    0.6
5460 |   194 |    3274 |    5362     384    5362 |     768     384     768 |    0.2   13.7    0.8
5461 |   191 |    2440 |    5269     384    5269 |     767     384     767 |    0.2    9.8    0.6
5462 |   194 |    3274 |    5356     384    5356 |     768     384     768 |    0.2   13.3    0.7
5463 |   193 |    3249 |    4578     383    4578 |     766     383     766 |    0.2   10.6    0.6
5464 |   193 |    3249 |    5339     383    5339 |     766     383     766 |    0.1   13.1    0.7
5465 |   194 |    3278 |    5351     388    5351 |     776     388     776 |    0.3   12.8    0.7
5466 |   194 |    3284 |    5374     385    5374 |     769     385     769 |    0.2   13.5    0.7
5467 |   194 |    3283 |    5365     385    5365 |     771     385     771 |    0.2   13.3    0.7
5468 |   194 |    2462 |    4567     384    4567 |     768     384     768 |    0.2    9.5    0.6
5469 |   194 |    3273 |    5373     385    5373 |     770     385     770 |    0.2   13.4    0.7
5470 |   194 |    3281 |    5360     385    5360 |     771     385     771 |    0.2   12.8    0.7
5471 |   190 |    3201 |    4542     383    4542 |     765     383     765 |    0.2    9.5    0.6
5472 |   194 |    3277 |    5373     385    5373 |     771     385     771 |    0.2   13.7    0.7
5473 |   191 |    3229 |    4571     383    4571 |     765     383     765 |    0.1    9.8    0.6
5474 |   194 |    3234 |    5310     386    5310 |     772     386     772 |    0.2   10.4    0.6
5475 |   193 |    2497 |    5345     384    5345 |     769     384     769 |    0.2   11.4    0.6
5476 |   194 |    3278 |    5361     385    5361 |     770     385     770 |    0.2   14.7    0.7
5477 |   193 |    3225 |    4573     383    4573 |     766     383     766 |    0.2    9.7    0.6
5478 |   194 |    3288 |    5381     385    5381 |     771     385     771 |    0.2   13.8    0.7
5479 |   194 |    3271 |    5353     385    5353 |     770     385     770 |    0.2   14.5    0.8
5480 |   194 |    3259 |    5324     386    5324 |     772     386     772 |    0.2   12.9    0.7
5481 |   194 |    3269 |    5369     385    5369 |     770     385     770 |    0.2   14.4    0.7
5482 |   194 |    3278 |    5365     385    5365 |     771     385     771 |    0.2   13.5    0.7
5483 |   194 |    2100 |    5366     384    5366 |     768     384     768 |    0.1   13.7    0.7
5484 |   194 |    3250 |    5319     383    5319 |     768     383     768 |    0.2   13.6    0.7
5485 |   192 |    3239 |    4583     383    4583 |     765     383     765 |    0.1   10.7    0.6
5486 |   194 |    2100 |    4594     384    4594 |     768     384     768 |    0.2    9.7    0.6
5487 |   194 |    2123 |    5377     385    5377 |     770     385     770 |    0.2   11.1    0.7
5488 |   193 |    3249 |    5337     383    5337 |     767     383     767 |    0.1   12.3    0.7
5489 |   194 |    3282 |    5374     385    5374 |     770     385     770 |    0.2   13.1    0.7
5490 |   194 |    3260 |    5342     384    5342 |     767     384     767 |    0.1   13.2    0.7
5491 |   194 |    3278 |    5370     385    5370 |     771     385     771 |    0.2   13.1    0.8
5492 |   193 |    3253 |    5349     383    5349 |     766     383     766 |    0.2   13.3    0.7
5493 |   193 |    3267 |    5362     385    5362 |     770     385     770 |    0.2   13.3    0.7
5494 |   193 |    3271 |    5367     385    5367 |     770     385     770 |    0.3   13.5    0.8
5495 |   194 |    3272 |    5375     384    5375 |     769     384     769 |    0.2   13.5    0.7
5496 |   193 |    3266 |    5359     383    5359 |     767     383     767 |    0.2   13.0    0.7
5497 |   193 |    3260 |    5354     383    5354 |     767     384     767 |    0.2   13.1    0.9
5498 |   194 |    2112 |    5379     385    5379 |     770     385     770 |    0.2   13.6    0.8
5499 |   194 |    3287 |    5378     385    5378 |     771     385     771 |    0.3   17.5    0.9
5500 |   191 |    3228 |    4571     383    4571 |     765     383     765 |    0.2   11.0    0.6
5501 |   194 |    3292 |    5383     386    5383 |     771     386     771 |    0.2   15.4    0.7
5502 |   194 |    3264 |    5365     385    5365 |     770     385     770 |    0.2   13.3    0.7
5503 |   193 |    3245 |    5339     383    5339 |     766     383     766 |    0.2   13.0    0.8
5504 |   194 |    3278 |    5375     385    5375 |     770     385     770 |    0.2   12.9    0.7
5505 |   194 |    3288 |    5377     386    5377 |     771     386     771 |    0.2   12.9    1.0
5506 |   193 |    3259 |    5358     384    5358 |     768     384     768 |    0.2   12.6    0.8
5507 |   194 |    3256 |    5361     384    5361 |     768     384     768 |    0.2   12.4    0.7
5508 |   194 |    3284 |    5368     385    5368 |     771     385     771 |    0.3   13.7    0.7
5509 |   194 |    3283 |    5382     385    5382 |     771     385     771 |    0.2   13.4    0.7
5510 |   192 |    3246 |    5351     383    5351 |     766     383     766 |    0.2   14.5    0.7
5511 |   194 |    3260 |    5366     384    5366 |     769     384     769 |    0.2   14.3    0.7
5512 |   194 |    2098 |    4597     384    4597 |     767     384     767 |    0.2    9.7    0.6
5513 |   194 |    3280 |    5374     385    5374 |     770     385     770 |    0.2   15.0    0.7
5514 |   193 |    2495 |    5361     385    5361 |     769     385     769 |    0.2   12.4    0.6
5515 |   194 |    3281 |    5375     386    5375 |     773     386     773 |    0.2   13.2    0.7
5516 |   194 |    3252 |    4600     384    4600 |     769     384     769 |    0.2   10.2    0.6
5517 |   194 |    3283 |    5375     385    5375 |     770     385     770 |    0.2   15.4    0.9
5518 |   194 |    3290 |    5384     385    5384 |     771     385     771 |    0.3   14.1    0.7
5519 |   194 |    3278 |    5373     384    5373 |     770     385     770 |    0.3   13.7    0.7
5520 |   193 |    3257 |    5362     384    5362 |     768     384     768 |    0.2   13.7    0.7
5521 |   193 |    3251 |    4598     383    4598 |     767     383     767 |    0.2   10.5    0.6
5522 |   194 |    3272 |    5366     384    5366 |     769     384     769 |    0.2   14.2    0.7
5523 |   194 |    3278 |    5373     385    5373 |     771     385     771 |    0.2   12.9    0.7
5524 |   194 |    3236 |    4587     383    4587 |     768     384     768 |    0.2   10.7    0.6
5525 |   194 |    3260 |    5361     384    5361 |     768     384     768 |    0.2   14.0    0.7
5526 |   193 |    3258 |    5359     384    5359 |     768     384     768 |    0.2   13.6    0.7
5527 |   194 |    2507 |    5368     385    5368 |     771     385     771 |    0.3   10.6    0.6
5528 |   194 |    2461 |    4575     384    4575 |     768     384     768 |    0.2   10.4    0.7
5529 |   194 |    3257 |    4605     384    4605 |     769     384     769 |    0.2   10.8    0.6
5530 |   194 |    3291 |    5375     386    5375 |     772     386     772 |    0.2   13.3    0.8
5531 |   194 |    2675 |    5356     385    5356 |     770     385     770 |    0.2   10.7    0.7
5532 |   194 |    3256 |    5328     383    5328 |     768     383     768 |    0.2   13.4    0.7
5533 |   194 |    3281 |    5370     386    5370 |     773     386     773 |    0.2   13.3    0.7
5534 |   194 |    2306 |    5384     385    5384 |     771     385     771 |    0.2   13.8    0.7
5535 |   194 |    3280 |    5380     385    5380 |     770     385     770 |    0.3   14.2    0.8
5536 |   194 |    3288 |    5374     385    5374 |     771     385     771 |    0.2   13.4    0.7
5537 |   194 |    3269 |    5341     384    5341 |     768     384     768 |    0.2   15.2    0.7
5538 |   194 |    3273 |    5360     384    5360 |     769     384     769 |    0.2   12.9    0.7
5539 |   194 |    3278 |    5373     385    5373 |     770     385     770 |    0.2   13.6    0.8
5540 |   194 |    2497 |    5373     385    5373 |     770     385     770 |    0.3   13.2    0.7
5541 |   192 |    3238 |    4587     383    4587 |     766     383     766 |    0.2    9.8    0.6
5542 |   194 |    2296 |    5366     385    5366 |     770     385     770 |    0.2   14.2    0.9
5543 |   194 |    3253 |    5351     385    5351 |     769     385     769 |    0.2   10.2    0.6
5544 |   194 |    3270 |    5349     385    5349 |     771     385     771 |    0.2   13.1    0.7
5545 |   194 |    2277 |    4587     384    4587 |     768     384     768 |    0.2   10.2    0.6
5546 |   194 |    3275 |    5358     385    5358 |     770     385     770 |    0.2   14.8    0.7
5547 |   194 |    3278 |    5370     385    5370 |     771     386     771 |    0.2   13.9    0.7
5548 |   192 |    3229 |    5312     384    5312 |     767     384     767 |    0.2   10.7    0.7
5549 |   194 |    3278 |    5369     384    5369 |     769     384     769 |    0.2   12.9    0.7
5550 |   194 |    3290 |    5386     385    5386 |     771     385     771 |    0.2   13.7    0.7
5551 |   194 |    3265 |    5356     385    5356 |     770     385     770 |    0.3   10.4    0.8
5552 |   193 |    3251 |    4596     383    4596 |     767     383     767 |    0.2    9.8    0.6
5553 |   194 |    3288 |    5382     385    5382 |     771     385     771 |    0.2   14.1    1.0
5554 |   194 |    3277 |    5373     385    5373 |     769     385     769 |    0.3   14.8    0.7
5555 |   194 |    2876 |    5362     384    5362 |     770     385     770 |    0.2   10.8    0.6
5556 |   194 |    3273 |    5357     384    5357 |     769     384     769 |    0.2   13.2    0.7
5557 |   194 |    3277 |    5373     384    5373 |     769     384     769 |    0.2   13.5    0.7
5558 |   192 |    3207 |    5264     383    5264 |     766     383     766 |    0.1   13.0    0.7
5559 |   193 |    3251 |    5348     383    5348 |     766     383     766 |    0.1   13.5    0.7
5560 |   193 |    3232 |    4576     383    4576 |     766     383     766 |    0.2   11.3    0.6
5561 |   194 |    3266 |    5356     384    5356 |     768     384     768 |    0.2   13.3    0.7
5562 |   194 |    2502 |    5367     384    5367 |     769     384     769 |    0.3   12.9    0.7
5563 |   194 |    3279 |    5382     385    5382 |     770     385     770 |    0.2   10.3    0.6
5564 |   194 |    2101 |    5366     384    5366 |     769     384     769 |    0.2   13.0    0.7
5565 |   193 |    3255 |    5340     383    5340 |     766     383     766 |    0.2   13.0    0.7
5566 |   194 |    3285 |    5377     385    5377 |     770     385     770 |    0.3   13.6    0.9
5567 |   194 |    3272 |    5366     384    5366 |     769     384     769 |    0.2   12.3    0.7
5568 |   194 |    3287 |    5380     385    5380 |     770     385     770 |    0.2   13.6    0.7
5569 |   194 |    3274 |    5362     385    5362 |     769     385     769 |    0.3   13.7    0.7
5570 |   194 |    2120 |    5376     385    5376 |     770     385     770 |    0.2   13.9    0.8
5571 |   192 |    3222 |    4566     383    4566 |     767     383     767 |    0.2   10.7    0.7
5572 |   194 |    2874 |    5355     386    5355 |     771     386     771 |    0.3   10.1    0.6
5573 |   193 |    3271 |    5365     384    5365 |     769     384     769 |    0.2   14.2    0.7
5574 |   194 |    2115 |    5373     385    5373 |     771     385     771 |    0.2   13.7    0.8
5575 |   194 |    3271 |    5358     384    5358 |     768     384     768 |    0.2   13.8    0.8
5576 |   194 |    3266 |    5341     384    5341 |     768     384     768 |    0.2   15.0    0.8
5577 |   194 |    3282 |    5367     386    5367 |     771     386     771 |    0.2   13.4    0.7
5578 |   194 |    3277 |    4606     385    4606 |     769     385     769 |    0.2    9.8    0.7
5579 |   194 |    3286 |    5381     385    5381 |     770     385     770 |    0.3   13.6    0.8
5580 |   194 |    3271 |    5362     384    5362 |     768     384     768 |    0.2   13.4    0.9
5581 |   194 |    3275 |    5357     385    5357 |     770     385     770 |    0.3   14.8    0.7
5582 |   194 |    2692 |    5373     385    5373 |     770     385     770 |    0.2   13.6    0.7
5583 |   193 |    3262 |    5360     384    5360 |     769     384     769 |    0.2   13.6    0.7
5584 |   194 |    3260 |    5366     384    5366 |     769     384     769 |    0.2   13.5    0.7
5585 |   194 |    3278 |    5365     385    5365 |     769     385     769 |    0.2   13.2    0.7
5586 |   194 |    3268 |    5364     384    5364 |     769     384     769 |    0.2   13.7    0.7
5587 |   193 |    3261 |    5357     384    5357 |     768     384     768 |    0.2   16.1    0.7
5588 |   194 |    3287 |    5380     385    5380 |     770     385     770 |    0.2   12.9    0.7
5589 |   193 |    2279 |    4589     384    4589 |     767     384     767 |    0.1    9.8    0.6
5590 |   194 |    3277 |    5378     385    5378 |     770     385     770 |    0.2   13.0    0.7
5591 |   193 |    3262 |    5358     384    5358 |     768     384     768 |    0.2   14.1    0.7
5592 |   194 |    3290 |    5372     386    5372 |     773     386     773 |    0.2   13.7    0.7
5593 |   194 |    3286 |    5377     386    5377 |     773     386     773 |    0.2   13.2    0.7
5594 |   194 |    3289 |    5384     386    5384 |     771     386     771 |    0.2   13.5    0.7
5595 |   194 |    3259 |    5331     387    5331 |     774     387     774 |    0.2   13.0    0.8
5596 |   193 |    3262 |    5357     384    5357 |     768     384     768 |    0.3   13.3    0.7
5597 |   194 |    2302 |    5356     385    5356 |     771     385     771 |    0.3   10.3    0.6
5598 |   194 |    3252 |    4597     384    4597 |     769     384     769 |    0.1    9.5    0.6
5599 |   194 |    2125 |    5382     385    5382 |     771     386     771 |    0.2   13.4    0.7
5600 |   194 |    2327 |    5353     387    5353 |     774     387     774 |    0.2   10.1    0.7
5601 |   194 |    2505 |    5376     385    5376 |     770     385     770 |    0.3    9.8    0.6
5602 |   194 |    3288 |    5369     385    5369 |     771     386     771 |    0.2   12.8    0.7
5603 |   194 |    3268 |    5358     384    5358 |     767     384     767 |    0.3   10.2    0.6
5604 |   194 |    3261 |    5363     385    5363 |     769     385     769 |    0.2   14.0    0.7
5605 |   194 |    2497 |    5374     385    5374 |     769     385     769 |    0.2   13.6    0.7
5606 |   194 |    3278 |    5358     387    5358 |     774     387     774 |    0.2   12.9    0.7
5607 |   193 |    3250 |    4594     384    4594 |     768     384     768 |    0.2    9.9    0.6
5608 |   194 |    3272 |    5372     384    5372 |     769     384     769 |    0.2   13.4    0.7
5609 |   194 |    3260 |    5339     384    5339 |     767     384     767 |    0.1   13.4    1.0
5610 |   194 |    3263 |    5365     385    5365 |     770     385     770 |    0.3   13.4    0.7
5611 |   194 |    3281 |    5381     385    5381 |     771     385     771 |    0.2   13.7    0.8
5612 |   194 |    3267 |    5364     384    5364 |     769     384     769 |    0.2   13.8    0.7
5613 |   194 |    2667 |    5322     385    5322 |     771     385     771 |    0.2   10.5    0.7
5614 |   194 |    3280 |    5372     385    5372 |     769     385     769 |    0.2   13.4    0.7
5615 |   193 |    3256 |    5352     383    5352 |     766     383     766 |    0.2   13.9    0.8
5616 |   193 |    3263 |    5349     384    5349 |     767     384     767 |    0.2   13.0    0.7
5617 |   194 |    2096 |    4589     383    4589 |     768     384     768 |    0.1   10.1    0.6
5618 |   194 |    3274 |    5371     385    5371 |     770     385     770 |    0.2   13.1    0.7
5619 |   192 |    2260 |    4552     383    4552 |     766     383     766 |    0.1    9.4    0.6
5620 |   194 |    2906 |    5368     386    5368 |     773     386     773 |    0.2   10.0    0.6
5621 |   194 |    2100 |    4597     384    4597 |     768     384     768 |    0.1   10.2    0.6
5622 |   194 |    3263 |    5345     384    5345 |     768     384     768 |    0.2   12.6    0.7
5623 |   192 |    3250 |    4592     383    4592 |     766     383     766 |    0.2   10.4    0.8
5624 |   194 |    2119 |    5368     386    5368 |     773     386     773 |    0.3   14.2    0.7
5625 |   194 |    3280 |    5372     385    5372 |     769     385     769 |    0.2   13.0    0.7
5626 |   191 |    3226 |    4568     383    4568 |     765     383     765 |    0.1    9.7    0.6
5627 |   194 |    3284 |    5378     385    5378 |     770     385     770 |    0.2   13.4    0.7
5628 |   192 |    3238 |    4581     383    4581 |     765     383     765 |    0.1    9.8    0.6
5629 |   193 |    3251 |    5336     385    5336 |     769     385     769 |    0.2    9.9    0.6
5630 |   193 |    2448 |    4566     383    4566 |     767     383     767 |    0.1   10.7    0.7
5631 |   194 |    3270 |    5370     384    5370 |     769     384     769 |    0.3   14.1    0.7
5632 |   194 |    3288 |    5380     385    5380 |     771     385     771 |    0.2   13.7    0.7
5633 |   194 |    3276 |    5362     385    5362 |     771     385     771 |    0.2   13.7    0.7
5634 |   192 |    3256 |    5352     384    5352 |     768     384     768 |    0.2   13.0    0.7
5635 |   194 |    3287 |    5381     385    5381 |     771     385     771 |    0.2   13.9    0.7
5636 |   194 |    3271 |    5361     384    5361 |     769     384     769 |    0.2   13.5    0.8
5637 |   194 |    3293 |    5384     386    5384 |     772     386     772 |    0.3   13.7    0.7
5638 |   193 |    3265 |    5358     384    5358 |     768     384     768 |    0.2   13.2    0.7
5639 |   194 |    2687 |    5374     385    5374 |     770     385     770 |    0.3   12.8    0.7
5640 |   194 |    3278 |    5365     385    5365 |     770     385     770 |    0.2   12.6    0.7
5641 |   194 |    3284 |    5380     386    5380 |     772     386     772 |    0.2   14.3    0.9
5642 |   194 |    3289 |    5377     386    5377 |     772     386     772 |    0.2   13.5    0.7
5643 |   194 |    2678 |    5353     384    5353 |     767     384     767 |    0.2   10.4    0.6
5644 |   194 |    3278 |    5358     385    5358 |     770     385     770 |    0.2   14.2    0.7
5645 |   191 |    2063 |    4538     383    4538 |     765     383     765 |    0.2    9.4    0.6
5646 |   193 |    2102 |    5355     384    5355 |     769     384     769 |    0.3   13.6    0.7
5647 |   192 |    3246 |    5342     384    5342 |     768     384     768 |    0.2   12.8    0.7
5648 |   193 |    2102 |    5357     383    5357 |     768     383     768 |    0.1   13.3    0.7
5649 |   194 |    3275 |    5369     385    5369 |     771     385     771 |    0.3   14.0    0.7
5650 |   193 |    3220 |    5333     383    5333 |     767     383     767 |    0.2   10.1    0.6
5651 |   194 |    3277 |    5372     385    5372 |     769     385     769 |    0.2   14.7    0.7
5652 |   194 |    2481 |    4600     384    4600 |     768     384     768 |    0.2   11.0    0.8
5653 |   194 |    3274 |    5370     384    5370 |     769     384     769 |    0.3   13.6    0.7
5654 |   194 |    3276 |    5362     384    5362 |     769     384     769 |    0.2   13.6    0.7
5655 |   194 |    3276 |    5375     385    5375 |     770     385     770 |    0.3   13.0    0.7
5656 |   193 |    3275 |    5369     385    5369 |     770     385     770 |    0.2   14.0    0.7
5657 |   194 |    3259 |    5333     384    5333 |     768     384     768 |    0.1   14.1    0.9
5658 |   194 |    3282 |    5379     385    5379 |     770     385     770 |    0.3   15.6    0.8
5659 |   193 |    3253 |    5355     383    5355 |     767     383     767 |    0.2   14.5    0.7
5660 |   194 |    3279 |    5379     385    5379 |     770     385     770 |    0.3   14.0    0.7
5661 |   194 |    3282 |    5374     385    5374 |     770     385     770 |    0.3   14.1    0.8
5662 |   194 |    2833 |    4565     383    4565 |     768     384     768 |    0.2    9.8    0.6
5663 |   194 |    3272 |    5362     384    5362 |     769     384     769 |    0.3   14.2    0.7
5664 |   194 |    3265 |    5369     384    5369 |     769     384     769 |    0.3   13.1    0.7
5665 |   194 |    2295 |    5371     385    5371 |     771     386     771 |    0.3   14.6    0.7
5666 |   194 |    3245 |    4593     384    4593 |     768     384     768 |    0.2   10.1    0.6
5667 |   194 |    3282 |    5374     385    5374 |     771     385     771 |    0.4   14.4    0.7
5668 |   194 |    3223 |    4576     384    4576 |     768     384     768 |    0.2   11.1    0.6
5669 |   194 |    3264 |    5357     385    5357 |     771     385     771 |    0.3   14.0    0.8
5670 |   193 |    3267 |    5361     385    5361 |     769     385     769 |    0.3   14.3    0.7
5671 |   194 |    3275 |    5369     385    5369 |     770     385     770 |    0.4   14.3    0.8
5672 |   194 |    3284 |    5383     385    5383 |     771     385     771 |    0.3   14.2    0.7
5673 |   194 |    3240 |    4589     384    4589 |     768     384     768 |    0.2   10.4    0.6
5674 |   194 |    3284 |    5372     387    5372 |     773     387     773 |    0.3   13.6    0.7
5675 |   194 |    3285 |    5378     385    5378 |     770     385     770 |    0.3   13.6    0.8
5676 |   194 |    3287 |    5375     385    5375 |     771     385     771 |    0.5   14.3    0.8
5677 |   193 |    3259 |    5360     384    5360 |     770     384     770 |    0.3   14.5    0.9
5678 |   194 |    3282 |    5373     385    5373 |     770     385     770 |    0.3   14.4    0.7
5679 |   194 |    3285 |    5372     386    5372 |     772     386     772 |    0.3   16.3    0.7
5680 |   193 |    3265 |    5346     384    5346 |     769     384     769 |    0.3   13.2    0.8
5681 |   194 |    2080 |    4571     384    4571 |     768     384     768 |    0.2    9.7    0.6
5682 |   194 |    2285 |    5365     385    5365 |     770     385     770 |    0.2   13.5    0.7
5683 |   193 |    3244 |    4591     383    4591 |     766     383     766 |    0.2    9.9    0.6
5684 |   193 |    2874 |    5351     384    5351 |     768     384     768 |    0.2   11.1    0.6
5685 |   192 |    3253 |    5354     383    5354 |     767     384     767 |    0.1   13.2    0.7
5686 |   194 |    3271 |    5368     385    5368 |     770     385     770 |    0.3   13.1    0.8
5687 |   194 |    2690 |    5378     385    5378 |     771     385     771 |    0.2   13.9    0.7
5688 |   194 |    3203 |    4553     384    4553 |     768     384     768 |    0.3    9.9    0.6
5689 |   194 |    3282 |    5370     386    5370 |     772     386     772 |    0.2   12.8    0.7
5690 |   194 |    3239 |    4586     386    4586 |     772     386     772 |    0.2   10.1    0.6
5691 |   194 |    3284 |    5376     385    5376 |     771     385     771 |    0.2   14.4    0.7
5692 |   192 |    3241 |    5323     383    5323 |     766     383     766 |    0.1   13.3    0.7
5693 |   194 |    3276 |    5374     385    5374 |     770     385     770 |    0.2   13.6    0.9
5694 |   194 |    3266 |    5366     384    5366 |     770     384     770 |    0.3   12.7    0.8
5695 |   194 |    3282 |    5371     385    5371 |     769     385     769 |    0.2   14.5    0.9
5696 |   194 |    3285 |    5366     386    5366 |     771     386     771 |    0.2   15.8    0.9
5697 |   193 |    3265 |    5362     384    5362 |     768     384     768 |    0.3   15.2    0.8
5698 |   193 |    3262 |    4604     384    4604 |     768     384     768 |    0.2    9.9    0.7
5699 |   194 |    3268 |    5367     385    5367 |     770     385     770 |    0.3   13.2    0.7
5700 |   191 |    3230 |    4574     383    4574 |     765     383     765 |    0.1    9.9    0.6
5701 |   194 |    3270 |    5354     384    5354 |     769     384     769 |    0.2   13.1    0.7
5702 |   192 |    2660 |    4588     383    4588 |     766     383     766 |    0.2    9.8    0.6
5703 |   194 |    3275 |    5377     385    5377 |     770     385     770 |    0.2   14.4    0.7
5704 |   194 |    3284 |    5374     386    5374 |     772     386     772 |    0.2   14.7    0.7
5705 |   194 |    3275 |    5366     385    5366 |     770     385     770 |    0.2   12.8    0.7
5706 |   194 |    3284 |    5381     386    5381 |     771     386     771 |    0.2   13.6    0.7
5707 |   194 |    2083 |    5321     384    5321 |     769     384     769 |    0.2   10.1    0.6
5708 |   194 |    3280 |    5368     385    5368 |     771     385     771 |    0.2   15.3    0.7
5709 |   194 |    2487 |    5380     385    5380 |     770     385     770 |    0.2   14.0    0.8
5710 |   194 |    3263 |    5337     384    5337 |     768     384     768 |    0.2   13.1    0.7
5711 |   194 |    3284 |    5376     385    5376 |     771     386     771 |    0.2   13.3    0.7
5712 |   194 |    3289 |    5373     385    5373 |     771     385     771 |    0.3   13.7    0.7
5713 |   193 |    2847 |    5286     387    5286 |     775     387     775 |    0.2   10.5    0.6
5714 |   194 |    3272 |    5363     384    5363 |     767     384     767 |    0.2   13.6    0.7
5715 |   194 |    3281 |    5372     385    5372 |     770     385     770 |    0.2   13.3    0.7
5716 |   194 |    2287 |    4590     384    4590 |     768     384     768 |    0.2   10.1    0.6
5717 |   194 |    3258 |    5361     384    5361 |     769     384     769 |    0.2   13.8    0.7
5718 |   194 |    3272 |    5348     384    5348 |     769     384     769 |    0.2   13.3    0.8
5719 |   194 |    3255 |    5323     384    5323 |     768     384     768 |    0.2   13.1    0.7
5720 |   194 |    3274 |    5366     384    5366 |     769     384     769 |    0.2   13.5    0.8
5721 |   194 |    3283 |    5380     385    5380 |     770     385     770 |    0.2   13.5    0.9
5722 |   194 |    2116 |    5376     385    5376 |     770     385     770 |    0.2   13.0    0.7
5723 |   194 |    3277 |    5374     385    5374 |     770     385     770 |    0.2   13.8    0.7
5724 |   194 |    3271 |    5365     384    5365 |     769     384     769 |    0.2   13.7    0.7
5725 |   194 |    3290 |    5377     385    5377 |     771     385     771 |    0.2   13.0    0.7
5726 |   194 |    3281 |    5376     385    5376 |     770     385     770 |    0.2   14.7    0.7
5727 |   194 |    2687 |    5364     384    5364 |     768     384     768 |    0.2   14.1    0.7
5728 |   194 |    2849 |    5281     387    5281 |     773     387     773 |    0.2    9.9    0.6
5729 |   193 |    3254 |    5340     383    5340 |     767     383     767 |    0.1   13.6    0.8
5730 |   194 |    3261 |    4606     384    4606 |     769     384     769 |    0.2   10.2    0.7
5731 |   194 |    3267 |    5362     385    5362 |     770     385     770 |    0.3   13.3    0.7
5732 |   194 |    3283 |    5381     385    5381 |     770     385     770 |    0.2   13.9    0.8
5733 |   194 |    3234 |    4585     384    4585 |     768     384     768 |    0.2   10.0    0.6
5734 |   194 |    3269 |    5361     384    5361 |     768     384     768 |    0.2   13.6    0.7
5735 |   194 |    3287 |    5374     386    5374 |     772     386     772 |    0.2   13.8    0.8
5736 |   193 |    3265 |    5362     384    5362 |     769     384     769 |    0.3   14.1    0.8
5737 |   193 |    3268 |    5364     384    5364 |     768     384     768 |    0.2   14.6    0.7
5738 |   193 |    2489 |    5361     385    5361 |     769     385     769 |    0.2   13.8    0.8
5739 |   193 |    3261 |    5353     384    5353 |     768     384     768 |    0.2   14.1    0.7
5740 |   194 |    3273 |    5365     385    5365 |     770     385     770 |    0.2   14.8    0.9
5741 |   194 |    3276 |    5364     384    5364 |     768     384     768 |    0.3   14.9    0.8
5742 |   194 |    3281 |    5375     385    5375 |     770     385     770 |    0.3   14.3    0.8
5743 |   194 |    3275 |    5376     385    5376 |     770     385     770 |    0.2   13.3    0.7
5744 |   194 |    3270 |    5366     384    5366 |     768     384     768 |    0.2   13.3    0.7
5745 |   192 |    3246 |    5342     383    5342 |     766     383     766 |    0.2   13.3    0.7
5746 |   193 |    3259 |    5360     384    5360 |     768     384     768 |    0.2   13.6    0.7
5747 |   194 |    3261 |    5369     384    5369 |     769     384     769 |    0.2   13.3    0.7
5748 |   194 |    2114 |    5374     386    5374 |     771     386     771 |    0.2   13.6    0.7
5749 |   194 |    2887 |    5380     385    5380 |     770     385     770 |    0.2   10.0    0.6
5750 |   194 |    2113 |    5372     385    5372 |     770     385     770 |    0.2   10.1    0.6
5751 |   194 |    3266 |    5366     385    5366 |     770     385     770 |    0.3   14.3    0.7
5752 |   194 |    3280 |    5381     386    5381 |     771     386     771 |    0.2   13.2    0.9
5753 |   194 |    3269 |    5351     384    5351 |     768     384     768 |    0.2   13.9    0.8
5754 |   194 |    3238 |    4589     383    4589 |     767     384     767 |    0.2   10.4    0.6
5755 |   194 |    3261 |    5346     384    5346 |     768     384     768 |    0.2   13.7    0.7
5756 |   194 |    2485 |    5343     386    5343 |     771     386     771 |    0.2   10.0    0.6
5757 |   193 |    3269 |    5367     384    5367 |     769     384     769 |    0.2   12.8    0.8
5758 |   194 |    3265 |    5354     384    5354 |     767     384     767 |    0.2   13.4    0.7
5759 |   194 |    3279 |    5377     385    5377 |     771     385     771 |    0.2   13.8    0.9
5760 |   194 |    2482 |    5332     385    5332 |     771     385     771 |    0.2   10.8    0.6
5761 |   194 |    2127 |    5381     385    5381 |     771     385     771 |    0.2   13.6    0.7
5762 |   194 |    3273 |    5363     384    5363 |     768     384     768 |    0.2   13.6    0.7
5763 |   193 |    3200 |    4558     383    4558 |     767     383     767 |    0.2    9.4    0.6
5764 |   194 |    3278 |    5365     386    5365 |     772     386     772 |    0.2   13.7    0.8
5765 |   194 |    3290 |    5382     385    5382 |     772     386     772 |    0.2   13.9    0.7
5766 |   194 |    3262 |    5367     384    5367 |     769     384     769 |    0.2   13.6    0.7
5767 |   193 |    2282 |    4583     384    4583 |     767     384     767 |    0.2    9.6    0.6
5768 |   194 |    3283 |    5378     386    5378 |     771     386     771 |    0.2   14.9    0.7
5769 |   193 |    3233 |    4577     383    4577 |     766     383     766 |    0.2   10.0    0.7
5770 |   194 |    3281 |    5371     385    5371 |     771     385     771 |    0.3   13.3    0.9
5771 |   193 |    3267 |    5362     385    5362 |     769     385     769 |    0.3   13.7    0.7
5772 |   194 |    3278 |    4610     385    4610 |     770     385     770 |    0.2   10.4    0.6
5773 |   193 |    3266 |    5361     384    5361 |     768     384     768 |    0.2   12.8    0.9
5774 |   194 |    3264 |    5361     384    5361 |     769     384     769 |    0.2   13.5    0.7
5775 |   194 |    2866 |    5358     385    5358 |     770     385     770 |    0.3   13.7    0.7
5776 |   194 |    3283 |    5375     385    5375 |     770     385     770 |    0.2   13.5    0.7
5777 |   194 |    2287 |    5360     384    5360 |     767     384     767 |    0.2   14.4    0.7
5778 |   194 |    3260 |    5365     385    5365 |     769     385     769 |    0.2   13.6    0.7
5779 |   194 |    3193 |    5297     384    5297 |     768     384     768 |    0.2   10.0    0.6
5780 |   193 |    3268 |    5367     384    5367 |     770     384     770 |    0.2   13.4    0.9
5781 |   194 |    3283 |    5378     385    5378 |     770     385     770 |    0.2   13.3    0.7
5782 |   194 |    3266 |    5349     384    5349 |     768     384     768 |    0.2   13.3    0.7
5783 |   194 |    3274 |    5356     385    5356 |     769     385     769 |    0.3   10.0    0.6
5784 |   194 |    3273 |    5361     384    5361 |     768     384     768 |    0.2   13.8    0.7
5785 |   194 |    3287 |    5359     386    5359 |     773     386     773 |    0.2   12.9    0.7
5786 |   193 |    3253 |    5338     383    5338 |     767     383     767 |    0.2   13.1    0.7
5787 |   194 |    3267 |    5372     384    5372 |     769     384     769 |    0.2   13.5    0.7
5788 |   194 |    2109 |    5372     385    5372 |     770     385     770 |    0.3   14.1    0.7
5789 |   194 |    3277 |    5375     385    5375 |     771     385     771 |    0.3   14.1    0.7
5790 |   194 |    3273 |    5365     384    5365 |     768     384     768 |    0.2   14.0    0.7
5791 |   193 |    3260 |    5358     383    5358 |     767     383     767 |    0.2   13.8    0.7
5792 |   194 |    3279 |    5382     385    5382 |     771     385     771 |    0.2   15.4    0.7
5793 |   194 |    3284 |    5380     385    5380 |     770     385     770 |    0.3   13.8    0.8
5794 |   192 |    3230 |    4574     383    4574 |     766     383     766 |    0.2    9.9    0.7
5795 |   194 |    3276 |    5375     385    5375 |     769     385     769 |    0.2   13.8    0.7
5796 |   194 |    3255 |    5338     384    5338 |     767     384     767 |    0.1   13.9    0.7
5797 |   194 |    3283 |    5373     385    5373 |     771     386     771 |    0.2   14.6    0.8
5798 |   194 |    3285 |    5380     385    5380 |     770     385     770 |    0.2   15.2    0.8
5799 |   193 |    3270 |    5364     384    5364 |     769     384     769 |    0.3   13.7    0.7
5800 |   194 |    3279 |    5363     385    5363 |     771     385     771 |    0.2   13.4    0.7
5801 |   194 |    3284 |    5376     385    5376 |     771     385     771 |    0.2   13.3    0.7
5802 |   194 |    3268 |    5372     385    5372 |     769     385     769 |    0.2   13.4    0.7
5803 |   194 |    3282 |    5375     385    5375 |     771     385     771 |    0.2   13.8    0.7
5804 |   194 |    2128 |    5379     385    5379 |     770     385     770 |    0.2   14.0    0.9
5805 |   193 |    3266 |    5363     385    5363 |     769     384     769 |    0.3   14.2    0.7
5806 |   191 |    2463 |    4576     383    4576 |     765     383     765 |    0.2    9.9    0.6
5807 |   193 |    3231 |    5335     383    5335 |     767     383     767 |    0.2   10.1    0.6
5808 |   194 |    3277 |    4613     385    4613 |     770     385     770 |    0.2   11.5    0.6
5809 |   194 |    3281 |    5363     386    5363 |     771     386     771 |    0.2   13.9    0.8
5810 |   193 |    3252 |    5343     384    5343 |     769     384     769 |    0.2   10.1    0.6
5811 |   194 |    2863 |    5316     384    5316 |     767     384     767 |    0.1   13.3    0.7
5812 |   194 |    2101 |    4606     384    4606 |     768     384     768 |    0.2   10.3    0.6
5813 |   193 |    3248 |    5334     383    5334 |     766     383     766 |    0.2   13.4    0.7
5814 |   194 |    3287 |    5380     386    5380 |     772     386     772 |    0.2   14.6    0.7
5815 |   194 |    3276 |    5373     385    5373 |     770     385     770 |    0.2   13.3    0.7
5816 |   194 |    2497 |    5360     385    5360 |     770     385     770 |    0.2   10.6    0.6
5817 |   193 |    3269 |    5365     385    5365 |     770     385     770 |    0.2   13.3    0.7
5818 |   194 |    3269 |    5373     384    5373 |     770     385     770 |    0.2   13.1    0.7
5819 |   193 |    3240 |    4591     384    4591 |     767     384     767 |    0.2    9.5    0.6
5820 |   190 |    3219 |    4557     383    4557 |     765     383     765 |    0.2    9.5    0.6
5821 |   194 |    2499 |    5364     384    5364 |     769     384     769 |    0.2   13.1    0.7
5822 |   194 |    3257 |    5362     385    5362 |     771     385     771 |    0.2   13.3    0.7
5823 |   193 |    2273 |    4587     384    4587 |     767     384     767 |    0.2    9.5    0.6
5824 |   194 |    3271 |    4603     384    4603 |     768     384     768 |    0.2   10.6    0.6
5825 |   194 |    3286 |    5376     386    5376 |     771     386     771 |    0.2   13.9    0.7
5826 |   194 |    3270 |    5364     384    5364 |     767     384     767 |    0.2   13.9    0.8
5827 |   191 |    2646 |    4569     383    4569 |     765     383     765 |    0.2   10.1    0.7
5828 |   193 |    3253 |    5349     383    5349 |     766     383     766 |    0.2   14.2    0.7
5829 |   194 |    2302 |    5374     385    5374 |     771     385     771 |    0.2   13.4    0.7
5830 |   194 |    3274 |    5364     384    5364 |     768     384     768 |    0.2   13.9    0.7
5831 |   193 |    2694 |    5368     385    5368 |     770     385     770 |    0.2   10.4    0.6
5832 |   194 |    3277 |    5355     385    5355 |     770     385     770 |    0.2   14.6    0.7
5833 |   194 |    3281 |    5347     385    5347 |     772     385     772 |    0.2   10.6    0.6
5834 |   194 |    2873 |    5365     384    5365 |     770     385     770 |    0.3   13.9    0.7
5835 |   194 |    3267 |    5357     384    5357 |     768     384     768 |    0.2   13.3    0.7
5836 |   192 |    3224 |    4570     383    4570 |     765     383     765 |    0.2   10.7    0.7
5837 |   194 |    3274 |    5366     384    5366 |     768     384     768 |    0.3   14.8    0.7
5838 |   194 |    3289 |    5372     386    5372 |     773     386     773 |    0.4   13.8    0.7
5839 |   194 |    3261 |    5354     384    5354 |     767     384     767 |    0.2   10.4    0.8
5840 |   194 |    3280 |    5372     385    5372 |     770     385     770 |    0.3   14.2    0.7
5841 |   194 |    3289 |    5369     387    5369 |     774     387     774 |    0.2   13.5    0.7
5842 |   194 |    3248 |    4597     383    4597 |     767     383     767 |    0.1   10.2    0.6
5843 |   194 |    3279 |    5367     385    5367 |     769     385     769 |    0.3   13.1    0.7
5844 |   194 |    2476 |    5367     385    5367 |     770     385     770 |    0.2   13.3    0.7
5845 |   194 |    3254 |    5321     384    5321 |     768     384     768 |    0.2   14.8    0.7
5846 |   193 |    3267 |    5356     385    5356 |     769     385     769 |    0.2   13.1    0.9
5847 |   193 |    3266 |    5367     384    5367 |     768     384     768 |    0.3   13.5    0.7
5848 |   194 |    2291 |    5362     384    5362 |     769     384     769 |    0.2   14.4    0.7
5849 |   194 |    3279 |    5356     385    5356 |     770     385     770 |    0.2   13.3    0.7
5850 |   193 |    3270 |    5363     384    5363 |     770     384     770 |    0.2   13.6    0.7
5851 |   194 |    3278 |    5365     384    5365 |     768     384     768 |    0.2   13.9    0.7
5852 |   194 |    2504 |    5364     384    5364 |     768     384     768 |    0.2   10.9    0.7
5853 |   194 |    3282 |    5367     385    5367 |     770     385     770 |    0.2   15.9    0.9
5854 |   193 |    3268 |    5361     385    5361 |     769     385     769 |    0.4   14.0    0.7
5855 |   194 |    3284 |    5371     385    5371 |     770     385     770 |    0.2   13.6    0.8
5856 |   194 |    3285 |    5376     385    5376 |     772     385     772 |    0.2   13.9    0.7
5857 |   194 |    3270 |    5361     384    5361 |     769     384     769 |    0.2   13.1    0.7
5858 |   194 |    3250 |    5334     384    5334 |     767     384     767 |    0.1   13.5    0.8
5859 |   194 |    3282 |    5367     387    5367 |     773     387     773 |    0.3   13.4    1.0
5860 |   194 |    3275 |    5357     385    5357 |     770     385     770 |    0.3   13.7    0.8
5861 |   192 |    3228 |    4574     383    4574 |     766     383     766 |    0.2   11.9    0.7
5862 |   194 |    3269 |    5363     385    5363 |     770     385     770 |    0.2   13.6    0.7
5863 |   193 |    2284 |    4598     384    4598 |     768     384     768 |    0.2   10.3    0.7
5864 |   194 |    3285 |    5376     385    5376 |     771     385     771 |    0.2   14.0    0.7
5865 |   194 |    2297 |    5371     385    5371 |     769     385     769 |    0.2   13.4    0.7
5866 |   194 |    3280 |    5362     385    5362 |     771     385     771 |    0.2   13.0    0.7
5867 |   194 |    3260 |    5339     384    5339 |     768     384     768 |    0.2   13.2    0.8
5868 |   194 |    3284 |    5383     386    5383 |     771     386     771 |    0.3   13.6    0.7
5869 |   193 |    2111 |    5360     385    5360 |     769     385     769 |    0.2   13.5    0.7
5870 |   193 |    3272 |    5371     384    5371 |     770     385     770 |    0.2   13.6    0.8
5871 |   194 |    2113 |    5365     386    5365 |     771     386     771 |    0.3   10.9    0.6
5872 |   194 |    3284 |    5373     385    5373 |     770     385     770 |    0.2   13.5    0.7
5873 |   194 |    3272 |    5368     384    5368 |     768     384     768 |    0.2   13.7    0.7
5874 |   194 |    3265 |    5341     384    5341 |     768     384     768 |    0.2   13.4    0.7
5875 |   194 |    3263 |    5343     384    5343 |     768     384     768 |    0.2   13.0    0.7
5876 |   194 |    3265 |    5347     384    5347 |     768     384     768 |    0.2   13.5    0.7
5877 |   194 |    3284 |    5375     385    5375 |     771     385     771 |    0.2   14.6    0.8
5878 |   194 |    2107 |    5370     385    5370 |     770     385     770 |    0.2   13.9    0.7
5879 |   194 |    3279 |    5369     384    5369 |     769     384     769 |    0.2   13.6    0.7
5880 |   194 |    3265 |    5338     384    5338 |     769     384     769 |    0.2   13.4    0.9
5881 |   194 |    3272 |    5364     385    5364 |     770     385     770 |    0.3   15.1    0.7
5882 |   194 |    3264 |    5366     384    5366 |     770     385     770 |    0.3   12.6    0.9
5883 |   193 |    3252 |    5338     383    5338 |     767     383     767 |    0.2   13.5    0.7
5884 |   194 |    3288 |    5382     385    5382 |     771     385     771 |    0.2   14.0    0.7
5885 |   194 |    3273 |    5371     385    5371 |     770     385     770 |    0.2   12.8    0.7
5886 |   194 |    3263 |    4606     384    4606 |     769     384     769 |    0.2   11.8    0.6
5887 |   194 |    3280 |    5378     385    5378 |     770     385     770 |    0.2   13.5    0.8
5888 |   193 |    3258 |    5363     384    5363 |     768     384     768 |    0.2   12.9    0.7
5889 |   194 |    3279 |    5364     385    5364 |     771     385     771 |    0.3   12.7    0.7
5890 |   193 |    3258 |    5359     384    5359 |     767     384     767 |    0.2   15.2    0.7
5891 |   192 |    3239 |    4580     383    4580 |     765     383     765 |    0.2   10.5    0.6
5892 |   193 |    2856 |    5320     384    5320 |     770     384     770 |    0.2   10.3    0.6
5893 |   193 |    3255 |    5350     384    5350 |     767     384     767 |    0.1   13.9    0.7
5894 |   194 |    3287 |    5381     385    5381 |     771     385     771 |    0.2   14.3    0.7
5895 |   194 |    2122 |    5368     384    5368 |     769     384     769 |    0.3   13.4    0.7
5896 |   194 |    3273 |    5365     385    5365 |     769     385     769 |    0.2   13.9    0.7
5897 |   194 |    3287 |    5379     386    5379 |     771     386     771 |    0.2   13.4    0.7
5898 |   194 |    2690 |    5363     386    5363 |     773     386     773 |    0.2   13.9    0.7
5899 |   194 |    3270 |    5361     385    5361 |     769     385     769 |    0.2   10.2    0.7
5900 |   194 |    3275 |    5363     384    5363 |     768     384     768 |    0.2   14.0    0.7
5901 |   194 |    3281 |    5377     385    5377 |     770     385     770 |    0.2   13.1    0.7
5902 |   193 |    2279 |    4587     384    4587 |     767     384     767 |    0.2   10.4    0.6
5903 |   194 |    3292 |    5371     387    5371 |     774     387     774 |    0.3   13.6    0.9
5904 |   194 |    3282 |    5377     385    5377 |     771     385     771 |    0.3   15.0    0.7
5905 |   194 |    3277 |    5369     385    5369 |     769     385     769 |    0.2   13.5    0.8
5906 |   194 |    3274 |    5371     384    5371 |     770     384     770 |    0.2   14.0    0.7
5907 |   194 |    3266 |    5361     386    5361 |     771     386     771 |    0.2   13.4    0.7
5908 |   194 |    3251 |    4595     384    4595 |     768     384     768 |    0.2    9.9    0.6
5909 |   194 |    3280 |    5371     385    5371 |     771     385     771 |    0.2   13.3    0.7
5910 |   194 |    3252 |    4598     384    4598 |     768     384     768 |    0.3    9.8    0.6
5911 |   194 |    3275 |    5370     386    5370 |     771     386     771 |    0.2   13.4    0.7
5912 |   194 |    3289 |    5377     386    5377 |     773     386     773 |    0.2   12.8    0.7
5913 |   194 |    3263 |    5365     384    5365 |     769     385     769 |    0.2   13.1    0.7
5914 |   193 |    3247 |    4584     383    4584 |     766     383     766 |    0.1   10.2    0.8
5915 |   194 |    2108 |    5354     386    5354 |     771     386     771 |    0.2   14.0    0.9
5916 |   194 |    2295 |    5371     385    5371 |     770     385     770 |    0.2   13.4    0.7
5917 |   194 |    3269 |    5370     384    5370 |     769     384     769 |    0.2   13.8    0.7
5918 |   194 |    2515 |    5383     386    5383 |     771     386     771 |    0.2   14.4    0.7
5919 |   194 |    3246 |    4596     384    4596 |     768     384     768 |    0.2    9.7    0.6
5920 |   194 |    3286 |    5371     385    5371 |     770     385     770 |    0.2   13.2    0.7
5921 |   193 |    3263 |    5363     384    5363 |     768     384     768 |    0.2   12.9    0.7
5922 |   194 |    3280 |    5368     385    5368 |     770     385     770 |    0.2   13.3    0.7
5923 |   194 |    3275 |    5369     384    5369 |     769     384     769 |    0.2   13.4    0.7
5924 |   194 |    3251 |    5319     384    5319 |     768     384     768 |    0.2   13.0    0.7
5925 |   194 |    3270 |    5369     385    5369 |     770     385     770 |    0.2   14.1    0.7
5926 |   194 |    3277 |    5367     386    5367 |     771     386     771 |    0.2   13.8    0.7
5927 |   194 |    3260 |    5363     384    5363 |     768     384     768 |    0.2   12.9    0.7
5928 |   194 |    2691 |    5376     386    5376 |     773     386     773 |    0.2   15.4    0.8
5929 |   193 |    3267 |    5353     385    5353 |     769     385     769 |    0.2   13.9    0.7
5930 |   193 |    3264 |    5357     384    5357 |     768     384     768 |    0.2   13.5    0.7
5931 |   193 |    3260 |    5363     384    5363 |     768     384     768 |    0.2   14.2    0.7
5932 |   193 |    3242 |    4586     383    4586 |     766     383     766 |    0.2   10.8    0.6
5933 |   193 |    2093 |    4587     383    4587 |     767     383     767 |    0.2    9.7    0.6
5934 |   194 |    3276 |    5368     384    5368 |     769     384     769 |    0.2   13.7    0.7
5935 |   194 |    3275 |    5379     385    5379 |     771     385     771 |    0.3   13.9    0.8
5936 |   194 |    2113 |    5371     384    5371 |     769     384     769 |    0.2   13.3    0.7
5937 |   194 |    3281 |    5375     385    5375 |     771     385     771 |    0.3   13.7    0.7
5938 |   194 |    2100 |    4600     384    4600 |     768     384     768 |    0.1   10.4    0.6
5939 |   194 |    3278 |    5361     385    5361 |     770     385     770 |    0.2   13.8    1.0
5940 |   191 |    2080 |    4564     383    4564 |     765     383     765 |    0.2   11.2    0.6
5941 |   193 |    3271 |    5361     384    5361 |     769     384     769 |    0.2   12.4    0.8
5942 |   194 |    3249 |    5346     387    5346 |     774     387     774 |    0.2   13.3    0.7
5943 |   194 |    2491 |    5339     385    5339 |     770     385     770 |    0.2   12.3    0.7
5944 |   194 |    3289 |    5378     386    5378 |     771     386     771 |    0.3   14.5    0.7
5945 |   194 |    3277 |    5374     385    5374 |     770     385     770 |    0.2   13.8    0.9
5946 |   194 |    2083 |    4549     384    4549 |     769     384     769 |    0.2   10.4    0.6
5947 |   193 |    3263 |    5362     384    5362 |     768     384     768 |    0.2   12.9    0.7
5948 |   194 |    3273 |    5367     384    5367 |     768     384     768 |    0.2   13.7    0.7
5949 |   193 |    2871 |    5347     384    5347 |     767     384     767 |    0.1    9.7    0.7
5950 |   194 |    2672 |    5361     384    5361 |     768     384     768 |    0.2   13.4    0.7
5951 |   193 |    3261 |    5357     384    5357 |     768     384     768 |    0.2   13.6    0.7
5952 |   194 |    3286 |    5378     385    5378 |     770     385     770 |    0.2   13.5    0.7
5953 |   194 |    3270 |    5370     384    5370 |     769     384     769 |    0.2   13.7    0.7
5954 |   194 |    3264 |    5346     385    5346 |     769     385     769 |    0.2   13.6    0.7
5955 |   194 |    3281 |    5376     385    5376 |     770     385     770 |    0.2   15.0    0.7
5956 |   191 |    2662 |    5328     384    5328 |     767     384     767 |    0.2   10.1    0.6
5957 |   194 |    3275 |    5362     384    5362 |     768     384     768 |    0.2   13.0    0.7
5958 |   193 |    3262 |    5359     384    5359 |     768     384     768 |    0.2   13.5    0.7
5959 |   194 |    3245 |    4596     384    4596 |     768     384     768 |    0.2   10.0    0.6
5960 |   191 |    3235 |    4577     384    4577 |     767     384     767 |    0.2    9.9    0.6
5961 |   194 |    3273 |    5367     384    5367 |     769     385     769 |    0.2   15.3    0.7
5962 |   194 |    3273 |    5365     384    5365 |     770     384     770 |    0.2   13.2    0.8
5963 |   194 |    3284 |    5372     386    5372 |     772     386     772 |    0.3   13.3    0.7
5964 |   194 |    3257 |    5325     384    5325 |     768     384     768 |    0.2   13.8    0.7
5965 |   194 |    2282 |    4572     384    4572 |     769     384     769 |    0.1    9.9    0.6
5966 |   192 |    3225 |    4570     383    4570 |     766     383     766 |    0.1    9.4    0.6
5967 |   194 |    3283 |    5374     385    5374 |     771     385     771 |    0.2   12.8    0.7
5968 |   194 |    3283 |    5375     385    5375 |     770     385     770 |    0.2   13.5    0.7
5969 |   191 |    3204 |    4539     383    4539 |     765     383     765 |    0.1    9.0    0.6
5970 |   194 |    2682 |    5363     384    5363 |     769     384     769 |    0.2   12.8    0.7
5971 |   192 |    3236 |    4581     382    4581 |     765     383     765 |    0.1   10.1    0.6
5972 |   192 |    3255 |    5355     384    5355 |     767     384     767 |    0.2   13.6    0.9
5973 |   194 |    3271 |    5355     386    5355 |     771     386     771 |    0.2   13.7    0.7
5974 |   194 |    3276 |    5359     384    5359 |     768     384     768 |    0.2   14.0    0.7
5975 |   194 |    2113 |    5367     385    5367 |     770     385     770 |    0.2   13.8    0.7
5976 |   194 |    2686 |    5358     385    5358 |     771     385     771 |    0.2   10.2    0.6
5977 |   194 |    3279 |    5368     384    5368 |     768     384     768 |    0.2   14.5    0.7
5978 |   194 |    3247 |    4590     384    4590 |     769     384     769 |    0.1   10.8    0.7
5979 |   194 |    3282 |    5366     384    5366 |     769     384     769 |    0.2   12.7    0.8
5980 |   194 |    3282 |    5361     387    5361 |     774     387     774 |    0.2   13.9    0.7
5981 |   194 |    3248 |    4593     384    4593 |     769     384     769 |    0.1   10.1    0.6
5982 |   194 |    3233 |    4580     384    4580 |     768     384     768 |    0.2   10.2    0.6
5983 |   194 |    2077 |    4524     384    4524 |     768     384     768 |    0.1   10.2    0.7
5984 |   194 |    3280 |    5376     385    5376 |     771     385     771 |    0.2   13.2    0.9
5985 |   194 |    3278 |    5373     385    5373 |     771     386     771 |    0.3   13.5    0.7
5986 |   194 |    3287 |    5370     386    5370 |     772     386     772 |    0.2   13.8    0.7
5987 |   194 |    3278 |    5359     385    5359 |     770     385     770 |    0.2   13.5    0.7
5988 |   194 |    3245 |    4596     384    4596 |     767     384     767 |    0.2   10.4    0.7
5989 |   194 |    2115 |    5371     386    5371 |     772     386     772 |    0.2   12.8    0.8
5990 |   194 |    3283 |    5365     386    5365 |     773     386     773 |    0.2   12.7    0.8
5991 |   194 |    3284 |    5375     385    5375 |     771     385     771 |    0.2   13.5    0.7
5992 |   194 |    3246 |    4592     383    4592 |     768     383     768 |    0.2    9.4    0.6
5993 |   194 |    2292 |    5363     386    5363 |     771     386     771 |    0.2   13.4    0.7
5994 |   192 |    3217 |    4565     383    4565 |     766     383     766 |    0.2    9.9    0.7
5995 |   194 |    2112 |    5372     385    5372 |     770     385     770 |    0.2   13.4    0.7
5996 |   194 |    3291 |    4620     385    4620 |     770     385     770 |    0.2    9.9    0.7
5997 |   194 |    2097 |    4594     384    4594 |     767     384     767 |    0.1   10.5    0.6
5998 |   194 |    3285 |    5371     386    5371 |     771     386     771 |    0.2   13.6    0.7
5999 |   194 |    3280 |    5374     384    5374 |     770     385     770 |    0.2   13.4    0.7
6000 |   194 |    3281 |    5365     386    5365 |     773     386     773 |    0.2   13.6    0.7
6001 |   193 |    3258 |    5357     384    5357 |     768     384     768 |    0.1   13.2    0.7
6002 |   194 |    3281 |    5373     384    5373 |     769     384     769 |    0.2   14.2    0.7
6003 |   194 |    3274 |    5375     385    5375 |     770     385     770 |    0.2   14.3    0.8
6004 |   194 |    3262 |    5347     384    5347 |     767     384     767 |    0.2   13.2    0.7
6005 |   194 |    2503 |    5373     386    5373 |     772     386     772 |    0.2   13.0    0.7
6006 |   194 |    3286 |    5380     385    5380 |     771     385     771 |    0.3   16.7    0.7
6007 |   194 |    3273 |    4610     385    4610 |     769     385     769 |    0.3   11.2    0.6
6008 |   194 |    3275 |    5359     384    5359 |     769     385     769 |    0.2   13.3    0.7
6009 |   194 |    2493 |    5369     385    5369 |     769     385     769 |    0.2   13.1    0.7
6010 |   194 |    3266 |    5372     385    5372 |     770     385     770 |    0.2   13.2    0.7
6011 |   194 |    3279 |    5371     384    5371 |     769     384     769 |    0.2   13.6    0.7
6012 |   194 |    3280 |    5372     384    5372 |     769     384     769 |    0.2   13.2    0.7
6013 |   193 |    3262 |    5359     384    5359 |     768     384     768 |    0.2   13.0    0.7
6014 |   194 |    3271 |    5373     385    5373 |     769     385     769 |    0.2   14.2    0.7
6015 |   193 |    2679 |    5345     385    5345 |     770     385     770 |    0.2   10.2    0.6
6016 |   194 |    3286 |    5373     386    5373 |     771     386     771 |    0.2   13.2    0.7
6017 |   194 |    3272 |    5365     384    5365 |     769     384     769 |    0.3   13.8    0.7
6018 |   194 |    3281 |    5377     385    5377 |     770     385     770 |    0.2   13.8    0.7
6019 |   194 |    3289 |    5378     385    5378 |     771     385     771 |    0.3   13.9    0.7
6020 |   193 |    3262 |    5364     384    5364 |     768     384     768 |    0.2   15.7    0.8
6021 |   194 |    2870 |    5345     385    5345 |     770     385     770 |    0.3   10.2    0.6
6022 |   194 |    2117 |    5374     385    5374 |     770     385     770 |    0.2   13.9    0.7
6023 |   194 |    3246 |    4591     384    4591 |     768     384     768 |    0.1   10.2    0.6
6024 |   194 |    3282 |    5383     385    5383 |     771     385     771 |    0.2   14.9    0.9
6025 |   193 |    2102 |    5353     384    5353 |     768     384     768 |    0.2   14.8    0.7
6026 |   194 |    3289 |    5385     385    5385 |     772     386     772 |    0.2   14.7    0.8
6027 |   193 |    3254 |    5334     383    5334 |     767     383     767 |    0.2   13.3    0.7
6028 |   194 |    2666 |    4594     384    4594 |     768     384     768 |    0.2    9.6    0.6
6029 |   194 |    2881 |    5356     385    5356 |     771     385     771 |    0.2   10.8    0.6
6030 |   193 |    3262 |    5351     385    5351 |     771     385     771 |    0.2   13.0    0.7
6031 |   194 |    3275 |    5373     385    5373 |     770     385     770 |    0.2   13.5    0.7
6032 |   194 |    3285 |    5371     385    5371 |     771     385     771 |    0.2   14.0    0.7
6033 |   193 |    3255 |    5341     383    5341 |     767     383     767 |    0.1   12.6    0.7
6034 |   194 |    3265 |    5368     385    5368 |     769     385     769 |    0.2   13.0    0.7
6035 |   194 |    3291 |    5373     387    5373 |     773     387     773 |    0.2   13.1    0.7
6036 |   192 |    3245 |    5333     383    5333 |     766     383     766 |    0.2   14.5    0.8
6037 |   194 |    2689 |    5360     385    5360 |     770     385     770 |    0.2   11.4    0.8
6038 |   194 |    3277 |    5369     385    5369 |     770     385     770 |    0.3   14.2    0.7
6039 |   193 |    3265 |    5344     385    5344 |     769     384     769 |    0.2   13.8    0.8
6040 |   194 |    3281 |    5367     386    5367 |     771     386     771 |    0.2   13.7    0.7
6041 |   194 |    3265 |    5358     385    5358 |     769     385     769 |    0.2   13.1    0.9
6042 |   194 |    3271 |    5353     384    5353 |     768     384     768 |    0.3   14.1    0.7
6043 |   192 |    3233 |    4578     384    4578 |     767     384     767 |    0.2    9.8    0.6
6044 |   194 |    2114 |    5370     385    5370 |     770     385     770 |    0.2   14.0    0.7
6045 |   193 |    3258 |    5363     384    5363 |     767     384     767 |    0.2   14.2    0.7
6046 |   194 |    2115 |    5375     386    5375 |     771     386     771 |    0.2   13.2    0.7
6047 |   194 |    3284 |    5383     385    5383 |     771     386     771 |    0.2   13.6    0.9
6048 |   193 |    3264 |    5349     384    5349 |     769     384     769 |    0.4   13.8    0.7
6049 |   193 |    3260 |    5356     383    5356 |     767     383     767 |    0.2   14.2    0.7
6050 |   194 |    3283 |    5374     385    5374 |     770     385     770 |    0.2   13.5    0.7
6051 |   194 |    2473 |    4588     384    4588 |     768     384     768 |    0.1    9.9    0.6
6052 |   194 |    3284 |    5375     385    5375 |     770     385     770 |    0.2   13.5    0.7
6053 |   193 |    3261 |    5364     384    5364 |     768     384     768 |    0.2   13.2    0.7
6054 |   194 |    3286 |    5377     385    5377 |     771     385     771 |    0.2   13.2    0.7
6055 |   194 |    3285 |    5368     386    5368 |     772     386     772 |    0.2   14.4    0.7
6056 |   194 |    3281 |    5364     386    5364 |     772     386     772 |    0.2   13.4    0.7
6057 |   194 |    3284 |    5373     386    5373 |     772     386     772 |    0.2   13.3    0.9
6058 |   194 |    3288 |    5382     385    5382 |     771     385     771 |    0.2   14.2    0.8
6059 |   192 |    2264 |    4575     383    4575 |     765     383     765 |    0.2    9.6    0.6
6060 |   194 |    3270 |    5366     384    5366 |     769     384     769 |    0.2   13.1    0.7
6061 |   193 |    3259 |    5341     388    5341 |     777     388     777 |    0.2   12.7    0.7
6062 |   194 |    2687 |    5367     385    5367 |     770     385     770 |    0.2   13.7    0.7
6063 |   194 |    2491 |    5363     386    5363 |     771     386     771 |    0.2    9.5    0.7
6064 |   193 |    2097 |    5354     383    5354 |     767     383     767 |    0.2   10.2    0.6
6065 |   194 |    3285 |    5380     386    5380 |     772     386     772 |    0.2   13.4    0.7
6066 |   194 |    2681 |    5364     384    5364 |     768     384     768 |    0.2   12.8    0.7
6067 |   194 |    3278 |    5361     385    5361 |     770     385     770 |    0.2   13.7    0.8
6068 |   193 |    3267 |    5368     384    5368 |     769     384     769 |    0.2   13.5    0.7
6069 |   194 |    3277 |    5374     385    5374 |     770     385     770 |    0.2   13.5    0.7
6070 |   193 |    3257 |    5360     383    5360 |     767     383     767 |    0.2   13.4    0.7
6071 |   194 |    3275 |    5370     384    5370 |     769     384     769 |    0.3   12.5    0.7
6072 |   193 |    3244 |    5324     383    5324 |     766     383     766 |    0.2   13.5    0.7
6073 |   192 |    3225 |    4572     383    4572 |     765     383     765 |    0.1   10.0    0.6
6074 |   194 |    3272 |    5364     384    5364 |     769     384     769 |    0.2   15.5    0.9
6075 |   194 |    3276 |    5379     385    5379 |     771     385     771 |    0.4   14.5    0.7
6076 |   194 |    2698 |    5372     387    5372 |     773     387     773 |    0.2   13.8    0.7
6077 |   194 |    3275 |    5368     385    5368 |     770     385     770 |    0.2   14.1    0.7
6078 |   194 |    3284 |    5379     385    5379 |     770     385     770 |    0.2   13.7    0.7
6079 |   194 |    3287 |    5381     386    5381 |     772     386     772 |    0.2   13.3    0.7
6080 |   193 |    3248 |    5329     385    5329 |     769     385     769 |    0.2   10.2    0.6
6081 |   194 |    3284 |    5373     385    5373 |     771     385     771 |    0.2   13.3    0.7
6082 |   194 |    3278 |    5375     385    5375 |     770     385     770 |    0.3   13.1    0.7
6083 |   194 |    3280 |    5365     385    5365 |     770     385     770 |    0.2   12.9    0.7
6084 |   194 |    3286 |    5376     386    5376 |     772     386     772 |    0.2   13.0    0.9
6085 |   194 |    3263 |    5364     384    5364 |     769     384     769 |    0.2   13.1    0.7
6086 |   194 |    3243 |    4591     384    4591 |     769     384     769 |    0.1   10.3    0.6
6087 |   194 |    3264 |    5352     383    5352 |     767     383     767 |    0.2   13.9    0.8
6088 |   194 |    3259 |    5326     387    5326 |     775     387     775 |    0.2    9.9    0.6
6089 |   194 |    3277 |    5372     385    5372 |     770     385     770 |    0.2   13.8    0.7
6090 |   194 |    3210 |    4563     384    4563 |     768     384     768 |    0.1   10.0    0.6
6091 |   193 |    2089 |    4577     383    4577 |     767     383     767 |    0.2   10.1    0.6
6092 |   194 |    2118 |    5376     386    5376 |     771     386     771 |    0.2   14.4    1.0
6093 |   194 |    2497 |    5357     385    5357 |     770     385     770 |    0.3   11.3    0.6
6094 |   193 |    2480 |    4597     383    4597 |     767     383     767 |    0.1   10.0    0.6
6095 |   193 |    2096 |    4587     383    4587 |     767     383     767 |    0.2   10.3    0.7
6096 |   193 |    3257 |    5343     383    5343 |     767     383     767 |    0.2   13.7    0.7
6097 |   194 |    3288 |    5367     386    5367 |     773     386     773 |    0.2   15.0    0.7
6098 |   193 |    2691 |    5331     386    5331 |     773     386     773 |    0.2   10.7    0.6
6099 |   194 |    3270 |    5361     385    5361 |     771     385     771 |    0.2   12.9    0.8
6100 |   194 |    3277 |    5383     385    5383 |     770     385     770 |    0.3   13.4    0.7
6101 |   193 |    3262 |    5352     384    5352 |     768     384     768 |    0.2   13.3    0.7
6102 |   194 |    2516 |    5360     386    5360 |     773     386     773 |    0.2   10.7    0.6
6103 |   194 |    3283 |    5359     386    5359 |     772     386     772 |    0.2   13.6    0.7
6104 |   193 |    3244 |    4592     383    4592 |     767     383     767 |    0.2   10.7    0.6
6105 |   192 |    3237 |    5331     383    5331 |     766     383     766 |    0.1   14.0    0.9
6106 |   194 |    3289 |    5383     386    5383 |     771     386     771 |    0.3   14.0    0.7
6107 |   193 |    2093 |    4590     383    4590 |     767     383     767 |    0.1   10.0    0.6
6108 |   194 |    3280 |    5378     385    5378 |     770     385     770 |    0.2   12.8    0.7
6109 |   194 |    3277 |    5364     384    5364 |     769     384     769 |    0.2   14.0    0.7
6110 |   194 |    3265 |    5367     385    5367 |     770     385     770 |    0.2   13.4    0.7
6111 |   194 |    3282 |    5382     385    5382 |     771     385     771 |    0.2   13.8    0.7
6112 |   194 |    3286 |    5381     386    5381 |     772     386     772 |    0.2   14.2    0.7
6113 |   194 |    2502 |    5374     385    5374 |     770     385     770 |    0.3   10.2    0.6
6114 |   194 |    3250 |    5358     383    5358 |     767     383     767 |    0.2   10.8    0.6
6115 |   194 |    3284 |    5375     385    5375 |     771     386     771 |    0.2   15.1    0.7
6116 |   193 |    2455 |    5292     385    5292 |     771     385     771 |    0.2    9.4    0.6
6117 |   194 |    2116 |    5356     385    5356 |     770     385     770 |    0.2   10.6    0.6
6118 |   194 |    3280 |    5364     384    5364 |     769     384     769 |    0.4   14.3    0.7
6119 |   194 |    2683 |    5330     386    5330 |     772     386     772 |    0.2   10.8    0.6
6120 |   194 |    3273 |    5371     385    5371 |     770     385     770 |    0.2   14.0    0.7
6121 |   194 |    3253 |    5352     385    5352 |     770     385     770 |    0.2   10.1    0.7
6122 |   194 |    3277 |    5374     385    5374 |     769     385     769 |    0.2   12.5    0.7
6123 |   194 |    3280 |    5370     385    5370 |     771     385     771 |    0.2   14.3    0.7
6124 |   194 |    3272 |    5372     384    5372 |     769     384     769 |    0.2   13.4    0.7
6125 |   194 |    3271 |    5358     384    5358 |     768     384     768 |    0.2   14.2    0.7
6126 |   194 |    3286 |    5381     385    5381 |     771     385     771 |    0.2   14.4    0.9
6127 |   194 |    3285 |    5367     385    5367 |     772     385     772 |    0.3   13.9    0.8
6128 |   194 |    3277 |    5366     384    5366 |     769     384     769 |    0.2   12.5    0.7
6129 |   194 |    3270 |    5353     385    5353 |     770     385     770 |    0.2   14.1    0.7
6130 |   194 |    3275 |    4612     385    4612 |     769     385     769 |    0.2   10.0    0.6
6131 |   194 |    3285 |    5369     386    5369 |     771     386     771 |    0.3   13.5    0.7
6132 |   194 |    3279 |    5372     385    5372 |     770     385     770 |    0.2   13.7    0.7
6133 |   193 |    2492 |    5361     384    5361 |     769     384     769 |    0.2   10.5    0.6
6134 |   194 |    2487 |    5355     385    5355 |     770     385     770 |    0.2   10.7    0.6
6135 |   194 |    3277 |    5365     385    5365 |     769     385     769 |    0.2   14.4    0.7
6136 |   194 |    3274 |    5354     384    5354 |     769     384     769 |    0.2   12.9    0.7
6137 |   194 |    3283 |    5368     386    5368 |     771     386     771 |    0.2   13.4    0.7
6138 |   194 |    3280 |    5372     385    5372 |     769     385     769 |    0.4   13.3    0.7
6139 |   194 |    2098 |    4594     384    4594 |     768     384     768 |    0.2    9.6    0.7
6140 |   193 |    3257 |    5329     385    5329 |     771     385     771 |    0.2   10.4    0.6
6141 |   193 |    2477 |    4589     383    4589 |     767     383     767 |    0.1    9.6    0.8
6142 |   194 |    3280 |    5373     385    5373 |     770     385     770 |    0.3   12.8    0.7
6143 |   194 |    3280 |    5366     385    5366 |     769     385     769 |    0.2   13.8    0.7
6144 |   194 |    3275 |    5372     385    5372 |     770     385     770 |    0.2   13.0    0.7
6145 |   194 |    3274 |    5365     384    5365 |     768     384     768 |    0.2   13.8    0.7
6146 |   194 |    3284 |    5365     386    5365 |     773     386     773 |    0.2   13.4    0.7
6147 |   194 |    3272 |    5355     384    5355 |     768     384     768 |    0.2   13.7    0.7
6148 |   192 |    3244 |    5336     383    5336 |     765     383     765 |    0.1   13.4    0.7
6149 |   193 |    3264 |    5356     384    5356 |     770     384     770 |    0.2   13.4    0.7
6150 |   193 |    3265 |    5361     384    5361 |     769     384     769 |    0.2   14.1    0.7
6151 |   194 |    3289 |    5385     385    5385 |     771     386     771 |    0.2   13.4    0.7
6152 |   193 |    2482 |    5339     384    5339 |     767     384     767 |    0.2    9.6    0.6
6153 |   194 |    3289 |    5376     385    5376 |     771     385     771 |    0.2   13.9    0.7
6154 |   194 |    3257 |    5369     384    5369 |     768     384     768 |    0.2   12.5    0.7
6155 |   194 |    3279 |    4612     385    4612 |     770     385     770 |    0.2    9.9    0.8
6156 |   193 |    3231 |    4579     383    4579 |     767     383     767 |    0.2   10.7    0.6
6157 |   194 |    3280 |    5361     385    5361 |     771     385     771 |    0.2   12.9    0.7
6158 |   194 |    3273 |    5361     385    5361 |     770     385     770 |    0.2   12.6    0.7
6159 |   194 |    3287 |    5366     386    5366 |     772     386     772 |    0.2   13.4    0.7
6160 |   193 |    3265 |    5361     384    5361 |     769     384     769 |    0.2   13.4    0.7
6161 |   194 |    3276 |    5370     385    5370 |     770     385     770 |    0.2   13.2    0.7
6162 |   194 |    2489 |    5356     384    5356 |     769     384     769 |    0.2   15.1    0.8
6163 |   193 |    3256 |    5361     384    5361 |     768     384     768 |    0.2   13.1    0.7
6164 |   194 |    3284 |    5382     385    5382 |     770     385     770 |    0.2   10.1    0.6
6165 |   193 |    3256 |    5350     383    5350 |     767     383     767 |    0.2   13.8    0.7
6166 |   193 |    2481 |    5328     385    5328 |     771     385     771 |    0.2   10.3    0.6
6167 |   194 |    2109 |    4606     384    4606 |     768     384     768 |    0.2   10.4    0.7
6168 |   194 |    3262 |    5339     384    5339 |     767     384     767 |    0.2   13.5    0.7
6169 |   194 |    3266 |    5363     385    5363 |     769     385     769 |    0.2   13.3    0.7
6170 |   194 |    3274 |    4613     385    4613 |     770     385     770 |    0.3    9.9    0.6
6171 |   194 |    3281 |    5373     384    5373 |     769     385     769 |    0.2   13.1    1.0
6172 |   194 |    3269 |    5358     384    5358 |     769     385     769 |    0.3   13.2    0.7
6173 |   194 |    3280 |    5356     386    5356 |     771     386     771 |    0.2   13.2    0.7
6174 |   194 |    3283 |    5375     385    5375 |     770     385     770 |    0.2   14.0    0.7
6175 |   194 |    3275 |    5373     385    5373 |     770     385     770 |    0.2   13.1    0.7
6176 |   194 |    3286 |    5379     385    5379 |     771     385     771 |    0.2   14.2    0.7
6177 |   194 |    3261 |    5347     384    5347 |     768     384     768 |    0.2   13.1    0.7
6178 |   194 |    3277 |    5370     385    5370 |     770     385     770 |    0.2   13.7    0.7
6179 |   193 |    2283 |    4594     384    4594 |     767     384     767 |    0.1    9.7    0.6
6180 |   194 |    3281 |    5376     385    5376 |     771     385     771 |    0.2   13.3    0.7
6181 |   194 |    3276 |    5369     385    5369 |     770     385     770 |    0.2   13.1    0.7
6182 |   194 |    3286 |    5377     385    5377 |     770     385     770 |    0.2   14.0    0.7
6183 |   194 |    3276 |    5371     384    5371 |     769     384     769 |    0.2   13.8    0.7
6184 |   194 |    3254 |    5336     383    5336 |     767     383     767 |    0.2   12.6    0.7
6185 |   194 |    3279 |    5377     385    5377 |     770     385     770 |    0.2   13.5    0.7
6186 |   194 |    3286 |    5372     386    5372 |     771     386     771 |    0.2   13.2    0.7
6187 |   193 |    3270 |    5365     385    5365 |     769     385     769 |    0.2   13.8    0.7
6188 |   194 |    3287 |    5378     385    5378 |     771     385     771 |    0.2   13.5    0.8
6189 |   194 |    3247 |    4596     384    4596 |     768     384     768 |    0.2   10.2    0.7
6190 |   194 |    3278 |    5371     385    5371 |     770     385     770 |    0.3   13.6    0.7
6191 |   194 |    3280 |    5365     385    5365 |     770     385     770 |    0.2   14.3    0.9
6192 |   194 |    2854 |    5323     385    5323 |     769     385     769 |    0.2   10.4    0.6
6193 |   193 |    3268 |    5368     384    5368 |     769     384     769 |    0.2   12.9    0.8
6194 |   194 |    3280 |    5381     385    5381 |     770     385     770 |    0.2   13.9    0.7
6195 |   194 |    3276 |    5362     385    5362 |     770     385     770 |    0.2   13.5    0.7
6196 |   194 |    3265 |    5348     383    5348 |     770     385     770 |    0.2   13.6    0.7
6197 |   194 |    2284 |    4589     384    4589 |     768     384     768 |    0.2    9.7    0.6
6198 |   194 |    3284 |    5370     385    5370 |     771     385     771 |    0.2   13.4    0.7
6199 |   194 |    3280 |    5382     385    5382 |     770     385     770 |    0.2   14.7    0.8
6200 |   194 |    3274 |    5360     386    5360 |     772     386     772 |    0.2   13.7    0.7
6201 |   194 |    3272 |    5367     386    5367 |     772     386     772 |    0.2   13.2    0.8
6202 |   194 |    3261 |    5339     384    5339 |     768     384     768 |    0.2   13.1    0.7
6203 |   194 |    2272 |    4562     384    4562 |     768     384     768 |    0.1   10.0    0.6
6204 |   194 |    3282 |    5368     385    5368 |     770     385     770 |    0.2   13.8    0.8
6205 |   194 |    2110 |    5363     385    5363 |     770     385     770 |    0.2   12.9    0.7
6206 |   193 |    2495 |    5357     385    5357 |     769     385     769 |    0.2   10.4    0.6
6207 |   194 |    3289 |    5375     386    5375 |     772     386     772 |    0.2   13.3    0.8
6208 |   194 |    3288 |    5378     386    5378 |     773     386     773 |    0.2   13.4    0.7
6209 |   193 |    3244 |    4590     383    4590 |     767     383     767 |    0.2   10.3    0.8
6210 |   194 |    3273 |    5373     385    5373 |     770     385     770 |    0.3   14.2    0.8
6211 |   193 |    3258 |    5355     383    5355 |     767     383     767 |    0.2   13.5    0.7
6212 |   194 |    3260 |    5360     384    5360 |     768     384     768 |    0.2   13.6    0.7
6213 |   194 |    3274 |    5370     385    5370 |     770     385     770 |    0.2   13.4    0.7
6214 |   193 |    3273 |    5362     385    5362 |     771     385     771 |    0.2   13.8    0.8
6215 |   194 |    3283 |    4611     385    4611 |     769     385     769 |    0.2   10.7    0.6
6216 |   192 |    3244 |    4593     383    4593 |     766     383     766 |    0.1    9.8    0.8
6217 |   194 |    3280 |    5362     385    5362 |     770     385     770 |    0.2   14.3    0.7
6218 |   193 |    3266 |    5352     383    5352 |     768     384     768 |    0.2   13.7    0.7
6219 |   194 |    2095 |    5343     383    5343 |     767     384     767 |    0.1   10.0    0.7
6220 |   194 |    3272 |    5365     384    5365 |     768     384     768 |    0.3   13.7    0.7
6221 |   194 |    3284 |    5373     386    5373 |     771     386     771 |    0.2   13.3    0.7
6222 |   194 |    2116 |    5375     385    5375 |     770     385     770 |    0.2   13.1    0.7
6223 |   194 |    2687 |    5361     385    5361 |     770     385     770 |    0.3   10.3    0.7
6224 |   194 |    3288 |    5379     386    5379 |     772     386     772 |    0.2   15.4    0.8
6225 |   194 |    3284 |    5378     385    5378 |     771     385     771 |    0.2   13.1    0.7
6226 |   193 |    3262 |    5352     384    5352 |     768     384     768 |    0.2   14.0    0.7
6227 |   194 |    3280 |    5371     384    5371 |     769     384     769 |    0.2   14.1    0.7
6228 |   194 |    3272 |    5368     384    5368 |     769     384     769 |    0.2   13.8    0.7
6229 |   194 |    3287 |    5381     387    5381 |     773     387     773 |    0.3    9.9    0.6
6230 |   194 |    3277 |    5363     385    5363 |     769     385     769 |    0.2   13.5    0.7
6231 |   194 |    3269 |    5375     385    5375 |     770     385     770 |    0.2   14.1    0.7
6232 |   194 |    3262 |    5367     384    5367 |     769     384     769 |    0.3   12.9    0.7
6233 |   194 |    3249 |    4599     384    4599 |     768     384     768 |    0.2   10.2    0.6
6234 |   194 |    3276 |    5376     385    5376 |     770     385     770 |    0.2   12.7    0.7
6235 |   194 |    3269 |    5345     385    5345 |     770     385     770 |    0.2   13.2    0.7
6236 |   194 |    3285 |    5378     385    5378 |     771     385     771 |    0.4   14.6    0.7
6237 |   192 |    3242 |    5344     383    5344 |     766     383     766 |    0.2   10.0    0.6
6238 |   194 |    3278 |    5368     385    5368 |     769     385     769 |    0.2   13.1    0.7
6239 |   194 |    3277 |    5358     385    5358 |     772     385     772 |    0.2   13.6    0.7
6240 |   194 |    3279 |    5372     385    5372 |     771     385     771 |    0.3   12.7    0.7
6241 |   194 |    3281 |    5370     385    5370 |     772     386     772 |    0.2   13.4    0.8
6242 |   194 |    2289 |    4606     385    4606 |     769     385     769 |    0.2    9.8    0.6
6243 |   194 |    3279 |    5375     385    5375 |     771     385     771 |    0.2   13.3    0.7
6244 |   194 |    3273 |    5370     385    5370 |     769     384     769 |    0.2   13.9    0.7
6245 |   194 |    3281 |    5372     385    5372 |     771     385     771 |    0.2   13.5    0.7
6246 |   193 |    3269 |    5356     384    5356 |     769     384     769 |    0.2   15.0    0.8
6247 |   194 |    3281 |    5379     385    5379 |     770     385     770 |    0.2   13.9    0.8
6248 |   194 |    3269 |    5365     384    5365 |     769     385     769 |    0.2   13.6    0.7
6249 |   194 |    3288 |    5385     385    5385 |     771     385     771 |    0.2   13.8    0.7
6250 |   194 |    3285 |    5371     386    5371 |     773     386     773 |    0.2   12.5    0.7
6251 |   194 |    3286 |    5380     385    5380 |     770     385     770 |    0.2   13.9    1.0
6252 |   194 |    3283 |    5370     385    5370 |     772     386     772 |    0.3   14.1    0.7
6253 |   194 |    3271 |    5363     385    5363 |     770     385     770 |    0.2   13.1    0.8
6254 |   194 |    3287 |    5370     386    5370 |     773     386     773 |    0.2   13.4    0.7
6255 |   194 |    3281 |    5380     385    5380 |     770     385     770 |    0.2   13.2    0.7
6256 |   194 |    3269 |    5368     384    5368 |     769     384     769 |    0.2   12.8    0.7
6257 |   194 |    3278 |    5365     384    5365 |     769     384     769 |    0.2   14.0    0.7
6258 |   194 |    3286 |    5377     385    5377 |     771     386     771 |    0.4   13.3    0.7
6259 |   194 |    3270 |    5358     384    5358 |     768     384     768 |    0.2   14.4    0.8
6260 |   194 |    2120 |    5375     385    5375 |     770     385     770 |    0.3   13.8    0.7
6261 |   194 |    3257 |    5367     385    5367 |     770     385     770 |    0.2   12.3    0.7
6262 |   194 |    3279 |    5354     385    5354 |     770     385     770 |    0.2   14.1    0.7
6263 |   192 |    3236 |    4586     383    4586 |     766     383     766 |    0.2   10.1    0.7
6264 |   193 |    2489 |    5358     384    5358 |     768     384     768 |    0.2   11.9    0.8
6265 |   194 |    3274 |    5369     385    5369 |     770     385     770 |    0.3   13.5    0.8
6266 |   193 |    3257 |    5360     384    5360 |     768     384     768 |    0.2   13.3    0.7
6267 |   193 |    3266 |    5362     384    5362 |     769     384     769 |    0.2   13.7    0.7
6268 |   193 |    3249 |    5343     383    5343 |     766     383     766 |    0.2   13.5    0.7
6269 |   194 |    3278 |    5373     384    5373 |     769     384     769 |    0.2   13.0    0.7
6270 |   193 |    2871 |    5338     384    5338 |     767     384     767 |    0.2    9.3    0.6
6271 |   194 |    3276 |    5379     385    5379 |     770     385     770 |    0.2   14.0    0.7
6272 |   191 |    3231 |    4577     383    4577 |     765     383     765 |    0.2    9.9    0.6
6273 |   194 |    3272 |    5366     384    5366 |     768     384     768 |    0.2   13.1    0.7
6274 |   192 |    3240 |    4579     383    4579 |     765     383     765 |    0.1    9.7    0.6
6275 |   194 |    3249 |    5321     384    5321 |     767     384     767 |    0.2   12.6    0.7
6276 |   194 |    3285 |    5374     385    5374 |     770     385     770 |    0.2   13.9    0.8
6277 |   194 |    2105 |    5369     384    5369 |     768     384     768 |    0.2   13.8    0.7
6278 |   194 |    3250 |    4596     384    4596 |     769     384     769 |    0.2   10.2    0.6
6279 |   194 |    2289 |    4609     384    4609 |     769     384     769 |    0.2    9.6    0.6
6280 |   194 |    3279 |    5371     385    5371 |     770     385     770 |    0.2   13.2    0.7
6281 |   194 |    3281 |    5370     385    5370 |     769     385     769 |    0.3   14.1    0.7
6282 |   194 |    3280 |    5369     386    5369 |     771     386     771 |    0.2   14.1    0.8
6283 |   193 |    3251 |    5355     383    5355 |     767     384     767 |    0.2   14.9    0.7
6284 |   194 |    3285 |    5371     386    5371 |     772     386     772 |    0.2   13.3    0.8
6285 |   194 |    3266 |    5367     385    5367 |     771     385     771 |    0.2   13.1    1.1
6286 |   194 |    3280 |    5377     385    5377 |     771     385     771 |    0.3   13.6    0.7
6287 |   194 |    3285 |    5368     385    5368 |     771     385     771 |    0.2   13.2    0.7
6288 |   194 |    3259 |    5347     384    5347 |     767     384     767 |    0.2   13.8    0.7
6289 |   193 |    3269 |    5366     384    5366 |     769     384     769 |    0.2   13.1    0.7
6290 |   186 |    3148 |    4476     383    4476 |     765     383     765 |    0.2    9.4    0.6
6291 |   194 |    3274 |    5375     385    5375 |     769     385     769 |    0.2   14.1    0.7
6292 |   194 |    2697 |    5376     385    5376 |     770     385     770 |    0.2   13.2    0.7
6293 |   194 |    3276 |    5374     385    5374 |     770     385     770 |    0.3   10.3    0.6
6294 |   194 |    2107 |    5365     385    5365 |     770     385     770 |    0.2   15.0    0.9
6295 |   194 |    3279 |    5375     385    5375 |     770     385     770 |    0.3   13.6    0.7
6296 |   193 |    2294 |    5363     385    5363 |     770     385     770 |    0.2   13.3    0.8
6297 |   194 |    3276 |    5369     385    5369 |     770     385     770 |    0.3   13.3    0.7
6298 |   194 |    3288 |    5383     385    5383 |     771     385     771 |    0.2   13.9    0.7
6299 |   194 |    3280 |    5370     385    5370 |     770     385     770 |    0.2   13.9    0.8
6300 |   194 |    3238 |    4590     384    4590 |     768     384     768 |    0.2   10.8    0.6
6301 |   194 |    3280 |    5366     385    5366 |     771     385     771 |    0.2   13.7    0.8
6302 |   194 |    3288 |    5379     385    5379 |     771     385     771 |    0.2   14.1    0.7
6303 |   194 |    3281 |    5380     385    5380 |     770     385     770 |    0.2   14.3    0.7
6304 |   191 |    3158 |    4503     383    4503 |     765     383     765 |    0.2    9.2    0.6
6305 |   194 |    2300 |    4615     385    4615 |     770     385     770 |    0.3   10.2    0.7
6306 |   194 |    3281 |    5378     386    5378 |     771     386     771 |    0.2   13.8    0.7
6307 |   194 |    3288 |    5377     386    5377 |     772     386     772 |    0.2   13.3    0.7
6308 |   194 |    3251 |    5312     385    5312 |     770     385     770 |    0.2   13.0    0.7
6309 |   194 |    3276 |    5365     386    5365 |     772     386     772 |    0.2   13.1    0.7
6310 |   194 |    2506 |    5379     386    5379 |     772     386     772 |    0.2   10.7    0.6
6311 |   194 |    3287 |    5381     386    5381 |     771     386     771 |    0.2   12.9    0.7
6312 |   194 |    2099 |    4595     384    4595 |     768     384     768 |    0.2   10.5    0.6
6313 |   194 |    2310 |    5348     386    5348 |     772     386     772 |    0.3   10.9    0.6
6314 |   193 |    3264 |    5355     384    5355 |     768     384     768 |    0.2   13.9    0.7
6315 |   193 |    3247 |    5353     383    5353 |     766     383     766 |    0.2   12.7    0.7
6316 |   194 |    3279 |    5367     385    5367 |     770     385     770 |    0.2   13.7    0.7
6317 |   194 |    3278 |    5369     385    5369 |     770     385     770 |    0.2   15.2    0.8
6318 |   194 |    3273 |    5352     384    5352 |     769     385     769 |    0.3   13.9    0.7
6319 |   194 |    3269 |    5369     385    5369 |     770     385     770 |    0.3   13.1    0.7
6320 |   193 |    3269 |    4604     384    4604 |     768     384     768 |    0.2   10.3    0.6
6321 |   194 |    2109 |    5357     385    5357 |     770     385     770 |    0.2   13.7    0.7
6322 |   194 |    2684 |    5363     385    5363 |     770     385     770 |    0.3   12.4    0.7
6323 |   194 |    2106 |    5362     384    5362 |     768     384     768 |    0.2   13.5    0.8
6324 |   193 |    3248 |    5336     383    5336 |     767     383     767 |    0.2   13.2    0.7
6325 |   194 |    3286 |    5382     385    5382 |     770     385     770 |    0.2   13.3    0.7
6326 |   194 |    3288 |    5385     386    5385 |     771     386     771 |    0.2   13.4    0.7
6327 |   194 |    3284 |    5364     386    5364 |     772     386     772 |    0.2   12.9    0.7
6328 |   194 |    3286 |    5370     386    5370 |     772     386     772 |    0.2   14.0    0.7
6329 |   194 |    3275 |    5366     384    5366 |     770     385     770 |    0.2   13.7    0.7
6330 |   194 |    3281 |    5382     385    5382 |     770     385     770 |    0.2   13.7    0.7
6331 |   194 |    3278 |    5372     385    5372 |     770     385     770 |    0.2   13.3    0.7
6332 |   194 |    3276 |    5354     385    5354 |     770     385     770 |    0.2   13.7    0.7
6333 |   194 |    3285 |    5382     385    5382 |     771     385     771 |    0.2   13.6    0.8
6334 |   192 |    3248 |    4594     383    4594 |     766     383     766 |    0.2   10.3    0.7
6335 |   194 |    3279 |    5380     385    5380 |     770     385     770 |    0.2   13.8    0.7
6336 |   194 |    3277 |    4615     385    4615 |     770     385     770 |    0.2   10.9    0.6
6337 |   194 |    3260 |    5347     383    5347 |     767     383     767 |    0.2   13.4    0.7
6338 |   194 |    3277 |    5364     385    5364 |     770     385     770 |    0.2   15.5    1.0
6339 |   194 |    3265 |    5343     384    5343 |     768     384     768 |    0.3   13.1    0.7
6340 |   194 |    3287 |    5376     385    5376 |     772     386     772 |    0.2   13.9    0.9
6341 |   194 |    3288 |    5381     386    5381 |     771     386     771 |    0.3   13.5    0.8
6342 |   194 |    3272 |    5374     385    5374 |     770     385     770 |    0.2   13.3    0.7
6343 |   193 |    3266 |    5366     385    5366 |     770     385     770 |    0.2   13.9    0.7
6344 |   192 |    3223 |    4568     383    4568 |     765     383     765 |    0.2   10.4    0.6
6345 |   194 |    3274 |    5373     385    5373 |     770     385     770 |    0.3   12.5    0.8
6346 |   194 |    3264 |    5356     384    5356 |     767     384     767 |    0.2   13.3    0.7
6347 |   192 |    3228 |    4573     382    4573 |     765     383     765 |    0.2   10.1    0.6
6348 |   194 |    3276 |    4611     385    4611 |     770     385     770 |    0.2    9.9    0.7
6349 |   194 |    3273 |    5360     384    5360 |     768     384     768 |    0.3   14.4    0.7
6350 |   194 |    2097 |    5346     383    5346 |     768     384     768 |    0.2   11.7    0.6
6351 |   194 |    2494 |    5358     385    5358 |     771     385     771 |    0.2   10.3    0.6
6352 |   194 |    3282 |    5376     385    5376 |     770     385     770 |    0.2   12.9    0.7
6353 |   194 |    3276 |    5366     385    5366 |     769     385     769 |    0.2   13.7    0.7
6354 |   194 |    3277 |    5364     384    5364 |     769     384     769 |    0.2   13.8    0.7
6355 |   193 |    3262 |    5351     383    5351 |     767     383     767 |    0.2   13.9    0.8
6356 |   194 |    2261 |    4551     384    4551 |     767     384     767 |    0.2   10.2    0.6
6357 |   194 |    3264 |    5344     384    5344 |     769     384     769 |    0.2   13.1    0.7
6358 |   194 |    3278 |    5359     386    5359 |     773     386     773 |    0.2   10.5    0.6
6359 |   193 |    3260 |    5344     384    5344 |     767     384     767 |    0.2   13.3    0.7
6360 |   194 |    3285 |    5376     385    5376 |     770     385     770 |    0.2   13.6    0.7
6361 |   194 |    3274 |    5366     384    5366 |     769     384     769 |    0.2   13.6    0.7
6362 |   194 |    2890 |    5372     385    5372 |     771     385     771 |    0.2   11.0    0.6
6363 |   194 |    2115 |    5370     385    5370 |     772     385     772 |    0.3   13.4    0.7
6364 |   193 |    3272 |    5369     385    5369 |     770     385     770 |    0.2   12.9    0.7
6365 |   194 |    3274 |    5376     385    5376 |     771     385     771 |    0.3   13.4    0.7
6366 |   194 |    2288 |    5362     385    5362 |     772     386     772 |    0.2   13.4    0.9
6367 |   194 |    3272 |    5366     384    5366 |     768     384     768 |    0.3   13.2    0.7
6368 |   194 |    3280 |    5380     385    5380 |     771     385     771 |    0.2   11.6    0.7
6369 |   194 |    3278 |    5375     385    5375 |     770     385     770 |    0.2   13.7    0.7
6370 |   192 |    3243 |    5335     383    5335 |     766     383     766 |    0.2   13.0    0.7
6371 |   194 |    2103 |    5360     385    5360 |     769     385     769 |    0.2   13.2    0.7
6372 |   194 |    2294 |    5373     385    5373 |     770     385     770 |    0.2   14.1    0.7
6373 |   194 |    2285 |    5355     384    5355 |     770     384     770 |    0.2   14.5    0.7
6374 |   194 |    3282 |    5384     386    5384 |     772     386     772 |    0.3   12.0    0.7
6375 |   194 |    2113 |    5369     384    5369 |     769     384     769 |    0.3   10.0    0.6
6376 |   194 |    2487 |    5330     385    5330 |     769     385     769 |    0.1   10.0    0.6
6377 |   193 |    3248 |    5357     383    5357 |     767     383     767 |    0.1   10.1    0.6
6378 |   193 |    3268 |    5356     385    5356 |     769     385     769 |    0.2   14.4    0.7
6379 |   194 |    3279 |    5372     386    5372 |     772     386     772 |    0.2   14.6    0.7
6380 |   194 |    3287 |    5382     385    5382 |     771     385     771 |    0.2   14.4    0.8
6381 |   192 |    2277 |    4592     384    4592 |     767     384     767 |    0.2    9.9    0.6
6382 |   194 |    3287 |    5381     385    5381 |     771     385     771 |    0.2   12.7    0.7
6383 |   194 |    3271 |    5369     385    5369 |     770     385     770 |    0.2   13.3    0.8
6384 |   194 |    2475 |    4597     383    4597 |     768     384     768 |    0.2   12.4    0.6
6385 |   194 |    2482 |    4595     384    4595 |     768     384     768 |    0.2   10.4    0.7
6386 |   194 |    2292 |    5366     384    5366 |     769     384     769 |    0.2   13.4    0.8
6387 |   194 |    3281 |    5366     386    5366 |     771     386     771 |    0.2   13.1    0.7
6388 |   193 |    2679 |    5352     384    5352 |     768     384     768 |    0.2   10.6    0.6
6389 |   194 |    3277 |    5362     385    5362 |     770     385     770 |    0.2   13.6    0.7
6390 |   193 |    3261 |    5350     384    5350 |     767     384     767 |    0.2   13.7    1.0
6391 |   193 |    3226 |    4571     383    4571 |     767     383     767 |    0.2    9.5    0.6
6392 |   194 |    3281 |    5360     387    5360 |     774     387     774 |    0.2   14.2    0.7
6393 |   194 |    3283 |    5372     385    5372 |     771     385     771 |    0.2   13.5    0.7
6394 |   194 |    2303 |    5377     386    5377 |     772     386     772 |    0.2   13.9    0.8
6395 |   193 |    3268 |    5363     384    5363 |     768     384     768 |    0.3   13.5    0.7
6396 |   194 |    3288 |    5375     386    5375 |     772     386     772 |    0.2   13.3    0.8
6397 |   194 |    3260 |    5364     384    5364 |     769     384     769 |    0.3   13.3    0.7
6398 |   192 |    3219 |    5324     383    5324 |     766     383     766 |    0.2   10.4    0.6
6399 |   194 |    3273 |    5371     385    5371 |     770     385     770 |    0.2   13.6    0.7
6400 |   194 |    3292 |    5379     386    5379 |     772     386     772 |    0.2   13.2    0.7
6401 |   194 |    3267 |    5367     385    5367 |     769     385     769 |    0.2   13.3    0.9
6402 |   193 |    3219 |    5282     383    5282 |     766     383     766 |    0.2   13.0    0.7
6403 |   194 |    2692 |    5378     385    5378 |     771     385     771 |    0.4   11.0    0.7
6404 |   194 |    3260 |    5332     384    5332 |     768     384     768 |    0.2   13.1    0.7
6405 |   194 |    3277 |    5361     384    5361 |     770     384     770 |    0.2   13.7    0.7
6406 |   194 |    3264 |    5357     384    5357 |     767     384     767 |    0.2   15.4    0.7
6407 |   194 |    3287 |    5383     385    5383 |     770     385     770 |    0.2   13.5    0.7
6408 |   194 |    3288 |    5378     385    5378 |     771     385     771 |    0.2   14.3    0.7
6409 |   194 |    3270 |    5355     384    5355 |     768     384     768 |    0.2   14.4    0.7
6410 |   194 |    3285 |    5372     385    5372 |     770     385     770 |    0.2   13.4    0.7
6411 |   191 |    3228 |    4574     383    4574 |     765     383     765 |    0.1    9.4    0.6
6412 |   193 |    3264 |    5359     384    5359 |     769     384     769 |    0.2   13.0    0.7
6413 |   194 |    2122 |    5376     385    5376 |     771     385     771 |    0.2   10.3    0.6
6414 |   194 |    3266 |    5359     383    5359 |     767     383     767 |    0.2   13.6    0.7
6415 |   194 |    2886 |    5380     385    5380 |     771     385     771 |    0.3   13.5    0.7
6416 |   194 |    2687 |    5366     384    5366 |     769     384     769 |    0.2   10.5    0.6
6417 |   194 |    3272 |    5366     384    5366 |     768     384     768 |    0.2   12.9    0.7
6418 |   193 |    3250 |    5343     383    5343 |     766     383     766 |    0.1   13.6    0.7
6419 |   194 |    2287 |    5360     385    5360 |     770     385     770 |    0.2   13.7    0.7
6420 |   194 |    3268 |    5368     384    5368 |     769     385     769 |    0.2   13.5    0.7
6421 |   194 |    3290 |    5376     386    5376 |     772     386     772 |    0.3   13.9    0.7
6422 |   193 |    3254 |    4600     384    4600 |     768     384     768 |    0.2    9.8    0.6
6423 |   194 |    3276 |    5367     384    5367 |     769     384     769 |    0.2   13.0    0.7
6424 |   194 |    2478 |    5337     385    5337 |     770     385     770 |    0.2   10.2    0.7
6425 |   194 |    3286 |    5373     386    5373 |     771     386     771 |    0.3   14.3    0.7
6426 |   194 |    3281 |    5368     385    5368 |     772     385     772 |    0.3   14.8    0.7
6427 |   194 |    3278 |    5373     385    5373 |     770     385     770 |    0.2   14.0    0.8
6428 |   194 |    3277 |    5359     385    5359 |     771     385     771 |    0.2   14.2    0.9
6429 |   193 |    3260 |    5338     384    5338 |     768     384     768 |    0.2   12.6    0.7
6430 |   194 |    2886 |    5375     385    5375 |     770     385     770 |    0.2   11.3    0.8
6431 |   194 |    2114 |    5377     385    5377 |     769     385     769 |    0.3   13.5    0.7
6432 |   194 |    2903 |    5382     386    5382 |     772     386     772 |    0.2   10.5    0.6
6433 |   193 |    3261 |    5357     384    5357 |     769     384     769 |    0.2   13.3    0.7
6434 |   194 |    3279 |    5379     386    5379 |     772     386     772 |    0.2   14.3    0.7
6435 |   194 |    3278 |    5366     384    5366 |     769     384     769 |    0.2   14.0    0.7
6436 |   194 |    3273 |    5361     385    5361 |     770     385     770 |    0.2   13.7    0.8
6437 |   194 |    2095 |    4573     384    4573 |     768     384     768 |    0.2    9.9    0.6
6438 |   194 |    3289 |    5380     385    5380 |     771     385     771 |    0.2   12.7    0.7
6439 |   194 |    3278 |    5363     384    5363 |     769     384     769 |    0.2   14.0    0.7
6440 |   192 |    3248 |    5346     383    5346 |     766     383     766 |    0.1   14.6    0.9
6441 |   194 |    3264 |    5362     384    5362 |     769     384     769 |    0.4   15.0    0.9
6442 |   194 |    2474 |    4579     385    4579 |     770     385     770 |    0.2    9.9    0.6
6443 |   194 |    2316 |    5362     386    5362 |     772     386     772 |    0.3   10.8    0.6
6444 |   194 |    3284 |    5375     385    5375 |     771     385     771 |    0.2   14.1    0.7
6445 |   194 |    3280 |    5382     385    5382 |     771     385     771 |    0.2   13.4    0.7
6446 |   191 |    3227 |    4566     383    4566 |     765     383     765 |    0.2    9.9    0.6
6447 |   193 |    3259 |    5349     383    5349 |     767     383     767 |    0.2   13.6    0.7
6448 |   194 |    3277 |    5367     385    5367 |     770     385     770 |    0.2   14.8    0.7
6449 |   193 |    3261 |    5362     384    5362 |     769     384     769 |    0.2   13.0    0.7
6450 |   194 |    3287 |    5381     385    5381 |     771     385     771 |    0.2   14.0    0.7
6451 |   194 |    3273 |    5365     385    5365 |     769     385     769 |    0.2   12.8    0.7
6452 |   192 |    3240 |    4585     383    4585 |     766     383     766 |    0.1    9.7    0.6
6453 |   194 |    3272 |    5367     384    5367 |     769     384     769 |    0.2   13.6    0.7
6454 |   194 |    3281 |    5370     385    5370 |     769     385     769 |    0.2   12.7    0.7
6455 |   192 |    2657 |    5313     386    5313 |     771     386     771 |    0.2    9.9    0.6
6456 |   194 |    2678 |    5347     385    5347 |     769     385     769 |    0.2   10.3    0.6
6457 |   194 |    3273 |    5350     385    5350 |     771     385     771 |    0.2   14.0    0.9
6458 |   194 |    3276 |    5366     384    5366 |     769     384     769 |    0.3   14.4    0.7
6459 |   194 |    3285 |    5382     385    5382 |     770     385     770 |    0.2   13.5    0.7
6460 |   194 |    2107 |    5366     385    5366 |     771     385     771 |    0.3   13.4    0.7
6461 |   194 |    3275 |    5374     385    5374 |     770     385     770 |    0.2   13.2    1.0
6462 |   193 |    2467 |    4576     384    4576 |     767     384     767 |    0.2    9.9    0.6
6463 |   194 |    3276 |    5358     385    5358 |     771     385     771 |    0.2   13.9    0.7
6464 |   194 |    2101 |    5359     384    5359 |     768     384     768 |    0.1   13.6    0.7
6465 |   194 |    3285 |    5380     385    5380 |     771     385     771 |    0.2   13.7    0.7
6466 |   194 |    3288 |    5382     385    5382 |     771     385     771 |    0.2   13.6    0.8
6467 |   194 |    2285 |    5368     385    5368 |     771     385     771 |    0.2   14.2    0.7
6468 |   194 |    3265 |    5363     384    5363 |     769     384     769 |    0.2   13.5    0.7
6469 |   194 |    3288 |    5382     385    5382 |     771     385     771 |    0.3   13.4    0.7
6470 |   194 |    3273 |    5345     385    5345 |     770     385     770 |    0.2   13.3    0.7
6471 |   193 |    3241 |    4589     383    4589 |     766     383     766 |    0.2   11.4    0.6
6472 |   194 |    3285 |    5378     385    5378 |     770     385     770 |    0.2   13.4    0.7
6473 |   194 |    3265 |    5364     384    5364 |     770     385     770 |    0.2   12.6    0.7
6474 |   194 |    2498 |    5366     384    5366 |     768     384     768 |    0.3   13.6    0.7
6475 |   194 |    3274 |    5359     385    5359 |     769     385     769 |    0.2   13.5    0.7
6476 |   194 |    3277 |    5371     386    5371 |     772     386     772 |    0.2   13.6    0.7
6477 |   194 |    3261 |    5363     384    5363 |     768     384     768 |    0.2   13.4    0.7
6478 |   193 |    3264 |    5345     384    5345 |     768     384     768 |    0.2   13.0    0.7
6479 |   194 |    3270 |    5361     384    5361 |     769     384     769 |    0.2   13.0    0.7
6480 |   193 |    3258 |    5351     384    5351 |     769     384     769 |    0.2    9.9    0.7
6481 |   194 |    3268 |    5353     384    5353 |     768     384     768 |    0.2   14.6    0.8
6482 |   194 |    3284 |    5376     385    5376 |     770     385     770 |    0.2   14.7    0.7
6483 |   194 |    3275 |    5371     385    5371 |     769     385     769 |    0.3   13.7    0.7
6484 |   194 |    2500 |    5377     385    5377 |     771     385     771 |    0.2    9.9    0.6
6485 |   194 |    3251 |    5320     384    5320 |     770     384     770 |    0.2   13.4    0.7
6486 |   194 |    2472 |    4582     384    4582 |     768     384     768 |    0.2    9.9    0.6
6487 |   194 |    2099 |    5353     384    5353 |     767     384     767 |    0.2    9.8    0.6
6488 |   194 |    3287 |    5378     385    5378 |     771     385     771 |    0.3   13.7    0.7
6489 |   193 |    3257 |    5351     383    5351 |     767     383     767 |    0.2   13.4    0.7
6490 |   193 |    2092 |    4588     383    4588 |     767     383     767 |    0.1    9.5    0.6
6491 |   194 |    3274 |    5351     384    5351 |     769     384     769 |    0.2   13.2    0.7
6492 |   191 |    2255 |    4528     383    4528 |     765     383     765 |    0.1    9.9    0.6
6493 |   194 |    3281 |    5377     385    5377 |     770     385     770 |    0.2   12.9    0.7
6494 |   194 |    2688 |    5373     384    5373 |     769     385     769 |    0.2   13.0    0.7
6495 |   194 |    3290 |    5382     386    5382 |     771     385     771 |    0.2   13.6    0.7
6496 |   194 |    3277 |    5348     385    5348 |     771     385     771 |    0.2   13.5    0.7
6497 |   194 |    3278 |    5377     385    5377 |     771     385     771 |    0.2   13.0    0.7
6498 |   194 |    3275 |    5374     385    5374 |     771     385     771 |    0.2   13.5    0.7
6499 |   194 |    3267 |    5364     384    5364 |     770     384     770 |    0.2   13.4    0.7
6500 |   194 |    3282 |    5368     384    5368 |     769     384     769 |    0.2   13.2    0.7
6501 |   194 |    3276 |    5370     384    5370 |     768     384     768 |    0.2   13.4    0.7
6502 |   193 |    3240 |    4586     383    4586 |     767     383     767 |    0.2    9.9    0.6
6503 |   192 |    3252 |    5348     383    5348 |     767     384     767 |    0.1   13.5    0.7
6504 |   194 |    2461 |    4571     384    4571 |     767     384     767 |    0.2    9.9    0.6
6505 |   194 |    3226 |    4573     384    4573 |     769     384     769 |    0.2   10.0    0.6
6506 |   193 |    3262 |    5361     384    5361 |     768     384     768 |    0.2   13.9    0.8
6507 |   193 |    3270 |    5360     384    5360 |     768     384     768 |    0.2   13.1    0.7
6508 |   194 |    3254 |    5347     385    5347 |     770     385     770 |    0.2   10.2    0.6
6509 |   193 |    3263 |    5362     384    5362 |     768     384     768 |    0.2   13.5    0.7
6510 |   192 |    3235 |    5337     383    5337 |     766     383     766 |    0.2    9.7    0.7
6511 |   194 |    3265 |    5345     384    5345 |     768     384     768 |    0.3   13.3    0.7
6512 |   194 |    3273 |    5360     386    5360 |     771     386     771 |    0.2   13.2    0.7
6513 |   194 |    3282 |    5379     385    5379 |     770     385     770 |    0.2   13.7    0.8
6514 |   193 |    3270 |    5359     384    5359 |     769     384     769 |    0.2   13.3    0.7
6515 |   194 |    3282 |    5377     385    5377 |     770     385     770 |    0.2   13.5    0.7
6516 |   194 |    3288 |    5381     386    5381 |     771     386     771 |    0.3   19.2    0.7
6517 |   194 |    3284 |    5379     385    5379 |     770     385     770 |    0.3   14.1    0.7
6518 |   194 |    3223 |    4575     384    4575 |     768     384     768 |    0.2    9.5    0.6
6519 |   194 |    3282 |    5373     385    5373 |     771     385     771 |    0.2   13.3    0.7
6520 |   193 |    3273 |    5359     385    5359 |     770     385     770 |    0.3   13.4    0.7
6521 |   193 |    3263 |    5360     384    5360 |     769     384     769 |    0.2   13.8    0.7
6522 |   192 |    2625 |    4536     383    4536 |     766     383     766 |    0.2    9.1    0.6
6523 |   194 |    3273 |    5372     386    5372 |     771     386     771 |    0.2   13.4    0.7
6524 |   194 |    3255 |    5344     387    5344 |     777     387     777 |    0.2   12.8    0.7
6525 |   194 |    3276 |    5370     384    5370 |     769     384     769 |    0.2   13.6    0.7
6526 |   194 |    3283 |    5374     385    5374 |     771     385     771 |    0.2   14.3    0.7
6527 |   194 |    3258 |    5335     384    5335 |     768     384     768 |    0.2   12.6    0.7
6528 |   194 |    3291 |    5385     386    5385 |     771     386     771 |    0.2   13.5    0.7
6529 |   193 |    3271 |    4607     385    4607 |     770     385     770 |    0.2   10.1    0.6
6530 |   194 |    3281 |    5372     386    5372 |     772     386     772 |    0.2   13.1    0.7
6531 |   194 |    3282 |    5364     386    5364 |     771     386     771 |    0.2   12.9    0.7
6532 |   194 |    3279 |    5375     386    5375 |     771     386     771 |    0.4   15.1    0.9
6533 |   194 |    3280 |    4616     385    4616 |     771     385     771 |    0.3    9.9    0.6
6534 |   194 |    3279 |    4613     385    4613 |     770     385     770 |    0.2   10.0    0.6
6535 |   194 |    3280 |    5369     385    5369 |     770     385     770 |    0.2   14.2    0.7
6536 |   194 |    3277 |    5365     386    5365 |     773     386     773 |    0.2   13.8    0.7
6537 |   190 |    3219 |    4561     383    4561 |     765     383     765 |    0.1    9.8    0.6
6538 |   194 |    3290 |    5380     385    5380 |     771     385     771 |    0.2   13.8    0.7
6539 |   194 |    3250 |    4599     383    4599 |     767     383     767 |    0.2   10.0    0.6
6540 |   194 |    3268 |    5350     384    5350 |     768     384     768 |    0.2   13.1    0.7
6541 |   194 |    2668 |    5339     384    5339 |     770     385     770 |    0.2   10.2    0.6
6542 |   194 |    2114 |    5362     386    5362 |     772     386     772 |    0.2   13.3    0.8
6543 |   194 |    3280 |    5366     385    5366 |     770     385     770 |    0.2   13.3    0.7
6544 |   194 |    3282 |    5369     385    5369 |     770     385     770 |    0.2   13.4    0.7
6545 |   193 |    3253 |    5333     387    5333 |     777     387     777 |    0.2   13.0    0.9
6546 |   192 |    3235 |    4580     383    4580 |     765     383     765 |    0.2   10.1    0.6
6547 |   193 |    3263 |    5350     384    5350 |     768     384     768 |    0.2   14.3    0.7
6548 |   193 |    3265 |    5361     384    5361 |     768     384     768 |    0.2   13.4    0.7
6549 |   194 |    2681 |    5364     384    5364 |     769     384     769 |    0.2   13.4    0.7
6550 |   192 |    3238 |    4577     383    4577 |     765     383     765 |    0.2    9.5    0.6
6551 |   194 |    3232 |    4579     384    4579 |     768     384     768 |    0.2   10.2    0.6
6552 |   192 |    3243 |    5333     383    5333 |     766     383     766 |    0.2   13.5    0.7
6553 |   194 |    3283 |    5370     387    5370 |     773     387     773 |    0.2   13.8    0.7
6554 |   194 |    3274 |    5367     385    5367 |     768     384     768 |    0.2   13.0    0.7
6555 |   194 |    3273 |    5371     384    5371 |     769     385     769 |    0.2   14.2    0.7
6556 |   194 |    2702 |    5378     386    5378 |     773     386     773 |    0.2   10.2    0.6
6557 |   194 |    3279 |    5371     386    5371 |     772     386     772 |    0.2   13.5    0.8
6558 |   194 |    3282 |    5359     387    5359 |     774     387     774 |    0.2   13.1    1.0
6559 |   192 |    3247 |    5350     383    5350 |     766     383     766 |    0.2   13.1    0.7
6560 |   193 |    3262 |    5357     384    5357 |     768     384     768 |    0.2   14.2    0.7
6561 |   193 |    3268 |    5363     384    5363 |     769     384     769 |    0.2   14.4    0.7
6562 |   193 |    3268 |    5362     384    5362 |     769     384     769 |    0.2   13.8    0.7
6563 |   194 |    2285 |    5377     385    5377 |     770     385     770 |    0.2   13.5    0.8
6564 |   194 |    3286 |    5379     385    5379 |     770     385     770 |    0.3   14.0    0.7
6565 |   194 |    3285 |    5377     385    5377 |     770     385     770 |    0.2   13.2    0.7
6566 |   193 |    3259 |    5356     384    5356 |     769     384     769 |    0.2   14.1    0.7
6567 |   193 |    3266 |    5360     384    5360 |     768     384     768 |    0.2   13.5    0.7
6568 |   194 |    2493 |    5365     384    5365 |     769     384     769 |    0.2   10.2    0.6
6569 |   194 |    2507 |    5376     386    5376 |     772     386     772 |    0.3   14.1    1.0
6570 |   194 |    2486 |    5319     386    5319 |     772     386     772 |    0.2    9.5    0.6
6571 |   194 |    2105 |    5365     385    5365 |     769     385     769 |    0.2   13.5    0.7
6572 |   194 |    3272 |    5365     385    5365 |     770     385     770 |    0.2   14.6    0.9
6573 |   194 |    3278 |    5370     385    5370 |     770     385     770 |    0.2   13.2    0.7
6574 |   193 |    3249 |    4593     384    4593 |     768     384     768 |    0.1   11.3    0.8
6575 |   194 |    3269 |    5351     386    5351 |     772     386     772 |    0.3   10.7    0.6
6576 |   194 |    3259 |    5365     385    5365 |     770     385     770 |    0.2   14.1    0.7
6577 |   193 |    3267 |    5363     385    5363 |     770     385     770 |    0.2   12.9    0.7
6578 |   194 |    3283 |    5369     385    5369 |     770     385     770 |    0.2   13.3    0.8
6579 |   194 |    3286 |    5379     385    5379 |     771     385     771 |    0.3   13.6    0.9
6580 |   194 |    3277 |    5370     384    5370 |     769     384     769 |    0.3   13.8    0.7
6581 |   192 |    3215 |    4563     382    4563 |     765     383     765 |    0.1   10.4    0.6
6582 |   194 |    3291 |    5378     386    5378 |     772     386     772 |    0.2   13.5    0.7
6583 |   193 |    3267 |    5359     384    5359 |     768     384     768 |    0.2   13.0    0.7
6584 |   194 |    3261 |    4607     384    4607 |     768     384     768 |    0.2    9.1    0.7
6585 |   194 |    2670 |    4592     384    4592 |     768     384     768 |    0.2   11.1    0.6
6586 |   194 |    3274 |    5368     386    5368 |     773     386     773 |    0.2   13.1    0.7
6587 |   194 |    3275 |    5371     385    5371 |     769     385     769 |    0.2   12.7    0.7
6588 |   192 |    3249 |    5348     383    5348 |     766     383     766 |    0.2   13.3    0.7
6589 |   190 |    3211 |    4545     383    4545 |     765     383     765 |    0.1    9.6    0.6
6590 |   194 |    3242 |    4585     384    4585 |     769     384     769 |    0.2   10.0    0.6
6591 |   194 |    3276 |    5360     385    5360 |     770     385     770 |    0.2   13.3    0.7
6592 |   194 |    3271 |    5367     385    5367 |     770     385     770 |    0.2   13.1    0.7
6593 |   193 |    3240 |    4585     383    4585 |     767     383     767 |    0.2   10.2    0.6
6594 |   194 |    3274 |    5373     385    5373 |     769     385     769 |    0.2   14.1    0.7
6595 |   194 |    3278 |    5367     384    5367 |     768     384     768 |    0.2   13.7    0.8
6596 |   194 |    3275 |    5366     385    5366 |     770     385     770 |    0.3   12.8    0.9
6597 |   194 |    3277 |    5372     384    5372 |     769     384     769 |    0.2   14.8    0.8
6598 |   194 |    3277 |    5374     385    5374 |     770     385     770 |    0.2   15.4    0.7
6599 |   194 |    3273 |    5364     384    5364 |     769     384     769 |    0.2   12.4    0.8
6600 |   194 |    3248 |    4595     384    4595 |     769     384     769 |    0.2   10.2    0.6
6601 |   194 |    3267 |    5357     384    5357 |     768     384     768 |    0.2   15.9    0.9
6602 |   194 |    3278 |    5362     385    5362 |     769     385     769 |    0.3   14.5    0.7
6603 |   193 |    3259 |    5349     384    5349 |     767     384     767 |    0.2   13.7    0.7
6604 |   194 |    3272 |    5373     385    5373 |     770     385     770 |    0.2   13.7    0.7
6605 |   193 |    2108 |    5362     384    5362 |     769     384     769 |    0.2   12.9    0.7
6606 |   194 |    3281 |    5379     385    5379 |     770     385     770 |    0.2   13.6    0.7
6607 |   193 |    3271 |    5365     384    5365 |     769     384     769 |    0.2   13.1    0.8
6608 |   194 |    2495 |    5360     384    5360 |     767     384     767 |    0.3   13.6    0.8
6609 |   194 |    3276 |    5368     384    5368 |     769     384     769 |    0.2   12.9    1.0
6610 |   193 |    3250 |    5344     385    5344 |     769     385     769 |    0.2    9.6    0.6
6611 |   194 |    3276 |    5360     385    5360 |     771     385     771 |    0.2   13.3    0.7
6612 |   193 |    3263 |    5363     384    5363 |     768     384     768 |    0.2   13.1    0.7
6613 |   194 |    3289 |    5380     385    5380 |     771     385     771 |    0.2   14.4    0.9
6614 |   194 |    3267 |    5357     384    5357 |     769     384     769 |    0.4   13.8    0.7
6615 |   194 |    3277 |    5351     385    5351 |     770     385     770 |    0.2   13.9    0.7
6616 |   194 |    2502 |    5372     385    5372 |     770     385     770 |    0.2   10.3    0.7
6617 |   194 |    3181 |    4528     384    4528 |     768     384     768 |    0.2    9.6    0.6
6618 |   193 |    3255 |    4601     384    4601 |     768     384     768 |    0.2   10.0    0.6
6619 |   193 |    3268 |    5356     385    5356 |     770     385     770 |    0.2   12.9    0.7
6620 |   193 |    3243 |    4590     383    4590 |     767     383     767 |    0.1    9.9    0.6
6621 |   193 |    3257 |    5357     383    5357 |     767     383     767 |    0.1   13.0    0.7
6622 |   194 |    3265 |    5354     384    5354 |     767     384     767 |    0.2   13.0    0.7
6623 |   194 |    2490 |    5357     384    5357 |     770     385     770 |    0.2   10.3    0.6
6624 |   194 |    3241 |    5332     386    5332 |     771     385     771 |    0.2   10.8    0.6
6625 |   194 |    3287 |    5376     386    5376 |     772     386     772 |    0.2   13.3    0.7
6626 |   194 |    3228 |    4577     384    4577 |     768     384     768 |    0.1    9.5    0.6
6627 |   194 |    3268 |    5371     385    5371 |     770     385     770 |    0.2   14.0    0.9
6628 |   194 |    3253 |    4601     384    4601 |     768     384     768 |    0.2    9.6    0.6
6629 |   194 |    3272 |    5374     386    5374 |     772     386     772 |    0.2   13.3    0.7
6630 |   194 |    3273 |    5354     384    5354 |     769     384     769 |    0.2   13.7    0.8
6631 |   194 |    3276 |    5363     385    5363 |     770     385     770 |    0.2   13.4    0.8
6632 |   193 |    3267 |    5367     384    5367 |     769     384     769 |    0.2   13.5    0.7
6633 |   194 |    3272 |    5353     384    5353 |     769     384     769 |    0.2   13.5    0.7
6634 |   194 |    3284 |    5368     386    5368 |     772     386     772 |    0.3   13.1    0.7
6635 |   194 |    3234 |    4580     383    4580 |     767     383     767 |    0.1    9.7    0.6
6636 |   194 |    3241 |    4585     384    4585 |     769     384     769 |    0.1   10.5    0.7
6637 |   194 |    3279 |    5370     386    5370 |     771     386     771 |    0.3   13.4    0.7
6638 |   194 |    3251 |    5322     384    5322 |     768     384     768 |    0.2   13.5    0.7
6639 |   194 |    3267 |    5344     385    5344 |     771     385     771 |    0.2   13.4    0.7
6640 |   194 |    3266 |    5369     384    5369 |     769     384     769 |    0.2   13.6    0.7
6641 |   194 |    2107 |    5367     385    5367 |     770     385     770 |    0.2   13.3    0.7
6642 |   194 |    3285 |    5383     385    5383 |     770     385     770 |    0.2   14.2    0.7
6643 |   194 |    3272 |    5358     385    5358 |     769     385     769 |    0.2   13.4    0.7
6644 |   192 |    3246 |    4592     383    4592 |     766     383     766 |    0.2    9.4    0.6
6645 |   194 |    3272 |    5367     385    5367 |     769     385     769 |    0.2   13.2    0.7
6646 |   194 |    3277 |    5358     384    5358 |     769     384     769 |    0.2   14.0    0.7
6647 |   194 |    3261 |    5334     384    5334 |     769     384     769 |    0.1   13.1    0.7
6648 |   194 |    3286 |    5372     386    5372 |     772     386     772 |    0.2   14.2    0.9
6649 |   193 |    3271 |    5361     384    5361 |     769     384     769 |    0.3   14.1    0.8
6650 |   193 |    3269 |    5364     384    5364 |     769     384     769 |    0.3   14.1    0.7
6651 |   191 |    3217 |    4548     383    4548 |     765     383     765 |    0.1    9.9    0.6
6652 |   194 |    3286 |    5376     385    5376 |     771     385     771 |    0.2   13.6    0.7
6653 |   194 |    2512 |    5380     385    5380 |     771     385     771 |    0.2   10.1    0.6
6654 |   194 |    3280 |    5366     385    5366 |     771     385     771 |    0.2   13.2    0.7
6655 |   190 |    3209 |    4546     383    4546 |     765     383     765 |    0.1    9.0    0.6
6656 |   194 |    3282 |    5379     385    5379 |     771     385     771 |    0.2   13.9    0.7
6657 |   194 |    3274 |    5359     385    5359 |     770     385     770 |    0.3   12.5    0.7
6658 |   194 |    3289 |    5375     385    5375 |     771     385     771 |    0.2   13.4    0.8
6659 |   194 |    3282 |    5371     386    5371 |     772     386     772 |    0.2   13.7    0.8
6660 |   194 |    2690 |    5339     385    5339 |     772     385     772 |    0.2    9.9    0.6
6661 |   191 |    2263 |    4554     383    4554 |     765     383     765 |    0.2   10.3    0.6
6662 |   194 |    3284 |    4614     385    4614 |     769     385     769 |    0.2   10.2    0.7
6663 |   193 |    3255 |    5362     384    5362 |     768     384     768 |    0.2   13.9    0.7
6664 |   192 |    3250 |    5351     384    5351 |     767     384     767 |    0.2   13.1    0.7
6665 |   193 |    3203 |    5289     384    5289 |     768     384     768 |    0.2    9.9    0.6
6666 |   194 |    3288 |    4619     386    4619 |     771     386     771 |    0.2   11.1    0.7
6667 |   194 |    3282 |    5380     385    5380 |     770     385     770 |    0.2   14.8    0.7
6668 |   194 |    3283 |    5371     386    5371 |     772     386     772 |    0.3   13.1    0.7
6669 |   192 |    3251 |    5354     383    5354 |     767     383     767 |    0.1   13.5    0.7
6670 |   194 |    3269 |    5351     384    5351 |     768     384     768 |    0.2   13.0    0.7
6671 |   194 |    3267 |    5361     385    5361 |     770     385     770 |    0.2   13.5    0.7
6672 |   194 |    3278 |    5369     385    5369 |     770     385     770 |    0.3   12.5    0.7
6673 |   194 |    2447 |    4547     384    4547 |     767     384     767 |    0.2   10.0    0.6
6674 |   194 |    3260 |    4606     384    4606 |     768     384     768 |    0.2   10.0    0.6
6675 |   194 |    3263 |    5348     384    5348 |     768     384     768 |    0.2   13.6    0.7
6676 |   193 |    3254 |    5364     384    5364 |     768     384     768 |    0.1   13.9    0.7
6677 |   194 |    3283 |    5373     385    5373 |     771     385     771 |    0.2   14.0    0.7
6678 |   194 |    2115 |    5370     385    5370 |     770     385     770 |    0.2   13.4    0.7
6679 |   194 |    3279 |    5378     385    5378 |     770     385     770 |    0.2   13.5    0.7
6680 |   193 |    3264 |    5349     384    5349 |     768     384     768 |    0.2   10.2    0.6
6681 |   194 |    3280 |    5372     384    5372 |     769     384     769 |    0.2   13.4    0.7
6682 |   193 |    2483 |    5324     385    5324 |     772     384     772 |    0.2    9.7    0.6
6683 |   194 |    3288 |    5361     386    5361 |     773     386     773 |    0.2   13.0    0.7
6684 |   194 |    3286 |    5387     385    5387 |     771     385     771 |    0.2   14.3    0.7
6685 |   194 |    3268 |    5370     385    5370 |     770     385     770 |    0.3   13.9    0.7
6686 |   194 |    3279 |    5379     385    5379 |     770     385     770 |    0.2   13.5    0.7
6687 |   194 |    3277 |    5367     384    5367 |     769     384     769 |    0.2   14.1    0.7
6688 |   194 |    3270 |    5351     384    5351 |     768     384     768 |    0.2   15.2    0.7
6689 |   193 |    3257 |    5355     384    5355 |     767     384     767 |    0.2   14.0    0.7
6690 |   194 |    3276 |    5357     385    5357 |     770     385     770 |    0.2   13.0    0.7
6691 |   194 |    3286 |    5378     385    5378 |     771     385     771 |    0.2   13.3    0.8
6692 |   194 |    3262 |    5347     385    5347 |     770     385     770 |    0.3   13.2    0.7
6693 |   193 |    3272 |    5368     384    5368 |     769     385     769 |    0.2   14.5    0.7
6694 |   194 |    3271 |    5355     384    5355 |     768     384     768 |    0.2   12.7    0.7
6695 |   194 |    3284 |    5382     385    5382 |     771     385     771 |    0.2   14.3    0.8
6696 |   193 |    3245 |    4591     383    4591 |     766     383     766 |    0.2   10.5    0.6
6697 |   194 |    3278 |    5369     385    5369 |     770     385     770 |    0.2   13.7    0.7
6698 |   193 |    3257 |    5350     384    5350 |     767     384     767 |    0.2   14.3    0.7
6699 |   194 |    3282 |    5372     385    5372 |     771     385     771 |    0.2   13.2    0.7
6700 |   194 |    2291 |    4601     384    4601 |     768     384     768 |    0.1    9.5    0.6
6701 |   194 |    3265 |    5362     385    5362 |     770     385     770 |    0.2   13.4    0.7
6702 |   194 |    3275 |    5371     385    5371 |     769     385     769 |    0.2   13.5    0.7
6703 |   194 |    3283 |    5382     385    5382 |     770     385     770 |    0.2   14.3    0.7
6704 |   194 |    3268 |    5364     384    5364 |     768     384     768 |    0.2   13.2    0.7
6705 |   194 |    3269 |    5371     385    5371 |     769     385     769 |    0.2   13.9    0.7
6706 |   194 |    3270 |    5364     385    5364 |     771     385     771 |    0.2   13.0    0.7
6707 |   194 |    3273 |    5351     385    5351 |     770     385     770 |    0.2   13.2    0.7
6708 |   194 |    3259 |    5366     384    5366 |     768     384     768 |    0.2   14.3    0.8
6709 |   194 |    3280 |    5373     385    5373 |     770     385     770 |    0.2   14.6    0.9
6710 |   194 |    3246 |    4592     384    4592 |     769     384     769 |    0.2   10.6    0.6
6711 |   194 |    2120 |    5378     386    5378 |     771     386     771 |    0.2   14.3    0.7
6712 |   194 |    3288 |    5376     385    5376 |     771     385     771 |    0.3   14.7    0.8
6713 |   194 |    2090 |    4573     383    4573 |     767     384     767 |    0.2    9.6    0.6
6714 |   194 |    3279 |    5371     385    5371 |     771     385     771 |    0.2   13.3    0.7
6715 |   194 |    3276 |    4611     385    4611 |     769     385     769 |    0.2   10.4    0.6
6716 |   193 |    3247 |    5330     383    5330 |     766     383     766 |    0.1   12.7    0.7
6717 |   194 |    3262 |    5353     384    5353 |     767     384     767 |    0.2   14.8    0.7
6718 |   194 |    3275 |    5369     385    5369 |     771     386     771 |    0.3   13.3    0.7
6719 |   193 |    3259 |    5352     384    5352 |     767     383     767 |    0.2   12.8    0.7
6720 |   194 |    3284 |    5382     385    5382 |     770     385     770 |    0.2   13.8    0.9
6721 |   194 |    3285 |    5373     386    5373 |     772     386     772 |    0.3   13.4    0.7
6722 |   194 |    3273 |    5359     385    5359 |     770     385     770 |    0.2   14.3    0.7
6723 |   194 |    3277 |    5369     384    5369 |     769     384     769 |    0.2   12.9    0.7
6724 |   194 |    3276 |    5370     385    5370 |     769     385     769 |    0.2   13.0    0.7
6725 |   194 |    2289 |    5356     385    5356 |     770     385     770 |    0.2   12.9    0.7
6726 |   194 |    3278 |    5376     385    5376 |     770     385     770 |    0.2   13.8    0.7
6727 |   194 |    3270 |    5371     384    5371 |     769     385     769 |    0.2   12.7    0.7
6728 |   194 |    2098 |    4586     384    4586 |     770     384     770 |    0.1   10.3    0.6
6729 |   194 |    2495 |    5367     385    5367 |     770     385     770 |    0.3   10.9    0.6
6730 |   194 |    3287 |    5384     385    5384 |     771     385     771 |    0.2   10.7    0.7
6731 |   194 |    2499 |    5373     385    5373 |     771     385     771 |    0.2   13.0    0.7
6732 |   194 |    3275 |    5373     385    5373 |     770     385     770 |    0.2   14.1    0.9
6733 |   193 |    3216 |    4564     383    4564 |     767     383     767 |    0.2    9.5    0.7
6734 |   194 |    3276 |    5364     385    5364 |     771     385     771 |    0.2   13.6    0.7
6735 |   194 |    3286 |    5372     386    5372 |     772     386     772 |    0.2   13.4    0.8
6736 |   194 |    3284 |    5373     385    5373 |     770     385     770 |    0.2   14.3    0.8
6737 |   194 |    3282 |    5369     386    5369 |     772     386     772 |    0.3   13.6    0.7
6738 |   193 |    3258 |    5353     384    5353 |     767     384     767 |    0.2   15.2    1.4
6739 |   194 |    3287 |    5374     385    5374 |     771     386     771 |    0.3   13.7    1.0
6740 |   194 |    3278 |    5369     384    5369 |     769     384     769 |    0.3   13.4    0.7
6741 |   194 |    3269 |    5366     385    5366 |     770     385     770 |    0.2   13.5    0.7
6742 |   194 |    2877 |    5375     385    5375 |     771     385     771 |    0.2   10.6    0.7
6743 |   193 |    3262 |    5363     384    5363 |     768     384     768 |    0.2   15.0    0.7
6744 |   193 |    2490 |    5349     384    5349 |     769     384     769 |    0.2   11.1    0.8
6745 |   194 |    3285 |    5380     386    5380 |     771     386     771 |    0.2   13.7    0.8
6746 |   194 |    3269 |    5368     385    5368 |     769     385     769 |    0.3   12.9    0.7
6747 |   194 |    3259 |    5368     385    5368 |     769     385     769 |    0.2   13.4    0.7
6748 |   193 |    2874 |    5350     383    5350 |     768     384     768 |    0.2    9.9    0.6
6749 |   194 |    2686 |    5367     384    5367 |     770     385     770 |    0.2   13.6    0.7
6750 |   194 |    3259 |    5364     384    5364 |     768     384     768 |    0.2   12.8    0.7
6751 |   193 |    3265 |    5362     384    5362 |     768     384     768 |    0.2   13.0    0.7
6752 |   194 |    3278 |    5374     386    5374 |     771     386     771 |    0.2   13.7    0.7
6753 |   194 |    3277 |    5375     386    5375 |     772     386     772 |    0.2   13.2    0.7
6754 |   194 |    3282 |    5378     385    5378 |     771     385     771 |    0.2   14.1    0.8
6755 |   192 |    3246 |    5340     383    5340 |     766     383     766 |    0.2   13.9    0.7
6756 |   194 |    3275 |    5361     385    5361 |     770     385     770 |    0.2    9.9    0.6
6757 |   194 |    3277 |    5372     384    5372 |     769     384     769 |    0.2   13.5    0.7
6758 |   194 |    2488 |    5361     384    5361 |     768     384     768 |    0.2   13.6    0.7
6759 |   193 |    3050 |    5364     384    5364 |     769     384     769 |    0.3    9.9    0.6
6760 |   194 |    3265 |    4605     385    4605 |     772     386     772 |    0.2    9.8    0.7
6761 |   194 |    3277 |    5368     384    5368 |     768     384     768 |    0.2   14.3    0.7
6762 |   194 |    3287 |    5377     385    5377 |     771     385     771 |    0.2   16.1    0.7
6763 |   193 |    3263 |    5359     384    5359 |     768     384     768 |    0.2   13.6    0.7
6764 |   192 |    3250 |    5352     383    5352 |     767     384     767 |    0.2   13.1    0.7
6765 |   193 |    3258 |    5348     383    5348 |     767     383     767 |    0.1   13.4    0.7
6766 |   194 |    3260 |    5339     384    5339 |     767     384     767 |    0.2   13.1    0.8
6767 |   194 |    3180 |    4533     384    4533 |     769     384     769 |    0.2   10.3    0.6
6768 |   193 |    3270 |    5356     385    5356 |     770     385     770 |    0.2   12.9    0.7
6769 |   194 |    3268 |    5366     384    5366 |     768     384     768 |    0.2   13.9    0.7
6770 |   194 |    2281 |    5373     385    5373 |     770     385     770 |    0.2   13.7    0.7
6771 |   193 |    3260 |    5355     383    5355 |     769     385     769 |    0.2   13.4    0.7
6772 |   192 |    3199 |    4548     382    4548 |     766     383     766 |    0.1    9.4    0.7
6773 |   194 |    3245 |    5302     384    5302 |     768     384     768 |    0.2   15.0    0.8
6774 |   193 |    3271 |    5358     385    5358 |     770     385     770 |    0.2   14.4    0.9
6775 |   193 |    2103 |    5359     384    5359 |     769     384     769 |    0.2   13.2    0.7
6776 |   194 |    3282 |    5374     385    5374 |     770     385     770 |    0.2   13.5    0.7
6777 |   194 |    3286 |    5377     385    5377 |     770     385     770 |    0.2   14.9    0.7
6778 |   194 |    3290 |    5383     386    5383 |     771     386     771 |    0.2   13.7    0.7
6779 |   194 |    2696 |    5372     385    5372 |     770     385     770 |    0.2   10.1    0.6
6780 |   194 |    3277 |    5363     385    5363 |     769     385     769 |    0.3   13.3    0.8
6781 |   194 |    3274 |    5363     385    5363 |     770     385     770 |    0.2   13.0    0.7
6782 |   193 |    2287 |    5359     384    5359 |     769     384     769 |    0.2   14.1    0.7
6783 |   194 |    2499 |    5362     385    5362 |     771     385     771 |    0.2    9.5    0.6
6784 |   194 |    3275 |    5364     385    5364 |     770     385     770 |    0.2   13.5    0.7
6785 |   194 |    3250 |    4596     384    4596 |     769     384     769 |    0.2   10.0    0.6
6786 |   193 |    3257 |    5348     384    5348 |     767     384     767 |    0.2   13.1    0.7
6787 |   194 |    3270 |    5368     384    5368 |     769     384     769 |    0.2   13.2    0.7
6788 |   194 |    3280 |    5371     384    5371 |     769     384     769 |    0.2   13.1    0.7
6789 |   193 |    3272 |    5370     384    5370 |     769     384     769 |    0.2   13.4    0.7
6790 |   194 |    3273 |    5354     384    5354 |     769     384     769 |    0.2   13.4    0.7
6791 |   194 |    2113 |    5366     386    5366 |     771     386     771 |    0.2   12.6    0.7
6792 |   193 |    3267 |    5359     385    5359 |     770     385     770 |    0.2   13.3    0.7
6793 |   194 |    3288 |    5369     386    5369 |     772     386     772 |    0.2   12.1    0.7
6794 |   194 |    3292 |    5379     385    5379 |     772     385     772 |    0.2   14.4    0.7
6795 |   194 |    2114 |    5361     384    5361 |     770     384     770 |    0.2   13.3    0.7
6796 |   193 |    3275 |    5366     385    5366 |     769     385     769 |    0.2   13.4    0.7
6797 |   194 |    3280 |    5375     385    5375 |     771     385     771 |    0.2   15.8    1.0
6798 |   194 |    2681 |    5373     385    5373 |     770     385     770 |    0.3   10.7    0.6
6799 |   193 |    3269 |    5366     384    5366 |     768     384     768 |    0.2   13.6    0.7
6800 |   193 |    3257 |    5357     383    5357 |     767     383     767 |    0.2   13.6    1.0
6801 |   194 |    3276 |    5367     384    5367 |     768     384     768 |    0.2   13.2    0.7
6802 |   194 |    2696 |    5373     385    5373 |     770     385     770 |    0.2   10.9    0.6
6803 |   192 |    3194 |    4548     383    4548 |     765     383     765 |    0.1    9.6    0.6
6804 |   194 |    2509 |    5361     386    5361 |     772     386     772 |    0.3   10.8    0.6
6805 |   194 |    3272 |    5371     385    5371 |     770     385     770 |    0.2   12.4    0.7
6806 |   193 |    3258 |    5350     383    5350 |     767     384     767 |    0.1   13.6    0.7
6807 |   194 |    2288 |    5365     384    5365 |     769     384     769 |    0.2   13.9    0.7
6808 |   194 |    3275 |    5369     386    5369 |     771     386     771 |    0.2   15.4    0.7
6809 |   194 |    3275 |    5365     384    5365 |     768     384     768 |    0.2   13.6    0.7
6810 |   194 |    3275 |    5368     385    5368 |     770     385     770 |    0.2   13.3    0.7
6811 |   194 |    3283 |    5380     385    5380 |     771     385     771 |    0.2   13.8    0.7
6812 |   194 |    3288 |    5378     386    5378 |     772     386     772 |    0.2   14.0    0.7
6813 |   194 |    3269 |    5365     385    5365 |     770     385     770 |    0.2   15.0    0.7
6814 |   194 |    3269 |    5354     386    5354 |     771     386     771 |    0.2   13.8    0.7
6815 |   194 |    3290 |    5386     385    5386 |     771     386     771 |    0.3   13.3    0.7
6816 |   193 |    2639 |    4554     383    4554 |     767     383     767 |    0.1    9.6    0.6
6817 |   194 |    3277 |    5377     385    5377 |     770     385     770 |    0.2   15.0    0.7
6818 |   194 |    2101 |    5369     384    5369 |     768     384     768 |    0.2   10.2    0.6
6819 |   194 |    2282 |    5358     384    5358 |     767     384     767 |    0.1    9.5    0.6
6820 |   193 |    3217 |    4565     384    4565 |     767     384     767 |    0.2    9.5    0.6
6821 |   194 |    3272 |    5379     385    5379 |     771     385     771 |    0.2   13.5    0.7
6822 |   194 |    3283 |    5380     385    5380 |     770     385     770 |    0.2   13.5    0.7
6823 |   194 |    3275 |    5369     385    5369 |     770     385     770 |    0.2    9.6    0.6
6824 |   193 |    2677 |    5342     385    5342 |     769     385     769 |    0.2   10.0    0.6
6825 |   194 |    3259 |    5362     384    5362 |     769     384     769 |    0.2   14.6    0.7
6826 |   193 |    3264 |    5362     384    5362 |     768     384     768 |    0.2   14.3    0.7
6827 |   194 |    3284 |    5374     385    5374 |     770     385     770 |    0.2   13.8    0.8
6828 |   192 |    2472 |    5316     384    5316 |     769     384     769 |    0.2    9.7    0.6
6829 |   194 |    3268 |    5364     386    5364 |     771     386     771 |    0.2   15.3    1.0
6830 |   194 |    2889 |    5345     387    5345 |     774     387     774 |    0.4   10.1    0.6
6831 |   194 |    3249 |    4593     384    4593 |     768     384     768 |    0.1    9.9    0.6
6832 |   193 |    2688 |    5356     385    5356 |     770     385     770 |    0.2   10.0    0.6
6833 |   194 |    3279 |    5367     385    5367 |     770     385     770 |    0.2   13.9    0.8
6834 |   194 |    2874 |    5370     386    5370 |     772     386     772 |    0.2   14.1    0.7
6835 |   194 |    3256 |    5361     383    5361 |     768     384     768 |    0.2   13.3    0.7
6836 |   193 |    3270 |    5369     384    5369 |     768     384     768 |    0.2   13.6    0.7
6837 |   194 |    3278 |    5369     385    5369 |     771     386     771 |    0.2   12.7    0.7
6838 |   192 |    2269 |    5350     383    5350 |     766     383     766 |    0.1   13.4    0.7
6839 |   194 |    3291 |    5378     385    5378 |     771     385     771 |    0.2   13.3    0.7
6840 |   194 |    2499 |    5364     384    5364 |     769     384     769 |    0.2   10.3    1.0
6841 |   193 |    3271 |    5356     384    5356 |     770     384     770 |    0.3   13.1    0.7
6842 |   194 |    3272 |    5366     385    5366 |     770     385     770 |    0.2   13.3    0.7
6843 |   194 |    3269 |    5360     384    5360 |     770     384     770 |    0.2   13.3    0.8
6844 |   194 |    3277 |    5375     385    5375 |     769     385     769 |    0.2   13.4    1.0
6845 |   194 |    3256 |    4606     384    4606 |     768     384     768 |    0.2    9.8    0.6
6846 |   193 |    3255 |    5349     383    5349 |     766     383     766 |    0.2   14.0    0.7
6847 |   193 |    3261 |    5356     384    5356 |     768     384     768 |    0.2   13.6    0.8
6848 |   193 |    3260 |    5361     384    5361 |     768     384     768 |    0.2   12.5    0.7
6849 |   193 |    3262 |    5356     383    5356 |     767     383     767 |    0.2   13.4    0.7
6850 |   194 |    3288 |    5365     386    5365 |     773     386     773 |    0.2   13.9    0.7
6851 |   194 |    3245 |    5341     385    5341 |     771     385     771 |    0.2   10.0    0.6
6852 |   192 |    2084 |    4572     383    4572 |     766     383     766 |    0.1   12.9    0.8
6853 |   193 |    3268 |    5364     384    5364 |     769     384     769 |    0.3   12.8    0.7
6854 |   192 |    3245 |    5346     383    5346 |     765     383     765 |    0.2   13.9    0.8
6855 |   194 |    3253 |    5337     384    5337 |     767     384     767 |    0.2   13.2    0.8
6856 |   193 |    3266 |    5361     384    5361 |     768     384     768 |    0.2   12.7    0.7
6857 |   194 |    3277 |    5369     385    5369 |     770     385     770 |    0.2   13.2    0.8
6858 |   193 |    3266 |    5353     383    5353 |     769     384     769 |    0.2   13.8    0.7
6859 |   194 |    3290 |    5380     385    5380 |     771     385     771 |    0.2   13.5    0.7
6860 |   193 |    3267 |    5362     384    5362 |     768     384     768 |    0.3   13.3    0.7
6861 |   194 |    3285 |    5367     385    5367 |     772     386     772 |    0.2   14.0    0.7
6862 |   194 |    3272 |    5357     385    5357 |     770     385     770 |    0.2   13.1    0.7
6863 |   193 |    3236 |    4580     383    4580 |     768     383     768 |    0.1    9.8    0.6
6864 |   194 |    3285 |    5379     385    5379 |     770     385     770 |    0.3   14.6    0.7
6865 |   194 |    2287 |    4582     384    4582 |     768     384     768 |    0.2   10.5    0.6
6866 |   193 |    3266 |    5364     384    5364 |     768     384     768 |    0.2   15.1    0.7
6867 |   194 |    3272 |    5363     385    5363 |     771     385     771 |    0.2   13.2    0.7
6868 |   194 |    3284 |    5373     385    5373 |     771     385     771 |    0.2   13.4    0.7
6869 |   194 |    3277 |    5364     385    5364 |     770     385     770 |    0.3   13.6    0.9
6870 |   194 |    3272 |    5359     384    5359 |     768     384     768 |    0.3   14.1    0.7
6871 |   191 |    3226 |    4571     383    4571 |     765     383     765 |    0.2    9.9    0.7
6872 |   194 |    3265 |    5362     384    5362 |     768     384     768 |    0.3   12.9    0.8
6873 |   194 |    3274 |    5360     385    5360 |     771     385     771 |    0.2   13.9    0.8
6874 |   194 |    3279 |    5371     385    5371 |     769     385     769 |    0.2   13.3    0.7
6875 |   192 |    3205 |    4548     384    4548 |     769     384     769 |    0.2    9.9    0.6
6876 |   194 |    3290 |    5377     386    5377 |     772     386     772 |    0.2   13.8    0.7
6877 |   194 |    3278 |    5367     385    5367 |     770     384     770 |    0.2   14.6    0.7
6878 |   194 |    3287 |    5361     387    5361 |     774     387     774 |    0.2   14.2    0.8
6879 |   194 |    3287 |    5373     386    5373 |     771     386     771 |    0.2   13.4    0.7
6880 |   194 |    2502 |    5349     386    5349 |     772     386     772 |    0.2   12.8    0.6
6881 |   194 |    2490 |    5367     386    5367 |     771     386     771 |    0.2   14.1    0.7
6882 |   194 |    3278 |    5374     385    5374 |     770     385     770 |    0.2   13.8    0.7
6883 |   193 |    2101 |    5345     383    5345 |     767     383     767 |    0.2   15.5    1.0
6884 |   194 |    3274 |    5379     385    5379 |     770     385     770 |    0.3   13.8    0.8
6885 |   193 |    3265 |    5365     384    5365 |     768     384     768 |    0.3   12.9    0.7
6886 |   193 |    3261 |    5362     384    5362 |     768     384     768 |    0.2   14.9    0.7
6887 |   194 |    3280 |    5382     385    5382 |     770     385     770 |    0.2   16.3    1.0
6888 |   194 |    3280 |    5372     385    5372 |     771     385     771 |    0.3   13.4    0.9
6889 |   194 |    3281 |    5375     385    5375 |     770     385     770 |    0.2   13.6    0.7
6890 |   190 |    3178 |    4519     383    4519 |     765     383     765 |    0.3   10.0    0.6
6891 |   194 |    3283 |    5367     385    5367 |     770     385     770 |    0.2   14.5    0.7
6892 |   194 |    3262 |    5367     384    5367 |     769     385     769 |    0.2   13.1    0.8
6893 |   194 |    3276 |    5371     385    5371 |     771     385     771 |    0.2   13.3    0.8
6894 |   193 |    3268 |    5363     384    5363 |     768     384     768 |    0.2   14.2    0.7
6895 |   193 |    2497 |    5363     385    5363 |     769     385     769 |    0.2   10.6    0.7
6896 |   194 |    3283 |    5371     385    5371 |     771     385     771 |    0.4   13.2    0.9
6897 |   194 |    3277 |    5366     385    5366 |     769     385     769 |    0.3   15.2    0.7
6898 |   194 |    3274 |    5365     384    5365 |     769     384     769 |    0.2   13.7    0.7
6899 |   193 |    3272 |    5365     384    5365 |     769     384     769 |    0.2   13.7    1.0
6900 |   191 |    3225 |    4568     383    4568 |     765     383     765 |    0.2   10.0    0.6
6901 |   194 |    3279 |    5370     385    5370 |     770     385     770 |    0.2   13.7    0.7
6902 |   194 |    3287 |    5361     387    5361 |     774     387     774 |    0.2   13.6    0.7
6903 |   194 |    3271 |    5362     384    5362 |     768     384     768 |    0.2   13.8    0.7
6904 |   192 |    2099 |    5322     384    5322 |     769     384     769 |    0.2   10.1    0.8
6905 |   194 |    3289 |    5380     385    5380 |     771     385     771 |    0.3   13.1    0.7
6906 |   194 |    3228 |    4576     384    4576 |     767     384     767 |    0.1    9.9    0.6
6907 |   194 |    3273 |    5365     385    5365 |     771     385     771 |    0.2   13.1    0.7
6908 |   194 |    3272 |    5363     385    5363 |     770     385     770 |    0.2   14.8    0.7
6909 |   190 |    3205 |    4540     383    4540 |     765     383     765 |    0.4    9.2    0.5
6910 |   193 |    3247 |    5337     383    5337 |     766     383     766 |    0.2   13.5    0.7
6911 |   193 |    3219 |    4566     383    4566 |     767     383     767 |    0.2    9.4    0.6
6912 |   194 |    3272 |    5378     385    5378 |     770     385     770 |    0.2   13.8    0.7
6913 |   193 |    3256 |    4600     383    4600 |     767     384     767 |    0.2    9.8    0.6
6914 |   194 |    3288 |    5373     386    5373 |     771     386     771 |    0.2   13.1    0.7
6915 |   194 |    3283 |    5375     386    5375 |     771     385     771 |    0.2   13.9    0.7
6916 |   194 |    3287 |    5378     385    5378 |     770     385     770 |    0.2   13.9    0.7
6917 |   194 |    3277 |    5363     384    5363 |     769     384     769 |    0.2   13.2    0.7
6918 |   194 |    3274 |    5362     385    5362 |     770     385     770 |    0.2   13.3    0.8
6919 |   194 |    3289 |    5381     385    5381 |     771     386     771 |    0.4   13.5    0.8
6920 |   194 |    3281 |    5379     385    5379 |     770     385     770 |    0.2   13.8    0.7
6921 |   194 |    3273 |    5359     384    5359 |     768     384     768 |    0.2   13.1    0.7
6922 |   194 |    3291 |    5381     386    5381 |     771     386     771 |    0.2   13.4    0.7
6923 |   191 |    3235 |    4581     383    4581 |     765     383     765 |    0.1    9.7    0.6
6924 |   193 |    3257 |    5353     384    5353 |     768     384     768 |    0.2   12.7    0.7
6925 |   192 |    3255 |    5350     383    5350 |     767     383     767 |    0.1   13.4    0.7
6926 |   193 |    3265 |    5360     384    5360 |     768     384     768 |    0.2   14.0    0.8
6927 |   194 |    3269 |    5355     384    5355 |     768     384     768 |    0.3   13.3    0.8
6928 |   194 |    3199 |    4552     384    4552 |     768     384     768 |    0.2   10.1    0.6
6929 |   194 |    3269 |    5367     384    5367 |     769     385     769 |    0.2   14.0    0.7
6930 |   194 |    3287 |    5373     386    5373 |     772     386     772 |    0.2   13.7    0.7
6931 |   193 |    3270 |    5365     384    5365 |     767     384     767 |    0.2   14.5    0.7
6932 |   194 |    2508 |    5378     386    5378 |     772     386     772 |    0.2   13.2    0.7
6933 |   194 |    3274 |    5370     385    5370 |     770     385     770 |    0.2   12.9    0.7
6934 |   194 |    3273 |    5358     384    5358 |     768     384     768 |    0.2   13.6    0.7
6935 |   194 |    3282 |    5371     386    5371 |     771     386     771 |    0.2   13.4    0.8
6936 |   194 |    3277 |    5357     384    5357 |     769     384     769 |    0.2   13.3    0.7
6937 |   194 |    2674 |    5363     386    5363 |     771     386     771 |    0.2   13.7    1.0
6938 |   193 |    3239 |    4588     384    4588 |     767     384     767 |    0.2   10.1    0.6
6939 |   194 |    3274 |    5371     385    5371 |     770     385     770 |    0.2   14.0    0.7
6940 |   194 |    3263 |    5342     384    5342 |     768     384     768 |    0.2   13.0    0.7
6941 |   194 |    3277 |    5376     385    5376 |     770     385     770 |    0.3   13.5    0.7
6942 |   194 |    3290 |    5385     385    5385 |     771     385     771 |    0.2   13.6    0.7
6943 |   194 |    2129 |    5359     385    5359 |     771     386     771 |    0.2   10.4    0.6
6944 |   194 |    3264 |    5352     384    5352 |     767     384     767 |    0.2   13.8    1.1
6945 |   194 |    3284 |    5377     385    5377 |     771     385     771 |    0.6   13.6    0.7
6946 |   194 |    3282 |    5370     385    5370 |     771     385     771 |    0.2   13.2    0.7
6947 |   194 |    3280 |    5355     385    5355 |     770     385     770 |    0.2   13.6    0.7
6948 |   194 |    3275 |    5371     385    5371 |     770     385     770 |    0.2   13.7    0.7
6949 |   194 |    3279 |    5368     386    5368 |     772     386     772 |    0.2   13.0    0.7
6950 |   194 |    3290 |    5379     385    5379 |     771     385     771 |    0.2   13.6    0.7
6951 |   194 |    3279 |    5374     386    5374 |     772     386     772 |    0.2   13.2    0.7
6952 |   192 |    3226 |    4560     383    4560 |     765     383     765 |    0.1    9.9    0.7
6953 |   192 |    3244 |    4588     383    4588 |     766     383     766 |    0.2    9.7    0.6
6954 |   194 |    3274 |    5364     384    5364 |     768     384     768 |    0.2   13.4    0.7
6955 |   192 |    3224 |    5309     383    5309 |     766     383     766 |    0.2   12.8    0.7
6956 |   194 |    3272 |    5361     384    5361 |     768     384     768 |    0.2   14.2    0.7
6957 |   194 |    3265 |    5359     384    5359 |     767     384     767 |    0.2   13.7    0.9
6958 |   192 |    3243 |    5341     383    5341 |     765     383     765 |    0.2   13.6    0.8
6959 |   194 |    2102 |    4594     384    4594 |     768     384     768 |    0.2    9.9    0.6
6960 |   194 |    3284 |    5377     386    5377 |     772     386     772 |    0.2   14.6    0.7
6961 |   194 |    3285 |    5381     385    5381 |     771     385     771 |    0.3   12.8    0.7
6962 |   194 |    3272 |    5364     385    5364 |     770     385     770 |    0.3   14.2    0.7
6963 |   193 |    3259 |    5361     384    5361 |     769     384     769 |    0.2   13.9    0.7
6964 |   194 |    3284 |    5374     386    5374 |     771     386     771 |    0.2   14.1    0.7
6965 |   192 |    3240 |    5323     383    5323 |     766     383     766 |    0.2   13.8    0.7
6966 |   194 |    3284 |    5371     386    5371 |     771     386     771 |    0.2   13.1    0.7
6967 |   194 |    2291 |    4603     385    4603 |     769     385     769 |    0.2   10.8    0.6
6968 |   194 |    3271 |    5368     385    5368 |     769     385     769 |    0.3   13.2    0.7
6969 |   194 |    3281 |    5370     386    5370 |     772     386     772 |    0.2   13.3    0.7
6970 |   194 |    2284 |    4584     383    4584 |     767     384     767 |    0.2    9.5    0.6
6971 |   194 |    3272 |    5358     384    5358 |     768     384     768 |    0.2   13.5    0.7
6972 |   192 |    3243 |    5338     383    5338 |     766     383     766 |    0.2   13.0    0.7
6973 |   194 |    2105 |    5364     384    5364 |     768     384     768 |    0.2   13.5    0.7
6974 |   193 |    3258 |    5361     384    5361 |     768     384     768 |    0.2   13.0    0.7
6975 |   194 |    3278 |    5374     385    5374 |     770     385     770 |    0.2   12.8    0.7
6976 |   194 |    3284 |    5367     385    5367 |     772     386     772 |    0.3   13.7    0.8
6977 |   192 |    2430 |    4528     382    4528 |     765     383     765 |    0.2    9.3    0.6
6978 |   194 |    3273 |    5376     385    5376 |     771     385     771 |    0.2   13.5    0.7
6979 |   194 |    3282 |    5370     385    5370 |     770     385     770 |    0.2   12.8    0.7
6980 |   194 |    3273 |    5370     385    5370 |     770     385     770 |    0.2   13.3    0.7
6981 |   194 |    3277 |    5375     385    5375 |     770     385     770 |    0.2   20.7    0.8
6982 |   194 |    3275 |    5365     386    5365 |     771     386     771 |    0.4   14.2    0.8
6983 |   193 |    3257 |    5349     383    5349 |     767     383     767 |    0.2   13.5    0.7
6984 |   194 |    3276 |    5355     385    5355 |     770     385     770 |    0.3   13.8    0.7
6985 |   194 |    2880 |    5354     385    5354 |     770     385     770 |    0.2   10.1    0.6
6986 |   194 |    3287 |    5375     386    5375 |     771     386     771 |    0.2   13.0    0.7
6987 |   194 |    2268 |    4558     384    4558 |     768     384     768 |    0.1   10.0    0.6
6988 |   194 |    3277 |    5373     385    5373 |     770     385     770 |    0.2   13.6    0.9
6989 |   193 |    3257 |    5346     384    5346 |     767     384     767 |    0.2   13.2    0.7
6990 |   193 |    3273 |    5361     384    5361 |     770     385     770 |    0.2   13.3    0.7
6991 |   194 |    3283 |    5377     385    5377 |     771     385     771 |    0.2   13.5    0.7
6992 |   194 |    3265 |    5351     384    5351 |     767     384     767 |    0.2   13.0    0.7
6993 |   194 |    3274 |    5367     385    5367 |     771     385     771 |    0.2   12.9    0.7
6994 |   194 |    3281 |    5372     385    5372 |     770     385     770 |    0.2   13.5    0.7
6995 |   194 |    3278 |    4615     385    4615 |     770     385     770 |    0.2   12.5    0.7
6996 |   194 |    3271 |    5371     384    5371 |     770     385     770 |    0.2   13.8    0.7
6997 |   194 |    3289 |    5384     386    5384 |     772     386     772 |    0.2   13.6    0.7
6998 |   192 |    3237 |    5330     383    5330 |     765     383     765 |    0.2   13.9    0.7
6999 |   194 |    3203 |    5203     385    5203 |     770     385     770 |    0.2   12.2    0.9
7000 |   193 |    3238 |    4581     386    4581 |     771     386     771 |    0.2   10.2    0.7
7001 |   194 |    3268 |    5368     384    5368 |     769     384     769 |    0.2   14.2    0.7
7002 |   194 |    3271 |    5360     386    5360 |     773     386     773 |    0.2   12.7    0.7
7003 |   194 |    2494 |    5363     384    5363 |     770     385     770 |    0.2   13.8    0.7
7004 |   194 |    3278 |    5371     385    5371 |     770     385     770 |    0.2   13.4    0.7
7005 |   193 |    3260 |    5362     384    5362 |     768     384     768 |    0.2   14.8    0.7
7006 |   193 |    3262 |    5360     384    5360 |     768     384     768 |    0.2   13.4    0.7
7007 |   194 |    3279 |    5379     385    5379 |     770     385     770 |    0.2   13.9    0.7
7008 |   192 |    2267 |    4555     383    4555 |     766     383     766 |    0.2    9.6    0.6
7009 |   194 |    3279 |    5370     385    5370 |     770     385     770 |    0.2   13.9    0.7
7010 |   194 |    3273 |    5366     385    5366 |     770     385     770 |    0.2   13.2    0.7
7011 |   193 |    3264 |    5358     384    5358 |     769     384     769 |    0.2   13.7    0.7
7012 |   194 |    2109 |    5367     385    5367 |     770     385     770 |    0.3   13.9    0.7
7013 |   194 |    3276 |    5376     385    5376 |     770     385     770 |    0.2   13.5    0.7
7014 |   194 |    3276 |    5364     384    5364 |     768     384     768 |    0.3   13.6    0.9
7015 |   194 |    3275 |    5374     384    5374 |     769     385     769 |    0.3   14.8    0.7
7016 |   194 |    3285 |    5376     385    5376 |     771     385     771 |    0.2   15.4    0.7
7017 |   193 |    3263 |    5365     384    5365 |     769     384     769 |    0.3   13.5    0.9
7018 |   194 |    3263 |    5365     384    5365 |     769     384     769 |    0.3   13.2    0.7
7019 |   194 |    3267 |    5356     384    5356 |     767     384     767 |    0.2   14.4    0.7
7020 |   193 |    3268 |    5360     384    5360 |     768     384     768 |    0.2   13.3    0.7
7021 |   194 |    3280 |    5378     385    5378 |     770     385     770 |    0.2   13.4    0.7
7022 |   192 |    2088 |    4578     383    4578 |     766     383     766 |    0.2   11.2    0.8
7023 |   194 |    3275 |    5375     385    5375 |     770     385     770 |    0.4   18.8    1.0
7024 |   194 |    2113 |    5372     385    5372 |     770     385     770 |    0.3   14.4    0.7
7025 |   194 |    3277 |    5364     385    5364 |     769     385     769 |    0.2   14.1    0.7
7026 |   194 |    3260 |    5345     384    5345 |     767     384     767 |    0.2   13.0    0.7
7027 |   193 |    2084 |    4563     383    4563 |     767     383     767 |    0.2    9.6    0.6
7028 |   194 |    2501 |    5373     385    5373 |     770     385     770 |    0.2   13.4    0.7
7029 |   194 |    3280 |    5364     385    5364 |     771     385     771 |    0.2   13.5    0.7
7030 |   194 |    3272 |    5365     385    5365 |     769     385     769 |    0.2   13.8    0.7
7031 |   193 |    2101 |    5359     383    5359 |     768     384     768 |    0.2   13.1    0.7
7032 |   194 |    3266 |    5376     385    5376 |     770     385     770 |    0.2   12.9    0.7
7033 |   194 |    3275 |    5364     385    5364 |     771     385     771 |    0.2   14.2    0.7
7034 |   193 |    3258 |    5358     383    5358 |     768     383     768 |    0.2   13.4    0.7
7035 |   194 |    3245 |    4588     384    4588 |     769     384     769 |    0.1   10.1    0.6
7036 |   193 |    3270 |    4604     384    4604 |     768     384     768 |    0.2   10.1    0.6
7037 |   194 |    3256 |    5364     384    5364 |     768     384     768 |    0.2   14.1    0.7
7038 |   192 |    3248 |    5351     383    5351 |     766     383     766 |    0.2   14.0    0.7
7039 |   194 |    3283 |    5372     385    5372 |     771     385     771 |    0.2   12.9    0.7
7040 |   194 |    3276 |    5358     384    5358 |     770     385     770 |    0.2   13.4    0.7
7041 |   194 |    3285 |    5382     386    5382 |     771     385     771 |    0.2   14.6    0.9
7042 |   194 |    2488 |    5345     385    5345 |     771     385     771 |    0.3   10.1    0.8
7043 |   194 |    2288 |    5362     384    5362 |     769     384     769 |    0.3   15.0    0.7
7044 |   194 |    3280 |    5380     385    5380 |     770     385     770 |    0.2   10.9    0.6
7045 |   194 |    3276 |    5364     385    5364 |     770     385     770 |    0.2   13.2    0.7
7046 |   193 |    3266 |    5359     385    5359 |     769     385     769 |    0.2   13.1    0.7
7047 |   194 |    3232 |    4587     384    4587 |     768     384     768 |    0.2   10.4    0.6
7048 |   194 |    3281 |    5374     385    5374 |     769     385     769 |    0.2   13.9    0.8
7049 |   194 |    3283 |    5374     385    5374 |     769     385     769 |    0.2   13.9    0.7
7050 |   193 |    3263 |    5365     384    5365 |     768     384     768 |    0.2   13.5    0.7
7051 |   194 |    3280 |    5370     385    5370 |     771     385     771 |    0.3   13.1    0.9
7052 |   194 |    3264 |    5371     384    5371 |     769     384     769 |    0.2   13.2    0.7
7053 |   194 |    3268 |    5372     384    5372 |     769     384     769 |    0.2   13.9    0.7
7054 |   194 |    3253 |    5324     384    5324 |     767     384     767 |    0.1   13.2    0.7
7055 |   194 |    3282 |    5376     385    5376 |     770     385     770 |    0.2   11.8    0.7
7056 |   194 |    2120 |    5371     384    5371 |     769     384     769 |    0.3   10.3    0.6
7057 |   194 |    2104 |    4603     384    4603 |     768     384     768 |    0.2    9.8    0.6
7058 |   194 |    3284 |    5380     385    5380 |     770     385     770 |    0.2   13.8    0.7
7059 |   194 |    3281 |    5380     385    5380 |     770     385     770 |    0.2   15.7    0.8
7060 |   194 |    3275 |    5374     385    5374 |     771     385     771 |    0.3   13.6    0.7
7061 |   194 |    3293 |    5385     385    5385 |     771     386     771 |    0.2   13.3    0.7
7062 |   194 |    3276 |    5359     386    5359 |     771     386     771 |    0.2   13.1    0.7
7063 |   193 |    3263 |    5363     384    5363 |     768     384     768 |    0.2   13.3    0.7
7064 |   193 |    3267 |    5363     384    5363 |     768     384     768 |    0.2   14.2    0.9
7065 |   194 |    2107 |    5345     385    5345 |     770     385     770 |    0.2   14.2    0.9
7066 |   192 |    3238 |    4582     385    4582 |     770     385     770 |    0.2   10.0    0.6
7067 |   194 |    3271 |    5367     385    5367 |     769     385     769 |    0.2   13.4    0.7
7068 |   194 |    3268 |    5348     384    5348 |     768     384     768 |    0.2   13.3    0.7
7069 |   193 |    3262 |    5354     384    5354 |     768     384     768 |    0.2   14.0    0.7
7070 |   194 |    3282 |    5373     385    5373 |     770     385     770 |    0.2   16.5    0.7
7071 |   194 |    3269 |    5357     384    5357 |     770     384     770 |    0.2   15.2    0.7
7072 |   194 |    3282 |    5365     386    5365 |     771     386     771 |    0.2   14.0    0.8
7073 |   194 |    3281 |    5381     385    5381 |     770     385     770 |    0.2   13.7    0.7
7074 |   194 |    3267 |    5366     385    5366 |     770     385     770 |    0.2   12.5    0.7
7075 |   193 |    2468 |    4578     383    4578 |     767     383     767 |    0.1    9.9    0.6
7076 |   193 |    3248 |    5334     384    5334 |     768     384     768 |    0.2   13.8    0.7
7077 |   194 |    3285 |    5371     385    5371 |     770     385     770 |    0.2   13.3    0.7
7078 |   194 |    3284 |    5374     385    5374 |     770     385     770 |    0.2   13.1    0.7
7079 |   194 |    3259 |    5332     384    5332 |     768     384     768 |    0.1   12.9    0.7
7080 |   194 |    3274 |    4614     385    4614 |     770     385     770 |    0.2   10.1    0.7
7081 |   194 |    2501 |    5365     384    5365 |     768     384     768 |    0.2   10.0    0.6
7082 |   193 |    3254 |    4598     383    4598 |     767     383     767 |    0.2   10.0    0.6
7083 |   194 |    3273 |    5369     385    5369 |     770     385     770 |    0.2   13.6    0.7
7084 |   194 |    3264 |    5367     384    5367 |     769     384     769 |    0.2   13.7    0.7
7085 |   194 |    3278 |    5375     386    5375 |     772     386     772 |    0.2   13.1    0.7
7086 |   194 |    3278 |    5377     385    5377 |     770     385     770 |    0.2   13.2    0.7
7087 |   194 |    3282 |    5374     385    5374 |     770     385     770 |    0.3   14.4    0.7
7088 |   194 |    2500 |    5371     385    5371 |     769     384     769 |    0.2   14.6    0.7
7089 |   194 |    3283 |    5371     385    5371 |     770     385     770 |    0.2   13.3    0.7
7090 |   194 |    3274 |    5357     385    5357 |     770     385     770 |    0.3   13.6    0.7
7091 |   194 |    3279 |    5367     386    5367 |     771     386     771 |    0.2   14.2    0.7
7092 |   193 |    3267 |    5363     384    5363 |     769     384     769 |    0.2   13.8    0.8
7093 |   194 |    3268 |    5345     384    5345 |     768     384     768 |    0.2   12.7    0.7
7094 |   194 |    3261 |    4608     384    4608 |     768     384     768 |    0.2   10.2    0.6
7095 |   192 |    2097 |    4592     384    4592 |     767     384     767 |    0.2    9.7    0.6
7096 |   194 |    3289 |    5380     386    5380 |     771     386     771 |    0.2   13.5    0.7
7097 |   194 |    2885 |    5364     385    5364 |     771     385     771 |    0.2    9.9    0.7
7098 |   194 |    3269 |    5367     384    5367 |     768     384     768 |    0.2   13.9    0.7
7099 |   194 |    2683 |    5363     385    5363 |     770     385     770 |    0.3    9.9    0.6
7100 |   194 |    3269 |    5369     385    5369 |     769     385     769 |    0.2   14.4    0.7
7101 |   194 |    3288 |    5384     385    5384 |     770     385     770 |    0.2   15.3    0.7
7102 |   194 |    3248 |    5302     385    5302 |     770     385     770 |    0.2   12.3    0.7
7103 |   193 |    2263 |    4571     383    4571 |     766     383     766 |    0.1    9.8    0.6
7104 |   194 |    2111 |    5364     385    5364 |     770     385     770 |    0.2   13.7    0.7
7105 |   194 |    2312 |    5380     385    5380 |     771     386     771 |    0.2   13.2    0.7
7106 |   194 |    2292 |    5371     385    5371 |     770     385     770 |    0.2   13.5    0.7
7107 |   194 |    3282 |    5381     385    5381 |     771     385     771 |    0.2   13.4    0.8
7108 |   194 |    2675 |    4594     384    4594 |     769     384     769 |    0.2    9.5    0.6
7109 |   194 |    3286 |    5371     386    5371 |     772     386     772 |    0.2   13.1    0.7
7110 |   193 |    3254 |    5357     383    5357 |     767     384     767 |    0.2   13.5    0.7
7111 |   192 |    3211 |    4560     383    4560 |     766     383     766 |    0.2   10.5    0.6
7112 |   194 |    3282 |    5371     385    5371 |     770     385     770 |    0.3   13.2    0.7
7113 |   194 |    3275 |    5371     385    5371 |     770     385     770 |    0.2   14.1    0.7
7114 |   194 |    3272 |    5374     385    5374 |     770     385     770 |    0.2   13.0    0.7
7115 |   194 |    3279 |    5368     385    5368 |     771     385     771 |    0.2   12.5    0.7
7116 |   194 |    3283 |    5377     385    5377 |     770     385     770 |    0.2   13.6    0.7
7117 |   194 |    2119 |    5360     386    5360 |     773     386     773 |    0.2   13.1    0.7
7118 |   194 |    3268 |    5353     384    5353 |     768     384     768 |    0.2   12.9    0.7
7119 |   194 |    3282 |    5375     385    5375 |     769     385     769 |    0.3   13.1    0.7
7120 |   194 |    3286 |    5381     386    5381 |     772     385     772 |    0.2   13.6    0.7
7121 |   194 |    3286 |    5380     385    5380 |     770     385     770 |    0.2   14.0    0.8
7122 |   194 |    3285 |    5378     385    5378 |     772     385     772 |    0.3   13.8    0.8
7123 |   194 |    3289 |    5380     386    5380 |     771     386     771 |    0.2   13.7    0.7
7124 |   193 |    2884 |    5331     386    5331 |     773     387     773 |    0.2   10.7    0.6
7125 |   193 |    3225 |    4576     383    4576 |     767     383     767 |    0.2   10.0    0.8
7126 |   193 |    3262 |    5353     383    5353 |     767     383     767 |    0.2   12.9    0.7
7127 |   194 |    3276 |    5379     385    5379 |     770     385     770 |    0.3   13.6    0.7
7128 |   194 |    3265 |    5358     383    5358 |     767     383     767 |    0.2   16.1    0.7
7129 |   194 |    3272 |    5374     385    5374 |     770     385     770 |    0.2   14.1    0.7
7130 |   193 |    3253 |    5346     383    5346 |     766     383     766 |    0.2   13.4    0.7
7131 |   194 |    3269 |    5365     386    5365 |     771     386     771 |    0.2   13.1    0.7
7132 |   194 |    3287 |    5378     385    5378 |     771     385     771 |    0.2   13.1    0.8
7133 |   194 |    3287 |    5356     386    5356 |     772     386     772 |    0.2   13.7    0.7
7134 |   194 |    3248 |    4598     383    4598 |     767     384     767 |    0.2   10.1    0.6
7135 |   194 |    3255 |    5352     384    5352 |     769     384     769 |    0.1   13.0    0.7
7136 |   194 |    3265 |    5347     384    5347 |     768     384     768 |    0.2   12.7    0.7
7137 |   194 |    3169 |    4517     384    4517 |     768     384     768 |    0.2    9.3    0.6
7138 |   194 |    3283 |    5375     385    5375 |     769     385     769 |    0.2   12.6    0.7
7139 |   194 |    2479 |    4604     384    4604 |     768     384     768 |    0.1    9.7    0.6
7140 |   193 |    3260 |    5362     384    5362 |     768     384     768 |    0.2   13.5    0.7
7141 |   194 |    2696 |    5376     385    5376 |     772     385     772 |    0.2   13.8    0.8
7142 |   194 |    3261 |    5338     384    5338 |     768     384     768 |    0.2   13.3    0.7
7143 |   194 |    3262 |    5366     384    5366 |     769     384     769 |    0.2   12.8    0.7
7144 |   194 |    3288 |    5382     385    5382 |     770     385     770 |    0.2   14.2    0.8
7145 |   194 |    2092 |    4590     384    4590 |     768     384     768 |    0.2   10.0    0.6
7146 |   194 |    2890 |    5364     386    5364 |     772     386     772 |    0.2   10.9    0.6
7147 |   192 |    3240 |    4588     383    4588 |     766     383     766 |    0.2   10.0    0.6
7148 |   193 |    2880 |    5349     385    5349 |     770     385     770 |    0.2   10.1    0.6
7149 |   194 |    2116 |    5357     385    5357 |     771     385     771 |    0.2   13.3    0.7
7150 |   194 |    3276 |    5369     385    5369 |     770     385     770 |    0.2   13.7    0.7
7151 |   194 |    3235 |    4584     383    4584 |     767     383     767 |    0.2   10.7    0.8
7152 |   194 |    2691 |    5368     384    5368 |     769     385     769 |    0.3   14.3    0.7
7153 |   194 |    2271 |    4566     384    4566 |     769     383     769 |    0.2    9.4    0.6
7154 |   194 |    3290 |    5371     385    5371 |     772     385     772 |    0.2   13.4    0.7
7155 |   191 |    2612 |    4511     383    4511 |     765     383     765 |    0.2   10.1    0.6
7156 |   194 |    3272 |    5371     385    5371 |     770     385     770 |    0.3   13.5    0.7
7157 |   194 |    2302 |    5362     385    5362 |     771     385     771 |    0.2   13.3    0.7
7158 |   194 |    3240 |    4584     385    4584 |     770     385     770 |    0.1   10.1    0.6
7159 |   194 |    3274 |    5375     385    5375 |     769     385     769 |    0.2   12.9    0.7
7160 |   193 |    3248 |    5333     383    5333 |     766     383     766 |    0.2   13.2    0.7
7161 |   193 |    3249 |    5344     383    5344 |     766     383     766 |    0.2   13.2    0.7
7162 |   194 |    3263 |    5353     384    5353 |     767     384     767 |    0.2   13.3    0.7
7163 |   194 |    3280 |    5367     385    5367 |     771     385     771 |    0.2   13.9    0.7
7164 |   194 |    3285 |    5374     386    5374 |     771     386     771 |    0.2   14.2    0.9
7165 |   194 |    3263 |    5364     384    5364 |     767     384     767 |    0.3   13.7    0.7
7166 |   194 |    3279 |    5376     385    5376 |     769     385     769 |    0.2   12.9    0.7
7167 |   192 |    3236 |    4582     382    4582 |     766     383     766 |    0.1    9.9    0.7
7168 |   193 |    3253 |    5343     383    5343 |     766     383     766 |    0.2   13.5    0.7
7169 |   193 |    3251 |    5353     383    5353 |     767     383     767 |    0.2   13.1    0.7
7170 |   194 |    3281 |    5370     385    5370 |     770     385     770 |    0.2   13.2    0.8
7171 |   194 |    3278 |    5374     385    5374 |     770     385     770 |    0.2   13.9    0.7
7172 |   194 |    2276 |    4564     384    4564 |     768     384     768 |    0.1    9.9    0.7
7173 |   194 |    3280 |    5358     387    5358 |     773     387     773 |    0.2   13.6    0.7
7174 |   194 |    3242 |    4593     384    4593 |     768     384     768 |    0.2    9.7    0.6
7175 |   194 |    2109 |    5374     385    5374 |     769     385     769 |    0.2   13.2    0.7
7176 |   194 |    3259 |    5353     385    5353 |     770     385     770 |    0.2   12.2    0.6
7177 |   194 |    2118 |    5383     385    5383 |     770     385     770 |    0.2   13.0    0.7
7178 |   192 |    3246 |    5333     383    5333 |     766     383     766 |    0.1   13.4    0.7
7179 |   193 |    3263 |    5348     383    5348 |     769     384     769 |    0.2   13.6    0.7
7180 |   193 |    3258 |    5357     383    5357 |     768     384     768 |    0.2   14.0    0.7
7181 |   193 |    3264 |    5362     384    5362 |     768     384     768 |    0.2   14.3    0.8
7182 |   193 |    2086 |    4580     383    4580 |     766     383     766 |    0.2    9.8    0.6
7183 |   192 |    2294 |    5326     384    5326 |     768     384     768 |    0.2    9.7    0.6
7184 |   194 |    3283 |    5380     385    5380 |     770     385     770 |    0.2   13.9    0.9
7185 |   194 |    3246 |    5311     389    5311 |     779     389     779 |    0.2   13.1    0.9
7186 |   194 |    3283 |    5379     385    5379 |     770     385     770 |    0.3   13.5    0.7
7187 |   193 |    3269 |    5358     385    5358 |     769     385     769 |    0.2   13.5    0.7
7188 |   193 |    2471 |    4591     383    4591 |     766     383     766 |    0.2   10.8    0.6
7189 |   190 |    3219 |    4558     383    4558 |     765     383     765 |    0.2   10.4    0.6
7190 |   194 |    3274 |    5364     384    5364 |     769     385     769 |    0.2   13.4    0.7
7191 |   194 |    3289 |    5381     386    5381 |     772     386     772 |    0.2   15.5    0.7
7192 |   194 |    2098 |    4595     384    4595 |     768     384     768 |    0.2   10.8    0.6
7193 |   192 |    3249 |    5348     383    5348 |     766     383     766 |    0.1   14.2    0.7
7194 |   194 |    3281 |    5373     385    5373 |     770     385     770 |    0.2   12.9    0.7
7195 |   194 |    3288 |    5382     386    5382 |     771     386     771 |    0.2   12.6    0.7
7196 |   194 |    3263 |    5363     384    5363 |     768     384     768 |    0.2   13.9    0.7
7197 |   194 |    3284 |    5377     385    5377 |     770     385     770 |    0.2   14.0    0.9
7198 |   194 |    2290 |    5364     384    5364 |     770     385     770 |    0.2   13.7    0.7
7199 |   192 |    3236 |    5330     384    5330 |     767     384     767 |    0.2   13.3    0.7
7200 |   193 |    3269 |    4607     384    4607 |     769     384     769 |    0.2   10.1    0.7
7201 |   193 |    3260 |    5341     384    5341 |     768     384     768 |    0.2   13.5    0.9
7202 |   194 |    3261 |    5366     385    5366 |     768     384     768 |    0.3   15.0    0.7
7203 |   194 |    2302 |    5364     386    5364 |     772     386     772 |    0.2   12.8    0.7
7204 |   194 |    3262 |    5348     384    5348 |     767     384     767 |    0.2   13.5    0.7
7205 |   194 |    2504 |    5354     386    5354 |     772     386     772 |    0.2   10.7    0.8
7206 |   194 |    3274 |    5367     385    5367 |     770     385     770 |    0.3   13.9    0.7
7207 |   193 |    3246 |    5326     383    5326 |     767     383     767 |    0.2   14.3    0.9
7208 |   193 |    3266 |    4600     384    4600 |     768     384     768 |    0.3   10.5    0.6
7209 |   194 |    3278 |    5377     386    5377 |     771     386     771 |    0.2   12.8    0.7
7210 |   193 |    3246 |    5326     384    5326 |     769     384     769 |    0.2   12.1    0.8
7211 |   194 |    3287 |    5373     386    5373 |     772     386     772 |    0.3   13.9    0.7
7212 |   194 |    3251 |    4600     384    4600 |     767     384     767 |    0.2   10.2    0.6
7213 |   194 |    3282 |    5373     386    5373 |     771     386     771 |    0.2   14.7    0.9
7214 |   192 |    2477 |    5327     384    5327 |     767     384     767 |    0.2   10.9    0.6
7215 |   194 |    3286 |    5366     385    5366 |     771     385     771 |    0.2   13.5    0.7
7216 |   194 |    3284 |    5376     385    5376 |     770     385     770 |    0.2   13.2    0.7
7217 |   194 |    2475 |    4581     384    4581 |     769     384     769 |    0.2    9.9    0.6
7218 |   194 |    2122 |    5370     385    5370 |     770     385     770 |    0.2   12.9    0.7
7219 |   194 |    3277 |    5362     385    5362 |     770     385     770 |    0.2   14.5    1.0
7220 |   194 |    3277 |    4615     385    4615 |     771     385     771 |    0.3   11.3    0.7
7221 |   194 |    3269 |    5372     385    5372 |     770     385     770 |    0.3   12.8    0.7
7222 |   194 |    3273 |    5367     386    5367 |     772     386     772 |    0.2   13.9    0.9
7223 |   194 |    3274 |    5370     384    5370 |     769     384     769 |    0.2   13.5    0.7
7224 |   193 |    3268 |    5357     385    5357 |     769     385     769 |    0.2   13.8    0.8
7225 |   193 |    2684 |    5358     384    5358 |     769     384     769 |    0.3   11.2    0.7
7226 |   194 |    2872 |    5371     384    5371 |     770     384     770 |    0.3   13.6    0.7
7227 |   194 |    3271 |    5358     384    5358 |     768     384     768 |    0.3   14.9    0.9
7228 |   193 |    3271 |    5366     384    5366 |     769     384     769 |    0.2   13.1    0.7
7229 |   194 |    3273 |    5359     384    5359 |     769     384     769 |    0.2   13.5    0.7
7230 |   192 |    3242 |    4588     383    4588 |     766     383     766 |    0.1    9.6    0.6
7231 |   194 |    3275 |    5362     384    5362 |     768     384     768 |    0.2   14.1    0.7
7232 |   194 |    2114 |    5368     385    5368 |     771     385     771 |    0.2   12.7    0.7
7233 |   194 |    3282 |    5369     384    5369 |     769     385     769 |    0.2   13.3    0.7
7234 |   194 |    3276 |    5367     385    5367 |     769     385     769 |    0.2   13.7    0.7
7235 |   194 |    3286 |    5379     385    5379 |     771     385     771 |    0.2   14.1    0.7
7236 |   194 |    3288 |    5377     385    5377 |     770     385     770 |    0.2   13.9    0.9
7237 |   194 |    3277 |    5371     385    5371 |     770     385     770 |    0.3   13.4    0.8
7238 |   194 |    3288 |    5378     385    5378 |     771     385     771 |    0.3   13.4    0.8
7239 |   193 |    2275 |    4578     383    4578 |     767     383     767 |    0.2    9.9    0.6
7240 |   194 |    3270 |    5350     384    5350 |     768     384     768 |    0.2   13.6    0.7
7241 |   194 |    3273 |    5364     384    5364 |     769     384     769 |    0.2   14.0    0.7
7242 |   194 |    3269 |    5364     384    5364 |     768     384     768 |    0.2   13.3    1.0
7243 |   194 |    3286 |    5384     385    5384 |     771     385     771 |    0.3   15.6    0.7
7244 |   194 |    3290 |    5378     386    5378 |     772     386     772 |    0.3   15.3    0.8
7245 |   194 |    2301 |    4616     385    4616 |     770     385     770 |    0.2   11.2    0.6
7246 |   192 |    2822 |    4553     382    4553 |     766     383     766 |    0.1    9.7    0.7
7247 |   194 |    3288 |    5376     385    5376 |     772     385     772 |    0.3   13.4    0.8
7248 |   194 |    3285 |    5375     386    5375 |     771     386     771 |    0.2   14.2    0.7
7249 |   192 |    3246 |    4592     384    4592 |     767     383     767 |    0.1   10.7    0.8
7250 |   194 |    3285 |    5372     385    5372 |     770     385     770 |    0.2   13.5    0.7
7251 |   190 |    3201 |    4541     383    4541 |     765     383     765 |    0.2    9.1    0.6
7252 |   194 |    3289 |    5385     386    5385 |     771     386     771 |    0.2   14.5    0.7
7253 |   194 |    3279 |    5373     385    5373 |     770     385     770 |    0.2   13.8    0.9
7254 |   194 |    3279 |    5366     385    5366 |     769     385     769 |    0.2   13.5    1.0
7255 |   194 |    3278 |    5377     385    5377 |     771     385     771 |    0.3   13.7    0.8
7256 |   194 |    3287 |    5382     386    5382 |     771     386     771 |    0.3   13.7    0.9
7257 |   192 |    3252 |    5350     383    5350 |     766     383     766 |    0.2   13.1    0.7
7258 |   194 |    3280 |    5368     385    5368 |     771     385     771 |    0.2   13.7    0.7
7259 |   193 |    3262 |    5362     384    5362 |     768     384     768 |    0.2   13.9    0.7
7260 |   194 |    3279 |    5371     385    5371 |     770     385     770 |    0.2   14.1    0.7
7261 |   194 |    3285 |    5381     385    5381 |     771     385     771 |    0.2   13.7    0.7
7262 |   194 |    3269 |    4605     384    4605 |     769     384     769 |    0.2   10.6    0.6
7263 |   194 |    3269 |    5355     384    5355 |     768     384     768 |    0.2   14.5    0.7
7264 |   193 |    3235 |    5322     384    5322 |     769     384     769 |    0.2   10.2    0.6
7265 |   194 |    3269 |    5368     385    5368 |     770     385     770 |    0.2   13.5    0.7
7266 |   194 |    3276 |    5372     385    5372 |     771     385     771 |    0.2   15.4    0.7
7267 |   193 |    3250 |    4596     384    4596 |     767     384     767 |    0.1   10.2    0.6
7268 |   194 |    3279 |    5358     384    5358 |     770     385     770 |    0.2   13.7    0.7
7269 |   193 |    3252 |    5337     383    5337 |     767     383     767 |    0.2   13.5    0.7
7270 |   194 |    3269 |    5368     385    5368 |     770     385     770 |    0.2   13.5    0.7
7271 |   194 |    3280 |    5369     385    5369 |     770     385     770 |    0.2   14.8    0.7
7272 |   194 |    3262 |    5366     384    5366 |     768     384     768 |    0.2   13.9    0.7
7273 |   194 |    3274 |    5364     384    5364 |     768     384     768 |    0.2   13.4    0.8
7274 |   194 |    3281 |    5377     385    5377 |     771     386     771 |    0.2   13.5    0.7
7275 |   192 |    3223 |    4569     383    4569 |     766     383     766 |    0.2   10.4    0.6
7276 |   194 |    3281 |    5375     385    5375 |     770     385     770 |    0.2   14.7    0.7
7277 |   192 |    3253 |    5352     383    5352 |     766     383     766 |    0.2   14.0    0.7
7278 |   194 |    3281 |    5374     385    5374 |     772     386     772 |    0.2   13.7    0.7
7279 |   193 |    3230 |    4578     383    4578 |     767     383     767 |    0.1   10.1    0.6
7280 |   194 |    3260 |    5362     384    5362 |     768     384     768 |    0.2   13.9    0.7
7281 |   194 |    3288 |    5384     385    5384 |     771     385     771 |    0.2   14.2    0.7
7282 |   194 |    2268 |    4555     383    4555 |     767     383     767 |    0.2    9.9    0.6
7283 |   194 |    3278 |    5380     385    5380 |     771     385     771 |    0.2   13.8    0.7
7284 |   194 |    3275 |    5349     386    5349 |     771     386     771 |    0.2   13.2    0.9
7285 |   194 |    3282 |    5369     384    5369 |     769     384     769 |    0.2   13.2    0.8
7286 |   194 |    3290 |    5371     386    5371 |     772     386     772 |    0.2   13.8    0.8
7287 |   193 |    3263 |    5358     384    5358 |     769     384     769 |    0.2   13.9    0.7
7288 |   194 |    3288 |    5370     386    5370 |     772     386     772 |    0.2   13.8    0.7
7289 |   194 |    2115 |    5361     386    5361 |     771     386     771 |    0.3   13.1    0.7
7290 |   194 |    3287 |    5381     385    5381 |     771     385     771 |    0.2   13.0    0.8
7291 |   194 |    3257 |    5344     384    5344 |     767     384     767 |    0.2   13.4    0.7
7292 |   194 |    3262 |    5339     384    5339 |     769     384     769 |    0.2   13.4    0.7
7293 |   193 |    2104 |    5351     384    5351 |     768     384     768 |    0.2   10.1    0.6
7294 |   194 |    3266 |    5365     385    5365 |     770     385     770 |    0.3   13.2    0.8
7295 |   194 |    3267 |    5370     385    5370 |     769     385     769 |    0.2   13.5    0.7
7296 |   194 |    2505 |    5379     385    5379 |     771     386     771 |    0.3   14.0    0.7
7297 |   194 |    3261 |    5316     383    5316 |     769     383     769 |    0.2   13.6    0.7
7298 |   194 |    3269 |    5363     384    5363 |     770     385     770 |    0.2   14.9    0.7
7299 |   194 |    3285 |    5368     386    5368 |     773     386     773 |    0.2   14.3    0.8
7300 |   194 |    2113 |    5371     385    5371 |     770     385     770 |    0.2   13.6    0.8
7301 |   194 |    3276 |    5373     386    5373 |     772     386     772 |    0.2   14.0    0.7
7302 |   194 |    2510 |    5382     385    5382 |     770     385     770 |    0.2   13.1    0.7
7303 |   194 |    2114 |    5369     384    5369 |     770     385     770 |    0.2   13.2    0.8
7304 |   194 |    3270 |    5360     384    5360 |     768     384     768 |    0.2   13.3    0.7
7305 |   193 |    2090 |    5347     383    5347 |     766     383     766 |    0.1   10.4    0.6
7306 |   193 |    3271 |    5366     385    5366 |     769     385     769 |    0.2   13.2    0.7
7307 |   194 |    3279 |    5370     385    5370 |     771     385     771 |    0.2   13.3    0.8
7308 |   193 |    3180 |    4535     383    4535 |     766     383     766 |    0.2   10.1    0.6
7309 |   194 |    3277 |    5362     385    5362 |     771     385     771 |    0.2   14.2    0.7
7310 |   194 |    2882 |    5365     385    5365 |     770     385     770 |    0.3   11.1    0.6
7311 |   194 |    3278 |    5370     385    5370 |     770     385     770 |    0.2   13.2    0.7
7312 |   193 |    3255 |    5353     384    5353 |     767     384     767 |    0.2   13.2    0.7
7313 |   194 |    3243 |    4596     384    4596 |     768     384     768 |    0.2    9.5    0.6
7314 |   194 |    2286 |    5373     385    5373 |     771     385     771 |    0.2   13.2    0.8
7315 |   194 |    3283 |    5361     386    5361 |     772     386     772 |    0.2   14.8    0.7
7316 |   194 |    3284 |    5381     385    5381 |     771     385     771 |    0.2   16.0    1.0
7317 |   194 |    3276 |    5374     384    5374 |     770     385     770 |    0.3   12.9    0.7
7318 |   193 |    3262 |    5354     384    5354 |     768     384     768 |    0.2   13.1    0.7
7319 |   194 |    3272 |    5355     384    5355 |     768     384     768 |    0.2   12.9    0.7
7320 |   194 |    3280 |    5368     386    5368 |     772     386     772 |    0.2   13.2    0.7
7321 |   193 |    3258 |    5351     384    5351 |     768     384     768 |    0.1   13.6    0.7
7322 |   193 |    3267 |    5360     384    5360 |     768     384     768 |    0.2   15.0    0.7
7323 |   191 |    3231 |    4573     383    4573 |     765     383     765 |    0.2    9.6    0.7
7324 |   194 |    3266 |    5366     384    5366 |     769     384     769 |    0.2   13.5    0.7
7325 |   194 |    2292 |    4603     384    4603 |     768     384     768 |    0.1    9.7    0.6
7326 |   194 |    3284 |    5380     385    5380 |     770     385     770 |    0.2   13.3    0.7
7327 |   194 |    3280 |    5369     385    5369 |     771     385     771 |    0.2   13.8    0.7
7328 |   194 |    3278 |    5373     385    5373 |     770     385     770 |    0.2   14.3    0.8
7329 |   194 |    3285 |    5376     385    5376 |     771     385     771 |    0.3   13.2    0.7
7330 |   194 |    3280 |    5373     385    5373 |     770     385     770 |    0.2   12.5    0.7
7331 |   193 |    3262 |    5352     384    5352 |     768     384     768 |    0.2   16.0    0.8
7332 |   194 |    3276 |    5374     386    5374 |     772     386     772 |    0.2   13.4    0.8
7333 |   194 |    3268 |    5369     385    5369 |     769     385     769 |    0.3   13.4    0.7
7334 |   194 |    3280 |    5364     384    5364 |     769     385     769 |    0.2   13.5    0.7
7335 |   194 |    3272 |    5366     384    5366 |     769     385     769 |    0.2   13.3    0.7
7336 |   194 |    2099 |    4591     384    4591 |     767     384     767 |    0.2   10.3    0.6
7337 |   192 |    3248 |    5355     383    5355 |     767     384     767 |    0.2   14.1    0.7
7338 |   194 |    3267 |    5357     384    5357 |     767     384     767 |    0.2   14.7    0.7
7339 |   194 |    3290 |    5378     386    5378 |     771     386     771 |    0.2   13.3    0.8
7340 |   194 |    3273 |    5362     384    5362 |     769     384     769 |    0.3   14.1    0.7
7341 |   194 |    3273 |    4608     385    4608 |     771     385     771 |    0.2   10.1    0.7
7342 |   194 |    3285 |    5371     385    5371 |     771     385     771 |    0.2   13.4    0.7
7343 |   194 |    3247 |    4594     383    4594 |     767     384     767 |    0.2   10.4    0.6
7344 |   194 |    3278 |    5369     384    5369 |     769     385     769 |    0.2   13.3    0.7
7345 |   194 |    3248 |    5321     384    5321 |     767     384     767 |    0.2   13.1    0.7
7346 |   194 |    3288 |    5381     385    5381 |     771     385     771 |    0.3   14.1    0.7
7347 |   193 |    3261 |    5357     384    5357 |     769     384     769 |    0.3   13.1    0.7
7348 |   194 |    2288 |    4603     384    4603 |     767     384     767 |    0.2    9.6    0.8
7349 |   190 |    3209 |    5276     386    5276 |     772     386     772 |    0.2    9.7    0.6
7350 |   193 |    2105 |    5364     384    5364 |     768     384     768 |    0.2   13.8    0.7
7351 |   193 |    3253 |    5356     384    5356 |     768     384     768 |    0.2   13.3    0.7
7352 |   194 |    3285 |    5375     385    5375 |     771     385     771 |    0.2   13.8    0.8
7353 |   193 |    2495 |    5363     384    5363 |     769     384     769 |    0.2   10.7    0.7
7354 |   194 |    3274 |    5357     384    5357 |     769     385     769 |    0.2   14.3    0.9
7355 |   194 |    3266 |    5358     384    5358 |     768     384     768 |    0.2   13.0    0.7
7356 |   194 |    2486 |    4603     384    4603 |     768     384     768 |    0.2    9.9    0.6
7357 |   193 |    3234 |    5309     383    5309 |     766     383     766 |    0.2   12.7    0.7
7358 |   193 |    3256 |    5348     384    5348 |     767     384     767 |    0.1   13.5    0.8
7359 |   193 |    3256 |    5355     383    5355 |     766     383     766 |    0.2   13.6    0.7
7360 |   194 |    2498 |    5379     385    5379 |     770     385     770 |    0.2   14.1    0.7
7361 |   194 |    3281 |    5376     385    5376 |     770     385     770 |    0.2   14.6    0.7
7362 |   191 |    3204 |    4550     383    4550 |     765     383     765 |    0.2    9.9    0.6
7363 |   194 |    2095 |    4588     383    4588 |     768     383     768 |    0.1    9.9    0.6
7364 |   194 |    2294 |    4606     384    4606 |     768     384     768 |    0.2   10.7    0.7
7365 |   193 |    3251 |    5333     384    5333 |     767     384     767 |    0.2   13.6    0.7
7366 |   194 |    3256 |    5320     383    5320 |     770     383     770 |    0.1   13.2    0.7
7367 |   194 |    2492 |    5368     385    5368 |     769     385     769 |    0.2   13.0    0.7
7368 |   194 |    3285 |    5372     385    5372 |     771     386     771 |    0.2   13.2    0.7
7369 |   193 |    2088 |    4564     384    4564 |     768     384     768 |    0.2   10.2    0.6
7370 |   194 |    3281 |    5371     385    5371 |     770     385     770 |    0.2   12.7    0.7
7371 |   192 |    3240 |    5349     383    5349 |     766     383     766 |    0.2    9.7    0.6
7372 |   194 |    3276 |    5361     385    5361 |     769     385     769 |    0.2   14.5    0.7
7373 |   192 |    3255 |    5350     384    5350 |     767     383     767 |    0.2   14.0    0.7
7374 |   194 |    3198 |    4550     384    4550 |     767     384     767 |    0.2   11.6    0.6
7375 |   194 |    3291 |    5375     386    5375 |     772     386     772 |    0.2   13.1    0.7
7376 |   194 |    3264 |    4601     384    4601 |     767     384     767 |    0.2    9.5    0.6
7377 |   194 |    2882 |    5351     386    5351 |     772     386     772 |    0.2   10.5    0.6
7378 |   194 |    3274 |    5372     385    5372 |     770     385     770 |    0.2   13.3    0.7
7379 |   194 |    3271 |    5365     384    5365 |     768     384     768 |    0.2   13.7    0.7
7380 |   194 |    3222 |    5312     385    5312 |     770     385     770 |    0.2    9.7    0.6
7381 |   193 |    3245 |    4591     383    4591 |     766     383     766 |    0.1    9.5    0.6
7382 |   191 |    3222 |    4555     383    4555 |     765     383     765 |    0.1   10.3    0.7
7383 |   194 |    3270 |    5369     384    5369 |     770     384     770 |    0.2   13.8    0.7
7384 |   194 |    3279 |    5363     384    5363 |     769     384     769 |    0.2   13.0    0.8
7385 |   194 |    3281 |    5368     385    5368 |     771     385     771 |    0.2   13.6    0.7
7386 |   193 |    2152 |    5310     388    5310 |     777     388     777 |    0.4   11.0    0.8
7387 |   194 |    3284 |    5373     385    5373 |     771     386     771 |    0.3   14.6    0.7
7388 |   192 |    3240 |    4585     383    4585 |     765     383     765 |    0.2    9.8    0.6
7389 |   194 |    3284 |    5383     385    5383 |     771     385     771 |    0.3   12.9    0.8
7390 |   192 |    3237 |    4582     384    4582 |     767     384     767 |    0.2   10.1    0.6
7391 |   192 |    2858 |    5342     384    5342 |     768     384     768 |    0.2    9.6    0.6
7392 |   194 |    3276 |    5364     384    5364 |     768     384     768 |    0.2   14.5    0.9
7393 |   194 |    3292 |    5383     385    5383 |     771     385     771 |    0.2   13.8    0.7
7394 |   193 |    3254 |    5354     383    5354 |     767     383     767 |    0.2   12.9    0.7
7395 |   194 |    2300 |    5369     385    5369 |     770     385     770 |    0.2   13.5    0.7
7396 |   194 |    3262 |    5350     384    5350 |     767     384     767 |    0.2   13.7    0.7
7397 |   194 |    3283 |    5378     385    5378 |     770     385     770 |    0.3   13.6    0.7
7398 |   194 |    3291 |    5381     385    5381 |     771     385     771 |    0.2   13.7    0.8
7399 |   192 |    3242 |    4587     383    4587 |     766     383     766 |    0.2    9.8    0.6
7400 |   193 |    3240 |    4589     383    4589 |     767     383     767 |    0.1    9.4    0.6
7401 |   192 |    3228 |    4573     383    4573 |     766     383     766 |    0.2    9.9    0.6
7402 |   193 |    3270 |    5359     385    5359 |     770     385     770 |    0.2   13.3    0.7
7403 |   194 |    3275 |    5367     385    5367 |     770     385     770 |    0.2   14.3    0.8
7404 |   194 |    3273 |    5363     385    5363 |     770     385     770 |    0.2   13.8    0.7
7405 |   193 |    3253 |    5338     384    5338 |     769     384     769 |    0.2   12.5    0.7
7406 |   193 |    3259 |    5362     384    5362 |     768     384     768 |    0.2   13.8    0.7
7407 |   193 |    3255 |    5354     384    5354 |     767     384     767 |    0.1   13.4    0.7
7408 |   194 |    3274 |    5367     385    5367 |     770     385     770 |    0.2   13.7    0.7
7409 |   193 |    3267 |    5364     385    5364 |     771     385     771 |    0.2   13.8    0.7
7410 |   194 |    2470 |    4584     384    4584 |     768     384     768 |    0.2   10.1    0.6
7411 |   194 |    3271 |    5373     384    5373 |     769     385     769 |    0.2   13.0    0.7
7412 |   193 |    3242 |    4591     384    4591 |     767     384     767 |    0.2   10.1    0.8
7413 |   194 |    3280 |    5365     385    5365 |     770     385     770 |    0.3   13.8    0.7
7414 |   192 |    3230 |    4566     383    4566 |     765     383     765 |    0.2   10.1    0.6
7415 |   192 |    3244 |    5337     383    5337 |     765     383     765 |    0.1   13.4    0.7
7416 |   194 |    3270 |    5363     385    5363 |     770     385     770 |    0.2   13.6    0.8
7417 |   193 |    3262 |    5353     383    5353 |     767     383     767 |    0.2   12.7    0.7
7418 |   192 |    3248 |    5350     383    5350 |     766     383     766 |    0.2   13.3    0.7
7419 |   194 |    2133 |    5343     387    5343 |     774     387     774 |    0.2   10.1    0.7
7420 |   193 |    2692 |    5368     385    5368 |     771     385     771 |    0.4   10.0    0.6
7421 |   193 |    3263 |    5367     384    5367 |     769     384     769 |    0.2   14.2    0.7
7422 |   194 |    3276 |    5362     386    5362 |     771     386     771 |    0.2   13.9    0.7
7423 |   194 |    3268 |    5365     384    5365 |     769     384     769 |    0.2   13.4    0.7
7424 |   194 |    2098 |    4599     383    4599 |     767     384     767 |    0.2    9.7    0.6
7425 |   193 |    3273 |    5362     385    5362 |     770     385     770 |    0.2   13.4    0.8
7426 |   194 |    3262 |    5367     384    5367 |     768     384     768 |    0.2   13.4    0.7
7427 |   193 |    3244 |    4590     383    4590 |     767     383     767 |    0.1   10.0    0.6
7428 |   194 |    2882 |    5382     385    5382 |     771     385     771 |    0.2   10.2    0.6
7429 |   192 |    3225 |    4574     382    4574 |     766     383     766 |    0.1   10.0    0.6
7430 |   194 |    3270 |    5358     385    5358 |     774     385     774 |    0.2   12.5    0.7
7431 |   194 |    3279 |    5367     384    5367 |     769     384     769 |    0.2   13.6    0.7
7432 |   194 |    3292 |    5383     385    5383 |     771     386     771 |    0.2   13.9    0.8
7433 |   194 |    3290 |    5371     387    5371 |     774     387     774 |    0.2   12.7    0.7
7434 |   194 |    2497 |    5361     386    5361 |     772     386     772 |    0.2   11.5    0.7
7435 |   194 |    2294 |    5362     384    5362 |     769     384     769 |    0.2   13.2    0.7
7436 |   192 |    2478 |    5336     383    5336 |     768     384     768 |    0.2   10.0    0.6
7437 |   193 |    3263 |    5359     384    5359 |     769     384     769 |    0.2   13.0    0.7
7438 |   194 |    2098 |    4599     384    4599 |     768     384     768 |    0.1   12.0    0.7
7439 |   194 |    2110 |    5376     385    5376 |     770     385     770 |    0.3   13.7    0.7
7440 |   192 |    3244 |    4590     383    4590 |     766     383     766 |    0.1   10.5    0.6
7441 |   193 |    3261 |    5362     384    5362 |     769     384     769 |    0.2   13.4    0.7
7442 |   194 |    3282 |    5370     385    5370 |     770     385     770 |    0.2   13.3    0.7
7443 |   194 |    2117 |    5367     386    5367 |     771     386     771 |    0.2   13.8    0.7
7444 |   193 |    2289 |    5359     384    5359 |     767     384     767 |    0.2   14.3    0.7
7445 |   194 |    3286 |    5382     386    5382 |     771     386     771 |    0.2   13.4    0.7
7446 |   194 |    3279 |    5365     384    5365 |     769     384     769 |    0.3   13.3    0.7
7447 |   194 |    3281 |    5379     385    5379 |     770     385     770 |    0.2   13.0    0.7
7448 |   193 |    3246 |    5330     383    5330 |     767     383     767 |    0.2   13.4    0.7
7449 |   194 |    3283 |    5365     385    5365 |     772     385     772 |    0.2   13.5    0.7
7450 |   194 |    3274 |    5375     385    5375 |     770     385     770 |    0.2   13.5    0.7
7451 |   194 |    3251 |    5317     384    5317 |     769     384     769 |    0.1   12.5    0.7
7452 |   194 |    3283 |    5379     385    5379 |     771     385     771 |    0.2   12.9    0.7
7453 |   194 |    3275 |    5370     385    5370 |     771     385     771 |    0.2   14.3    0.7
7454 |   193 |    3263 |    5356     384    5356 |     768     384     768 |    0.2   10.4    0.7
7455 |   194 |    3287 |    5379     386    5379 |     771     386     771 |    0.3   13.8    0.7
7456 |   194 |    3283 |    5385     385    5385 |     772     386     772 |    0.2   15.2    1.0
7457 |   194 |    3266 |    5368     384    5368 |     769     384     769 |    0.3   13.2    0.7
7458 |   192 |    3246 |    4591     383    4591 |     766     383     766 |    0.1    9.9    0.6
7459 |   194 |    2288 |    5361     384    5361 |     770     384     770 |    0.2   13.3    0.7
7460 |   194 |    3280 |    5372     385    5372 |     771     385     771 |    0.2   14.1    0.7
7461 |   194 |    2849 |    5283     386    5283 |     773     386     773 |    0.2   10.6    0.6
7462 |   194 |    3279 |    5364     385    5364 |     771     385     771 |    0.2   13.6    0.7
7463 |   194 |    3251 |    5308     384    5308 |     768     384     768 |    0.2   12.4    0.7
7464 |   194 |    3279 |    5366     386    5366 |     773     386     773 |    0.2   13.2    0.7
7465 |   193 |    3256 |    5348     384    5348 |     767     384     767 |    0.2   14.3    0.9
7466 |   194 |    3237 |    4587     384    4587 |     767     384     767 |    0.2   10.6    0.6
7467 |   194 |    3263 |    5368     385    5368 |     769     385     769 |    0.2   14.2    0.7
7468 |   194 |    2273 |    4552     384    4552 |     769     384     769 |    0.2    9.9    0.6
7469 |   193 |    3267 |    5361     385    5361 |     770     385     770 |    0.2   12.9    0.7
7470 |   194 |    3277 |    5374     384    5374 |     769     385     769 |    0.2   13.4    0.7
7471 |   193 |    3261 |    5354     384    5354 |     769     384     769 |    0.2   14.2    0.7
7472 |   194 |    3270 |    4609     384    4609 |     769     384     769 |    0.2   11.7    0.6
7473 |   194 |    2112 |    5370     384    5370 |     769     384     769 |    0.2   13.6    0.7
7474 |   194 |    3287 |    5375     386    5375 |     772     386     772 |    0.2   13.4    0.7
7475 |   192 |    3250 |    4594     383    4594 |     766     383     766 |    0.1    9.9    0.6
7476 |   194 |    2088 |    4586     384    4586 |     767     384     767 |    0.1    9.9    0.6
7477 |   193 |    2080 |    4552     383    4552 |     766     383     766 |    0.1   10.0    0.6
7478 |   194 |    3269 |    5370     384    5370 |     769     384     769 |    0.2   14.0    0.8
7479 |   194 |    3283 |    5374     385    5374 |     770     385     770 |    0.2   15.3    0.7
7480 |   194 |    3277 |    5373     385    5373 |     770     385     770 |    0.2   14.3    0.8
7481 |   194 |    2113 |    5370     385    5370 |     769     385     769 |    0.4   13.8    0.7
7482 |   193 |    3268 |    4604     384    4604 |     768     384     768 |    0.2    9.8    0.6
7483 |   194 |    3248 |    4591     384    4591 |     770     384     770 |    0.2    9.5    0.6
7484 |   194 |    3262 |    5357     384    5357 |     770     384     770 |    0.2   13.4    0.7
7485 |   194 |    3278 |    5365     384    5365 |     770     384     770 |    0.2   14.7    0.8
7486 |   192 |    2873 |    5331     386    5331 |     772     386     772 |    0.2   10.7    0.7
7487 |   194 |    3279 |    5376     385    5376 |     770     385     770 |    0.2   13.8    0.7
7488 |   193 |    3242 |    5334     383    5334 |     766     383     766 |    0.1   13.0    0.7
7489 |   194 |    3282 |    5382     386    5382 |     771     386     771 |    0.2   14.4    0.8
7490 |   194 |    3288 |    5379     386    5379 |     771     386     771 |    0.2   13.9    0.7
7491 |   194 |    2109 |    5369     384    5369 |     769     384     769 |    0.2   13.7    0.8
7492 |   194 |    3281 |    5357     385    5357 |     770     385     770 |    0.2   12.7    0.7
7493 |   194 |    3240 |    4591     384    4591 |     768     384     768 |    0.2   10.0    0.6
7494 |   194 |    3254 |    4602     384    4602 |     768     384     768 |    0.2   10.0    0.6
7495 |   194 |    2293 |    5372     385    5372 |     770     385     770 |    0.2   14.1    0.7
7496 |   194 |    3261 |    5335     384    5335 |     768     384     768 |    0.2   13.3    0.7
7497 |   194 |    3279 |    5368     385    5368 |     770     385     770 |    0.2   13.5    0.7
7498 |   194 |    3274 |    5352     384    5352 |     770     384     770 |    0.2   13.3    0.7
7499 |   194 |    3289 |    5374     386    5374 |     772     386     772 |    0.2   13.5    0.7
7500 |   194 |    2058 |    4491     384    4491 |     768     384     768 |    0.2    9.0    0.6
7501 |   194 |    2112 |    5365     385    5365 |     770     385     770 |    0.3   10.0    0.6
7502 |   194 |    3268 |    5348     384    5348 |     768     384     768 |    0.2   13.3    0.7
7503 |   194 |    3276 |    5371     385    5371 |     770     385     770 |    0.2   13.3    0.7
7504 |   194 |    3273 |    5365     386    5365 |     772     386     772 |    0.2   13.3    0.7
7505 |   194 |    3237 |    4585     384    4585 |     768     384     768 |    0.2    9.8    0.6
7506 |   194 |    3269 |    5373     384    5373 |     769     384     769 |    0.3   13.8    0.7
7507 |   194 |    3281 |    5367     388    5367 |     775     388     775 |    0.3   10.2    0.6
7508 |   194 |    3283 |    5377     385    5377 |     770     385     770 |    0.2   13.4    1.0
7509 |   193 |    3251 |    5335     383    5335 |     767     383     767 |    0.2   13.4    0.7
7510 |   194 |    3268 |    5348     384    5348 |     768     384     768 |    0.2   13.1    0.7
7511 |   194 |    3283 |    5382     385    5382 |     770     385     770 |    0.2   13.4    0.7
7512 |   194 |    3269 |    5351     384    5351 |     768     384     768 |    0.2   13.5    0.7
7513 |   194 |    3269 |    5369     385    5369 |     770     385     770 |    0.2   13.5    0.8
7514 |   194 |    3239 |    4588     384    4588 |     768     384     768 |    0.2    9.9    0.6
7515 |   192 |    3241 |    4590     383    4590 |     766     383     766 |    0.2    9.5    0.6
7516 |   194 |    3280 |    5361     385    5361 |     770     385     770 |    0.2   13.3    0.7
7517 |   194 |    3282 |    5372     386    5372 |     772     386     772 |    0.2   12.7    0.8
7518 |   193 |    3261 |    5347     383    5347 |     767     383     767 |    0.2   12.7    0.7
7519 |   193 |    3274 |    5364     385    5364 |     771     385     771 |    0.2   13.6    0.7
7520 |   194 |    2064 |    4503     384    4503 |     767     384     767 |    0.1    9.3    0.6
7521 |   194 |    3279 |    5369     385    5369 |     769     385     769 |    0.2   12.9    0.7
7522 |   194 |    3273 |    5360     384    5360 |     769     384     769 |    0.2   13.7    0.7
7523 |   193 |    3263 |    5361     384    5361 |     767     384     767 |    0.2   13.1    0.7
7524 |   194 |    3272 |    5372     384    5372 |     769     385     769 |    0.2   13.8    0.7
7525 |   194 |    2311 |    5381     386    5381 |     771     385     771 |    0.2   13.8    0.8
7526 |   194 |    2893 |    5365     385    5365 |     771     386     771 |    0.3   10.2    0.6
7527 |   194 |    3270 |    5370     385    5370 |     770     385     770 |    0.2   13.5    0.7
7528 |   194 |    2494 |    5370     385    5370 |     770     385     770 |    0.2   13.1    0.7
7529 |   194 |    2092 |    4591     384    4591 |     768     384     768 |    0.1   10.1    0.6
7530 |   193 |    2269 |    4592     383    4592 |     767     383     767 |    0.1   10.4    0.7
7531 |   194 |    3214 |    4567     384    4567 |     768     384     768 |    0.2    9.8    0.6
7532 |   193 |    3268 |    5359     384    5359 |     768     384     768 |    0.2   13.4    0.7
7533 |   194 |    3271 |    5358     384    5358 |     768     384     768 |    0.2   13.2    0.7
7534 |   194 |    3272 |    5372     385    5372 |     770     385     770 |    0.2   13.4    0.8
7535 |   194 |    3281 |    5372     385    5372 |     770     385     770 |    0.2   14.8    1.0
7536 |   194 |    3279 |    5373     384    5373 |     769     384     769 |    1.1   18.0    0.8
7537 |   194 |    3253 |    5320     384    5320 |     768     384     768 |    0.2   13.8    0.7
7538 |   192 |    3223 |    4571     382    4571 |     766     383     766 |    0.2   10.1    0.6
7539 |   193 |    3247 |    5338     383    5338 |     766     383     766 |    0.2   13.5    0.7
7540 |   194 |    3280 |    5377     385    5377 |     770     385     770 |    0.2   14.0    0.8
7541 |   194 |    3276 |    5369     384    5369 |     769     384     769 |    0.2   13.6    0.7
7542 |   194 |    3282 |    5366     385    5366 |     771     385     771 |    0.2   13.7    0.7
7543 |   194 |    2684 |    5364     384    5364 |     768     384     768 |    0.2   10.0    0.7
7544 |   194 |    2878 |    5359     384    5359 |     767     384     767 |    0.3   10.4    0.6
7545 |   194 |    3278 |    5373     385    5373 |     769     385     769 |    0.2   13.1    0.7
7546 |   194 |    3269 |    5359     384    5359 |     768     384     768 |    0.2   12.6    0.7
7547 |   194 |    3268 |    5355     385    5355 |     770     385     770 |    0.2   12.6    0.7
7548 |   194 |    3275 |    5371     384    5371 |     769     384     769 |    0.2   13.5    0.7
7549 |   194 |    2117 |    5377     385    5377 |     770     385     770 |    0.3   13.6    0.7
7550 |   194 |    3280 |    5370     385    5370 |     771     385     771 |    0.2   13.3    0.7
7551 |   194 |    3285 |    5381     386    5381 |     772     386     772 |    0.2   14.6    0.8
7552 |   194 |    2265 |    4556     384    4556 |     768     384     768 |    0.2    9.9    0.6
7553 |   194 |    2473 |    5326     385    5326 |     770     385     770 |    0.2    9.9    0.6
7554 |   194 |    2119 |    5378     385    5378 |     771     385     771 |    0.2   14.1    0.8
7555 |   194 |    3285 |    5371     385    5371 |     771     386     771 |    0.2   14.5    0.8
7556 |   194 |    3282 |    5372     385    5372 |     770     385     770 |    0.2   13.6    0.7
7557 |   193 |    3258 |    5355     384    5355 |     769     384     769 |    0.2   13.4    0.7
7558 |   193 |    3253 |    4587     384    4587 |     767     384     767 |    0.2   11.5    0.7
7559 |   193 |    3157 |    4514     384    4514 |     768     384     768 |    0.2   10.1    0.6
7560 |   194 |    3275 |    5365     384    5365 |     768     384     768 |    0.2   15.6    0.9
7561 |   194 |    2283 |    4572     384    4572 |     768     384     768 |    0.2    9.9    0.6
7562 |   194 |    3284 |    5360     385    5360 |     771     385     771 |    0.2   13.5    0.7
7563 |   194 |    3268 |    5352     384    5352 |     768     384     768 |    0.3   13.2    0.7
7564 |   193 |    2107 |    5354     385    5354 |     770     385     770 |    0.2   12.6    0.7
7565 |   194 |    3278 |    5374     385    5374 |     770     385     770 |    0.2   13.7    0.7
7566 |   193 |    3258 |    5361     383    5361 |     768     384     768 |    0.2   13.2    0.7
7567 |   193 |    3253 |    5351     383    5351 |     766     383     766 |    0.2   13.6    0.7
7568 |   194 |    3276 |    5366     384    5366 |     768     384     768 |    0.2   13.2    0.7
7569 |   193 |    3270 |    5366     384    5366 |     769     384     769 |    0.2   14.3    0.8
7570 |   194 |    3269 |    5357     384    5357 |     768     384     768 |    0.2   15.6    0.7
7571 |   194 |    3282 |    5378     385    5378 |     769     385     769 |    0.2   14.0    0.8
7572 |   194 |    2668 |    5359     384    5359 |     767     384     767 |    0.2   13.5    0.8
7573 |   194 |    3275 |    5366     385    5366 |     770     385     770 |    0.3   13.3    0.7
7574 |   194 |    3259 |    5346     384    5346 |     767     384     767 |    0.2   12.8    0.7
7575 |   194 |    3250 |    4598     384    4598 |     768     384     768 |    0.1    9.8    0.6
7576 |   194 |    3288 |    5383     385    5383 |     771     385     771 |    0.2   13.9    0.7
7577 |   192 |    3238 |    5323     383    5323 |     765     383     765 |    0.1   13.5    0.7
7578 |   194 |    3283 |    5380     385    5380 |     770     385     770 |    0.2   13.4    0.7
7579 |   194 |    3258 |    5358     385    5358 |     771     385     771 |    0.2   13.7    0.7
7580 |   194 |    3271 |    5376     385    5376 |     769     385     769 |    0.3   13.4    0.7
7581 |   194 |    3277 |    5367     385    5367 |     769     385     769 |    0.2   13.3    0.8
7582 |   194 |    3274 |    5348     384    5348 |     769     384     769 |    0.2   12.9    0.7
7583 |   194 |    3267 |    5351     384    5351 |     768     384     768 |    0.2   13.7    0.7
7584 |   194 |    3282 |    5370     384    5370 |     769     384     769 |    0.2   14.0    0.7
7585 |   194 |    3283 |    5370     384    5370 |     769     385     769 |    0.2   13.9    0.7
7586 |   194 |    2110 |    5369     385    5369 |     770     385     770 |    0.2   13.3    0.7
7587 |   194 |    3288 |    5377     385    5377 |     771     385     771 |    0.2   14.2    0.7
7588 |   194 |    3282 |    5378     385    5378 |     770     385     770 |    0.3   13.7    0.7
7589 |   193 |    3229 |    4576     383    4576 |     766     383     766 |    0.1    9.8    0.6
7590 |   193 |    3263 |    5352     383    5352 |     768     383     768 |    0.2   13.4    0.7
7591 |   194 |    3273 |    5371     385    5371 |     769     385     769 |    0.2   13.2    0.7
7592 |   193 |    3263 |    5361     384    5361 |     768     384     768 |    0.2   14.6    0.7
7593 |   193 |    3251 |    5341     383    5341 |     767     383     767 |    0.1   13.1    0.7
7594 |   194 |    3276 |    5367     385    5367 |     770     385     770 |    0.2   13.1    0.7
7595 |   193 |    3258 |    5359     384    5359 |     768     384     768 |    0.2   13.3    0.7
7596 |   194 |    3273 |    5367     384    5367 |     769     384     769 |    0.2   13.9    0.7
7597 |   194 |    3283 |    5371     385    5371 |     770     385     770 |    0.2   13.5    0.7
7598 |   194 |    3282 |    5374     385    5374 |     771     385     771 |    0.3   15.3    0.7
7599 |   193 |    2099 |    4591     383    4591 |     767     384     767 |    0.2   10.5    0.7
7600 |   193 |    3267 |    5359     384    5359 |     768     384     768 |    0.2   13.4    0.7
7601 |   194 |    3263 |    5359     386    5359 |     772     386     772 |    0.3   13.5    0.8
7602 |   194 |    3281 |    5368     385    5368 |     770     385     770 |    0.2   13.5    0.9
7603 |   194 |    3279 |    5356     386    5356 |     771     386     771 |    0.2   13.7    0.7
7604 |   193 |    3270 |    5364     384    5364 |     768     384     768 |    0.2   13.5    0.9
7605 |   194 |    3261 |    5362     384    5362 |     769     384     769 |    0.3   14.0    0.8
7606 |   194 |    3272 |    5357     384    5357 |     768     384     768 |    0.2   13.5    0.7
7607 |   194 |    2098 |    4593     384    4593 |     768     384     768 |    0.1   10.3    0.6
7608 |   193 |    2865 |    5354     384    5354 |     767     384     767 |    0.2   10.2    0.6
7609 |   194 |    3291 |    5384     386    5384 |     771     386     771 |    0.2   15.7    0.8
7610 |   194 |    2100 |    4597     384    4597 |     768     384     768 |    0.2   10.1    0.7
7611 |   194 |    3287 |    5379     385    5379 |     771     385     771 |    0.3   14.0    0.9
7612 |   194 |    3278 |    5373     385    5373 |     770     385     770 |    0.3   12.9    0.7
7613 |   193 |    3268 |    5368     384    5368 |     769     384     769 |    0.2   13.4    0.7
7614 |   193 |    2663 |    4589     383    4589 |     766     383     766 |    0.2   10.1    0.6
7615 |   193 |    2650 |    4582     384    4582 |     767     384     767 |    0.2   10.3    0.7
7616 |   194 |    2881 |    5355     385    5355 |     770     385     770 |    0.2    9.4    0.6
7617 |   193 |    2679 |    5338     384    5338 |     768     384     768 |    0.2   10.2    0.6
7618 |   194 |    3276 |    5368     384    5368 |     769     385     769 |    0.2   13.7    0.7
7619 |   194 |    3287 |    5371     385    5371 |     771     386     771 |    0.2   13.8    0.7
7620 |   194 |    2505 |    5376     385    5376 |     770     385     770 |    0.2   10.4    0.6
7621 |   194 |    3283 |    5375     385    5375 |     770     385     770 |    0.2   13.7    0.7
7622 |   194 |    2109 |    5371     385    5371 |     770     385     770 |    0.2   13.2    0.7
7623 |   193 |    3236 |    4583     383    4583 |     766     383     766 |    0.1   10.3    0.6
7624 |   194 |    3285 |    5375     385    5375 |     771     385     771 |    0.2   13.5    0.7
7625 |   194 |    3260 |    5335     384    5335 |     768     384     768 |    0.2   10.6    0.6
7626 |   194 |    3287 |    5379     386    5379 |     771     386     771 |    0.2   13.7    0.7
7627 |   194 |    2471 |    5313     385    5313 |     771     385     771 |    0.2    9.8    0.6
7628 |   193 |    3262 |    5343     383    5343 |     768     384     768 |    0.2   13.0    0.7
7629 |   194 |    3289 |    5379     385    5379 |     771     385     771 |    0.2   12.8    0.7
7630 |   193 |    3269 |    5364     385    5364 |     770     385     770 |    0.2   13.7    0.7
7631 |   194 |    2701 |    5358     386    5358 |     772     386     772 |    0.3   10.4    0.6
7632 |   194 |    3277 |    5368     384    5368 |     770     385     770 |    0.2   13.9    0.7
7633 |   193 |    3259 |    5349     384    5349 |     767     384     767 |    0.2   13.5    0.7
7634 |   194 |    3283 |    5377     385    5377 |     771     385     771 |    0.2   13.0    0.7
7635 |   194 |    3275 |    5368     385    5368 |     769     385     769 |    0.3   13.2    0.8
7636 |   194 |    3277 |    5373     385    5373 |     770     385     770 |    0.2   13.6    0.7
7637 |   193 |    3271 |    5362     384    5362 |     769     384     769 |    0.2   13.8    0.7
7638 |   194 |    2117 |    5374     386    5374 |     771     386     771 |    0.2   14.7    0.7
7639 |   194 |    3266 |    5365     385    5365 |     770     385     770 |    0.2   13.9    0.7
7640 |   194 |    3291 |    5382     386    5382 |     771     386     771 |    0.2   13.2    0.7
7641 |   194 |    3290 |    5385     385    5385 |     771     385     771 |    0.2   13.7    0.7
7642 |   194 |    3249 |    5357     384    5357 |     767     384     767 |    0.2   10.0    0.6
7643 |   194 |    3251 |    4595     384    4595 |     768     384     768 |    0.2   10.1    0.7
7644 |   194 |    3287 |    5370     386    5370 |     772     386     772 |    0.3   15.1    0.8
7645 |   194 |    3268 |    5368     385    5368 |     770     385     770 |    0.2   13.3    0.7
7646 |   194 |    2502 |    5374     385    5374 |     770     385     770 |    0.2   10.8    0.7
7647 |   193 |    3270 |    5360     384    5360 |     769     384     769 |    0.2   13.9    0.7
7648 |   193 |    3273 |    5372     385    5372 |     769     385     769 |    0.2   14.6    0.7
7649 |   194 |    3281 |    5374     386    5374 |     771     386     771 |    0.2   13.2    0.7
7650 |   193 |    3264 |    5349     384    5349 |     768     384     768 |    0.2   13.1    0.7
7651 |   194 |    3277 |    4604     384    4604 |     768     384     768 |    0.2   10.1    0.6
7652 |   193 |    2853 |    4592     383    4592 |     767     383     767 |    0.2    9.7    0.6
7653 |   194 |    3241 |    4587     384    4587 |     768     384     768 |    0.1    9.5    0.6
7654 |   194 |    3275 |    5355     385    5355 |     771     385     771 |    0.2   13.1    0.8
7655 |   194 |    3280 |    5364     385    5364 |     769     385     769 |    0.2   13.8    0.7
7656 |   193 |    3265 |    5359     384    5359 |     767     384     767 |    0.3   13.7    0.7
7657 |   192 |    3244 |    5335     383    5335 |     766     383     766 |    0.2   15.0    0.7
7658 |   194 |    3289 |    5380     386    5380 |     772     386     772 |    0.2   13.8    0.8
7659 |   194 |    2294 |    5370     384    5370 |     769     384     769 |    0.2   12.9    0.8
7660 |   194 |    3284 |    5378     385    5378 |     771     385     771 |    0.2   13.3    0.7
7661 |   192 |    3247 |    5350     383    5350 |     766     383     766 |    0.1   14.0    0.7
7662 |   194 |    3284 |    5371     386    5371 |     772     386     772 |    0.2   13.9    0.9
7663 |   194 |    2111 |    5367     385    5367 |     771     385     771 |    0.2   13.9    0.7
7664 |   194 |    3280 |    5371     386    5371 |     771     386     771 |    0.2   14.2    0.7
7665 |   193 |    3264 |    5366     384    5366 |     769     384     769 |    0.2   14.4    0.7
7666 |   194 |    3251 |    5326     384    5326 |     767     384     767 |    0.1   13.0    0.7
7667 |   192 |    3246 |    4592     383    4592 |     766     383     766 |    0.2   10.0    0.6
7668 |   194 |    3218 |    4568     384    4568 |     767     384     767 |    0.1   10.7    0.7
7669 |   194 |    3277 |    5363     386    5363 |     771     386     771 |    0.2   12.8    0.7
7670 |   194 |    3275 |    5376     385    5376 |     770     385     770 |    0.2   15.4    0.9
7671 |   194 |    3268 |    5354     384    5354 |     768     384     768 |    0.3   13.1    0.7
7672 |   194 |    3278 |    5361     385    5361 |     771     385     771 |    0.2   13.6    0.7
7673 |   194 |    3279 |    5368     385    5368 |     770     385     770 |    0.2   13.4    0.7
7674 |   194 |    3278 |    5373     385    5373 |     771     385     771 |    0.2   13.2    0.7
7675 |   193 |    3251 |    4595     383    4595 |     767     383     767 |    0.2   10.5    0.6
7676 |   193 |    3267 |    5357     385    5357 |     770     385     770 |    0.3   13.8    0.7
7677 |   194 |    3274 |    5370     384    5370 |     769     384     769 |    0.2   13.0    0.8
7678 |   194 |    3289 |    5381     385    5381 |     771     385     771 |    0.3   13.3    0.7
7679 |   194 |    3270 |    5347     384    5347 |     768     384     768 |    0.2   13.9    0.7
7680 |   194 |    2689 |    5368     385    5368 |     770     385     770 |    0.2   13.3    0.7
7681 |   193 |    3264 |    5348     385    5348 |     769     385     769 |    0.2   13.1    0.7
7682 |   194 |    3289 |    5380     386    5380 |     772     386     772 |    0.2   13.6    0.7
7683 |   194 |    3284 |    5369     385    5369 |     770     385     770 |    0.2   13.8    0.8
7684 |   194 |    3278 |    5360     385    5360 |     770     385     770 |    0.2   12.9    0.7
7685 |   194 |    2510 |    5361     386    5361 |     772     385     772 |    0.2   10.1    0.6
7686 |   194 |    3255 |    5322     384    5322 |     769     384     769 |    0.1   13.1    0.7
7687 |   194 |    3259 |    5362     384    5362 |     768     384     768 |    0.2   13.7    1.0
7688 |   194 |    3265 |    5367     384    5367 |     769     384     769 |    0.3   14.9    0.7
7689 |   194 |    3257 |    4605     384    4605 |     768     384     768 |    0.2   10.1    0.6
7690 |   191 |    3234 |    4581     383    4581 |     765     383     765 |    0.1    9.7    0.6
7691 |   194 |    3276 |    5359     384    5359 |     769     384     769 |    0.2   14.2    0.7
7692 |   194 |    2465 |    4576     384    4576 |     769     384     769 |    0.1   10.4    0.6
7693 |   193 |    3255 |    5358     384    5358 |     768     384     768 |    0.2   14.3    0.7
7694 |   194 |    3280 |    5374     385    5374 |     770     385     770 |    0.2   13.5    0.7
7695 |   194 |    3283 |    5364     385    5364 |     770     385     770 |    0.2   13.5    0.7
7696 |   194 |    3262 |    5366     384    5366 |     769     384     769 |    0.2   13.6    0.7
7697 |   194 |    2095 |    4593     384    4593 |     768     384     768 |    0.1   10.1    0.6
7698 |   194 |    3265 |    5347     384    5347 |     768     384     768 |    0.2   13.2    0.7
7699 |   194 |    3261 |    5364     384    5364 |     769     385     769 |    0.2   13.5    0.8
7700 |   194 |    3282 |    5382     385    5382 |     771     385     771 |    0.2   15.3    0.9
7701 |   194 |    2286 |    4598     384    4598 |     767     384     767 |    0.2   10.2    0.6
7702 |   194 |    3260 |    5352     386    5352 |     772     386     772 |    0.2   13.1    0.7
7703 |   194 |    3288 |    5380     385    5380 |     771     385     771 |    0.2   13.0    0.7
7704 |   192 |    3225 |    4570     383    4570 |     766     383     766 |    0.1   10.3    0.6
7705 |   194 |    3284 |    5369     385    5369 |     769     385     769 |    0.2   13.4    0.8
7706 |   194 |    2504 |    5385     385    5385 |     771     386     771 |    0.2   10.0    0.7
7707 |   193 |    3265 |    5365     384    5365 |     769     384     769 |    0.2   13.6    0.7
7708 |   194 |    3291 |    5386     385    5386 |     771     386     771 |    0.2   13.7    0.7
7709 |   194 |    2288 |    4588     384    4588 |     768     384     768 |    0.1   10.5    0.7
7710 |   194 |    2906 |    5355     386    5355 |     773     386     773 |    0.2   10.4    0.6
7711 |   190 |    3215 |    4558     383    4558 |     765     383     765 |    0.1    9.3    0.6
7712 |   194 |    2897 |    5381     385    5381 |     770     385     770 |    0.2   12.0    0.6
7713 |   194 |    3285 |    5372     386    5372 |     771     386     771 |    0.2   13.9    0.7
7714 |   194 |    3284 |    5366     386    5366 |     772     386     772 |    0.2   13.2    0.7
7715 |   194 |    2116 |    5370     385    5370 |     771     386     771 |    0.2   14.0    0.7
7716 |   194 |    3281 |    5372     385    5372 |     771     386     771 |    0.2   13.6    0.7
7717 |   193 |    3257 |    5348     386    5348 |     772     386     772 |    0.2   10.4    0.7
7718 |   194 |    3282 |    5380     385    5380 |     771     385     771 |    0.2   13.5    0.7
7719 |   194 |    3287 |    5380     385    5380 |     771     385     771 |    0.2   13.4    0.7
7720 |   194 |    3269 |    5367     384    5367 |     770     385     770 |    0.2   15.3    0.8
7721 |   191 |    3226 |    4574     383    4574 |     765     383     765 |    0.2    9.9    0.6
7722 |   194 |    2505 |    5376     385    5376 |     770     385     770 |    0.2   10.6    0.7
7723 |   193 |    3261 |    5354     384    5354 |     769     384     769 |    0.2   13.5    0.7
7724 |   194 |    3277 |    5370     385    5370 |     769     385     769 |    0.2   13.6    0.7
7725 |   194 |    3272 |    5367     385    5367 |     770     385     770 |    0.2   13.7    0.7
7726 |   194 |    2876 |    5345     386    5345 |     772     386     772 |    0.2   10.0    0.6
7727 |   194 |    3245 |    4588     384    4588 |     770     384     770 |    0.2   10.3    0.6
7728 |   194 |    2689 |    5373     385    5373 |     770     385     770 |    0.3   14.0    0.8
7729 |   194 |    3271 |    5374     385    5374 |     770     385     770 |    0.2   14.0    0.8
7730 |   194 |    2478 |    4592     384    4592 |     768     384     768 |    0.3   10.1    0.6
7731 |   192 |    3249 |    5343     383    5343 |     766     383     766 |    0.1   13.4    0.7
7732 |   193 |    3253 |    5348     383    5348 |     767     384     767 |    0.2   13.4    0.7
7733 |   194 |    3286 |    5372     386    5372 |     772     386     772 |    0.2   14.1    0.7
7734 |   194 |    2293 |    5373     385    5373 |     769     385     769 |    0.2   13.8    0.7
7735 |   194 |    3290 |    5378     386    5378 |     771     386     771 |    0.2   16.0    0.7
7736 |   192 |    3250 |    5351     383    5351 |     766     383     766 |    0.2   15.2    0.9
7737 |   194 |    2680 |    5339     384    5339 |     768     384     768 |    0.2   10.7    0.6
7738 |   194 |    3282 |    5374     385    5374 |     770     385     770 |    0.2   13.7    0.7
7739 |   193 |    2280 |    4593     383    4593 |     767     383     767 |    0.2    9.6    0.7
7740 |   194 |    3257 |    4605     384    4605 |     768     384     768 |    0.2   11.0    0.8
7741 |   194 |    3280 |    5379     385    5379 |     770     385     770 |    0.3   16.3    0.8
7742 |   194 |    2117 |    5375     385    5375 |     770     385     770 |    0.2   14.1    0.7
7743 |   194 |    3287 |    5375     385    5375 |     771     385     771 |    0.2   13.4    0.7
7744 |   194 |    3275 |    5371     384    5371 |     768     384     768 |    0.2   13.7    0.7
7745 |   194 |    3275 |    5374     385    5374 |     770     385     770 |    0.2   13.6    0.7
7746 |   193 |    3259 |    5352     384    5352 |     767     384     767 |    0.2   13.7    0.7
7747 |   194 |    3290 |    5380     385    5380 |     771     385     771 |    0.2   13.3    0.8
7748 |   194 |    3285 |    5377     385    5377 |     771     385     771 |    0.2   14.3    0.7
7749 |   194 |    3240 |    5291     384    5291 |     768     384     768 |    0.2   12.2    0.7
7750 |   194 |    3272 |    5361     384    5361 |     768     384     768 |    0.2   13.6    0.7
7751 |   193 |    2686 |    5348     385    5348 |     770     385     770 |    0.3   10.6    0.6
7752 |   194 |    3224 |    4570     383    4570 |     768     384     768 |    0.2   10.8    0.8
7753 |   194 |    3271 |    5369     385    5369 |     770     385     770 |    0.3   14.7    0.7
7754 |   192 |    2105 |    5345     384    5345 |     768     384     768 |    0.2   10.4    0.6
7755 |   194 |    3280 |    5370     385    5370 |     771     386     771 |    0.2   13.3    0.7
7756 |   194 |    3284 |    5371     386    5371 |     771     386     771 |    0.2   13.5    0.7
7757 |   193 |    3262 |    5360     384    5360 |     768     384     768 |    0.2   13.4    0.8
7758 |   194 |    3286 |    5374     385    5374 |     772     386     772 |    0.2   13.5    0.7
7759 |   193 |    3237 |    5310     383    5310 |     766     383     766 |    0.2   14.1    0.9
7760 |   194 |    3284 |    5366     386    5366 |     771     386     771 |    0.3   13.8    0.7
7761 |   194 |    3286 |    5377     385    5377 |     771     386     771 |    0.2   13.8    0.7
7762 |   194 |    3276 |    5350     385    5350 |     770     385     770 |    0.2   13.5    0.8
7763 |   193 |    2276 |    4573     383    4573 |     766     383     766 |    0.2   10.0    0.6
7764 |   194 |    3278 |    5370     384    5370 |     769     384     769 |    0.2   13.5    0.7
7765 |   193 |    2853 |    4596     384    4596 |     768     384     768 |    0.2   10.3    0.7
7766 |   192 |    3242 |    5332     385    5332 |     769     385     769 |    0.2    9.7    0.6
7767 |   193 |    2111 |    4604     385    4604 |     770     385     770 |    0.2    9.9    0.6
7768 |   193 |    3257 |    5353     384    5353 |     767     384     767 |    0.2   13.4    0.7
7769 |   193 |    3265 |    5369     384    5369 |     768     384     768 |    0.2   14.3    0.7
7770 |   194 |    3280 |    5379     385    5379 |     770     385     770 |    0.2   13.9    0.7
7771 |   194 |    3283 |    5368     386    5368 |     773     386     773 |    0.2   12.5    0.8
7772 |   194 |    3285 |    5369     386    5369 |     772     386     772 |    0.2   13.1    0.7
7773 |   194 |    3277 |    5376     385    5376 |     769     385     769 |    0.2   14.0    0.7
7774 |   194 |    3279 |    5370     385    5370 |     769     385     769 |    0.2   14.4    0.7
7775 |   194 |    3282 |    5379     385    5379 |     770     385     770 |    0.2   13.8    0.7
7776 |   194 |    3279 |    5368     384    5368 |     769     384     769 |    0.2   14.1    0.7
7777 |   192 |    3255 |    5350     384    5350 |     767     384     767 |    0.1   13.3    0.7
7778 |   194 |    3277 |    5378     385    5378 |     770     385     770 |    0.2   13.8    0.8
7779 |   194 |    3272 |    5371     385    5371 |     770     385     770 |    0.2   13.4    0.8
7780 |   194 |    3250 |    5368     384    5368 |     769     384     769 |    0.2   13.4    0.7
7781 |   194 |    2105 |    5365     384    5365 |     768     384     768 |    0.2   14.5    0.7
7782 |   194 |    3276 |    5365     384    5365 |     768     384     768 |    0.2   13.4    0.7
7783 |   194 |    3273 |    5371     385    5371 |     770     385     770 |    0.2   13.6    0.8
7784 |   194 |    3267 |    5368     384    5368 |     769     384     769 |    0.2   14.2    0.7
7785 |   194 |    3258 |    4604     384    4604 |     769     384     769 |    0.2    9.9    0.7
7786 |   194 |    3253 |    4600     384    4600 |     767     384     767 |    0.2   10.3    0.6
7787 |   193 |    3261 |    5349     384    5349 |     768     384     768 |    0.2   13.4    0.7
7788 |   193 |    3243 |    5347     383    5347 |     767     383     767 |    0.2   10.3    0.6
7789 |   194 |    3288 |    5362     387    5362 |     773     387     773 |    0.2   12.7    0.7
7790 |   194 |    3278 |    5370     385    5370 |     770     385     770 |    0.3   13.4    0.8
7791 |   194 |    3258 |    5360     386    5360 |     771     386     771 |    0.2   15.0    0.7
7792 |   193 |    3228 |    4578     385    4578 |     770     385     770 |    0.2   10.5    0.6
7793 |   194 |    3277 |    5359     386    5359 |     772     386     772 |    0.2   13.3    0.8
7794 |   194 |    3272 |    5366     385    5366 |     769     385     769 |    0.3   13.1    0.8
7795 |   193 |    3265 |    5362     385    5362 |     768     384     768 |    0.3   13.3    0.7
7796 |   193 |    3260 |    5355     383    5355 |     767     383     767 |    0.2   13.5    0.7
7797 |   194 |    3283 |    5378     385    5378 |     771     385     771 |    0.2   11.5    0.9
7798 |   194 |    2692 |    5371     385    5371 |     771     385     771 |    0.2   12.7    0.7
7799 |   193 |    3254 |    5347     383    5347 |     766     383     766 |    0.1   13.1    0.7
7800 |   194 |    3285 |    5376     386    5376 |     771     386     771 |    0.2   14.0    0.7
7801 |   194 |    2119 |    5369     384    5369 |     770     384     770 |    0.2   13.0    0.7
7802 |   193 |    3230 |    5296     383    5296 |     767     383     767 |    0.1   13.6    0.7
7803 |   193 |    3252 |    5354     383    5354 |     767     383     767 |    0.2   13.1    0.7
7804 |   192 |    2076 |    4553     382    4553 |     766     383     766 |    0.1    9.9    0.6
7805 |   194 |    3265 |    5347     384    5347 |     768     384     768 |    0.2   12.8    0.7
7806 |   194 |    3270 |    5352     384    5352 |     768     384     768 |    0.2   13.9    0.7
7807 |   194 |    3276 |    5364     385    5364 |     770     385     770 |    0.2   12.9    0.7
7808 |   194 |    3287 |    5378     385    5378 |     771     385     771 |    0.2   13.2    0.7
7809 |   193 |    3251 |    5346     383    5346 |     767     383     767 |    0.2   12.3    0.7
7810 |   194 |    2283 |    4601     384    4601 |     768     384     768 |    0.1   11.9    0.6
7811 |   194 |    3275 |    4608     385    4608 |     770     385     770 |    0.2   10.1    0.7
7812 |   193 |    3250 |    5348     384    5348 |     769     384     769 |    0.2   12.9    0.7
7813 |   194 |    3278 |    5366     385    5366 |     772     385     772 |    0.2   13.5    0.7
7814 |   194 |    2291 |    4598     384    4598 |     768     384     768 |    0.2    9.8    0.6
7815 |   193 |    3262 |    5351     384    5351 |     769     384     769 |    0.2   13.0    0.7
7816 |   194 |    3248 |    4595     384    4595 |     768     384     768 |    0.2   10.2    0.6
7817 |   194 |    3249 |    4594     384    4594 |     768     384     768 |    0.2   10.2    0.6
7818 |   194 |    3278 |    5367     384    5367 |     769     384     769 |    0.2   13.2    0.7
7819 |   194 |    2514 |    5366     386    5366 |     772     386     772 |    0.2   10.6    0.6
7820 |   194 |    3278 |    5377     386    5377 |     772     386     772 |    0.2   13.4    0.8
7821 |   194 |    3282 |    5370     385    5370 |     771     385     771 |    0.2   13.7    0.8
7822 |   194 |    3269 |    5349     384    5349 |     769     384     769 |    0.2   13.7    0.8
7823 |   194 |    3286 |    5378     385    5378 |     770     385     770 |    0.3   14.0    0.7
7824 |   190 |    3217 |    4557     383    4557 |     765     383     765 |    0.2    9.9    0.6
7825 |   194 |    3281 |    5376     385    5376 |     770     385     770 |    0.2   13.2    0.7
7826 |   194 |    3265 |    5350     383    5350 |     768     383     768 |    0.2   14.1    0.7
7827 |   194 |    3278 |    5372     385    5372 |     770     385     770 |    0.2   14.5    0.7
7828 |   194 |    3290 |    5383     386    5383 |     771     386     771 |    0.2   13.3    0.7
7829 |   194 |    2299 |    5368     385    5368 |     771     385     771 |    0.2   13.7    0.9
7830 |   193 |    3257 |    5353     383    5353 |     767     383     767 |    0.2   13.2    0.7
7831 |   194 |    3275 |    5368     385    5368 |     770     385     770 |    0.2   13.7    0.7
7832 |   194 |    2119 |    5365     386    5365 |     773     386     773 |    0.2   13.4    0.7
7833 |   193 |    2085 |    4575     383    4575 |     767     383     767 |    0.1   10.0    0.6
7834 |   194 |    3274 |    5364     385    5364 |     771     385     771 |    0.2   13.2    0.9
7835 |   194 |    3268 |    5346     385    5346 |     769     385     769 |    0.3   13.7    0.7
7836 |   193 |    3265 |    5353     386    5353 |     772     386     772 |    0.2   13.5    0.7
7837 |   194 |    2275 |    4567     384    4567 |     767     384     767 |    0.1    9.6    0.6
7838 |   194 |    3291 |    5386     385    5386 |     771     385     771 |    0.2   13.8    0.8
7839 |   194 |    3283 |    5366     385    5366 |     771     385     771 |    0.3   13.9    0.7
7840 |   194 |    3286 |    5384     385    5384 |     771     385     771 |    0.3   13.1    0.9
7841 |   191 |    3223 |    4570     382    4570 |     765     383     765 |    0.2   10.8    0.8
7842 |   194 |    3255 |    5329     384    5329 |     768     384     768 |    0.4   13.3    0.7
7843 |   193 |    3266 |    5356     384    5356 |     768     384     768 |    0.2   13.6    0.7
7844 |   193 |    3258 |    5353     384    5353 |     769     384     769 |    0.2   13.9    0.7
7845 |   194 |    3280 |    5369     385    5369 |     770     385     770 |    0.2   13.4    0.9
7846 |   194 |    3278 |    5372     385    5372 |     770     385     770 |    0.3   13.9    0.7
7847 |   194 |    3270 |    5370     385    5370 |     770     385     770 |    0.2   13.8    0.7
7848 |   194 |    2105 |    5366     385    5366 |     769     385     769 |    0.2   13.7    0.7
7849 |   194 |    3283 |    5381     385    5381 |     770     385     770 |    0.2   16.3    0.9
7850 |   194 |    3275 |    5368     386    5368 |     772     386     772 |    0.3   15.3    0.7
7851 |   194 |    3284 |    5377     385    5377 |     770     385     770 |    0.2   13.4    0.7
7852 |   194 |    2090 |    4576     384    4576 |     768     384     768 |    0.1    9.9    0.7
7853 |   194 |    3288 |    5384     386    5384 |     772     386     772 |    0.3   14.7    0.8
7854 |   194 |    2276 |    4579     384    4579 |     767     384     767 |    0.2    9.9    0.7
7855 |   194 |    3265 |    5364     384    5364 |     769     384     769 |    0.3   14.0    0.8
7856 |   193 |    2272 |    4596     383    4596 |     767     383     767 |    0.2   11.2    0.8
7857 |   193 |    3267 |    5361     385    5361 |     769     385     769 |    0.2   13.8    0.7
7858 |   194 |    3282 |    5370     385    5370 |     771     385     771 |    0.2   14.4    0.7
7859 |   194 |    2491 |    5365     385    5365 |     770     385     770 |    0.2   15.6    0.9
7860 |   193 |    3268 |    4604     384    4604 |     768     384     768 |    0.3   11.5    0.7
7861 |   194 |    2335 |    5354     386    5354 |     773     386     773 |    0.2   10.2    0.6
7862 |   194 |    3283 |    5373     386    5373 |     772     386     772 |    0.3   15.7    0.8
7863 |   194 |    3277 |    5370     385    5370 |     769     385     769 |    0.2   14.0    0.7
7864 |   194 |    3282 |    5369     385    5369 |     770     385     770 |    0.2   14.5    0.9
7865 |   194 |    3272 |    5353     387    5353 |     773     387     773 |    0.3   15.3    0.9
7866 |   194 |    3264 |    5369     384    5369 |     769     384     769 |    0.3   14.5    0.7
7867 |   194 |    3282 |    5372     386    5372 |     771     386     771 |    0.2   14.1    0.7
7868 |   194 |    3275 |    5372     384    5372 |     769     385     769 |    0.3   13.5    0.7
7869 |   193 |    3259 |    5359     385    5359 |     769     385     769 |    0.2   14.0    0.8
7870 |   194 |    2485 |    4597     384    4597 |     769     384     769 |    0.2   10.1    0.6
7871 |   192 |    2483 |    5335     384    5335 |     769     384     769 |    0.2   11.2    0.6
7872 |   194 |    3285 |    5372     385    5372 |     771     385     771 |    0.3   13.0    0.8
7873 |   194 |    2111 |    5369     385    5369 |     770     385     770 |    0.2   14.9    0.7
7874 |   194 |    2294 |    5362     384    5362 |     769     384     769 |    0.2   13.7    0.7
7875 |   194 |    3274 |    5373     385    5373 |     769     385     769 |    0.2   14.5    0.7
7876 |   194 |    3249 |    4594     384    4594 |     768     384     768 |    0.2   10.1    0.6
7877 |   193 |    3257 |    5346     383    5346 |     767     383     767 |    0.2   13.9    0.7
7878 |   192 |    3258 |    5357     383    5357 |     767     383     767 |    0.2   13.9    0.7
7879 |   194 |    3276 |    5370     385    5370 |     770     385     770 |    0.2   13.8    0.7
7880 |   194 |    3266 |    5342     385    5342 |     769     385     769 |    0.2   11.7    0.6
7881 |   194 |    3278 |    5366     384    5366 |     769     384     769 |    0.2   15.8    1.0
7882 |   194 |    3270 |    5363     383    5363 |     770     385     770 |    0.3   13.6    0.7
7883 |   193 |    3267 |    5367     384    5367 |     768     384     768 |    0.2   15.5    0.8
7884 |   194 |    3256 |    5333     384    5333 |     768     384     768 |    0.2   13.4    0.7
7885 |   194 |    2499 |    5374     385    5374 |     770     385     770 |    0.2   13.7    0.7
7886 |   194 |    3274 |    5366     384    5366 |     769     384     769 |    0.2   13.9    0.8
7887 |   194 |    3246 |    4593     384    4593 |     768     384     768 |    0.2   10.4    0.6
7888 |   194 |    3288 |    5378     385    5378 |     771     386     771 |    0.2   13.8    0.9
7889 |   194 |    3283 |    5367     385    5367 |     770     385     770 |    0.2   15.4    0.9
7890 |   194 |    2479 |    4584     384    4584 |     770     384     770 |    0.2   11.2    0.6
7891 |   194 |    3283 |    5383     385    5383 |     771     385     771 |    0.2   14.2    0.7
7892 |   194 |    3279 |    5369     385    5369 |     769     384     769 |    0.2   13.2    0.7
7893 |   194 |    2877 |    5369     384    5369 |     769     384     769 |    0.2   10.6    0.6
7894 |   194 |    3285 |    5378     386    5378 |     771     386     771 |    0.2   14.3    0.7
7895 |   194 |    3269 |    5346     385    5346 |     769     385     769 |    0.2   14.3    0.7
7896 |   193 |    2485 |    5351     384    5351 |     770     384     770 |    0.2   12.9    0.7
7897 |   192 |    3226 |    5306     383    5306 |     765     383     765 |    0.1   13.6    0.7
7898 |   194 |    3279 |    5360     385    5360 |     770     385     770 |    0.3   14.4    0.7
7899 |   193 |    2466 |    4578     383    4578 |     767     383     767 |    0.2    9.5    0.8
7900 |   193 |    3257 |    5360     383    5360 |     768     384     768 |    0.2   15.0    0.9
7901 |   194 |    3275 |    5378     385    5378 |     770     385     770 |    0.3   14.8    0.7
7902 |   194 |    3270 |    5347     384    5347 |     768     384     768 |    0.4   14.1    0.7
7903 |   192 |    3253 |    5349     384    5349 |     767     384     767 |    0.2   14.1    0.7
7904 |   194 |    2464 |    4565     384    4565 |     768     384     768 |    0.2   10.3    0.6
7905 |   194 |    2097 |    5366     384    5366 |     768     384     768 |    0.2   13.8    0.7
7906 |   194 |    3286 |    5375     386    5375 |     772     386     772 |    0.2   13.6    0.8
7907 |   194 |    3285 |    5376     385    5376 |     772     386     772 |    0.2   14.1    0.7
7908 |   194 |    3282 |    5375     385    5375 |     771     385     771 |    0.2   13.6    0.9
7909 |   194 |    3266 |    5343     383    5343 |     768     383     768 |    0.2   14.4    0.7
7910 |   193 |    2285 |    5359     384    5359 |     769     384     769 |    0.2   15.5    0.7
7911 |   194 |    2697 |    5358     386    5358 |     773     386     773 |    0.3   10.0    0.6
7912 |   194 |    3275 |    5371     385    5371 |     770     385     770 |    0.2   13.5    0.8
7913 |   194 |    3251 |    5320     384    5320 |     767     384     767 |    0.2   14.0    0.7
7914 |   194 |    3279 |    5368     385    5368 |     771     385     771 |    0.3   13.8    0.7
7915 |   194 |    3290 |    5376     386    5376 |     773     386     773 |    0.2   14.3    1.0
7916 |   193 |    3226 |    4572     383    4572 |     767     383     767 |    0.2   13.0    0.6
7917 |   194 |    3246 |    5318     384    5318 |     767     384     767 |    0.2   13.1    0.7
7918 |   194 |    3282 |    5373     385    5373 |     770     385     770 |    0.2   14.3    1.0
7919 |   194 |    3285 |    5382     385    5382 |     771     385     771 |    0.3   15.4    0.7
7920 |   194 |    3280 |    5369     385    5369 |     770     385     770 |    0.2   13.7    0.7
7921 |   194 |    2696 |    5373     385    5373 |     771     385     771 |    0.3   11.4    0.7
7922 |   192 |    3248 |    5351     383    5351 |     767     383     767 |    0.2   16.1    0.7
7923 |   194 |    3283 |    5377     385    5377 |     771     385     771 |    0.3   13.5    0.7
7924 |   194 |    3248 |    4593     384    4593 |     769     384     769 |    0.2    9.8    0.6
7925 |   194 |    3260 |    5365     384    5365 |     769     384     769 |    0.2   13.4    0.7
7926 |   194 |    3288 |    5371     386    5371 |     773     386     773 |    0.3   12.8    0.7
7927 |   194 |    2109 |    5365     385    5365 |     770     385     770 |    0.3   13.0    0.7
7928 |   194 |    3256 |    4603     384    4603 |     768     384     768 |    0.1    9.9    0.6
7929 |   194 |    2491 |    4605     384    4605 |     768     384     768 |    0.2    9.9    0.8
7930 |   194 |    3289 |    5375     386    5375 |     772     386     772 |    0.3   13.5    0.7
7931 |   194 |    3262 |    5350     384    5350 |     768     384     768 |    0.2   13.2    0.7
7932 |   194 |    3277 |    5367     384    5367 |     768     384     768 |    0.2   13.7    0.8
7933 |   194 |    3273 |    5367     385    5367 |     770     385     770 |    0.2   13.8    0.7
7934 |   194 |    3287 |    5382     385    5382 |     770     385     770 |    0.2   13.6    0.7
7935 |   194 |    3289 |    5378     386    5378 |     771     385     771 |    0.2   13.9    0.7
7936 |   194 |    3265 |    5350     384    5350 |     768     384     768 |    0.2   12.7    0.7
7937 |   194 |    2513 |    5365     386    5365 |     773     386     773 |    0.2   10.1    0.6
7938 |   194 |    3267 |    5368     385    5368 |     770     385     770 |    0.3   14.4    0.7
7939 |   194 |    3282 |    5361     386    5361 |     772     386     772 |    0.2   13.7    0.7
7940 |   194 |    3266 |    5360     384    5360 |     771     385     771 |    0.2   12.9    0.7
7941 |   194 |    3284 |    5371     385    5371 |     771     385     771 |    0.2   13.3    0.7
7942 |   194 |    3290 |    5386     386    5386 |     771     386     771 |    0.2   13.8    0.7
7943 |   194 |    3267 |    5365     384    5365 |     769     384     769 |    0.2   15.1    0.7
7944 |   194 |    3284 |    5371     386    5371 |     771     386     771 |    0.2   13.7    0.7
7945 |   194 |    2096 |    4591     383    4591 |     767     384     767 |    0.2    9.8    0.6
7946 |   193 |    3264 |    5354     384    5354 |     768     384     768 |    0.2   13.1    0.7
7947 |   192 |    3251 |    5354     383    5354 |     767     383     767 |    0.1   13.9    0.7
7948 |   194 |    3271 |    5366     384    5366 |     769     384     769 |    0.2   14.1    0.7
7949 |   193 |    3262 |    5358     384    5358 |     768     384     768 |    0.2   13.5    0.7
7950 |   194 |    2099 |    5365     384    5365 |     768     384     768 |    0.4   14.1    0.7
7951 |   194 |    3280 |    5379     385    5379 |     770     385     770 |    0.3   13.8    0.7
7952 |   194 |    3260 |    5341     384    5341 |     768     384     768 |    0.2   12.4    0.8
7953 |   194 |    3287 |    5364     386    5364 |     772     386     772 |    0.5   13.5    0.7
7954 |   193 |    3267 |    5359     384    5359 |     768     384     768 |    0.3   12.5    0.7
7955 |   194 |    3291 |    5375     386    5375 |     772     386     772 |    0.2   14.4    0.9
7956 |   194 |    3269 |    5356     384    5356 |     768     384     768 |    0.3   14.2    0.7
7957 |   193 |    3261 |    5350     384    5350 |     768     384     768 |    0.2   10.5    0.6
7958 |   194 |    3255 |    5368     384    5368 |     769     384     769 |    0.2   12.7    0.7
7959 |   194 |    3274 |    5366     384    5366 |     768     384     768 |    0.2   13.9    0.7
7960 |   194 |    2269 |    4572     385    4572 |     768     384     768 |    0.2   10.1    0.7
7961 |   194 |    3264 |    5364     384    5364 |     768     384     768 |    0.2   13.4    0.9
7962 |   194 |    2114 |    5370     385    5370 |     771     385     771 |    0.2   13.1    0.7
7963 |   194 |    3272 |    5357     384    5357 |     768     384     768 |    0.2   13.2    0.7
7964 |   194 |    3274 |    5377     385    5377 |     770     385     770 |    0.2   13.2    0.7
7965 |   194 |    3264 |    5369     384    5369 |     769     384     769 |    0.2   13.5    0.7
7966 |   194 |    3241 |    4587     386    4587 |     772     386     772 |    0.2   10.3    0.6
7967 |   193 |    2102 |    5332     384    5332 |     768     384     768 |    0.2   10.5    0.8
7968 |   194 |    3279 |    5371     385    5371 |     770     385     770 |    0.2   13.4    0.7
7969 |   194 |    3288 |    5366     387    5366 |     774     387     774 |    0.2   13.8    0.7
7970 |   194 |    3258 |    5343     384    5343 |     768     384     768 |    0.2   14.2    0.7
7971 |   193 |    3252 |    5346     383    5346 |     767     383     767 |    0.2   13.5    0.8
7972 |   194 |    3288 |    5380     385    5380 |     770     385     770 |    0.2   14.1    0.7
7973 |   194 |    2701 |    5382     386    5382 |     773     386     773 |    0.2   13.4    0.7
7974 |   194 |    2301 |    5369     385    5369 |     771     386     771 |    0.2   13.5    0.8
7975 |   194 |    3231 |    5322     385    5322 |     770     385     770 |    0.2   10.1    0.6
7976 |   193 |    3241 |    5310     383    5310 |     767     383     767 |    0.1   13.5    0.7
7977 |   193 |    2274 |    4581     383    4581 |     766     383     766 |    0.2   10.0    0.7
7978 |   193 |    3266 |    5360     384    5360 |     768     384     768 |    0.2   12.4    0.7
7979 |   194 |    2692 |    5372     385    5372 |     770     385     770 |    0.2   10.6    0.6
7980 |   193 |    3272 |    5361     385    5361 |     769     385     769 |    0.2   12.9    0.7
7981 |   194 |    2673 |    4592     385    4592 |     770     385     770 |    0.2   10.0    0.6
7982 |   194 |    3256 |    4606     384    4606 |     768     384     768 |    0.2    9.9    0.6
7983 |   194 |    2883 |    5347     386    5347 |     772     386     772 |    0.2   10.0    0.6
7984 |   194 |    2512 |    5377     386    5377 |     772     386     772 |    0.2   13.2    0.7
7985 |   194 |    3266 |    5368     384    5368 |     769     384     769 |    0.2   13.5    0.7
7986 |   194 |    2106 |    5367     384    5367 |     769     384     769 |    0.2   13.1    0.7
7987 |   194 |    3258 |    4604     384    4604 |     768     384     768 |    0.2    9.4    0.6
7988 |   193 |    3258 |    5346     383    5346 |     767     383     767 |    0.1   13.7    0.9
7989 |   193 |    3259 |    5350     383    5350 |     767     383     767 |    0.2   12.6    0.7
7990 |   194 |    3287 |    5375     386    5375 |     773     386     773 |    0.2   13.9    0.7
7991 |   193 |    3272 |    5365     384    5365 |     769     384     769 |    0.2   13.5    0.7
7992 |   194 |    3276 |    5364     385    5364 |     770     385     770 |    0.2   13.7    0.7
7993 |   194 |    3285 |    5376     386    5376 |     771     385     771 |    0.2   14.2    0.7
7994 |   194 |    3273 |    5368     385    5368 |     770     385     770 |    0.2   14.3    0.7
7995 |   193 |    2680 |    5354     384    5354 |     769     384     769 |    0.3   10.2    0.6
7996 |   193 |    3272 |    5365     384    5365 |     769     384     769 |    0.2   13.7    0.7
7997 |   194 |    2116 |    5345     386    5345 |     772     385     772 |    0.2   10.4    0.6
7998 |   194 |    2684 |    5358     384    5358 |     770     384     770 |    0.2   13.5    0.7
7999 |   193 |    3255 |    5327     384    5327 |     768     384     768 |    0.1   14.2    0.7
8000 |   194 |    3253 |    4600     384    4600 |     768     384     768 |    0.2   10.2    0.6
8001 |   194 |    3258 |    5337     384    5337 |     768     384     768 |    0.2   13.0    0.7
8002 |   194 |    3266 |    5362     385    5362 |     769     385     769 |    0.2   13.5    0.7
8003 |   194 |    3257 |    5361     384    5361 |     769     384     769 |    0.2   13.8    1.0
8004 |   194 |    3273 |    5372     384    5372 |     769     385     769 |    0.2   13.9    0.8
8005 |   194 |    3268 |    5353     384    5353 |     768     384     768 |    0.2   12.9    0.8
8006 |   194 |    3279 |    5371     385    5371 |     769     385     769 |    0.2   13.5    0.8
8007 |   193 |    3270 |    5366     385    5366 |     770     385     770 |    0.2   14.2    0.8
8008 |   193 |    3269 |    4607     385    4607 |     770     385     770 |    0.2   10.5    0.6
8009 |   192 |    3244 |    4590     383    4590 |     766     383     766 |    0.2    9.4    0.6
8010 |   193 |    3240 |    4585     383    4585 |     767     383     767 |    0.1    9.3    0.6
8011 |   193 |    2279 |    5361     385    5361 |     771     385     771 |    0.2   13.3    0.7
8012 |   193 |    3267 |    5364     384    5364 |     768     384     768 |    0.2   13.8    0.7
8013 |   194 |    3278 |    5361     385    5361 |     770     385     770 |    0.2   14.5    0.7
8014 |   194 |    3274 |    5364     384    5364 |     769     384     769 |    0.2   13.8    0.7
8015 |   194 |    3289 |    5373     386    5373 |     772     386     772 |    0.2   13.8    0.8
8016 |   193 |    3270 |    5355     385    5355 |     771     385     771 |    0.3   14.0    0.7
8017 |   194 |    2080 |    4549     384    4549 |     768     384     768 |    0.2    9.9    0.6
8018 |   194 |    3275 |    5372     384    5372 |     769     384     769 |    0.2   13.5    0.7
8019 |   194 |    3255 |    4604     384    4604 |     769     384     769 |    0.3    9.8    0.6
8020 |   192 |    3236 |    4582     382    4582 |     765     383     765 |    0.1    9.8    0.6
8021 |   194 |    3287 |    5368     386    5368 |     772     386     772 |    0.2   13.1    0.7
8022 |   193 |    2498 |    5363     384    5363 |     769     384     769 |    0.3   10.7    0.6
8023 |   194 |    3262 |    5363     384    5363 |     769     384     769 |    0.2   12.9    0.7
8024 |   193 |    3251 |    5363     384    5363 |     768     384     768 |    0.2   14.7    0.7
8025 |   194 |    3275 |    5370     385    5370 |     770     385     770 |    0.2   14.2    0.8
8026 |   194 |    3281 |    5380     385    5380 |     770     385     770 |    0.2   13.2    0.8
8027 |   194 |    3280 |    5363     386    5363 |     772     386     772 |    0.2   12.9    0.7
8028 |   194 |    3284 |    5376     385    5376 |     771     385     771 |    0.2   14.8    0.7
8029 |   194 |    2124 |    5385     385    5385 |     771     385     771 |    0.2   13.4    0.8
8030 |   194 |    3289 |    5375     385    5375 |     771     385     771 |    0.2   14.8    1.0
8031 |   194 |    3269 |    5365     385    5365 |     770     385     770 |    0.3   13.8    0.7
8032 |   194 |    3251 |    5318     384    5318 |     768     384     768 |    0.2   13.4    0.7
8033 |   194 |    2679 |    5372     385    5372 |     770     385     770 |    0.2   14.5    0.8
8034 |   194 |    3288 |    5379     386    5379 |     771     386     771 |    0.3   13.4    0.7
8035 |   194 |    3265 |    5369     384    5369 |     769     384     769 |    0.2   13.7    0.7
8036 |   194 |    3281 |    5381     386    5381 |     771     386     771 |    0.2   10.4    0.6
8037 |   194 |    3291 |    5380     386    5380 |     772     386     772 |    0.2   13.2    0.7
8038 |   194 |    3281 |    5370     384    5370 |     770     385     770 |    0.2   13.3    0.7
8039 |   194 |    3271 |    5372     385    5372 |     770     385     770 |    0.2   13.2    0.8
8040 |   194 |    3288 |    5382     385    5382 |     771     385     771 |    0.2   18.5    0.7
8041 |   192 |    3206 |    4551     383    4551 |     766     383     766 |    0.2   11.8    0.6
8042 |   194 |    3267 |    5361     384    5361 |     768     384     768 |    0.3   13.7    1.1
8043 |   194 |    3283 |    5376     385    5376 |     770     385     770 |    0.4   13.4    0.7
8044 |   194 |    3262 |    5363     385    5363 |     770     385     770 |    0.2   13.4    0.7
8045 |   194 |    2085 |    4562     384    4562 |     768     384     768 |    0.1   10.9    0.6
8046 |   194 |    3276 |    5376     385    5376 |     770     385     770 |    0.2   13.1    0.7
8047 |   194 |    2111 |    5370     385    5370 |     771     385     771 |    0.2   13.4    0.7
8048 |   194 |    3283 |    5377     385    5377 |     770     385     770 |    0.2   13.1    0.7
8049 |   194 |    3284 |    5373     385    5373 |     771     385     771 |    0.2   13.4    0.8
8050 |   194 |    3266 |    5371     385    5371 |     769     385     769 |    0.2   14.7    0.8
8051 |   194 |    2495 |    5362     385    5362 |     769     385     769 |    0.3   14.1    0.8
8052 |   194 |    3283 |    5374     385    5374 |     770     385     770 |    0.2   14.5    0.7
8053 |   194 |    3270 |    5354     384    5354 |     768     384     768 |    0.2   13.6    0.7
8054 |   194 |    3264 |    5367     384    5367 |     769     384     769 |    0.2   10.4    0.6
8055 |   194 |    3259 |    5366     384    5366 |     770     385     770 |    0.2   15.0    0.9
8056 |   194 |    3278 |    5374     385    5374 |     769     385     769 |    0.3   17.5    0.8
8057 |   194 |    2120 |    5377     386    5377 |     772     386     772 |    0.3   12.8    0.7
8058 |   194 |    3280 |    5377     385    5377 |     771     385     771 |    0.2   12.6    0.7
8059 |   194 |    3270 |    5374     385    5374 |     770     385     770 |    0.2   14.1    0.8
8060 |   194 |    3192 |    4540     384    4540 |     769     384     769 |    0.2    9.9    0.6
8061 |   194 |    3274 |    5368     386    5368 |     772     386     772 |    0.3   15.9    0.7
8062 |   192 |    3242 |    4590     383    4590 |     766     383     766 |    0.2   10.0    0.7
8063 |   194 |    3281 |    5374     386    5374 |     771     386     771 |    0.2   13.0    0.7
8064 |   194 |    3279 |    5368     384    5368 |     769     384     769 |    0.2   13.3    0.8
8065 |   194 |    3282 |    5382     385    5382 |     771     385     771 |    0.2   12.6    0.7
8066 |   194 |    2853 |    5309     385    5309 |     772     385     772 |    0.2   10.0    0.6
8067 |   194 |    3268 |    5368     385    5368 |     769     384     769 |    0.2   14.4    0.8
8068 |   194 |    3274 |    5368     384    5368 |     770     385     770 |    0.2   14.9    0.7
8069 |   194 |    2484 |    4602     384    4602 |     767     384     767 |    0.2    9.7    0.6
8070 |   193 |    2273 |    4583     383    4583 |     767     383     767 |    0.1   10.1    0.6
8071 |   192 |    3214 |    4562     383    4562 |     766     383     766 |    0.2    9.7    0.6
8072 |   194 |    2293 |    5371     384    5371 |     769     384     769 |    0.2   14.6    0.7
8073 |   193 |    3263 |    5357     383    5357 |     767     383     767 |    0.3   12.6    0.7
8074 |   193 |    3258 |    5356     383    5356 |     768     384     768 |    0.1   13.2    0.7
8075 |   194 |    3245 |    5320     384    5320 |     767     384     767 |    0.1   13.3    0.7
8076 |   194 |    3282 |    5382     385    5382 |     770     385     770 |    0.2   13.0    0.8
8077 |   194 |    3273 |    5370     384    5370 |     769     384     769 |    0.2   13.0    0.7
8078 |   193 |    2668 |    5341     383    5341 |     767     383     767 |    0.2   13.0    1.0
8079 |   194 |    3281 |    5378     385    5378 |     770     385     770 |    0.2   13.6    0.8
8080 |   194 |    3264 |    5360     385    5360 |     770     385     770 |    0.4   10.1    0.6
8081 |   194 |    3257 |    5367     384    5367 |     768     384     768 |    0.2   13.2    0.7
8082 |   193 |    2274 |    4575     383    4575 |     767     383     767 |    0.1   10.1    0.6
8083 |   193 |    3256 |    5354     383    5354 |     767     383     767 |    0.2   12.7    0.7
8084 |   194 |    3284 |    5376     385    5376 |     770     385     770 |    0.2   14.6    0.7
8085 |   194 |    3269 |    5367     385    5367 |     770     385     770 |    0.3   13.0    0.9
8086 |   194 |    3274 |    5368     385    5368 |     770     385     770 |    0.3   13.5    0.7
8087 |   194 |    3284 |    5371     385    5371 |     770     385     770 |    0.2   14.0    0.7
8088 |   194 |    3277 |    5363     384    5363 |     770     385     770 |    0.2   13.9    0.7
8089 |   194 |    3280 |    4609     385    4609 |     769     385     769 |    0.2   10.4    0.7
8090 |   194 |    2119 |    5370     386    5370 |     771     386     771 |    0.2   13.7    0.7
8091 |   194 |    3281 |    5365     385    5365 |     769     385     769 |    0.2   13.7    0.7
8092 |   194 |    3281 |    5369     385    5369 |     770     385     770 |    0.2   13.8    0.7
8093 |   194 |    3272 |    5366     385    5366 |     769     385     769 |    0.2   12.9    0.7
8094 |   194 |    3285 |    5383     386    5383 |     771     386     771 |    0.2   13.6    0.8
8095 |   194 |    3285 |    5379     385    5379 |     770     385     770 |    0.2   13.3    0.7
8096 |   194 |    2463 |    4576     384    4576 |     768     384     768 |    0.2    9.7    0.6
8097 |   193 |    3241 |    5326     384    5326 |     771     384     771 |    0.2    9.9    0.6
8098 |   194 |    3272 |    5369     385    5369 |     769     385     769 |    0.3   13.8    0.7
8099 |   194 |    3271 |    5374     385    5374 |     770     385     770 |    0.2   10.1    0.6
8100 |   194 |    2111 |    5362     385    5362 |     770     385     770 |    0.2   12.9    0.8
8101 |   193 |    3264 |    5363     384    5363 |     768     384     768 |    0.2   12.6    0.7
8102 |   194 |    3260 |    5364     384    5364 |     768     384     768 |    0.2   13.7    0.7
8103 |   194 |    3270 |    5366     384    5366 |     769     384     769 |    0.2   13.9    0.8
8104 |   194 |    3288 |    5372     385    5372 |     771     385     771 |    0.2   13.5    0.7
8105 |   193 |    3264 |    4602     384    4602 |     767     384     767 |    0.3   10.4    0.6
8106 |   193 |    3264 |    5355     384    5355 |     768     384     768 |    0.2   13.2    0.7
8107 |   194 |    3284 |    5367     386    5367 |     773     386     773 |    0.2   14.2    0.9
8108 |   194 |    3281 |    5367     385    5367 |     769     385     769 |    0.3   13.5    0.7
8109 |   194 |    3278 |    5371     385    5371 |     770     385     770 |    0.2   13.4    0.8
8110 |   194 |    3277 |    5365     386    5365 |     771     386     771 |    0.3   13.1    0.7
8111 |   193 |    3251 |    5345     383    5345 |     766     383     766 |    0.3   13.2    0.7
8112 |   192 |    2638 |    5276     384    5276 |     768     384     768 |    0.2    9.9    0.6
8113 |   193 |    3271 |    5363     384    5363 |     770     384     770 |    0.2   14.5    0.9
8114 |   194 |    3285 |    5381     385    5381 |     770     385     770 |    0.2   13.9    0.8
8115 |   194 |    3287 |    5376     385    5376 |     771     386     771 |    0.3   14.4    0.8
8116 |   193 |    2299 |    5326     385    5326 |     770     385     770 |    0.2   11.3    0.7
8117 |   194 |    3272 |    5363     385    5363 |     770     385     770 |    0.2   13.3    0.7
8118 |   194 |    3281 |    5367     385    5367 |     770     385     770 |    0.2   14.4    0.7
8119 |   194 |    2493 |    5365     385    5365 |     771     385     771 |    0.2   13.5    0.7
8120 |   194 |    3290 |    5374     385    5374 |     772     385     772 |    0.2   12.9    0.7
8121 |   194 |    3289 |    5379     386    5379 |     772     386     772 |    0.2   14.6    0.7
8122 |   194 |    3274 |    5361     384    5361 |     768     384     768 |    0.3   13.3    0.7
8123 |   192 |    2480 |    5325     385    5325 |     769     385     769 |    0.2   10.3    0.6
8124 |   194 |    2896 |    5354     385    5354 |     771     385     771 |    0.2   11.4    0.9
8125 |   194 |    3283 |    5372     385    5372 |     771     385     771 |    0.4   15.3    0.8
8126 |   194 |    3264 |    5342     384    5342 |     768     384     768 |    0.2   14.2    0.7
8127 |   193 |    3262 |    5352     384    5352 |     770     384     770 |    0.2   13.8    0.7
8128 |   194 |    3278 |    5368     385    5368 |     769     385     769 |    0.2   14.4    0.7
8129 |   193 |    3254 |    5351     383    5351 |     767     383     767 |    0.2   14.3    0.7
8130 |   194 |    3286 |    5374     386    5374 |     772     386     772 |    0.3   14.7    0.7
8131 |   193 |    3252 |    5348     383    5348 |     766     383     766 |    0.2   15.4    0.7
8132 |   194 |    3270 |    5360     384    5360 |     768     384     768 |    0.2   15.2    0.7
8133 |   194 |    3279 |    5368     386    5368 |     771     386     771 |    0.4   15.3    0.8
8134 |   194 |    3279 |    5378     385    5378 |     770     385     770 |    0.3   15.4    0.8
8135 |   193 |    3267 |    5362     384    5362 |     768     384     768 |    0.3   17.0    1.0
8136 |   194 |    2498 |    5367     384    5367 |     769     384     769 |    0.3   11.7    0.7
8137 |   194 |    3273 |    5353     384    5353 |     770     385     770 |    0.3   14.4    0.8
8138 |   194 |    3286 |    5379     386    5379 |     771     386     771 |    0.3   14.8    0.8
8139 |   193 |    2282 |    5354     383    5354 |     768     384     768 |    0.2   14.6    0.7
8140 |   194 |    3267 |    5357     384    5357 |     768     384     768 |    0.4   13.3    0.9
8141 |   193 |    3271 |    4608     385    4608 |     770     385     770 |    0.3   11.2    0.8
8142 |   194 |    2298 |    5373     385    5373 |     771     385     771 |    0.4   15.6    0.9
8143 |   194 |    3277 |    5364     384    5364 |     768     384     768 |    0.3   13.3    0.9
8144 |   194 |    3275 |    5366     385    5366 |     770     385     770 |    0.2   15.4    0.7
8145 |   193 |    2089 |    4581     383    4581 |     766     383     766 |    0.2   10.1    0.6
8146 |   194 |    3284 |    5377     385    5377 |     771     386     771 |    0.2   14.6    0.7
8147 |   194 |    2113 |    5367     384    5367 |     770     385     770 |    0.2   13.9    0.7
8148 |   193 |    3248 |    5340     383    5340 |     767     383     767 |    0.2   14.4    0.7
8149 |   194 |    3286 |    5366     387    5366 |     774     387     774 |    0.2   13.9    1.2
8150 |   194 |    3251 |    4600     384    4600 |     768     384     768 |    0.3   10.4    0.6
8151 |   194 |    2299 |    4611     385    4611 |     769     385     769 |    0.2   11.4    0.8
8152 |   193 |    3259 |    5341     384    5341 |     768     384     768 |    0.2   14.1    0.7
8153 |   193 |    3260 |    5361     384    5361 |     768     384     768 |    0.2   14.0    0.7
8154 |   194 |    3255 |    5355     384    5355 |     767     384     767 |    0.2   14.0    0.7
8155 |   194 |    3283 |    5363     385    5363 |     771     385     771 |    0.3   16.4    0.9
8156 |   193 |    3265 |    5355     384    5355 |     768     384     768 |    0.3   14.8    0.7
8157 |   194 |    2861 |    5310     385    5310 |     771     385     771 |    0.2   11.1    0.8
8158 |   194 |    3280 |    5373     385    5373 |     770     385     770 |    0.3   13.8    0.7
8159 |   194 |    2282 |    4583     383    4583 |     767     383     767 |    0.2   10.2    0.6
8160 |   190 |    3222 |    4564     383    4564 |     765     383     765 |    0.2   10.2    0.6
8161 |   194 |    3287 |    5370     386    5370 |     772     386     772 |    0.2   14.3    0.7
8162 |   193 |    3258 |    5360     384    5360 |     768     384     768 |    0.3   14.3    0.8
8163 |   194 |    3272 |    5365     385    5365 |     771     385     771 |    0.2   14.6    0.7
8164 |   194 |    3284 |    5375     385    5375 |     770     385     770 |    0.2   15.0    0.8
8165 |   194 |    3286 |    5382     385    5382 |     770     385     770 |    0.3   14.3    0.7
8166 |   194 |    3284 |    5357     387    5357 |     774     387     774 |    0.3   13.9    0.8
8167 |   194 |    2100 |    4595     384    4595 |     768     384     768 |    0.2   10.2    0.6
8168 |   193 |    2087 |    4583     383    4583 |     766     383     766 |    0.2   10.4    0.6
8169 |   194 |    2108 |    5367     384    5367 |     769     384     769 |    0.2   14.0    0.7
8170 |   194 |    3268 |    5367     384    5367 |     769     384     769 |    0.2   14.0    0.7
8171 |   194 |    3286 |    5367     386    5367 |     772     386     772 |    0.2   13.0    0.7
8172 |   194 |    3282 |    5371     386    5371 |     771     386     771 |    0.2   14.1    0.8
8173 |   194 |    3274 |    5374     385    5374 |     770     385     770 |    0.3   16.6    0.7
8174 |   193 |    2095 |    4594     384    4594 |     768     384     768 |    0.2   10.6    0.6
8175 |   194 |    3249 |    5325     385    5325 |     770     385     770 |    0.2   13.5    0.7
8176 |   194 |    2109 |    5371     385    5371 |     769     385     769 |    0.2   13.7    0.8
8177 |   194 |    3273 |    5366     385    5366 |     770     385     770 |    0.3   15.8    1.0
8178 |   194 |    3283 |    5366     386    5366 |     772     386     772 |    0.3   14.8    0.7
8179 |   194 |    3278 |    5372     384    5372 |     769     385     769 |    0.2   15.7    1.0
8180 |   194 |    2114 |    5364     385    5364 |     770     385     770 |    0.4   15.4    0.7
8181 |   194 |    3266 |    5371     384    5371 |     769     384     769 |    0.2   13.7    0.8
8182 |   193 |    3237 |    4584     383    4584 |     767     383     767 |    0.2   10.5    0.8
8183 |   194 |    3246 |    5302     385    5302 |     770     385     770 |    0.2   12.1    0.6
8184 |   194 |    3290 |    5380     385    5380 |     772     386     772 |    0.3   14.4    0.8
8185 |   194 |    3288 |    5381     386    5381 |     771     386     771 |    0.2   14.9    0.9
8186 |   194 |    3278 |    5376     385    5376 |     770     385     770 |    0.3   13.8    1.0
8187 |   194 |    2104 |    5361     385    5361 |     770     385     770 |    0.2   13.7    0.8
8188 |   193 |    3247 |    5335     383    5335 |     767     383     767 |    0.2   15.0    0.9
8189 |   194 |    3284 |    5381     385    5381 |     771     385     771 |    0.2   13.8    0.9
8190 |   194 |    3279 |    5373     386    5373 |     771     386     771 |    0.3   13.7    0.7
8191 |   193 |    3268 |    5366     384    5366 |     768     384     768 |    0.4   14.5    0.7
8192 |   194 |    3275 |    5349     386    5349 |     771     386     771 |    0.4   18.7    0.7
8193 |   194 |    3287 |    5382     385    5382 |     771     385     771 |    0.2   14.5    0.8
8194 |   194 |    3267 |    5359     384    5359 |     767     384     767 |    0.3   13.7    1.0
8195 |   194 |    3272 |    5349     385    5349 |     770     385     770 |    0.3   13.5    0.7
8196 |   192 |    3224 |    4564     383    4564 |     765     383     765 |    0.2    9.9    0.6
8197 |   194 |    3275 |    5377     385    5377 |     770     385     770 |    0.2   13.6    0.7
8198 |   194 |    3264 |    5372     384    5372 |     770     385     770 |    0.2   13.4    0.7
8199 |   193 |    2105 |    5361     385    5361 |     769     385     769 |    0.3   16.5    1.0
8200 |   194 |    3274 |    5348     384    5348 |     769     384     769 |    0.4   19.8    1.1
8201 |   193 |    3263 |    5361     384    5361 |     768     384     768 |    0.4   17.2    0.8
8202 |   193 |    3256 |    5347     384    5347 |     769     384     769 |    0.2   17.2    0.7
8203 |   194 |    3279 |    5373     385    5373 |     772     385     772 |    0.3   14.7    0.7
8204 |   193 |    3271 |    5366     385    5366 |     770     385     770 |    0.3   13.4    0.7
8205 |   194 |    3238 |    4582     384    4582 |     768     384     768 |    0.2   11.2    0.8
8206 |   194 |    2296 |    5361     385    5361 |     770     385     770 |    0.3   13.3    0.7
8207 |   194 |    3285 |    5374     385    5374 |     770     385     770 |    0.2   12.8    0.7
8208 |   193 |    3267 |    5357     384    5357 |     769     384     769 |    0.2   14.6    0.8
8209 |   194 |    3272 |    5362     385    5362 |     770     385     770 |    0.2   13.3    0.7
8210 |   193 |    3239 |    4590     384    4590 |     768     384     768 |    0.2   10.0    0.6
8211 |   193 |    3259 |    5360     384    5360 |     767     384     767 |    0.2   14.4    0.7
8212 |   194 |    3279 |    5364     385    5364 |     772     385     772 |    0.2   13.8    0.7
8213 |   194 |    3238 |    4587     384    4587 |     768     384     768 |    0.1   10.4    0.6
8214 |   194 |    3286 |    5379     385    5379 |     771     385     771 |    0.2   13.3    0.7
8215 |   192 |    3247 |    4590     383    4590 |     765     383     765 |    0.1   10.1    0.6
8216 |   193 |    3267 |    5355     385    5355 |     769     385     769 |    0.2   13.4    0.7
8217 |   194 |    2113 |    5359     385    5359 |     771     385     771 |    0.2   12.9    0.7
8218 |   194 |    3292 |    5381     386    5381 |     773     386     773 |    0.2   12.8    0.7
8219 |   194 |    3276 |    5370     385    5370 |     770     385     770 |    0.2   13.1    0.7
8220 |   194 |    2870 |    5366     384    5366 |     769     384     769 |    0.3   13.6    0.7
8221 |   192 |    3241 |    4583     384    4583 |     769     384     769 |    0.2    9.6    0.6
8222 |   193 |    3269 |    5363     385    5363 |     770     385     770 |    0.2   13.5    0.7
8223 |   193 |    3270 |    5361     385    5361 |     769     385     769 |    0.2   10.2    0.6
8224 |   194 |    3276 |    5376     385    5376 |     770     385     770 |    0.2   13.8    0.7
8225 |   194 |    3291 |    5383     385    5383 |     770     385     770 |    0.2   14.3    0.7
8226 |   194 |    2691 |    5365     385    5365 |     770     385     770 |    0.2   11.0    0.6
8227 |   194 |    3274 |    5347     384    5347 |     770     384     770 |    0.2   13.2    0.7
8228 |   194 |    3288 |    5381     385    5381 |     771     385     771 |    0.2   13.6    0.7
8229 |   194 |    3291 |    5382     386    5382 |     772     386     772 |    0.2   13.3    0.7
8230 |   192 |    3243 |    5347     383    5347 |     765     383     765 |    0.2   13.7    0.7
8231 |   193 |    3264 |    5356     384    5356 |     769     384     769 |    0.2    9.8    0.6
8232 |   194 |    3260 |    5364     384    5364 |     768     384     768 |    0.2   13.6    0.7
8233 |   191 |    3225 |    4561     383    4561 |     765     383     765 |    0.2    9.6    0.6
8234 |   194 |    2489 |    5334     385    5334 |     769     385     769 |    0.3   12.9    0.7
8235 |   194 |    3280 |    5374     385    5374 |     771     385     771 |    0.2   13.5    0.8
8236 |   194 |    2089 |    4582     384    4582 |     768     384     768 |    0.2    9.8    0.6
8237 |   194 |    3240 |    4588     384    4588 |     768     384     768 |    0.2    9.8    0.6
8238 |   193 |    3254 |    5342     384    5342 |     767     384     767 |    0.1   13.5    0.7
8239 |   194 |    3282 |    5373     385    5373 |     770     385     770 |    0.3   14.1    0.8
8240 |   194 |    3285 |    5379     385    5379 |     771     385     771 |    0.2   14.5    0.8
8241 |   194 |    3283 |    5371     386    5371 |     771     386     771 |    0.3   13.5    0.7
8242 |   193 |    3266 |    5363     385    5363 |     769     385     769 |    0.3   13.8    0.7
8243 |   192 |    3236 |    4582     383    4582 |     766     383     766 |    0.2    9.9    0.6
8244 |   194 |    2124 |    5376     385    5376 |     771     385     771 |    0.2   10.5    0.6
8245 |   192 |    3228 |    5328     383    5328 |     766     383     766 |    0.1    9.9    0.6
8246 |   194 |    3275 |    5372     384    5372 |     769     385     769 |    0.2   13.4    0.7
8247 |   193 |    3256 |    5358     383    5358 |     767     383     767 |    0.2   12.5    0.7
8248 |   194 |    3258 |    5334     384    5334 |     768     384     768 |    0.1   13.1    0.7
8249 |   194 |    3258 |    5360     384    5360 |     769     385     769 |    0.2   13.2    0.7
8250 |   194 |    3278 |    5358     386    5358 |     772     386     772 |    0.2   14.2    0.7
8251 |   194 |    3280 |    5367     384    5367 |     769     384     769 |    0.2   13.6    0.7
8252 |   194 |    3275 |    5369     385    5369 |     770     385     770 |    0.2   13.3    0.7
8253 |   194 |    3265 |    5371     384    5371 |     769     384     769 |    0.2   13.3    0.7
8254 |   193 |    3246 |    5323     385    5323 |     772     385     772 |    0.2   12.5    0.7
8255 |   194 |    3290 |    5377     385    5377 |     771     385     771 |    0.2   15.3    0.7
8256 |   194 |    3287 |    5374     386    5374 |     772     386     772 |    0.2   13.2    0.7
8257 |   194 |    3280 |    5366     384    5366 |     770     385     770 |    0.2   13.7    0.7
8258 |   194 |    3260 |    5361     384    5361 |     769     384     769 |    0.2   13.1    0.7
8259 |   194 |    2690 |    5372     385    5372 |     770     385     770 |    0.2   14.5    0.7
8260 |   194 |    2105 |    5363     385    5363 |     769     385     769 |    0.2   12.9    0.7
8261 |   194 |    3288 |    5381     385    5381 |     771     385     771 |    0.2   13.5    0.7
8262 |   194 |    3278 |    5363     385    5363 |     770     385     770 |    0.2   13.2    0.7
8263 |   193 |    2496 |    5355     384    5355 |     769     384     769 |    0.2    9.8    0.7
8264 |   194 |    3289 |    5363     386    5363 |     773     386     773 |    0.2   13.5    0.7
8265 |   192 |    3249 |    5348     384    5348 |     768     384     768 |    0.2   13.0    0.7
8266 |   194 |    2298 |    5373     386    5373 |     772     386     772 |    0.2   15.4    0.8
8267 |   194 |    3281 |    5377     386    5377 |     772     386     772 |    0.2   13.5    0.7
8268 |   194 |    3271 |    5365     384    5365 |     768     384     768 |    0.2   13.3    0.7
8269 |   194 |    3270 |    5370     385    5370 |     770     385     770 |    0.2   12.8    0.8
8270 |   194 |    3291 |    5376     386    5376 |     772     386     772 |    0.2   13.1    0.7
8271 |   192 |    3258 |    5352     384    5352 |     768     383     768 |    0.2   14.8    0.7
8272 |   194 |    3258 |    5333     384    5333 |     768     384     768 |    0.2   13.5    0.7
8273 |   194 |    3269 |    5354     384    5354 |     768     384     768 |    0.2   13.4    0.7
8274 |   194 |    2665 |    4595     384    4595 |     768     384     768 |    0.2    9.9    0.6
8275 |   194 |    3284 |    5368     386    5368 |     771     386     771 |    0.2   14.5    0.7
8276 |   193 |    3269 |    5361     385    5361 |     769     385     769 |    0.2   13.9    0.8
8277 |   194 |    2100 |    4600     384    4600 |     767     384     767 |    0.2   10.1    0.6
8278 |   194 |    2685 |    5357     385    5357 |     771     385     771 |    0.2   10.3    0.6
8279 |   194 |    3272 |    5368     384    5368 |     769     384     769 |    0.3   13.6    0.7
8280 |   194 |    3283 |    5381     385    5381 |     770     385     770 |    0.2   13.9    0.7
8281 |   194 |    3279 |    5376     385    5376 |     770     385     770 |    0.3   15.4    0.9
8282 |   194 |    3276 |    5365     385    5365 |     769     384     769 |    0.5   15.9    0.8
8283 |   194 |    3292 |    5384     386    5384 |     772     386     772 |    0.5   14.6    0.7
8284 |   193 |    3251 |    5346     383    5346 |     767     383     767 |    0.1   12.5    0.7
8285 |   194 |    2660 |    4579     384    4579 |     767     384     767 |    0.2   11.0    0.6
8286 |   194 |    3237 |    4591     384    4591 |     767     383     767 |    0.2    9.9    0.7
8287 |   191 |    3214 |    4560     383    4560 |     765     383     765 |    0.2   11.4    0.6
8288 |   194 |    3282 |    5376     385    5376 |     770     385     770 |    0.2   13.8    0.7
8289 |   194 |    3273 |    5372     384    5372 |     769     384     769 |    0.2   14.4    0.7
8290 |   194 |    3243 |    4589     384    4589 |     768     384     768 |    0.2   10.2    0.6
8291 |   194 |    2275 |    4566     383    4566 |     768     384     768 |    0.2   10.0    0.6
8292 |   194 |    3251 |    4596     384    4596 |     769     384     769 |    0.2   10.3    0.6
8293 |   194 |    3268 |    5354     385    5354 |     770     385     770 |    0.2   16.0    1.0
8294 |   194 |    3273 |    5374     384    5374 |     769     385     769 |    0.4   14.1    0.9
8295 |   194 |    3286 |    5378     385    5378 |     770     385     770 |    0.3   15.0    0.9
8296 |   194 |    2289 |    5364     384    5364 |     769     384     769 |    0.3   14.0    0.7
8297 |   193 |    3236 |    5329     384    5329 |     770     384     770 |    0.2   10.0    0.6
8298 |   193 |    3253 |    5348     383    5348 |     766     383     766 |    0.2   13.7    0.7
8299 |   194 |    3263 |    5365     384    5365 |     768     384     768 |    0.2   13.7    0.7
8300 |   194 |    3285 |    5368     385    5368 |     771     385     771 |    0.2   13.3    0.7
8301 |   194 |    3266 |    5369     385    5369 |     770     385     770 |    0.2   13.7    0.7
8302 |   194 |    3269 |    5359     384    5359 |     767     384     767 |    0.2   13.2    0.7
8303 |   194 |    3285 |    5377     386    5377 |     772     386     772 |    0.2   13.0    0.7
8304 |   194 |    3271 |    5369     384    5369 |     769     384     769 |    0.2   13.9    0.7
8305 |   193 |    3233 |    5323     383    5323 |     769     384     769 |    0.2    9.8    0.6
8306 |   194 |    3282 |    5374     385    5374 |     770     385     770 |    0.2   13.1    0.7
8307 |   192 |    2651 |    5294     385    5294 |     769     385     769 |    0.2   10.6    0.6
8308 |   194 |    3270 |    4609     384    4609 |     769     384     769 |    0.2    9.7    0.6
8309 |   193 |    3271 |    5363     384    5363 |     769     384     769 |    0.2   13.4    0.8
8310 |   194 |    3278 |    5379     385    5379 |     770     385     770 |    0.3   16.1    0.7
8311 |   194 |    3266 |    5366     384    5366 |     769     384     769 |    0.2   14.3    0.9
8312 |   193 |    3260 |    5363     384    5363 |     768     384     768 |    0.2   13.4    0.7
8313 |   194 |    3289 |    5380     385    5380 |     771     386     771 |    0.2   14.6    0.7
8314 |   194 |    3276 |    5371     385    5371 |     770     385     770 |    0.3   13.4    0.7
8315 |   194 |    3291 |    5381     386    5381 |     772     386     772 |    0.2   13.9    0.7
8316 |   194 |    3283 |    5376     385    5376 |     771     385     771 |    0.2   13.1    0.7
8317 |   194 |    3271 |    5354     387    5354 |     773     387     773 |    0.2   12.6    0.7
8318 |   194 |    3279 |    5361     386    5361 |     772     386     772 |    0.2   13.3    0.7
8319 |   194 |    2287 |    5364     384    5364 |     769     384     769 |    0.2   13.4    0.7
8320 |   193 |    3271 |    4607     384    4607 |     768     384     768 |    0.2    9.9    0.6
8321 |   194 |    3277 |    5355     385    5355 |     769     385     769 |    0.2   13.1    0.9
8322 |   194 |    3282 |    5378     385    5378 |     770     385     770 |    0.3   13.3    0.8
8323 |   194 |    3280 |    5373     385    5373 |     770     385     770 |    0.2   14.1    0.7
8324 |   194 |    3277 |    5368     385    5368 |     770     385     770 |    0.2   13.3    0.7
8325 |   193 |    3264 |    5362     384    5362 |     768     384     768 |    0.2   13.2    0.7
8326 |   194 |    3284 |    5376     385    5376 |     770     385     770 |    0.2   13.9    0.7
8327 |   193 |    3244 |    4591     383    4591 |     767     383     767 |    0.2   10.0    0.6
8328 |   194 |    3278 |    5381     386    5381 |     771     386     771 |    0.2   13.9    0.7
8329 |   193 |    3269 |    5362     384    5362 |     769     384     769 |    0.2   13.0    0.7
8330 |   194 |    2131 |    5318     388    5318 |     776     388     776 |    0.2   10.4    0.6
8331 |   193 |    3256 |    5351     383    5351 |     766     383     766 |    0.2   13.3    0.7
8332 |   194 |    3271 |    5335     384    5335 |     770     384     770 |    0.2   13.2    0.7
8333 |   194 |    3274 |    5365     385    5365 |     770     385     770 |    0.2   13.6    0.7
8334 |   194 |    3288 |    5383     385    5383 |     771     385     771 |    0.2   15.0    0.9
8335 |   193 |    3264 |    5351     384    5351 |     769     385     769 |    0.3   14.4    0.8
8336 |   194 |    3287 |    5385     385    5385 |     771     385     771 |    0.2   13.1    0.8
8337 |   192 |    3243 |    4589     383    4589 |     766     383     766 |    0.2    9.8    0.6
8338 |   194 |    3267 |    5364     385    5364 |     771     385     771 |    0.2   10.5    0.8
8339 |   194 |    3279 |    5376     385    5376 |     770     385     770 |    0.3   13.2    0.7
8340 |   194 |    3289 |    5378     386    5378 |     772     386     772 |    0.2   12.9    0.7
8341 |   194 |    3280 |    5371     386    5371 |     772     386     772 |    0.2   14.0    0.8
8342 |   194 |    3241 |    4586     384    4586 |     768     384     768 |    0.2    9.8    0.6
8343 |   194 |    3282 |    5366     385    5366 |     770     385     770 |    0.2   13.4    0.8
8344 |   194 |    3277 |    5371     385    5371 |     771     385     771 |    0.3   13.5    0.7
8345 |   194 |    3275 |    5357     384    5357 |     768     384     768 |    0.2   14.2    0.9
8346 |   193 |    3255 |    5347     383    5347 |     767     383     767 |    0.2   15.3    0.7
8347 |   194 |    2482 |    5367     385    5367 |     769     385     769 |    0.2   13.9    0.7
8348 |   192 |    3243 |    5334     383    5334 |     766     383     766 |    0.2   12.8    0.7
8349 |   194 |    3276 |    5367     385    5367 |     770     385     770 |    0.2   13.8    0.8
8350 |   194 |    3286 |    5379     386    5379 |     771     386     771 |    0.2   13.5    0.8
8351 |   194 |    3286 |    5377     386    5377 |     771     386     771 |    0.2   14.6    0.9
8352 |   194 |    3267 |    5364     385    5364 |     769     385     769 |    0.3   13.1    0.7
8353 |   193 |    3263 |    5358     384    5358 |     768     384     768 |    0.2   13.3    0.7
8354 |   194 |    3271 |    4608     384    4608 |     769     384     769 |    0.3   10.6    0.7
8355 |   192 |    3239 |    4582     384    4582 |     767     384     767 |    0.2   10.1    0.6
8356 |   194 |    2109 |    5363     385    5363 |     771     385     771 |    0.2   13.2    0.8
8357 |   194 |    3290 |    5370     386    5370 |     771     386     771 |    0.2   12.6    0.7
8358 |   193 |    3267 |    5363     384    5363 |     769     384     769 |    0.2   12.6    0.7
8359 |   194 |    3292 |    5382     386    5382 |     772     386     772 |    0.2   13.7    0.7
8360 |   193 |    3269 |    5358     385    5358 |     770     385     770 |    0.2   13.6    0.8
8361 |   194 |    2893 |    5373     385    5373 |     769     385     769 |    0.2   10.6    0.6
8362 |   194 |    3279 |    5368     385    5368 |     771     386     771 |    0.2   14.0    0.7
8363 |   194 |    3260 |    5363     384    5363 |     768     384     768 |    0.2   13.1    0.7
8364 |   194 |    2689 |    5349     384    5349 |     769     384     769 |    0.2    9.7    0.6
8365 |   193 |    3263 |    5357     384    5357 |     769     384     769 |    0.2   13.3    0.7
8366 |   194 |    3279 |    5371     385    5371 |     770     385     770 |    0.2   15.1    0.7
8367 |   193 |    2103 |    5358     384    5358 |     769     384     769 |    0.2   13.7    0.7
8368 |   194 |    3292 |    5370     387    5370 |     773     387     773 |    0.2   14.2    0.7
8369 |   193 |    3269 |    5366     384    5366 |     769     385     769 |    0.2   13.8    0.7
8370 |   194 |    3288 |    5379     386    5379 |     772     386     772 |    0.2   13.4    0.7
8371 |   194 |    2885 |    5368     385    5368 |     770     385     770 |    0.2   10.1    0.6
8372 |   194 |    3272 |    5364     385    5364 |     769     385     769 |    0.2   13.4    0.7
8373 |   194 |    3279 |    5369     385    5369 |     771     385     771 |    0.2   12.5    0.7
8374 |   194 |    3278 |    5366     386    5366 |     772     386     772 |    0.3   13.3    0.7
8375 |   194 |    3273 |    5364     385    5364 |     771     385     771 |    0.2   13.2    0.7
8376 |   194 |    2642 |    5310     385    5310 |     770     385     770 |    0.2    9.8    0.6
8377 |   194 |    2285 |    4592     383    4592 |     767     384     767 |    0.1    9.8    0.6
8378 |   194 |    3270 |    5354     386    5354 |     772     386     772 |    0.2   13.4    0.7
8379 |   190 |    2434 |    4546     383    4546 |     765     383     765 |    0.2   11.3    0.6
8380 |   194 |    2657 |    5295     386    5295 |     771     386     771 |    0.2   10.0    0.6
8381 |   194 |    3279 |    5365     384    5365 |     769     384     769 |    0.4   13.0    0.7
8382 |   194 |    3273 |    5376     385    5376 |     770     385     770 |    0.2   13.5    0.7
8383 |   194 |    3274 |    5370     385    5370 |     770     385     770 |    0.2   13.6    0.7
8384 |   194 |    3278 |    5372     386    5372 |     771     386     771 |    0.3   12.9    0.7
8385 |   193 |    3238 |    4584     383    4584 |     766     383     766 |    0.2    9.9    0.6
8386 |   193 |    3263 |    5351     384    5351 |     768     384     768 |    0.2   14.1    0.7
8387 |   194 |    3274 |    5356     385    5356 |     771     385     771 |    0.2   13.6    0.7
8388 |   192 |    2096 |    5336     384    5336 |     768     384     768 |    0.2   10.1    0.6
8389 |   194 |    3277 |    5371     385    5371 |     769     385     769 |    0.2   14.3    0.9
8390 |   194 |    3284 |    5382     386    5382 |     771     386     771 |    0.3   14.4    0.8
8391 |   194 |    3258 |    5335     384    5335 |     768     384     768 |    0.2   13.3    0.8
8392 |   194 |    3284 |    5380     385    5380 |     770     385     770 |    0.2   13.3    0.7
8393 |   194 |    3277 |    5359     385    5359 |     770     385     770 |    0.2   14.7    0.8
8394 |   193 |    3268 |    5365     384    5365 |     769     384     769 |    0.2   10.7    0.7
8395 |   194 |    3270 |    5374     385    5374 |     769     385     769 |    0.5   13.3    0.7
8396 |   194 |    2512 |    5376     385    5376 |     770     385     770 |    0.3   13.4    0.7
8397 |   194 |    3290 |    5382     386    5382 |     771     385     771 |    0.2   14.0    0.7
8398 |   194 |    3155 |    4507     386    4507 |     772     386     772 |    0.2    9.8    0.6
8399 |   193 |    2246 |    4534     386    4534 |     771     386     771 |    0.2    9.8    0.6
8400 |   194 |    3268 |    5356     385    5356 |     770     385     770 |    0.3   13.9    0.7
8401 |   192 |    3253 |    5352     383    5352 |     766     383     766 |    0.2   13.1    0.7
8402 |   194 |    3275 |    5349     385    5349 |     770     385     770 |    0.3   14.0    0.7
8403 |   194 |    3266 |    5356     384    5356 |     768     384     768 |    0.2   13.2    0.7
8404 |   194 |    3277 |    5377     385    5377 |     770     385     770 |    0.2   13.5    0.7
8405 |   194 |    3278 |    5360     384    5360 |     769     384     769 |    0.2   13.3    0.7
8406 |   194 |    3283 |    5373     386    5373 |     771     386     771 |    0.2   14.5    0.7
8407 |   193 |    3254 |    5356     383    5356 |     767     383     767 |    0.2   14.1    0.7
8408 |   194 |    3289 |    5373     385    5373 |     771     386     771 |    0.2   14.5    0.7
8409 |   192 |    3247 |    5345     383    5345 |     766     383     766 |    0.1   15.0    0.7
8410 |   194 |    3286 |    5375     385    5375 |     771     385     771 |    0.2   13.7    0.8
8411 |   194 |    3283 |    5382     385    5382 |     771     386     771 |    0.2   13.9    0.7
8412 |   194 |    3258 |    5333     385    5333 |     770     385     770 |    0.2   13.6    0.8
8413 |   194 |    3284 |    5373     385    5373 |     770     385     770 |    0.2   13.6    0.7
8414 |   194 |    3273 |    5369     385    5369 |     770     385     770 |    0.2   13.8    0.7
8415 |   194 |    2697 |    5369     385    5369 |     771     385     771 |    0.2   10.3    0.8
8416 |   194 |    3283 |    5369     385    5369 |     771     385     771 |    0.2   13.1    1.0
8417 |   194 |    2495 |    5361     385    5361 |     771     385     771 |    0.3   10.3    0.6
8418 |   193 |    3259 |    5357     383    5357 |     767     383     767 |    0.2   15.7    0.9
8419 |   194 |    2678 |    4605     384    4605 |     768     384     768 |    0.2   10.1    0.6
8420 |   194 |    3273 |    5361     385    5361 |     769     385     769 |    0.2   13.1    0.7
8421 |   192 |    3249 |    5346     383    5346 |     766     383     766 |    0.1   13.6    0.7
8422 |   193 |    3273 |    5365     384    5365 |     769     385     769 |    0.2   13.5    0.7
8423 |   192 |    2085 |    4581     383    4581 |     766     383     766 |    0.1   10.6    0.6
8424 |   194 |    3261 |    5351     384    5351 |     767     384     767 |    0.2   14.5    0.7
8425 |   194 |    2119 |    5374     386    5374 |     771     386     771 |    0.3   13.0    0.7
8426 |   194 |    3227 |    4576     384    4576 |     768     384     768 |    0.2    9.8    0.6
8427 |   194 |    3286 |    5371     385    5371 |     771     385     771 |    0.2   13.4    0.7
8428 |   193 |    3263 |    5358     384    5358 |     768     384     768 |    0.2   13.5    0.7
8429 |   194 |    3283 |    5377     385    5377 |     771     385     771 |    0.2   14.4    0.7
8430 |   194 |    3281 |    5373     385    5373 |     771     385     771 |    0.2   13.4    0.7
8431 |   194 |    2120 |    5366     387    5366 |     775     387     775 |    0.2   14.5    0.7
8432 |   194 |    3282 |    5372     384    5372 |     769     384     769 |    0.2   13.2    0.7
8433 |   194 |    3275 |    5361     384    5361 |     768     384     768 |    0.2   13.6    0.7
8434 |   194 |    3272 |    5367     385    5367 |     770     385     770 |    0.2   14.0    0.8
8435 |   194 |    3281 |    5372     385    5372 |     772     385     772 |    0.2   13.4    0.8
8436 |   192 |    3209 |    4556     383    4556 |     766     383     766 |    0.2   10.0    0.6
8437 |   194 |    3284 |    5377     386    5377 |     771     386     771 |    0.2   13.5    0.7
8438 |   194 |    3270 |    5362     385    5362 |     770     385     770 |    0.2   12.9    0.7
8439 |   194 |    3279 |    5377     385    5377 |     770     385     770 |    0.2   13.7    0.7
8440 |   194 |    3286 |    5380     385    5380 |     771     385     771 |    0.2   13.7    1.0
8441 |   194 |    3274 |    5371     385    5371 |     770     385     770 |    0.3   13.5    0.7
8442 |   194 |    3275 |    5364     385    5364 |     770     385     770 |    0.2   13.5    0.7
8443 |   194 |    2689 |    5349     384    5349 |     768     384     768 |    0.3   10.7    0.8
8444 |   193 |    3259 |    5365     384    5365 |     768     384     768 |    0.2   13.1    0.7
8445 |   192 |    3245 |    5341     383    5341 |     766     383     766 |    0.2   13.3    0.8
8446 |   194 |    3253 |    5352     385    5352 |     770     385     770 |    0.2   10.9    0.6
8447 |   194 |    3276 |    5372     385    5372 |     770     385     770 |    0.2   14.8    1.0
8448 |   194 |    2511 |    5372     386    5372 |     772     386     772 |    0.3   10.6    0.6
8449 |   193 |    3268 |    5356     385    5356 |     770     385     770 |    0.2   13.2    0.7
8450 |   194 |    3284 |    5380     385    5380 |     770     385     770 |    0.2   12.6    0.7
8451 |   194 |    3204 |    4558     384    4558 |     768     384     768 |    0.2    9.9    0.6
8452 |   194 |    3269 |    5357     384    5357 |     768     384     768 |    0.2   12.8    0.7
8453 |   193 |    2274 |    5313     384    5313 |     767     383     767 |    0.2   10.3    0.6
8454 |   194 |    3286 |    5376     385    5376 |     771     385     771 |    0.2   14.1    0.8
8455 |   194 |    3290 |    5379     386    5379 |     772     386     772 |    0.3   13.2    0.7
8456 |   193 |    2485 |    5343     384    5343 |     767     384     767 |    0.2    9.3    0.8
8457 |   194 |    3279 |    5374     385    5374 |     770     385     770 |    0.3   14.1    0.8
8458 |   194 |    2095 |    4587     384    4587 |     768     384     768 |    0.2    9.7    0.6
8459 |   191 |    3234 |    4580     383    4580 |     765     383     765 |    0.2    9.8    0.6
8460 |   194 |    3283 |    5378     385    5378 |     770     385     770 |    0.2   13.7    0.7
8461 |   194 |    3283 |    5377     385    5377 |     770     385     770 |    0.2   13.7    0.7
8462 |   193 |    3226 |    4574     383    4574 |     767     383     767 |    0.2   10.2    0.6
8463 |   193 |    3202 |    4550     383    4550 |     767     383     767 |    0.2    9.8    0.6
8464 |   194 |    3284 |    5373     385    5373 |     770     385     770 |    0.2   13.4    0.8
8465 |   194 |    2295 |    5369     384    5369 |     769     384     769 |    0.2   13.2    0.7
8466 |   194 |    3268 |    5348     384    5348 |     768     384     768 |    0.2   14.0    0.7
8467 |   194 |    2278 |    4584     384    4584 |     768     384     768 |    0.2    9.8    0.7
8468 |   194 |    3262 |    5343     384    5343 |     768     384     768 |    0.2   13.0    0.7
8469 |   194 |    2114 |    5374     385    5374 |     771     385     771 |    0.2   13.4    0.7
8470 |   194 |    3261 |    5363     384    5363 |     770     385     770 |    0.2   14.1    0.7
8471 |   194 |    3280 |    5374     385    5374 |     771     386     771 |    0.2   14.2    0.8
8472 |   194 |    3259 |    4603     384    4603 |     769     384     769 |    0.2   10.7    0.6
8473 |   194 |    3275 |    5372     384    5372 |     769     384     769 |    0.2   10.3    0.6
8474 |   194 |    3273 |    5363     387    5363 |     775     387     775 |    0.2   13.2    0.7
8475 |   194 |    3284 |    5378     385    5378 |     770     385     770 |    0.2   13.3    0.7
8476 |   194 |    3269 |    5356     385    5356 |     770     385     770 |    0.3   14.1    0.7
8477 |   193 |    2280 |    4594     384    4594 |     767     384     767 |    0.1   10.3    0.6
8478 |   194 |    3267 |    5368     385    5368 |     771     385     771 |    0.2   13.5    0.7
8479 |   193 |    3257 |    5340     384    5340 |     769     384     769 |    0.2   13.0    0.7
8480 |   194 |    3288 |    5380     386    5380 |     772     386     772 |    0.2   14.8    0.7
8481 |   192 |    2669 |    5343     383    5343 |     767     384     767 |    0.2   10.7    0.7
8482 |   191 |    2078 |    4554     383    4554 |     765     383     765 |    0.2    9.5    0.6
8483 |   194 |    3270 |    5371     384    5371 |     769     384     769 |    0.2   13.4    0.7
8484 |   194 |    3270 |    5366     385    5366 |     769     385     769 |    0.2   10.3    0.6
8485 |   194 |    3282 |    5362     386    5362 |     771     386     771 |    0.2   13.5    0.7
8486 |   194 |    3270 |    5372     384    5372 |     770     385     770 |    0.2   13.2    0.7
8487 |   194 |    3282 |    5369     385    5369 |     770     385     770 |    0.2   13.3    0.7
8488 |   193 |    3258 |    5351     384    5351 |     768     384     768 |    0.2   10.1    0.6
8489 |   194 |    3265 |    5339     385    5339 |     769     385     769 |    0.2   10.3    0.6
8490 |   193 |    3227 |    4573     383    4573 |     766     383     766 |    0.1   10.3    0.6
8491 |   193 |    3262 |    5353     383    5353 |     768     384     768 |    0.2   13.7    0.7
8492 |   193 |    3237 |    5318     383    5318 |     766     383     766 |    0.1   13.1    0.7
8493 |   194 |    3262 |    5337     384    5337 |     768     384     768 |    0.2   13.9    0.8
8494 |   194 |    2884 |    5361     385    5361 |     770     385     770 |    0.2   10.6    0.7
8495 |   194 |    3283 |    5374     385    5374 |     770     385     770 |    0.2   13.8    0.7
8496 |   193 |    3258 |    4601     384    4601 |     769     384     769 |    0.2   10.2    0.6
8497 |   194 |    3284 |    5383     385    5383 |     771     385     771 |    0.2   13.1    0.7
8498 |   194 |    3278 |    5364     385    5364 |     771     385     771 |    0.2   13.5    0.8
8499 |   194 |    3248 |    5307     385    5307 |     772     385     772 |    0.2   14.7    0.7
8500 |   191 |    2456 |    5300     384    5300 |     767     384     767 |    0.2    9.9    0.6
8501 |   194 |    3279 |    5378     385    5378 |     770     385     770 |    0.4   13.6    0.7
8502 |   194 |    2074 |    4529     383    4529 |     768     384     768 |    0.2    9.7    0.6
8503 |   193 |    3263 |    5363     384    5363 |     770     384     770 |    0.2   13.4    0.7
8504 |   194 |    3262 |    5364     385    5364 |     769     385     769 |    0.2   13.8    0.7
8505 |   194 |    3273 |    5370     384    5370 |     770     385     770 |    0.2   13.1    0.7
8506 |   194 |    2497 |    5366     385    5366 |     772     385     772 |    0.2    9.8    0.6
8507 |   194 |    3281 |    5372     385    5372 |     770     385     770 |    0.2   14.1    0.7
8508 |   194 |    3279 |    5373     385    5373 |     770     385     770 |    0.2   13.4    0.7
8509 |   194 |    3261 |    5345     384    5345 |     768     384     768 |    0.2   13.2    0.7
8510 |   194 |    3276 |    5369     384    5369 |     769     384     769 |    0.2   12.5    0.7
8511 |   194 |    3275 |    5359     386    5359 |     773     386     773 |    0.3   10.2    0.8
8512 |   193 |    3259 |    5352     384    5352 |     770     384     770 |    0.3   16.7    0.7
8513 |   193 |    3261 |    5362     384    5362 |     768     384     768 |    0.2   15.3    0.7
8514 |   194 |    3223 |    4570     384    4570 |     768     384     768 |    0.2   10.0    0.6
8515 |   194 |    3285 |    5376     385    5376 |     770     385     770 |    0.2   14.1    1.2
8516 |   194 |    3270 |    5358     385    5358 |     770     385     770 |    0.4   13.4    1.1
8517 |   194 |    2293 |    5372     384    5372 |     769     384     769 |    0.2   12.8    0.7
8518 |   193 |    3259 |    5354     383    5354 |     767     384     767 |    0.2   14.4    0.7
8519 |   194 |    3291 |    5381     386    5381 |     771     386     771 |    0.2   13.3    0.7
8520 |   194 |    2292 |    4601     384    4601 |     768     384     768 |    0.2    9.5    0.6
8521 |   194 |    3259 |    5362     384    5362 |     769     384     769 |    0.2   13.8    0.8
8522 |   194 |    3279 |    5374     385    5374 |     770     385     770 |    0.2   13.7    0.7
8523 |   193 |    3249 |    5353     383    5353 |     767     384     767 |    0.2    9.2    0.6
8524 |   194 |    3280 |    5367     384    5367 |     769     384     769 |    0.2   13.0    0.7
8525 |   193 |    2111 |    5360     384    5360 |     770     384     770 |    0.2   14.0    0.7
8526 |   194 |    3273 |    5375     385    5375 |     770     385     770 |    0.2   13.8    0.7
8527 |   194 |    3278 |    5370     385    5370 |     770     385     770 |    0.2   13.0    0.7
8528 |   194 |    3264 |    5351     385    5351 |     770     385     770 |    0.2   13.8    0.9
8529 |   194 |    3275 |    5370     385    5370 |     769     385     769 |    0.3   13.8    0.7
8530 |   194 |    2089 |    4565     385    4565 |     769     385     769 |    0.1   10.8    0.6
8531 |   192 |    3256 |    5357     384    5357 |     767     384     767 |    0.1   13.8    0.7
8532 |   194 |    3245 |    4591     384    4591 |     767     384     767 |    0.2   10.2    0.6
8533 |   194 |    3287 |    5375     385    5375 |     771     386     771 |    0.3   13.3    0.7
8534 |   194 |    3260 |    5351     385    5351 |     769     385     769 |    0.2   10.1    0.6
8535 |   194 |    3263 |    5366     384    5366 |     768     384     768 |    0.2   14.7    0.8
8536 |   194 |    3281 |    5369     385    5369 |     770     385     770 |    0.3   13.9    0.7
8537 |   194 |    3255 |    4602     384    4602 |     767     384     767 |    0.2    9.6    0.6
8538 |   194 |    3257 |    4604     384    4604 |     768     384     768 |    0.2   10.0    0.6
8539 |   193 |    3259 |    5356     384    5356 |     768     384     768 |    0.2   13.0    0.7
8540 |   194 |    3225 |    5277     384    5277 |     767     384     767 |    0.2   12.5    0.7
8541 |   194 |    3275 |    5375     385    5375 |     770     385     770 |    0.2   13.2    0.9
8542 |   194 |    3276 |    5370     385    5370 |     770     385     770 |    0.4   17.8    0.8
8543 |   194 |    2115 |    5377     385    5377 |     770     385     770 |    0.2   13.5    0.7
8544 |   192 |    3248 |    4588     383    4588 |     766     383     766 |    0.1    9.9    0.6
8545 |   193 |    3261 |    5345     384    5345 |     767     384     767 |    0.1   14.1    0.7
8546 |   194 |    3258 |    5346     383    5346 |     768     383     768 |    0.2   15.7    0.8
8547 |   194 |    2894 |    5363     385    5363 |     771     385     771 |    0.3   11.6    0.6
8548 |   194 |    2689 |    5362     384    5362 |     769     384     769 |    0.3    9.6    0.6
8549 |   194 |    2478 |    4595     384    4595 |     768     384     768 |    0.2   10.1    0.6
8550 |   194 |    2108 |    5361     384    5361 |     768     384     768 |    0.2   15.0    0.8
8551 |   193 |    3255 |    5360     383    5360 |     767     384     767 |    0.2   14.8    0.7
8552 |   193 |    3263 |    5362     384    5362 |     768     384     768 |    0.3   13.5    0.7
8553 |   194 |    3273 |    5359     384    5359 |     769     384     769 |    0.2   13.2    0.7
8554 |   194 |    3279 |    5362     385    5362 |     771     385     771 |    0.2   13.7    0.7
8555 |   194 |    3284 |    5372     385    5372 |     770     385     770 |    0.2   12.7    0.7
8556 |   194 |    3261 |    5364     384    5364 |     769     384     769 |    0.2   12.4    0.7
8557 |   194 |    3278 |    5373     385    5373 |     771     385     771 |    0.2   12.6    0.7
8558 |   194 |    3291 |    5383     386    5383 |     771     386     771 |    0.2   14.4    0.8
8559 |   194 |    3272 |    5366     385    5366 |     771     385     771 |    0.3   14.1    0.7
8560 |   194 |    3279 |    5366     385    5366 |     770     385     770 |    0.3   13.5    0.7
8561 |   194 |    2108 |    5355     385    5355 |     770     385     770 |    0.2   13.3    0.7
8562 |   194 |    3284 |    5378     385    5378 |     770     385     770 |    0.2   13.2    0.9
8563 |   194 |    2294 |    5365     384    5365 |     769     384     769 |    0.3   14.2    0.7
8564 |   194 |    3280 |    5363     385    5363 |     771     385     771 |    0.3   13.3    0.7
8565 |   194 |    3271 |    5343     386    5343 |     773     386     773 |    0.2   13.7    0.7
8566 |   194 |    2300 |    5376     385    5376 |     770     385     770 |    0.2   14.1    0.7
8567 |   194 |    2103 |    5361     384    5361 |     768     384     768 |    0.2   14.9    1.0
8568 |   194 |    3269 |    5358     384    5358 |     767     384     767 |    0.3   12.7    0.7
8569 |   194 |    3276 |    5370     385    5370 |     771     385     771 |    0.3   13.7    0.7
8570 |   194 |    3276 |    5363     384    5363 |     769     384     769 |    0.2   13.5    0.7
8571 |   194 |    3288 |    5377     386    5377 |     772     386     772 |    0.2   13.3    0.7
8572 |   194 |    3276 |    5373     385    5373 |     770     385     770 |    0.2   13.3    0.7
8573 |   194 |    3275 |    5364     385    5364 |     769     385     769 |    0.2   12.4    0.7
8574 |   194 |    3282 |    5381     385    5381 |     770     385     770 |    0.2   13.6    0.8
8575 |   193 |    3247 |    4594     383    4594 |     767     383     767 |    0.2    9.5    0.6
8576 |   194 |    3277 |    5378     385    5378 |     770     385     770 |    0.2   12.9    0.7
8577 |   194 |    3243 |    4592     384    4592 |     768     384     768 |    0.2   10.9    0.6
8578 |   194 |    3278 |    5374     385    5374 |     770     385     770 |    0.2   13.7    0.7
8579 |   194 |    3268 |    5351     384    5351 |     768     384     768 |    0.2   13.5    0.7
8580 |   194 |    3282 |    5372     385    5372 |     770     385     770 |    0.2   14.0    0.7
8581 |   194 |    3290 |    5377     385    5377 |     771     385     771 |    0.2   13.8    0.7
8582 |   193 |    3265 |    5352     383    5352 |     769     385     769 |    0.2   13.1    0.8
8583 |   194 |    2114 |    5376     385    5376 |     770     385     770 |    0.3   13.6    0.7
8584 |   194 |    2121 |    5378     386    5378 |     771     386     771 |    0.3   13.3    0.7
8585 |   194 |    3269 |    5369     385    5369 |     770     385     770 |    0.2   13.6    0.7
8586 |   194 |    2686 |    5371     385    5371 |     770     385     770 |    0.2   13.4    0.7
8587 |   194 |    2111 |    5373     385    5373 |     769     385     769 |    0.2   13.8    0.7
8588 |   193 |    3199 |    4553     384    4553 |     767     384     767 |    0.2   12.1    0.8
8589 |   194 |    3275 |    5365     385    5365 |     770     385     770 |    0.3   14.3    0.8
8590 |   194 |    3277 |    5366     386    5366 |     772     386     772 |    0.2   12.7    0.7
8591 |   194 |    2487 |    5367     384    5367 |     769     384     769 |    0.2   13.1    0.7
8592 |   194 |    3280 |    5371     385    5371 |     771     385     771 |    0.2   13.0    0.7
8593 |   194 |    2691 |    5366     385    5366 |     770     385     770 |    0.2    9.7    0.6
8594 |   194 |    2696 |    5369     386    5369 |     772     386     772 |    0.2   10.3    0.6
8595 |   194 |    2281 |    4584     383    4584 |     768     384     768 |    0.1   10.0    0.6
8596 |   193 |    3259 |    5364     384    5364 |     769     385     769 |    0.2   14.0    0.7
8597 |   194 |    3288 |    5381     385    5381 |     771     386     771 |    0.2   14.1    0.8
8598 |   193 |    3261 |    5363     384    5363 |     769     384     769 |    0.2   13.9    0.7
8599 |   194 |    2496 |    5367     385    5367 |     770     385     770 |    0.2   13.2    1.0
8600 |   194 |    3283 |    5380     385    5380 |     770     385     770 |    0.2   14.6    0.7
8601 |   194 |    3241 |    5329     386    5329 |     772     386     772 |    0.2   10.3    0.6
8602 |   194 |    3278 |    5377     385    5377 |     769     385     769 |    0.2   13.5    0.7
8603 |   194 |    2301 |    5366     385    5366 |     771     385     771 |    0.2   12.8    0.7
8604 |   194 |    3283 |    5376     385    5376 |     770     385     770 |    0.2   13.4    0.7
8605 |   193 |    3259 |    5344     384    5344 |     768     384     768 |    0.1   13.2    0.7
8606 |   194 |    3279 |    5372     385    5372 |     770     385     770 |    0.2   15.6    0.8
8607 |   194 |    3248 |    4594     384    4594 |     768     384     768 |    0.2   10.5    0.6
8608 |   194 |    2489 |    4601     384    4601 |     769     384     769 |    0.2   11.7    0.6
8609 |   193 |    2285 |    4592     383    4592 |     767     383     767 |    0.1    9.6    0.6
8610 |   194 |    3285 |    5372     386    5372 |     772     386     772 |    0.2   13.4    0.7
8611 |   194 |    3286 |    5376     385    5376 |     770     385     770 |    0.2   12.8    0.7
8612 |   194 |    3277 |    5369     385    5369 |     771     386     771 |    0.2   15.0    0.7
8613 |   194 |    3245 |    4594     384    4594 |     767     384     767 |    0.2   10.0    0.6
8614 |   194 |    3224 |    4571     384    4571 |     768     384     768 |    0.2   10.5    0.6
8615 |   194 |    3272 |    5362     384    5362 |     769     384     769 |    0.2   13.9    0.7
8616 |   194 |    3287 |    5376     385    5376 |     772     386     772 |    0.2   13.6    0.8
8617 |   194 |    2290 |    5377     385    5377 |     770     385     770 |    0.2   15.2    0.8
8618 |   194 |    3264 |    5355     384    5355 |     767     384     767 |    0.2   13.3    0.8
8619 |   194 |    3278 |    5359     385    5359 |     770     385     770 |    0.2   13.2    0.7
8620 |   194 |    2690 |    5369     385    5369 |     770     385     770 |    0.3   10.0    0.6
8621 |   193 |    3264 |    5365     384    5365 |     768     384     768 |    0.2   13.5    0.7
8622 |   191 |    3238 |    4584     383    4584 |     765     383     765 |    0.2   10.0    0.6
8623 |   194 |    2268 |    4577     384    4577 |     767     384     767 |    0.2    9.8    0.6
8624 |   193 |    3240 |    4586     384    4586 |     767     384     767 |    0.2    9.7    0.6
8625 |   194 |    3258 |    5325     384    5325 |     769     384     769 |    0.1   13.3    0.8
8626 |   194 |    3244 |    5302     384    5302 |     768     384     768 |    0.2   13.7    0.7
8627 |   194 |    3285 |    5368     386    5368 |     772     386     772 |    0.2   13.1    0.9
8628 |   194 |    3286 |    5378     385    5378 |     770     385     770 |    0.5   13.2    0.7
8629 |   193 |    3238 |    4588     383    4588 |     767     383     767 |    0.1    9.6    0.7
8630 |   193 |    3262 |    5351     384    5351 |     768     384     768 |    0.2   12.9    0.7
8631 |   194 |    3265 |    5363     385    5363 |     770     385     770 |    0.3   10.2    0.6
8632 |   192 |    3232 |    4578     383    4578 |     766     383     766 |    0.2   10.0    0.6
8633 |   194 |    3284 |    5378     385    5378 |     770     385     770 |    0.2   14.6    0.7
8634 |   194 |    3265 |    5350     386    5350 |     771     386     771 |    0.2   13.7    0.7
8635 |   191 |    3236 |    4579     383    4579 |     765     383     765 |    0.2    9.8    0.7
8636 |   193 |    3273 |    5370     384    5370 |     769     384     769 |    0.3   14.2    0.7
8637 |   194 |    2497 |    5360     384    5360 |     768     384     768 |    0.3   11.0    0.6
8638 |   194 |    2111 |    5362     385    5362 |     771     385     771 |    0.2   13.6    0.8
8639 |   194 |    2893 |    5379     385    5379 |     772     386     772 |    0.2   12.9    0.7
8640 |   193 |    3256 |    5347     383    5347 |     767     383     767 |    0.3   13.2    0.8
8641 |   190 |    3202 |    4543     383    4543 |     765     383     765 |    0.2   10.3    0.6
8642 |   194 |    3271 |    5354     384    5354 |     768     384     768 |    0.2   14.4    0.7
8643 |   194 |    3274 |    5366     385    5366 |     771     385     771 |    0.2   12.9    0.7
8644 |   194 |    3281 |    5364     386    5364 |     772     386     772 |    0.2   13.3    0.8
8645 |   194 |    3287 |    5382     385    5382 |     771     385     771 |    0.2   13.9    0.8
8646 |   194 |    3280 |    5370     385    5370 |     769     385     769 |    0.2   14.4    0.8
8647 |   194 |    3281 |    4613     385    4613 |     769     385     769 |    0.2    9.3    0.6
8648 |   194 |    3261 |    5338     384    5338 |     767     384     767 |    0.2   12.6    0.7
8649 |   193 |    3263 |    5353     384    5353 |     768     384     768 |    0.2   15.2    0.8
8650 |   194 |    3273 |    5370     384    5370 |     769     385     769 |    0.2   13.3    0.7
8651 |   194 |    3285 |    5374     386    5374 |     772     386     772 |    0.2   13.3    0.7
8652 |   194 |    3279 |    5367     385    5367 |     771     385     771 |    0.2   14.1    0.7
8653 |   193 |    3266 |    5347     384    5347 |     769     385     769 |    0.2   13.6    1.0
8654 |   194 |    3282 |    5358     386    5358 |     772     386     772 |    0.3   14.1    0.7
8655 |   194 |    3282 |    5363     386    5363 |     772     386     772 |    0.2   14.0    0.7
8656 |   194 |    3281 |    5380     385    5380 |     770     385     770 |    0.2   13.5    0.7
8657 |   194 |    3289 |    5377     385    5377 |     771     385     771 |    0.2   13.5    0.7
8658 |   194 |    2112 |    4614     384    4614 |     770     384     770 |    0.2   11.5    0.7
8659 |   194 |    2299 |    5366     386    5366 |     772     386     772 |    0.2   13.3    0.8
8660 |   194 |    2296 |    5361     385    5361 |     771     385     771 |    0.2   13.3    0.7
8661 |   193 |    3258 |    5347     384    5347 |     769     384     769 |    0.2   12.8    0.7
8662 |   193 |    2487 |    5351     384    5351 |     769     384     769 |    0.2    9.9    0.6
8663 |   194 |    3273 |    5363     384    5363 |     769     384     769 |    0.3   15.6    0.9
8664 |   194 |    3275 |    5368     385    5368 |     771     385     771 |    0.3   14.0    0.7
8665 |   194 |    3281 |    5367     386    5367 |     771     386     771 |    0.2   14.2    0.8
8666 |   194 |    3282 |    5371     385    5371 |     771     385     771 |    0.2   14.3    0.7
8667 |   194 |    2113 |    5367     385    5367 |     770     385     770 |    0.3   12.8    0.7
8668 |   194 |    2118 |    5370     386    5370 |     771     386     771 |    0.2   14.2    0.7
8669 |   194 |    3280 |    5370     385    5370 |     770     385     770 |    0.2   13.5    0.7
8670 |   194 |    3277 |    5366     385    5366 |     770     385     770 |    0.2   14.3    0.7
8671 |   193 |    3260 |    5350     384    5350 |     768     384     768 |    0.2   13.5    0.7
8672 |   194 |    3263 |    5339     385    5339 |     770     385     770 |    0.2   12.1    0.7
8673 |   191 |    3226 |    4568     383    4568 |     765     383     765 |    0.2    9.9    0.6
8674 |   194 |    3277 |    5371     385    5371 |     771     386     771 |    0.2   12.8    0.7
8675 |   194 |    2697 |    5373     386    5373 |     772     386     772 |    0.2   10.5    0.6
8676 |   193 |    3250 |    5339     383    5339 |     766     383     766 |    0.1   13.3    0.7
8677 |   194 |    3286 |    4616     385    4616 |     770     385     770 |    0.2   10.4    0.9
8678 |   194 |    3240 |    4591     384    4591 |     768     384     768 |    0.2    9.7    0.6
8679 |   194 |    2281 |    4585     384    4585 |     768     384     768 |    0.1    9.6    0.6
8680 |   192 |    2104 |    5339     384    5339 |     767     384     767 |    0.1   10.0    0.6
8681 |   194 |    3281 |    5363     384    5363 |     770     384     770 |    0.2   13.1    0.9
8682 |   194 |    3271 |    5372     384    5372 |     769     384     769 |    0.3   16.6    0.8
8683 |   194 |    3269 |    5371     385    5371 |     770     385     770 |    0.3   14.1    0.7
8684 |   193 |    2085 |    4578     383    4578 |     767     383     767 |    0.2    9.6    0.6
8685 |   189 |    3176 |    4517     384    4517 |     767     384     767 |    0.2    9.3    0.6
8686 |   194 |    3280 |    5359     386    5359 |     772     386     772 |    0.2   13.2    0.7
8687 |   194 |    3280 |    5371     385    5371 |     769     385     769 |    0.2   15.3    0.7
8688 |   194 |    2868 |    5331     384    5331 |     767     384     767 |    0.2    9.8    0.6
8689 |   194 |    3263 |    5355     384    5355 |     769     384     769 |    0.2   14.5    0.7
8690 |   194 |    3284 |    5371     385    5371 |     771     385     771 |    0.2   13.3    0.7
8691 |   194 |    3276 |    5375     385    5375 |     770     385     770 |    0.2   14.0    0.7
8692 |   194 |    3276 |    5354     384    5354 |     769     384     769 |    0.2   13.7    0.8
8693 |   194 |    3252 |    5313     384    5313 |     769     384     769 |    0.2   13.7    0.9
8694 |   194 |    3269 |    5364     385    5364 |     769     384     769 |    0.2   13.3    0.7
8695 |   194 |    3257 |    4604     384    4604 |     768     384     768 |    0.2   10.0    0.6
8696 |   194 |    3275 |    5369     385    5369 |     770     385     770 |    0.2   13.4    0.7
8697 |   194 |    3288 |    5368     386    5368 |     774     386     774 |    0.2   12.6    0.7
8698 |   194 |    3272 |    5370     385    5370 |     770     385     770 |    0.2   13.1    0.8
8699 |   194 |    3254 |    5335     383    5335 |     767     383     767 |    0.2   13.2    0.7
8700 |   194 |    2102 |    4604     384    4604 |     768     384     768 |    0.1   10.0    0.6
8701 |   194 |    3276 |    5371     385    5371 |     772     386     772 |    0.2   13.9    0.7
8702 |   194 |    3282 |    5370     385    5370 |     770     385     770 |    0.2   13.7    0.7
8703 |   194 |    3279 |    5364     386    5364 |     772     386     772 |    0.2   13.6    0.7
8704 |   194 |    3265 |    5347     385    5347 |     770     385     770 |    0.2   14.4    0.7
8705 |   194 |    3273 |    5376     386    5376 |     771     386     771 |    0.2   14.1    0.8
8706 |   194 |    3281 |    5378     385    5378 |     770     385     770 |    0.3   13.7    0.7
8707 |   194 |    2500 |    5377     385    5377 |     770     385     770 |    0.4   10.1    0.6
8708 |   194 |    3264 |    5368     384    5368 |     769     384     769 |    0.2   13.5    0.7
8709 |   194 |    3267 |    5365     384    5365 |     769     384     769 |    0.2   12.8    0.7
8710 |   194 |    3283 |    5379     385    5379 |     770     385     770 |    0.3   13.6    0.7
8711 |   194 |    2294 |    5364     386    5364 |     772     386     772 |    0.2   14.7    0.7
8712 |   194 |    3285 |    5377     386    5377 |     772     386     772 |    0.2   14.4    0.7
8713 |   194 |    3267 |    5368     385    5368 |     770     385     770 |    0.3   13.6    0.7
8714 |   193 |    3248 |    5321     384    5321 |     767     384     767 |    0.1   13.0    0.7
8715 |   194 |    3270 |    5371     385    5371 |     770     385     770 |    0.2   13.8    0.7
8716 |   192 |    3235 |    4579     384    4579 |     767     384     767 |    0.2   10.7    0.6
8717 |   194 |    3272 |    5358     386    5358 |     772     386     772 |    0.2   13.4    0.7
8718 |   194 |    3275 |    5366     385    5366 |     771     386     771 |    0.2   13.7    0.8
8719 |   194 |    3284 |    5377     385    5377 |     770     385     770 |    0.2   13.5    0.7
8720 |   194 |    3271 |    5358     384    5358 |     768     384     768 |    0.2   13.5    0.7
8721 |   194 |    2690 |    5361     385    5361 |     770     385     770 |    0.2   14.1    0.7
8722 |   194 |    3280 |    5366     386    5366 |     773     386     773 |    0.2   13.5    0.7
8723 |   194 |    3262 |    5344     384    5344 |     768     384     768 |    0.2   13.3    0.7
8724 |   194 |    3286 |    5367     386    5367 |     773     386     773 |    0.2   13.8    0.8
8725 |   194 |    3289 |    5383     385    5383 |     771     385     771 |    0.5   13.7    0.7
8726 |   194 |    3279 |    5368     386    5368 |     773     386     773 |    0.3   13.7    0.7
8727 |   194 |    3285 |    5366     386    5366 |     771     386     771 |    0.2   13.8    0.7
8728 |   194 |    2302 |    5376     385    5376 |     770     385     770 |    0.2   13.7    0.7
8729 |   194 |    3270 |    5373     384    5373 |     770     385     770 |    0.2   13.5    0.7
8730 |   194 |    2700 |    5380     385    5380 |     770     385     770 |    0.2   13.5    0.7
8731 |   193 |    3249 |    4596     383    4596 |     767     383     767 |    0.2    9.7    0.6
8732 |   194 |    3286 |    5374     386    5374 |     772     386     772 |    0.2   14.7    0.7
8733 |   194 |    3289 |    5380     385    5380 |     771     385     771 |    0.2   14.9    0.9
8734 |   194 |    3276 |    5370     385    5370 |     770     385     770 |    0.3   13.5    0.7
8735 |   194 |    3278 |    5370     384    5370 |     768     384     768 |    0.3   13.2    0.7
8736 |   194 |    3279 |    5369     385    5369 |     771     385     771 |    0.2   13.1    0.8
8737 |   194 |    3278 |    4612     386    4612 |     772     386     772 |    0.2   10.7    0.6
8738 |   194 |    2674 |    4597     384    4597 |     768     384     768 |    0.2    9.9    0.6
8739 |   194 |    3287 |    5381     386    5381 |     772     386     772 |    0.2   12.9    0.8
8740 |   193 |    3246 |    4595     384    4595 |     768     384     768 |    0.2    9.7    0.6
8741 |   192 |    3234 |    4583     382    4583 |     766     383     766 |    0.1    9.9    0.6
8742 |   193 |    2286 |    5357     384    5357 |     768     384     768 |    0.2   13.2    0.7
8743 |   194 |    3266 |    5361     383    5361 |     767     383     767 |    0.2   12.9    0.7
8744 |   194 |    3287 |    5366     386    5366 |     773     386     773 |    0.2   13.5    1.0
8745 |   193 |    3262 |    5362     384    5362 |     768     384     768 |    0.3   13.1    0.7
8746 |   194 |    3258 |    4604     384    4604 |     769     384     769 |    0.2   10.7    0.6
8747 |   194 |    3279 |    5359     385    5359 |     770     385     770 |    0.2   13.1    0.7
8748 |   194 |    3267 |    5367     385    5367 |     769     385     769 |    0.2   14.1    0.8
8749 |   192 |    3227 |    4562     383    4562 |     765     383     765 |    0.2   10.1    0.6
8750 |   194 |    3283 |    5378     385    5378 |     770     385     770 |    0.3   14.8    0.7
8751 |   194 |    2504 |    5374     385    5374 |     770     385     770 |    0.2   13.6    0.7
8752 |   194 |    2105 |    5368     384    5368 |     769     385     769 |    0.3   13.5    0.7
8753 |   194 |    3194 |    5276     384    5276 |     770     385     770 |    0.2    9.3    0.6
8754 |   193 |    3269 |    5363     384    5363 |     769     384     769 |    0.2   13.1    0.7
8755 |   194 |    3288 |    5383     385    5383 |     770     385     770 |    0.2   13.6    0.7
8756 |   194 |    2285 |    4585     384    4585 |     767     384     767 |    0.2   10.3    0.6
8757 |   194 |    3272 |    5362     385    5362 |     770     385     770 |    0.2   13.5    0.7
8758 |   191 |    3229 |    4571     383    4571 |     765     383     765 |    0.2    9.8    0.7
8759 |   194 |    3286 |    5381     385    5381 |     771     385     771 |    0.2   13.3    0.7
8760 |   194 |    3282 |    5366     385    5366 |     771     385     771 |    0.2   13.6    0.7
8761 |   194 |    3277 |    5366     384    5366 |     768     384     768 |    0.2   14.6    0.9
8762 |   194 |    3256 |    4603     384    4603 |     769     384     769 |    0.2   10.7    0.7
8763 |   193 |    3261 |    5365     383    5365 |     768     384     768 |    0.2   13.4    0.7
8764 |   194 |    2300 |    5347     385    5347 |     771     385     771 |    0.2    9.9    0.6
8765 |   194 |    3266 |    5370     385    5370 |     770     385     770 |    0.2   13.2    0.7
8766 |   194 |    3290 |    5381     386    5381 |     772     386     772 |    0.2   14.2    0.8
8767 |   194 |    3267 |    5353     384    5353 |     767     384     767 |    0.3   13.9    0.7
8768 |   194 |    3270 |    5370     385    5370 |     770     385     770 |    0.3   14.4    0.8
8769 |   194 |    3289 |    5379     385    5379 |     771     385     771 |    0.2   12.9    0.7
8770 |   194 |    3262 |    5355     384    5355 |     768     384     768 |    0.2   10.8    0.6
8771 |   194 |    3281 |    5370     386    5370 |     773     386     773 |    0.5   14.2    0.7
8772 |   194 |    3282 |    5374     385    5374 |     771     385     771 |    0.3   14.2    0.7
8773 |   194 |    3287 |    5378     385    5378 |     772     385     772 |    0.2   14.6    0.9
8774 |   194 |    3280 |    4615     385    4615 |     771     385     771 |    0.3   10.8    0.6
8775 |   194 |    3283 |    5380     385    5380 |     770     385     770 |    0.2   13.3    0.7
8776 |   194 |    3282 |    5354     385    5354 |     771     385     771 |    0.2   14.1    0.7
8777 |   194 |    3252 |    5336     384    5336 |     767     384     767 |    0.2   13.9    0.7
8778 |   194 |    3279 |    5373     386    5373 |     771     386     771 |    0.2   14.7    0.9
8779 |   194 |    3277 |    5368     385    5368 |     769     385     769 |    0.3   14.2    0.9
8780 |   193 |    3269 |    5365     384    5365 |     768     384     768 |    0.3   13.1    0.7
8781 |   193 |    3259 |    5347     383    5347 |     767     383     767 |    0.2   13.0    0.7
8782 |   194 |    2491 |    5339     385    5339 |     769     385     769 |    0.2   10.8    0.6
8783 |   194 |    3275 |    5362     384    5362 |     768     384     768 |    0.2   13.1    0.7
8784 |   194 |    3283 |    5381     385    5381 |     771     385     771 |    0.3   13.6    1.0
8785 |   194 |    3290 |    5382     385    5382 |     771     385     771 |    0.3   13.9    0.7
8786 |   191 |    3217 |    4559     383    4559 |     765     383     765 |    0.2    9.9    0.6
8787 |   194 |    3240 |    5308     384    5308 |     767     384     767 |    0.2   12.4    0.7
8788 |   194 |    3270 |    5357     385    5357 |     769     385     769 |    0.3   13.9    0.7
8789 |   194 |    3271 |    5366     385    5366 |     769     385     769 |    0.2   13.9    0.9
8790 |   194 |    3259 |    5336     384    5336 |     767     384     767 |    0.2   13.5    0.7
8791 |   194 |    3276 |    5363     385    5363 |     770     385     770 |    0.2   13.3    0.7
8792 |   193 |    3253 |    5357     384    5357 |     768     384     768 |    0.2   12.8    0.7
8793 |   194 |    3289 |    5372     385    5372 |     772     385     772 |    0.2   13.8    0.7
8794 |   193 |    2095 |    4584     383    4584 |     767     383     767 |    0.2    9.7    0.6
8795 |   194 |    3287 |    5386     385    5386 |     771     386     771 |    0.2   13.8    0.7
8796 |   194 |    3279 |    5374     385    5374 |     771     385     771 |    0.2   14.0    0.7
8797 |   194 |    3287 |    5380     385    5380 |     771     385     771 |    0.2   13.9    0.7
8798 |   194 |    3274 |    5369     385    5369 |     770     385     770 |    0.3   14.0    0.9
8799 |   193 |    3254 |    5354     383    5354 |     768     384     768 |    0.2   15.0    0.9
8800 |   194 |    2496 |    5376     385    5376 |     770     385     770 |    0.3   10.8    0.7
8801 |   193 |    3246 |    5328     383    5328 |     766     383     766 |    0.2   12.6    0.7
8802 |   194 |    3252 |    4601     384    4601 |     767     384     767 |    0.2   10.1    0.6
8803 |   194 |    3291 |    5382     385    5382 |     771     385     771 |    0.2   13.0    0.7
8804 |   194 |    2297 |    5365     385    5365 |     769     385     769 |    0.2   14.3    0.8
8805 |   194 |    3287 |    5374     386    5374 |     771     386     771 |    0.2   15.1    0.8
8806 |   194 |    3285 |    5385     385    5385 |     771     386     771 |    0.2   14.0    0.7
8807 |   193 |    3269 |    5367     384    5367 |     768     384     768 |    0.2   13.5    0.7
8808 |   194 |    3279 |    5370     386    5370 |     772     386     772 |    0.2   13.5    0.7
8809 |   193 |    2098 |    4586     384    4586 |     767     384     767 |    0.2   10.4    0.6
8810 |   194 |    3286 |    5376     385    5376 |     770     385     770 |    0.2   13.7    0.8
8811 |   194 |    3274 |    5372     385    5372 |     769     385     769 |    0.2   13.6    0.7
8812 |   194 |    2088 |    5335     384    5335 |     768     384     768 |    0.2    9.9    0.6
8813 |   193 |    3256 |    5362     384    5362 |     768     384     768 |    0.2   12.9    1.0
8814 |   194 |    3205 |    4556     385    4556 |     769     385     769 |    0.2    9.7    0.6
8815 |   193 |    2466 |    4573     383    4573 |     767     383     767 |    0.2   10.1    0.6
8816 |   194 |    3285 |    5376     386    5376 |     771     386     771 |    0.2   12.9    0.7
8817 |   193 |    2450 |    5290     385    5290 |     770     385     770 |    0.2   10.1    0.6
8818 |   193 |    3185 |    4531     385    4531 |     769     385     769 |    0.2   11.8    0.6
8819 |   194 |    2102 |    5366     384    5366 |     769     384     769 |    0.2   13.3    0.7
8820 |   194 |    2687 |    5368     384    5368 |     768     384     768 |    0.3   10.2    0.6
8821 |   194 |    3282 |    5381     385    5381 |     770     385     770 |    0.2   13.4    0.7
8822 |   194 |    3277 |    5379     385    5379 |     770     385     770 |    0.2   13.3    0.7
8823 |   194 |    3274 |    5364     384    5364 |     770     384     770 |    0.2   13.6    0.7
8824 |   194 |    3268 |    4604     384    4604 |     768     384     768 |    0.2   10.4    0.8
8825 |   194 |    3253 |    5357     384    5357 |     768     384     768 |    0.2   13.3    0.7
8826 |   194 |    3287 |    5382     386    5382 |     771     386     771 |    0.2   14.0    0.8
8827 |   194 |    3286 |    5382     385    5382 |     771     385     771 |    0.2   13.9    0.8
8828 |   194 |    3237 |    4588     383    4588 |     767     384     767 |    0.2   10.4    0.6
8829 |   193 |    3258 |    5357     384    5357 |     767     384     767 |    0.2   13.5    0.7
8830 |   194 |    3286 |    5383     386    5383 |     772     386     772 |    0.2   14.0    0.7
8831 |   194 |    3276 |    5361     385    5361 |     770     385     770 |    0.2   13.9    0.8
8832 |   193 |    3201 |    4549     383    4549 |     767     383     767 |    0.2    9.7    0.6
8833 |   194 |    3287 |    5374     387    5374 |     773     387     773 |    0.2   13.2    0.9
8834 |   194 |    3266 |    5350     384    5350 |     768     384     768 |    0.2   12.9    0.7
8835 |   194 |    3282 |    5368     386    5368 |     771     386     771 |    0.2   13.5    0.7
8836 |   194 |    3281 |    5375     385    5375 |     770     385     770 |    0.2   12.8    0.7
8837 |   194 |    2505 |    5384     385    5384 |     771     385     771 |    0.2   10.8    0.6
8838 |   192 |    3240 |    5321     383    5321 |     766     383     766 |    0.1   13.9    0.7
8839 |   194 |    3278 |    5362     385    5362 |     771     385     771 |    0.2   13.5    0.7
8840 |   193 |    3258 |    5354     385    5354 |     769     385     769 |    0.2   12.1    0.6
8841 |   194 |    3285 |    5364     386    5364 |     773     386     773 |    0.2   13.2    0.7
8842 |   194 |    3272 |    5365     384    5365 |     768     384     768 |    0.3   14.0    1.0
8843 |   194 |    3263 |    5332     385    5332 |     770     385     770 |    0.4   12.9    0.7
8844 |   194 |    3273 |    5375     385    5375 |     769     385     769 |    0.2    9.7    0.6
8845 |   192 |    3233 |    4579     383    4579 |     765     383     765 |    0.1    9.6    0.7
8846 |   193 |    3260 |    5356     384    5356 |     769     384     769 |    0.2   13.8    0.8
8847 |   193 |    2485 |    5325     386    5325 |     771     386     771 |    0.2   10.0    0.7
8848 |   193 |    2097 |    4591     383    4591 |     767     383     767 |    0.2    9.4    0.6
8849 |   194 |    3276 |    5375     384    5375 |     769     384     769 |    0.2   13.1    0.7
8850 |   193 |    2108 |    5358     384    5358 |     769     384     769 |    0.2   13.5    0.7
8851 |   194 |    3281 |    5366     385    5366 |     771     385     771 |    0.2   13.7    0.7
8852 |   194 |    3268 |    5369     385    5369 |     770     385     770 |    0.2   13.2    0.7
8853 |   194 |    3287 |    5376     385    5376 |     771     386     771 |    0.2   14.2    0.8
8854 |   194 |    3288 |    4618     387    4618 |     774     387     774 |    0.2    9.9    0.6
8855 |   194 |    2294 |    5356     386    5356 |     772     386     772 |    0.2   14.0    0.7
8856 |   194 |    2503 |    5384     385    5384 |     771     385     771 |    0.2   13.3    0.7
8857 |   194 |    3282 |    5374     386    5374 |     772     386     772 |    0.2   15.9    0.7
8858 |   193 |    3253 |    5347     383    5347 |     767     383     767 |    0.1   13.5    0.7
8859 |   193 |    3260 |    5353     384    5353 |     768     384     768 |    0.2   13.6    0.7
8860 |   194 |    3279 |    5375     385    5375 |     770     385     770 |    0.2   13.7    0.8
8861 |   194 |    3250 |    4598     384    4598 |     768     384     768 |    0.2    9.5    0.6
8862 |   194 |    3260 |    5341     384    5341 |     768     384     768 |    0.2   12.8    0.7
8863 |   193 |    3242 |    4589     383    4589 |     767     383     767 |    0.2    9.6    0.6
8864 |   194 |    3275 |    5365     385    5365 |     770     385     770 |    0.2   14.0    0.7
8865 |   194 |    3281 |    5371     385    5371 |     771     385     771 |    0.2   14.4    0.8
8866 |   191 |    2075 |    4555     383    4555 |     765     383     765 |    0.2    9.8    0.6
8867 |   193 |    3260 |    5354     383    5354 |     769     385     769 |    0.2   12.9    0.7
8868 |   194 |    3287 |    5379     386    5379 |     771     386     771 |    0.2   13.4    0.7
8869 |   194 |    3283 |    5372     385    5372 |     771     385     771 |    0.3   14.9    0.7
8870 |   194 |    3276 |    5375     385    5375 |     770     385     770 |    0.2   13.6    0.7
8871 |   194 |    3285 |    5373     385    5373 |     771     385     771 |    0.2   13.4    0.7
8872 |   194 |    3275 |    5355     385    5355 |     771     385     771 |    0.2   13.5    0.7
8873 |   192 |    3247 |    5346     383    5346 |     767     384     767 |    0.2   13.7    0.7
8874 |   194 |    3265 |    5348     384    5348 |     768     384     768 |    0.3   13.2    0.7
8875 |   194 |    3282 |    5372     384    5372 |     769     384     769 |    0.2   14.2    0.7
8876 |   194 |    3274 |    5367     385    5367 |     770     385     770 |    0.2   15.0    0.8
8877 |   193 |    3270 |    4604     384    4604 |     768     384     768 |    0.2   10.0    0.6
8878 |   194 |    3284 |    5369     385    5369 |     771     386     771 |    0.2   13.7    0.7
8879 |   194 |    3277 |    5371     385    5371 |     769     385     769 |    0.2   13.2    0.7
8880 |   194 |    2122 |    5376     385    5376 |     771     386     771 |    0.2   13.8    0.7
8881 |   194 |    3278 |    5366     385    5366 |     771     385     771 |    0.2   12.6    0.7
8882 |   194 |    3282 |    5377     385    5377 |     771     385     771 |    0.3   13.2    0.7
8883 |   192 |    3245 |    5348     383    5348 |     766     383     766 |    0.2   12.4    0.7
8884 |   193 |    3268 |    5360     384    5360 |     768     384     768 |    0.2   10.9    0.6
8885 |   194 |    3248 |    4600     384    4600 |     768     384     768 |    0.1    9.8    0.7
8886 |   194 |    3284 |    5372     385    5372 |     771     385     771 |    0.2   13.4    0.7
8887 |   193 |    3260 |    5356     384    5356 |     768     384     768 |    0.2   14.3    0.8
8888 |   194 |    3263 |    5360     385    5360 |     769     385     769 |    0.2   13.7    0.7
8889 |   194 |    3268 |    5345     383    5345 |     768     383     768 |    0.2   13.5    0.7
8890 |   194 |    3280 |    5376     385    5376 |     769     385     769 |    0.2   12.9    0.7
8891 |   193 |    3261 |    5358     384    5358 |     769     384     769 |    0.2   12.7    0.7
8892 |   194 |    3220 |    4570     384    4570 |     768     384     768 |    0.2    9.9    0.6
8893 |   194 |    3287 |    5377     385    5377 |     771     385     771 |    0.2   13.4    0.8
8894 |   194 |    3284 |    5374     386    5374 |     771     386     771 |    0.2   13.5    0.9
8895 |   194 |    2096 |    4592     384    4592 |     769     384     769 |    0.2    9.9    0.6
8896 |   192 |    3251 |    5348     383    5348 |     766     383     766 |    0.2   13.4    0.7
8897 |   194 |    3271 |    5360     385    5360 |     769     385     769 |    0.2   13.7    0.8
8898 |   192 |    3253 |    5348     384    5348 |     769     384     769 |    0.2   13.3    0.7
8899 |   194 |    2513 |    5377     387    5377 |     773     387     773 |    0.3   13.2    0.8
8900 |   193 |    3264 |    5360     384    5360 |     768     384     768 |    0.2   13.3    0.7
8901 |   193 |    3266 |    5360     384    5360 |     770     384     770 |    0.2   13.0    0.7
8902 |   192 |    2261 |    4566     383    4566 |     765     383     765 |    0.2    9.4    0.6
8903 |   193 |    3257 |    5347     383    5347 |     766     383     766 |    0.2   12.6    0.7
8904 |   194 |    3269 |    5356     384    5356 |     768     384     768 |    0.2   13.9    0.8
8905 |   194 |    3283 |    5377     385    5377 |     771     385     771 |    0.3   15.2    0.9
8906 |   194 |    2504 |    5369     386    5369 |     773     386     773 |    0.3    9.8    0.6
8907 |   194 |    3275 |    5372     384    5372 |     770     385     770 |    0.2   13.3    0.7
8908 |   194 |    3273 |    5356     386    5356 |     773     386     773 |    0.2   14.4    0.7
8909 |   194 |    3274 |    5350     385    5350 |     771     385     771 |    0.2   13.7    0.7
8910 |   194 |    3277 |    5370     384    5370 |     769     384     769 |    0.2   13.5    0.7
8911 |   193 |    2493 |    5352     384    5352 |     769     384     769 |    0.2   10.4    0.6
8912 |   193 |    2879 |    5358     385    5358 |     770     385     770 |    0.2   10.0    0.6
8913 |   194 |    3282 |    5374     385    5374 |     769     385     769 |    0.2   12.7    0.7
8914 |   194 |    2281 |    4584     384    4584 |     768     384     768 |    0.1   10.3    0.6
8915 |   193 |    3260 |    5352     383    5352 |     767     383     767 |    0.1   14.4    0.9
8916 |   194 |    3275 |    5356     384    5356 |     768     384     768 |    0.3   13.4    0.7
8917 |   193 |    2654 |    4595     384    4595 |     767     384     767 |    0.2   10.0    0.6
8918 |   194 |    3278 |    5371     385    5371 |     770     385     770 |    0.2   14.6    0.7
8919 |   194 |    3259 |    5359     384    5359 |     769     384     769 |    0.2   13.1    0.7
8920 |   193 |    3261 |    5354     384    5354 |     768     384     768 |    0.3   13.5    0.7
8921 |   193 |    3273 |    5368     384    5368 |     769     384     769 |    0.2   14.0    0.7
8922 |   194 |    2139 |    5366     387    5366 |     774     387     774 |    0.3   11.1    0.7
8923 |   194 |    3291 |    5382     386    5382 |     771     386     771 |    0.2   13.1    0.7
8924 |   194 |    3276 |    5367     385    5367 |     770     385     770 |    0.2   14.1    0.8
8925 |   194 |    3274 |    5364     385    5364 |     770     385     770 |    0.2   13.7    0.8
8926 |   193 |    3259 |    5357     384    5357 |     768     384     768 |    0.2   13.5    0.7
8927 |   194 |    3279 |    5379     386    5379 |     771     386     771 |    0.2   13.7    0.7
8928 |   193 |    3256 |    5348     383    5348 |     767     383     767 |    0.2   13.8    0.7
8929 |   194 |    3270 |    5360     384    5360 |     768     384     768 |    0.3   14.0    0.8
8930 |   194 |    3271 |    5343     385    5343 |     770     385     770 |    0.2   12.8    0.7
8931 |   193 |    3253 |    5355     384    5355 |     768     384     768 |    0.3   13.8    0.7
8932 |   193 |    3232 |    4578     384    4578 |     767     383     767 |    0.2    9.7    0.6
8933 |   194 |    3289 |    5379     385    5379 |     771     386     771 |    0.2   13.4    0.9
8934 |   194 |    3270 |    5354     384    5354 |     768     384     768 |    0.3   13.6    0.7
8935 |   194 |    3282 |    5376     385    5376 |     770     385     770 |    0.2   13.0    0.7
8936 |   194 |    3280 |    5366     385    5366 |     770     385     770 |    0.2   14.1    0.7
8937 |   194 |    2284 |    4601     384    4601 |     768     384     768 |    0.1   10.2    0.6
8938 |   193 |    3244 |    4594     383    4594 |     766     383     766 |    0.2    9.6    0.6
8939 |   193 |    2494 |    5356     384    5356 |     767     384     767 |    0.2   10.5    0.6
8940 |   194 |    3280 |    5376     385    5376 |     771     385     771 |    0.2   14.1    0.8
8941 |   194 |    3280 |    5371     385    5371 |     770     385     770 |    0.2   13.5    0.7
8942 |   194 |    2095 |    4591     384    4591 |     767     384     767 |    0.1   10.2    0.6
8943 |   194 |    3292 |    5385     385    5385 |     771     385     771 |    0.2   14.5    0.7
8944 |   193 |    2278 |    4591     383    4591 |     767     383     767 |    0.2   10.0    0.6
8945 |   194 |    3283 |    5361     386    5361 |     772     386     772 |    0.2   13.5    0.7
8946 |   194 |    3286 |    5381     386    5381 |     772     386     772 |    0.2   13.8    0.7
8947 |   191 |    3233 |    4575     383    4575 |     765     383     765 |    0.2   10.1    0.6
8948 |   194 |    3280 |    5377     385    5377 |     771     385     771 |    0.2   13.8    0.7
8949 |   193 |    2098 |    5355     383    5355 |     767     383     767 |    0.1   10.0    0.6
8950 |   194 |    3254 |    4600     384    4600 |     768     384     768 |    0.2    9.8    0.6
8951 |   194 |    2507 |    5373     385    5373 |     770     385     770 |    0.2   10.6    0.6
8952 |   194 |    2294 |    5364     385    5364 |     770     385     770 |    0.2   13.6    0.8
8953 |   193 |    3256 |    5348     383    5348 |     767     383     767 |    0.2   12.7    0.7
8954 |   193 |    3249 |    5331     383    5331 |     767     383     767 |    0.1   13.7    0.7
8955 |   194 |    3280 |    5373     385    5373 |     769     385     769 |    0.2   13.8    0.8
8956 |   194 |    3291 |    5383     385    5383 |     771     385     771 |    0.2   13.9    0.7
8957 |   194 |    3267 |    5367     385    5367 |     770     385     770 |    0.3   13.3    0.7
8958 |   194 |    3280 |    5375     385    5375 |     770     385     770 |    0.2   13.3    0.7
8959 |   194 |    3272 |    5372     384    5372 |     769     385     769 |    0.2   13.5    0.7
8960 |   192 |    2087 |    4578     382    4578 |     766     383     766 |    0.3   10.2    0.6
8961 |   193 |    3269 |    5364     384    5364 |     771     385     771 |    0.2   14.1    0.7
8962 |   194 |    3266 |    5355     384    5355 |     771     386     771 |    0.2   14.0    0.8
8963 |   193 |    3267 |    5365     384    5365 |     769     384     769 |    0.2   13.7    0.7
8964 |   193 |    2104 |    4601     383    4601 |     767     383     767 |    0.2    9.6    0.6
8965 |   194 |    3276 |    5369     384    5369 |     768     384     768 |    0.2   13.2    0.9
8966 |   190 |    3211 |    4548     383    4548 |     765     383     765 |    0.2    9.6    0.6
8967 |   194 |    3276 |    5376     385    5376 |     770     385     770 |    0.2   13.0    0.7
8968 |   194 |    3286 |    5383     385    5383 |     771     385     771 |    0.2   13.6    0.7
8969 |   194 |    3277 |    5358     384    5358 |     768     384     768 |    0.2   13.8    0.7
8970 |   194 |    3274 |    5372     385    5372 |     769     385     769 |    0.2   12.9    0.7
8971 |   192 |    3254 |    5351     383    5351 |     767     383     767 |    0.1   13.3    0.7
8972 |   194 |    3277 |    5364     385    5364 |     771     385     771 |    0.2   13.0    0.7
8973 |   194 |    3273 |    5365     385    5365 |     771     386     771 |    0.2   12.7    0.7
8974 |   194 |    3282 |    5366     385    5366 |     770     385     770 |    0.2   13.6    0.8
8975 |   194 |    3264 |    5364     385    5364 |     769     385     769 |    0.3   13.0    0.7
8976 |   193 |    3262 |    5351     384    5351 |     768     384     768 |    0.2   13.3    0.7
8977 |   194 |    3279 |    5370     385    5370 |     770     384     770 |    0.2   13.6    0.7
8978 |   194 |    3277 |    5371     384    5371 |     769     385     769 |    0.2   13.2    0.7
8979 |   194 |    3279 |    5369     385    5369 |     771     385     771 |    0.2   14.6    0.7
8980 |   194 |    3269 |    5372     385    5372 |     769     385     769 |    0.2   13.4    0.7
8981 |   194 |    2111 |    5366     385    5366 |     770     385     770 |    0.2   13.5    1.0
8982 |   194 |    3290 |    5367     388    5367 |     775     388     775 |    0.3   14.2    0.7
8983 |   194 |    3276 |    5371     385    5371 |     770     385     770 |    0.3   10.0    0.6
8984 |   194 |    2694 |    5316     388    5316 |     778     389     778 |    0.2   10.4    0.6
8985 |   194 |    3283 |    5367     385    5367 |     771     385     771 |    0.2   13.5    0.7
8986 |   194 |    3280 |    5374     386    5374 |     772     386     772 |    0.2   14.1    0.7
8987 |   194 |    3285 |    5368     385    5368 |     772     385     772 |    0.2   12.7    0.7
8988 |   192 |    3244 |    5349     383    5349 |     766     383     766 |    0.1   13.5    0.7
8989 |   194 |    3271 |    5357     386    5357 |     772     386     772 |    0.2   13.1    0.7
8990 |   193 |    2462 |    4570     384    4570 |     767     384     767 |    0.2    9.7    0.6
8991 |   192 |    3253 |    5347     383    5347 |     767     383     767 |    0.2   12.7    0.7
8992 |   194 |    3274 |    5368     385    5368 |     771     385     771 |    0.2   13.3    0.7
8993 |   194 |    3275 |    5380     386    5380 |     771     386     771 |    0.2   10.4    0.6
8994 |   194 |    3275 |    5369     384    5369 |     769     384     769 |    0.2   13.4    0.7
8995 |   194 |    2659 |    4580     384    4580 |     768     384     768 |    0.2   10.2    0.6
8996 |   194 |    2098 |    4606     384    4606 |     768     384     768 |    0.2    9.7    0.6
8997 |   192 |    3226 |    4572     383    4572 |     765     383     765 |    0.2    9.3    0.6
8998 |   193 |    3249 |    4597     384    4597 |     768     384     768 |    0.2   10.8    0.6
8999 |   194 |    3285 |    5364     386    5364 |     772     386     772 |    0.2   13.6    0.7
9000 |   193 |    3261 |    5361     384    5361 |     767     384     767 |    0.2   13.0    0.7
9001 |   194 |    3283 |    5368     385    5368 |     771     385     771 |    0.2   13.5    0.7
9002 |   194 |    3286 |    5379     385    5379 |     771     385     771 |    0.3   14.2    0.8
9003 |   194 |    2120 |    5381     385    5381 |     771     385     771 |    0.2   14.2    0.9
9004 |   192 |    3239 |    5323     384    5323 |     769     384     769 |    0.2   12.7    0.7
9005 |   193 |    3267 |    5362     384    5362 |     769     385     769 |    0.3   13.6    0.7
9006 |   194 |    2504 |    5372     385    5372 |     770     385     770 |    0.2   13.4    0.7
9007 |   194 |    2281 |    4589     384    4589 |     768     384     768 |    0.2   12.1    0.8
9008 |   194 |    3269 |    5365     385    5365 |     770     385     770 |    0.3   13.8    0.7
9009 |   194 |    3244 |    4593     384    4593 |     768     384     768 |    0.2   10.0    0.6
9010 |   194 |    3263 |    5367     384    5367 |     769     384     769 |    0.2   13.5    0.7
9011 |   194 |    3270 |    5356     384    5356 |     768     384     768 |    0.2   13.5    0.7
9012 |   194 |    3281 |    5376     386    5376 |     771     386     771 |    0.2   13.5    0.8
9013 |   194 |    3278 |    5372     385    5372 |     770     385     770 |    0.2   14.3    0.8
9014 |   194 |    3274 |    5357     385    5357 |     771     385     771 |    0.2   13.1    0.7
9015 |   194 |    3261 |    4607     385    4607 |     769     385     769 |    0.3    9.9    0.6
9016 |   194 |    3288 |    5375     385    5375 |     771     385     771 |    0.2   14.3    0.7
9017 |   192 |    3244 |    5346     383    5346 |     766     383     766 |    0.1   14.0    0.7
9018 |   194 |    3280 |    5360     386    5360 |     771     386     771 |    0.2   15.4    0.7
9019 |   194 |    3275 |    5360     385    5360 |     770     385     770 |    0.2   13.4    0.8
9020 |   194 |    3237 |    4588     384    4588 |     768     384     768 |    0.2   10.2    0.6
9021 |   194 |    3279 |    5369     385    5369 |     769     384     769 |    0.2   13.1    0.7
9022 |   194 |    3286 |    5371     386    5371 |     773     386     773 |    0.2   13.1    0.7
9023 |   194 |    2097 |    4581     384    4581 |     768     384     768 |    0.2    9.8    0.6
9024 |   194 |    2109 |    5374     385    5374 |     771     385     771 |    0.2   13.5    0.7
9025 |   194 |    3264 |    5366     384    5366 |     769     385     769 |    0.2   14.5    0.7
9026 |   194 |    3280 |    5379     385    5379 |     770     385     770 |    0.2   13.7    0.7
9027 |   194 |    3266 |    5363     385    5363 |     769     385     769 |    0.2   13.0    0.7
9028 |   194 |    3277 |    5358     385    5358 |     770     385     770 |    0.2   13.7    0.7
9029 |   192 |    2862 |    5337     384    5337 |     767     384     767 |    0.2   10.9    0.6
9030 |   194 |    3284 |    5381     385    5381 |     771     386     771 |    0.2   13.7    0.8
9031 |   194 |    3260 |    5365     384    5365 |     768     384     768 |    0.2   12.6    0.9
9032 |   194 |    3274 |    5367     384    5367 |     769     384     769 |    0.3   14.2    0.8
9033 |   193 |    3260 |    5337     383    5337 |     768     383     768 |    0.2   13.0    0.7
9034 |   194 |    3263 |    5352     384    5352 |     767     384     767 |    0.2   13.2    0.7
9035 |   191 |    3235 |    4581     383    4581 |     765     383     765 |    0.1    9.4    0.6
9036 |   193 |    3267 |    5366     384    5366 |     769     384     769 |    0.2   13.9    0.7
9037 |   194 |    2505 |    5372     385    5372 |     770     385     770 |    0.2   14.9    0.7
9038 |   194 |    2116 |    5368     385    5368 |     772     385     772 |    0.2   12.8    0.7
9039 |   194 |    3263 |    5364     385    5364 |     770     385     770 |    0.2   13.6    0.7
9040 |   193 |    3269 |    5362     385    5362 |     770     385     770 |    0.2   13.8    0.7
9041 |   194 |    2468 |    4577     384    4577 |     769     384     769 |    0.2    9.3    0.6
9042 |   194 |    3278 |    5365     387    5365 |     773     387     773 |    0.2   14.1    0.7
9043 |   194 |    3270 |    5359     385    5359 |     770     385     770 |    0.2   13.6    0.7
9044 |   190 |    3218 |    4558     383    4558 |     765     383     765 |    0.1    9.6    0.6
9045 |   194 |    2301 |    5374     385    5374 |     770     385     770 |    0.2   13.4    0.7
9046 |   194 |    2506 |    5383     385    5383 |     770     385     770 |    0.2   10.3    0.6
9047 |   194 |    3259 |    5348     384    5348 |     768     384     768 |    0.2   13.2    0.7
9048 |   194 |    3287 |    5383     385    5383 |     771     385     771 |    0.2   13.8    0.8
9049 |   194 |    3290 |    5376     386    5376 |     773     386     773 |    0.2   13.8    0.7
9050 |   194 |    3280 |    5373     384    5373 |     769     384     769 |    0.2   14.1    0.7
9051 |   194 |    3279 |    5374     385    5374 |     770     385     770 |    0.3   14.7    1.0
9052 |   194 |    3289 |    5371     387    5371 |     773     387     773 |    0.4   17.5    0.8
9053 |   194 |    3259 |    5345     383    5345 |     767     383     767 |    0.2   14.2    0.8
9054 |   194 |    3275 |    5368     385    5368 |     770     385     770 |    0.3   13.9    0.7
9055 |   194 |    3255 |    5351     383    5351 |     767     383     767 |    0.2   13.1    0.7
9056 |   194 |    3284 |    5370     385    5370 |     770     385     770 |    0.2   13.2    0.8
9057 |   194 |    3278 |    5366     385    5366 |     771     385     771 |    0.2   14.2    0.7
9058 |   193 |    3256 |    5358     384    5358 |     768     384     768 |    0.2   14.6    0.7
9059 |   194 |    3283 |    5368     386    5368 |     771     386     771 |    0.3   13.0    0.7
9060 |   194 |    3288 |    5381     385    5381 |     771     385     771 |    0.2   13.0    0.7
9061 |   194 |    3280 |    5384     385    5384 |     770     385     770 |    0.2   13.1    0.7
9062 |   193 |    2676 |    5368     384    5368 |     769     384     769 |    0.2   13.6    0.7
9063 |   194 |    3290 |    5377     386    5377 |     772     386     772 |    0.2   13.5    0.8
9064 |   194 |    2110 |    5360     384    5360 |     771     385     771 |    0.3   13.7    0.9
9065 |   194 |    2082 |    4554     384    4554 |     768     384     768 |    0.2    9.7    0.6
9066 |   194 |    3244 |    5302     384    5302 |     768     384     768 |    0.2   12.2    0.7
9067 |   194 |    3275 |    5365     384    5365 |     770     385     770 |    0.2   13.8    0.7
9068 |   189 |    3206 |    4544     383    4544 |     765     383     765 |    0.2   10.1    0.7
9069 |   194 |    3276 |    5367     384    5367 |     769     384     769 |    0.2   14.1    0.7
9070 |   193 |    3250 |    5334     386    5334 |     772     386     772 |    0.2   10.0    0.6
9071 |   194 |    3287 |    5379     386    5379 |     771     385     771 |    0.2   13.2    0.8
9072 |   194 |    3273 |    5362     384    5362 |     769     384     769 |    0.2   13.7    0.7
9073 |   194 |    3280 |    5367     384    5367 |     770     384     770 |    0.2   13.8    0.9
9074 |   194 |    2304 |    5376     385    5376 |     771     385     771 |    0.3   14.2    0.7
9075 |   194 |    3291 |    5378     385    5378 |     771     385     771 |    0.2   13.6    0.7
9076 |   193 |    2088 |    4584     384    4584 |     767     384     767 |    0.2   11.1    0.6
9077 |   192 |    3231 |    4567     383    4567 |     765     383     765 |    0.2    9.6    0.6
9078 |   194 |    3235 |    5278     388    5278 |     776     388     776 |    0.2   10.3    0.6
9079 |   194 |    2505 |    5382     385    5382 |     770     385     770 |    0.2   10.2    0.6
9080 |   194 |    3278 |    5368     384    5368 |     769     384     769 |    0.2   13.3    0.7
9081 |   194 |    3238 |    4585     385    4585 |     770     385     770 |    0.2   10.4    0.6
9082 |   194 |    3283 |    5385     385    5385 |     770     385     770 |    0.2   14.4    0.7
9083 |   193 |    3257 |    4601     384    4601 |     767     383     767 |    0.2   10.0    0.6
9084 |   194 |    3285 |    5367     386    5367 |     772     386     772 |    0.2   13.8    0.7
9085 |   194 |    3275 |    5357     385    5357 |     770     385     770 |    0.2   13.1    0.7
9086 |   193 |    3169 |    4522     383    4522 |     767     383     767 |    0.1   10.2    0.6
9087 |   194 |    3282 |    5371     385    5371 |     770     385     770 |    0.2   14.0    0.7
9088 |   194 |    3282 |    5361     386    5361 |     771     386     771 |    0.2   13.7    0.7
9089 |   194 |    2689 |    5372     385    5372 |     770     385     770 |    0.3   13.9    0.7
9090 |   194 |    3271 |    5358     384    5358 |     768     384     768 |    0.2   13.5    0.7
9091 |   194 |    3261 |    5369     384    5369 |     769     384     769 |    0.2   15.6    0.7
9092 |   193 |    3233 |    4579     384    4579 |     768     384     768 |    0.2   10.5    0.6
9093 |   194 |    3265 |    5343     384    5343 |     768     384     768 |    0.2   13.3    0.8
9094 |   194 |    3275 |    5356     387    5356 |     775     387     775 |    0.2   13.0    0.7
9095 |   194 |    2683 |    5376     386    5376 |     771     386     771 |    0.2   14.0    0.7
9096 |   194 |    3281 |    5378     385    5378 |     771     385     771 |    0.2   13.5    0.7
9097 |   193 |    2091 |    4584     383    4584 |     767     383     767 |    0.1   10.0    0.6
9098 |   194 |    2286 |    4589     384    4589 |     768     384     768 |    0.2    9.6    0.6
9099 |   194 |    3276 |    5361     384    5361 |     768     384     768 |    0.2   13.6    0.9
9100 |   193 |    3251 |    5351     384    5351 |     768     384     768 |    0.2   13.2    0.7
9101 |   193 |    3272 |    5372     385    5372 |     769     385     769 |    0.2   13.1    0.8
9102 |   194 |    2890 |    5370     385    5370 |     769     385     769 |    0.4    9.9    0.6
9103 |   194 |    3275 |    5356     385    5356 |     771     385     771 |    0.2   13.2    0.7
9104 |   194 |    3284 |    5374     386    5374 |     771     386     771 |    0.2   13.3    0.7
9105 |   194 |    3284 |    5378     386    5378 |     771     386     771 |    0.2   14.1    0.7
9106 |   194 |    3281 |    5372     385    5372 |     769     385     769 |    0.2   13.3    0.7
9107 |   193 |    2284 |    4587     383    4587 |     767     383     767 |    0.1    9.7    0.6
9108 |   194 |    2095 |    4593     384    4593 |     768     384     768 |    0.2   10.7    0.6
9109 |   194 |    3262 |    5362     384    5362 |     769     384     769 |    0.2   13.7    0.7
9110 |   194 |    3278 |    5367     385    5367 |     770     385     770 |    0.2   14.2    0.7
9111 |   193 |    3262 |    5364     384    5364 |     768     384     768 |    0.2   13.8    0.7
9112 |   193 |    3264 |    5363     384    5363 |     767     384     767 |    0.2   13.4    0.7
9113 |   194 |    2692 |    5363     385    5363 |     771     385     771 |    0.2   10.9    0.6
9114 |   194 |    3281 |    5370     384    5370 |     769     385     769 |    0.2   14.2    0.7
9115 |   194 |    3291 |    5376     386    5376 |     773     386     773 |    0.2   13.4    0.7
9116 |   194 |    3284 |    5373     385    5373 |     770     385     770 |    0.2   13.9    0.8
9117 |   194 |    3275 |    5375     385    5375 |     771     385     771 |    0.3   10.9    0.6
9118 |   194 |    3280 |    5371     386    5371 |     771     385     771 |    0.2   13.4    0.7
9119 |   194 |    2503 |    5370     386    5370 |     772     386     772 |    0.2   14.1    0.9
9120 |   194 |    3253 |    5361     384    5361 |     768     384     768 |    0.2   11.0    0.6
9121 |   194 |    2100 |    4599     384    4599 |     768     384     768 |    0.1    9.8    0.6
9122 |   194 |    3274 |    5368     385    5368 |     770     385     770 |    0.2   13.6    0.7
9123 |   194 |    3273 |    5366     385    5366 |     770     385     770 |    0.2   13.1    0.7
9124 |   194 |    3286 |    5370     386    5370 |     771     386     771 |    0.3   13.8    0.7
9125 |   194 |    2497 |    5372     385    5372 |     770     385     770 |    0.2   10.3    0.6
9126 |   194 |    3286 |    5382     385    5382 |     770     385     770 |    0.2   13.7    0.7
9127 |   194 |    3285 |    5376     386    5376 |     772     386     772 |    0.2   13.4    0.7
9128 |   193 |    2284 |    4597     383    4597 |     767     383     767 |    0.1   10.1    0.6
9129 |   194 |    3258 |    5344     384    5344 |     767     384     767 |    0.2   13.7    0.9
9130 |   194 |    2103 |    5367     384    5367 |     768     384     768 |    0.2   13.3    0.7
9131 |   193 |    3254 |    5357     384    5357 |     769     384     769 |    0.2   13.7    0.7
9132 |   194 |    3281 |    5374     385    5374 |     771     385     771 |    0.2   13.6    0.7
9133 |   194 |    3272 |    5367     385    5367 |     771     385     771 |    0.2   13.3    0.7
9134 |   194 |    3275 |    5356     384    5356 |     769     384     769 |    0.3   14.1    0.7
9135 |   193 |    3267 |    5357     385    5357 |     771     385     771 |    0.2   13.5    0.7
9136 |   194 |    2506 |    5381     385    5381 |     770     385     770 |    0.2   14.0    0.8
9137 |   194 |    3275 |    5374     385    5374 |     770     385     770 |    0.2   13.3    0.7
9138 |   194 |    3290 |    5370     386    5370 |     772     386     772 |    0.2   13.7    0.7
9139 |   194 |    3284 |    5364     386    5364 |     773     386     773 |    0.2   13.6    0.8
9140 |   194 |    3281 |    5375     385    5375 |     770     385     770 |    0.2   13.7    0.7
9141 |   194 |    3282 |    5371     386    5371 |     771     386     771 |    0.2   13.3    0.7
9142 |   194 |    3288 |    5380     385    5380 |     771     385     771 |    0.2   13.3    0.7
9143 |   194 |    2911 |    5332     389    5332 |     779     389     779 |    0.2   10.7    0.6
9144 |   193 |    3270 |    5365     384    5365 |     768     384     768 |    0.2   13.1    0.7
9145 |   194 |    3287 |    5375     386    5375 |     772     386     772 |    0.2   13.9    0.7
9146 |   194 |    3282 |    5372     385    5372 |     771     385     771 |    0.2   13.6    0.7
9147 |   194 |    3286 |    5374     386    5374 |     772     386     772 |    0.2   13.4    0.7
9148 |   193 |    2680 |    5357     385    5357 |     770     385     770 |    0.2   13.2    0.7
9149 |   194 |    3285 |    5363     387    5363 |     773     387     773 |    0.2   12.9    0.7
9150 |   194 |    3277 |    5374     385    5374 |     770     385     770 |    0.2   14.0    0.8
9151 |   194 |    3289 |    5380     386    5380 |     772     386     772 |    0.2   14.2    0.7
9152 |   194 |    3283 |    5374     385    5374 |     769     385     769 |    0.3   14.5    0.8
9153 |   194 |    3281 |    5371     386    5371 |     772     386     772 |    0.2   13.6    0.7
9154 |   193 |    3242 |    5317     383    5317 |     767     383     767 |    0.1   12.8    0.7
9155 |   194 |    3284 |    5377     386    5377 |     771     385     771 |    0.2   13.5    0.7
9156 |   194 |    3284 |    5378     385    5378 |     770     385     770 |    0.2   13.9    0.9
9157 |   194 |    3269 |    5347     384    5347 |     768     384     768 |    0.2   13.1    0.7
9158 |   194 |    3262 |    5348     384    5348 |     767     384     767 |    0.2   14.1    0.7
9159 |   193 |    2688 |    5368     384    5368 |     769     385     769 |    0.3   10.2    0.6
9160 |   194 |    3288 |    5380     385    5380 |     771     385     771 |    0.2   13.7    0.7
9161 |   194 |    3269 |    5345     384    5345 |     769     384     769 |    0.2   12.9    0.7
9162 |   194 |    3261 |    5367     384    5367 |     768     384     768 |    0.2   13.6    0.7
9163 |   194 |    3278 |    5369     385    5369 |     770     385     770 |    0.2   13.1    0.7
9164 |   194 |    3267 |    5364     385    5364 |     769     385     769 |    0.2   13.4    0.7
9165 |   194 |    2476 |    4592     384    4592 |     768     384     768 |    0.2   10.5    0.6
9166 |   194 |    3288 |    5373     386    5373 |     772     386     772 |    0.2   15.0    0.7
9167 |   194 |    3277 |    5364     384    5364 |     769     384     769 |    0.2   13.8    0.7
9168 |   194 |    3292 |    5387     385    5387 |     771     386     771 |    0.2   13.2    0.7
9169 |   194 |    3267 |    5353     384    5353 |     768     384     768 |    0.2   14.0    0.7
9170 |   194 |    3228 |    4575     384    4575 |     767     384     767 |    0.2   11.6    0.8
9171 |   193 |    2846 |    5326     384    5326 |     769     384     769 |    0.2   10.9    0.6
9172 |   193 |    3267 |    5363     383    5363 |     767     383     767 |    0.2   13.5    0.7
9173 |   193 |    3268 |    5365     384    5365 |     769     384     769 |    0.2   13.3    0.7
9174 |   194 |    3281 |    5375     385    5375 |     771     385     771 |    0.2   13.7    0.7
9175 |   194 |    3289 |    5376     386    5376 |     771     386     771 |    0.2   14.5    0.8
9176 |   194 |    2119 |    5383     385    5383 |     770     385     770 |    0.3   15.0    0.8
9177 |   194 |    2500 |    5361     386    5361 |     772     386     772 |    0.2   11.3    0.6
9178 |   194 |    2101 |    4598     384    4598 |     768     384     768 |    0.2   10.1    0.6
9179 |   194 |    3282 |    4614     385    4614 |     771     385     771 |    0.2   10.2    0.7
9180 |   193 |    3241 |    4589     383    4589 |     767     383     767 |    0.2   10.1    0.8
9181 |   194 |    3268 |    5370     385    5370 |     770     385     770 |    0.3   15.8    0.8
9182 |   194 |    3250 |    4597     383    4597 |     767     383     767 |    0.2    9.7    0.6
9183 |   194 |    3272 |    5362     384    5362 |     768     384     768 |    0.2   14.3    0.8
9184 |   194 |    3282 |    5381     385    5381 |     770     385     770 |    0.2   13.0    0.7
9185 |   194 |    3275 |    5360     384    5360 |     769     384     769 |    0.2   13.4    0.7
9186 |   194 |    3262 |    5366     384    5366 |     769     384     769 |    0.2   13.5    0.8
9187 |   194 |    3272 |    5356     385    5356 |     770     385     770 |    0.3   13.8    0.7
9188 |   193 |    3268 |    5356     384    5356 |     769     384     769 |    0.3   13.3    0.7
9189 |   193 |    3250 |    5358     383    5358 |     767     383     767 |    0.2    9.8    0.6
9190 |   194 |    3267 |    5362     385    5362 |     770     385     770 |    0.2   13.2    0.7
9191 |   194 |    2104 |    5367     384    5367 |     769     385     769 |    0.2   13.7    0.7
9192 |   194 |    3285 |    5374     386    5374 |     771     386     771 |    0.3   13.5    0.7
9193 |   193 |    3269 |    5363     385    5363 |     769     385     769 |    0.2   13.2    0.7
9194 |   193 |    3274 |    5368     385    5368 |     770     385     770 |    0.2   13.5    0.7
9195 |   194 |    3263 |    5345     384    5345 |     768     384     768 |    0.2   13.3    0.7
9196 |   194 |    3269 |    5371     385    5371 |     769     385     769 |    0.2   13.3    0.8
9197 |   193 |    3242 |    4588     383    4588 |     766     383     766 |    0.2   10.0    0.6
9198 |   194 |    3287 |    5382     386    5382 |     772     386     772 |    0.2   13.9    0.8
9199 |   193 |    3254 |    5360     383    5360 |     768     383     768 |    0.2   13.9    0.7
9200 |   193 |    3254 |    5353     384    5353 |     768     384     768 |    0.2   14.4    0.7
9201 |   194 |    3260 |    5347     384    5347 |     767     384     767 |    0.2   14.2    0.7
9202 |   194 |    2304 |    5377     386    5377 |     772     386     772 |    0.2   13.2    0.7
9203 |   194 |    3266 |    5367     385    5367 |     769     385     769 |    0.2   13.9    0.7
9204 |   194 |    3284 |    5369     386    5369 |     772     386     772 |    0.2   13.6    0.7
9205 |   192 |    3248 |    5340     383    5340 |     766     383     766 |    0.2   13.6    0.8
9206 |   194 |    3240 |    4587     383    4587 |     767     383     767 |    0.2   10.0    0.6
9207 |   193 |    3255 |    5339     385    5339 |     770     385     770 |    0.2   13.5    0.7
9208 |   194 |    3274 |    5370     385    5370 |     770     385     770 |    0.2   13.3    0.9
9209 |   194 |    3262 |    5361     385    5361 |     770     385     770 |    0.2   13.6    0.7
9210 |   193 |    2471 |    4578     384    4578 |     767     384     767 |    0.2   11.1    0.6
9211 |   194 |    3285 |    5367     386    5367 |     772     386     772 |    0.3   13.4    0.7
9212 |   194 |    3276 |    5354     386    5354 |     772     386     772 |    0.2   13.5    0.7
9213 |   194 |    3266 |    5367     384    5367 |     769     384     769 |    0.2   13.5    0.7
9214 |   194 |    3246 |    5323     383    5323 |     767     383     767 |    0.2   13.6    0.7
9215 |   194 |    3273 |    5352     384    5352 |     769     384     769 |    0.2   12.7    0.7
9216 |   193 |    3251 |    5339     383    5339 |     767     383     767 |    0.1   13.2    0.7
9217 |   193 |    3264 |    5362     384    5362 |     769     384     769 |    0.2   13.5    0.7
9218 |   190 |    3203 |    4548     383    4548 |     765     383     765 |    0.1    9.5    0.6
9219 |   193 |    2866 |    5333     386    5333 |     771     386     771 |    0.2   10.0    0.6
9220 |   192 |    3258 |    5354     384    5354 |     768     384     768 |    0.1   13.6    0.7
9221 |   194 |    3277 |    5364     385    5364 |     771     385     771 |    0.2   13.9    0.7
9222 |   194 |    3272 |    5369     385    5369 |     770     385     770 |    0.2   14.4    0.9
9223 |   194 |    2104 |    5332     385    5332 |     770     385     770 |    0.2    9.9    0.6
9224 |   194 |    3276 |    5372     385    5372 |     770     385     770 |    0.2   13.9    0.7
9225 |   192 |    2297 |    5335     385    5335 |     770     385     770 |    0.2   10.3    0.6
9226 |   194 |    2098 |    4589     383    4589 |     767     384     767 |    0.2   10.2    0.6
9227 |   194 |    3272 |    5365     385    5365 |     770     385     770 |    0.2   13.9    0.8
9228 |   193 |    3267 |    5365     384    5365 |     768     384     768 |    0.2   14.8    0.7
9229 |   194 |    2701 |    5370     385    5370 |     772     385     772 |    0.3   11.8    0.6
9230 |   194 |    3269 |    5346     385    5346 |     769     385     769 |    0.2   14.1    0.8
9231 |   193 |    3257 |    5360     384    5360 |     767     384     767 |    0.2   13.7    0.7
9232 |   194 |    3274 |    5362     385    5362 |     771     385     771 |    0.2   13.9    0.7
9233 |   194 |    3277 |    5371     385    5371 |     771     385     771 |    0.3   14.9    0.7
9234 |   194 |    3276 |    5372     386    5372 |     771     386     771 |    0.3   15.4    0.9
9235 |   193 |    3269 |    5360     385    5360 |     769     385     769 |    0.3   13.9    0.7
9236 |   194 |    3280 |    5370     385    5370 |     769     385     769 |    0.2   12.9    0.7
9237 |   194 |    3285 |    5380     385    5380 |     771     385     771 |    0.2   13.3    0.7
9238 |   194 |    2497 |    5361     386    5361 |     772     386     772 |    0.2   13.6    0.7
9239 |   192 |    3250 |    5348     383    5348 |     766     383     766 |    0.2   14.9    0.9
9240 |   193 |    2475 |    4591     383    4591 |     767     383     767 |    0.2   10.4    0.6
9241 |   194 |    3280 |    5374     385    5374 |     769     385     769 |    0.2   13.1    0.7
9242 |   194 |    2108 |    5367     385    5367 |     769     385     769 |    0.2   13.8    0.8
9243 |   194 |    2844 |    4571     384    4571 |     768     384     768 |    0.2   10.4    0.6
9244 |   193 |    3258 |    5343     384    5343 |     767     384     767 |    0.2   13.1    0.7
9245 |   194 |    3282 |    5364     386    5364 |     772     386     772 |    0.2   13.6    0.7
9246 |   194 |    3284 |    5372     386    5372 |     772     386     772 |    0.2   13.8    0.8
9247 |   194 |    3291 |    5386     385    5386 |     771     385     771 |    0.2   13.0    0.7
9248 |   193 |    3255 |    5346     383    5346 |     766     383     766 |    0.1   13.8    0.8
9249 |   194 |    3279 |    5369     385    5369 |     769     385     769 |    0.2   14.9    0.9
9250 |   192 |    2667 |    5336     384    5336 |     767     384     767 |    0.2   10.6    0.6
9251 |   194 |    2121 |    5380     386    5380 |     771     385     771 |    0.2   15.1    0.7
9252 |   194 |    2507 |    5383     385    5383 |     771     385     771 |    0.2   10.1    0.7
9253 |   193 |    3254 |    5346     383    5346 |     767     383     767 |    0.2   12.7    0.7
9254 |   194 |    3285 |    5377     386    5377 |     771     386     771 |    0.2   14.9    0.7
9255 |   194 |    3282 |    5373     385    5373 |     770     385     770 |    0.2   13.4    0.7
9256 |   193 |    3251 |    5340     383    5340 |     767     383     767 |    0.1   13.8    0.7
9257 |   194 |    3285 |    5377     385    5377 |     771     386     771 |    0.2   14.1    0.7
9258 |   194 |    2493 |    5364     385    5364 |     770     385     770 |    0.2   10.3    0.6
9259 |   194 |    3287 |    5374     385    5374 |     771     385     771 |    0.2   14.8    0.7
9260 |   192 |    3245 |    5342     383    5342 |     765     383     765 |    0.2   13.9    0.7
9261 |   192 |    2265 |    5306     383    5306 |     765     383     765 |    0.2    9.9    0.7
9262 |   193 |    3271 |    5366     385    5366 |     769     385     769 |    0.3   13.7    0.8
9263 |   194 |    3269 |    5366     384    5366 |     769     384     769 |    0.2   13.2    0.7
9264 |   194 |    3285 |    5370     386    5370 |     772     386     772 |    0.2   14.0    0.7
9265 |   194 |    3265 |    5343     384    5343 |     768     384     768 |    0.2   12.9    0.7
9266 |   194 |    3277 |    5370     385    5370 |     771     385     771 |    0.2   13.9    0.7
9267 |   192 |    3221 |    4572     382    4572 |     766     383     766 |    0.1   10.2    0.6
9268 |   194 |    3281 |    5361     386    5361 |     771     386     771 |    0.2   13.0    0.7
9269 |   194 |    2690 |    5362     385    5362 |     770     385     770 |    0.2    9.9    0.6
9270 |   194 |    3286 |    5379     385    5379 |     770     385     770 |    0.2   13.3    0.7
9271 |   194 |    3263 |    5340     384    5340 |     768     384     768 |    0.2   13.3    0.7
9272 |   194 |    3228 |    4575     384    4575 |     769     384     769 |    0.1   10.0    0.6
9273 |   194 |    3280 |    5369     385    5369 |     771     385     771 |    0.2   13.4    0.7
9274 |   193 |    3260 |    5362     384    5362 |     768     384     768 |    0.2   13.1    0.7
9275 |   194 |    3276 |    5371     385    5371 |     770     385     770 |    0.2   14.3    0.8
9276 |   194 |    3274 |    5360     384    5360 |     769     384     769 |    0.2   13.6    0.8
9277 |   194 |    3273 |    5366     384    5366 |     769     384     769 |    0.2   14.7    0.8
9278 |   194 |    2484 |    5343     385    5343 |     770     385     770 |    0.2    9.9    0.6
9279 |   194 |    3281 |    5374     385    5374 |     771     385     771 |    0.2   14.1    0.7
9280 |   194 |    3278 |    5372     385    5372 |     770     385     770 |    0.2   13.8    0.7
9281 |   193 |    3240 |    4587     384    4587 |     767     384     767 |    0.2    9.9    0.6
9282 |   193 |    3259 |    5347     383    5347 |     767     383     767 |    0.1   13.5    0.7
9283 |   194 |    3215 |    5252     384    5252 |     767     384     767 |    0.2   14.5    0.7
9284 |   194 |    3274 |    5356     386    5356 |     773     386     773 |    0.2   13.0    0.7
9285 |   194 |    3279 |    5354     385    5354 |     770     385     770 |    0.2   14.0    0.8
9286 |   194 |    2505 |    5366     386    5366 |     772     386     772 |    0.2   13.0    0.8
9287 |   194 |    3280 |    5373     384    5373 |     769     384     769 |    0.4   13.7    0.7
9288 |   194 |    3282 |    5372     385    5372 |     770     385     770 |    0.2   13.2    0.7
9289 |   194 |    3235 |    4587     384    4587 |     767     384     767 |    0.2   10.9    0.7
9290 |   194 |    3275 |    5358     385    5358 |     770     385     770 |    0.3   14.0    0.7
9291 |   194 |    2683 |    5364     385    5364 |     770     385     770 |    0.2   10.3    0.6
9292 |   193 |    3257 |    5359     384    5359 |     768     384     768 |    0.2   12.7    0.7
9293 |   194 |    2498 |    5367     385    5367 |     771     385     771 |    0.2   10.6    0.6
9294 |   194 |    3278 |    5371     386    5371 |     771     385     771 |    0.3   14.0    0.7
9295 |   194 |    3272 |    5370     385    5370 |     771     385     771 |    0.2   13.6    0.7
9296 |   193 |    3265 |    5359     384    5359 |     768     384     768 |    0.2   13.3    0.7
9297 |   194 |    3276 |    4612     385    4612 |     769     385     769 |    0.2   10.6    0.6
9298 |   193 |    3252 |    5348     384    5348 |     769     384     769 |    0.2   14.0    0.7
9299 |   194 |    3273 |    5363     385    5363 |     771     385     771 |    0.2   14.0    0.7
9300 |   194 |    3282 |    5370     385    5370 |     770     385     770 |    0.2   13.8    0.8
9301 |   193 |    2456 |    4581     383    4581 |     767     383     767 |    0.2    9.9    0.6
9302 |   194 |    3262 |    5365     384    5365 |     768     384     768 |    0.2   13.8    0.7
9303 |   193 |    3262 |    5364     384    5364 |     768     384     768 |    0.2   13.2    0.7
9304 |   194 |    3292 |    5376     386    5376 |     773     386     773 |    0.2   13.7    0.8
9305 |   194 |    2079 |    4558     384    4558 |     768     384     768 |    0.2   10.4    0.6
9306 |   193 |    2280 |    4587     383    4587 |     767     383     767 |    0.2   10.9    0.6
9307 |   194 |    3272 |    5361     386    5361 |     771     386     771 |    0.2   12.9    0.7
9308 |   194 |    3275 |    5368     385    5368 |     771     385     771 |    0.2   13.5    0.7
9309 |   194 |    3269 |    5363     386    5363 |     771     386     771 |    0.2   12.8    0.7
9310 |   194 |    3289 |    5370     386    5370 |     771     386     771 |    0.2   12.8    0.7
9311 |   194 |    3265 |    5368     384    5368 |     769     384     769 |    0.2   13.7    0.8
9312 |   193 |    3260 |    5360     384    5360 |     768     384     768 |    0.2   14.4    0.8
9313 |   194 |    3270 |    5358     384    5358 |     768     384     768 |    0.3   15.9    0.7
9314 |   194 |    3226 |    4575     383    4575 |     767     383     767 |    0.2   10.2    0.6
9315 |   194 |    3267 |    5339     384    5339 |     769     384     769 |    0.2   13.0    0.7
9316 |   193 |    3260 |    5355     383    5355 |     766     383     766 |    0.2   14.0    0.8
9317 |   194 |    2498 |    5359     385    5359 |     770     385     770 |    0.3   10.0    0.6
9318 |   194 |    3279 |    5365     386    5365 |     772     386     772 |    0.2   13.4    0.7
9319 |   193 |    3264 |    5353     384    5353 |     768     384     768 |    0.3   15.8    0.7
9320 |   194 |    3265 |    5364     384    5364 |     769     384     769 |    0.2   13.7    0.7
9321 |   193 |    3257 |    5354     383    5354 |     766     383     766 |    0.2   14.4    0.7
9322 |   194 |    3277 |    5373     385    5373 |     770     385     770 |    0.2   14.2    0.7
9323 |   193 |    3267 |    5355     384    5355 |     769     384     769 |    0.2    9.3    0.6
9324 |   194 |    2090 |    4573     384    4573 |     768     384     768 |    0.1    9.7    0.6
9325 |   194 |    3288 |    5381     385    5381 |     771     386     771 |    0.2   13.6    0.7
9326 |   192 |    3254 |    5350     383    5350 |     766     383     766 |    0.2   13.9    0.7
9327 |   194 |    3270 |    5358     385    5358 |     770     385     770 |    0.3   13.8    0.7
9328 |   194 |    3252 |    5319     384    5319 |     767     384     767 |    0.2   13.8    0.7
9329 |   193 |    3268 |    5361     384    5361 |     768     384     768 |    0.2   13.8    0.7
9330 |   194 |    3264 |    5368     385    5368 |     771     385     771 |    0.2   13.8    0.7
9331 |   193 |    2100 |    5353     383    5353 |     768     384     768 |    0.2   13.3    0.7
9332 |   193 |    3272 |    5365     384    5365 |     769     384     769 |    0.2   12.9    0.7
9333 |   194 |    3265 |    5344     384    5344 |     768     384     768 |    0.2   13.6    0.7
9334 |   194 |    3283 |    5366     385    5366 |     771     385     771 |    0.2   13.5    0.8
9335 |   193 |    3226 |    4577     384    4577 |     767     384     767 |    0.2   10.0    0.6
9336 |   194 |    3266 |    5356     383    5356 |     768     383     768 |    0.2   13.4    0.7
9337 |   194 |    2122 |    5360     385    5360 |     770     385     770 |    0.2   10.8    0.6
9338 |   194 |    3273 |    5365     384    5365 |     768     384     768 |    0.2   14.6    0.7
9339 |   194 |    3248 |    5316     384    5316 |     768     384     768 |    0.2   14.3    0.9
9340 |   194 |    3273 |    5374     385    5374 |     770     385     770 |    0.3   14.8    0.7
9341 |   193 |    3260 |    5360     385    5360 |     770     385     770 |    0.2   13.1    0.7
9342 |   194 |    3270 |    5362     384    5362 |     767     384     767 |    0.2   13.1    0.7
9343 |   194 |    3258 |    5339     384    5339 |     767     384     767 |    0.2   14.0    0.7
9344 |   194 |    3262 |    5337     384    5337 |     768     384     768 |    0.2   13.2    0.9
9345 |   194 |    2506 |    5382     385    5382 |     770     385     770 |    0.3   11.6    0.6
9346 |   194 |    3279 |    5371     385    5371 |     770     385     770 |    0.2   13.0    0.7
9347 |   194 |    3254 |    4599     384    4599 |     769     384     769 |    0.2   10.2    0.6
9348 |   194 |    3283 |    5370     385    5370 |     770     385     770 |    0.2   13.8    0.7
9349 |   193 |    3257 |    5346     384    5346 |     768     384     768 |    0.2   14.1    0.8
9350 |   194 |    3262 |    5368     385    5368 |     770     385     770 |    0.2   14.8    0.9
9351 |   194 |    3273 |    5356     385    5356 |     770     384     770 |    0.3   14.0    0.8
9352 |   193 |    3250 |    5336     383    5336 |     767     383     767 |    0.2   13.2    0.7
9353 |   193 |    3262 |    5355     384    5355 |     768     384     768 |    0.2   15.6    0.8
9354 |   194 |    3244 |    5327     386    5327 |     772     386     772 |    0.2   10.5    0.8
9355 |   191 |    3220 |    4567     383    4567 |     765     383     765 |    0.2    9.8    0.6
9356 |   194 |    3276 |    5361     386    5361 |     771     386     771 |    0.2   12.6    0.7
9357 |   193 |    2674 |    5328     385    5328 |     769     385     769 |    0.2   10.4    0.6
9358 |   194 |    3286 |    5378     385    5378 |     770     385     770 |    0.3   14.2    0.9
9359 |   192 |    2095 |    4589     383    4589 |     766     383     766 |    0.2   10.5    0.6
9360 |   194 |    2464 |    4575     384    4575 |     768     384     768 |    0.2   10.2    0.6
9361 |   193 |    3258 |    5358     384    5358 |     768     384     768 |    0.2   13.9    0.7
9362 |   194 |    3277 |    5371     385    5371 |     770     385     770 |    0.2   14.6    0.9
9363 |   194 |    3284 |    5374     385    5374 |     770     385     770 |    0.4   14.1    0.7
9364 |   194 |    3247 |    4597     384    4597 |     768     384     768 |    0.2   10.0    0.6
9365 |   194 |    3262 |    5341     385    5341 |     770     385     770 |    0.2   13.0    0.7
9366 |   192 |    3235 |    5350     383    5350 |     766     383     766 |    0.1   10.0    0.6
9367 |   194 |    3271 |    5342     384    5342 |     769     384     769 |    0.2   13.6    0.7
9368 |   194 |    3273 |    5362     384    5362 |     768     384     768 |    0.2   13.8    0.7
9369 |   194 |    3283 |    5371     385    5371 |     771     386     771 |    0.2   14.3    0.7
9370 |   194 |    3272 |    5357     384    5357 |     769     384     769 |    0.2   14.6    0.7
9371 |   194 |    3281 |    5370     385    5370 |     771     386     771 |    0.2   13.6    0.7
9372 |   194 |    3284 |    5377     385    5377 |     771     385     771 |    0.2   13.3    0.7
9373 |   194 |    3281 |    5369     387    5369 |     775     387     775 |    0.3   13.7    0.7
9374 |   194 |    2112 |    5370     385    5370 |     771     386     771 |    0.2   13.8    0.7
9375 |   193 |    3248 |    4594     383    4594 |     767     383     767 |    0.2   10.2    0.6
9376 |   194 |    3272 |    5359     384    5359 |     769     384     769 |    0.3   14.7    0.7
9377 |   194 |    3274 |    5373     385    5373 |     769     385     769 |    0.2   13.7    0.7
9378 |   194 |    3262 |    5362     384    5362 |     769     384     769 |    0.2   13.4    0.7
9379 |   194 |    3283 |    5367     386    5367 |     772     386     772 |    0.2   13.5    0.9
9380 |   194 |    2498 |    5367     385    5367 |     771     385     771 |    0.3   10.4    0.6
9381 |   194 |    3277 |    5369     384    5369 |     769     384     769 |    0.2   13.4    0.8
9382 |   194 |    3246 |    4596     384    4596 |     767     384     767 |    0.2    9.8    0.6
9383 |   194 |    2309 |    5375     386    5375 |     771     386     771 |    0.2   10.1    0.7
9384 |   194 |    3282 |    5372     385    5372 |     769     385     769 |    0.2   13.4    0.7
9385 |   194 |    2300 |    5370     386    5370 |     772     386     772 |    0.2   13.4    0.7
9386 |   194 |    3289 |    5385     385    5385 |     771     386     771 |    0.2   14.4    0.7
9387 |   194 |    3250 |    4599     385    4599 |     770     385     770 |    0.2   10.0    0.6
9388 |   194 |    3285 |    5372     385    5372 |     771     385     771 |    0.2   14.0    0.7
9389 |   194 |    3288 |    5387     385    5387 |     771     385     771 |    0.2   13.7    0.7
9390 |   194 |    3231 |    4579     384    4579 |     768     384     768 |    0.2   10.5    0.6
9391 |   192 |    2422 |    4521     383    4521 |     766     383     766 |    0.2    9.8    0.6
9392 |   193 |    3246 |    5338     383    5338 |     766     383     766 |    0.1   13.3    0.7
9393 |   194 |    3262 |    5366     384    5366 |     768     384     768 |    0.2   15.3    0.7
9394 |   194 |    3291 |    5371     386    5371 |     772     386     772 |    0.2   12.8    0.7
9395 |   194 |    3283 |    5368     386    5368 |     772     386     772 |    0.2   13.3    0.7
9396 |   194 |    3242 |    4589     383    4589 |     768     384     768 |    0.2    9.6    0.7
9397 |   193 |    3260 |    5350     383    5350 |     767     383     767 |    0.2   14.5    0.7
9398 |   194 |    2114 |    5373     385    5373 |     770     385     770 |    0.3   14.4    1.0
9399 |   192 |    3247 |    5349     383    5349 |     766     383     766 |    0.2   13.4    0.7
9400 |   192 |    3250 |    5347     383    5347 |     767     383     767 |    0.2   13.5    0.7
9401 |   194 |    3290 |    5381     386    5381 |     772     386     772 |    0.2   13.7    0.7
9402 |   193 |    2492 |    5305     386    5305 |     772     386     772 |    0.2   10.4    0.6
9403 |   194 |    3281 |    5370     384    5370 |     769     384     769 |    0.3   13.9    0.7
9404 |   194 |    3263 |    5363     385    5363 |     770     385     770 |    0.2   14.9    0.8
9405 |   194 |    3251 |    4596     386    4596 |     773     386     773 |    0.2   10.4    0.6
9406 |   192 |    3246 |    5344     383    5344 |     766     383     766 |    0.1   13.3    0.7
9407 |   193 |    3267 |    5365     385    5365 |     769     385     769 |    0.2   14.2    0.8
9408 |   194 |    3285 |    5361     386    5361 |     772     386     772 |    0.3   13.7    0.8
9409 |   194 |    3271 |    5358     384    5358 |     768     384     768 |    0.3   12.9    0.7
9410 |   193 |    3262 |    5361     384    5361 |     769     384     769 |    0.2   14.1    0.7
9411 |   194 |    2869 |    5330     386    5330 |     773     386     773 |    0.2   10.0    0.6
9412 |   194 |    3285 |    5360     386    5360 |     773     386     773 |    0.2   14.2    0.7
9413 |   194 |    3253 |    5338     384    5338 |     767     384     767 |    0.2   14.3    0.7
9414 |   194 |    3266 |    5359     384    5359 |     768     384     768 |    0.3   13.5    0.7
9415 |   194 |    2112 |    5372     385    5372 |     770     385     770 |    0.2   13.4    0.7
9416 |   194 |    3267 |    4609     384    4609 |     769     384     769 |    0.2   10.5    0.6
9417 |   194 |    3287 |    5380     385    5380 |     770     385     770 |    0.3   13.3    0.7
9418 |   194 |    3267 |    5367     385    5367 |     770     385     770 |    0.2   13.1    0.7
9419 |   194 |    2651 |    5294     385    5294 |     771     385     771 |    0.2   11.0    0.6
9420 |   194 |    3287 |    5380     385    5380 |     771     385     771 |    0.2   13.6    0.7
9421 |   194 |    3281 |    5367     385    5367 |     770     385     770 |    0.4   14.4    0.7
9422 |   194 |    3270 |    5374     385    5374 |     770     385     770 |    0.4   13.3    0.7
9423 |   194 |    2681 |    5365     384    5365 |     768     384     768 |    0.2   13.8    0.7
9424 |   194 |    2500 |    5370     385    5370 |     772     385     772 |    0.2   14.1    0.7
9425 |   192 |    3216 |    4563     382    4563 |     765     383     765 |    0.2    9.5    0.6
9426 |   194 |    3280 |    5374     384    5374 |     770     385     770 |    0.3   12.8    0.8
9427 |   194 |    3269 |    5355     384    5355 |     767     384     767 |    0.3   13.3    0.8
9428 |   194 |    3277 |    5361     385    5361 |     769     385     769 |    0.2   13.1    0.7
9429 |   194 |    3265 |    5349     384    5349 |     768     384     768 |    0.2   13.7    0.7
9430 |   193 |    3270 |    5368     384    5368 |     769     384     769 |    0.2   13.8    0.9
9431 |   194 |    3289 |    5378     385    5378 |     771     385     771 |    0.3   15.5    0.7
9432 |   194 |    3262 |    5369     384    5369 |     769     384     769 |    0.2   13.2    0.7
9433 |   194 |    3279 |    5358     384    5358 |     770     385     770 |    0.2   13.7    0.7
9434 |   194 |    2094 |    5337     384    5337 |     768     384     768 |    0.2    9.6    0.6
9435 |   194 |    3270 |    5374     384    5374 |     769     384     769 |    0.2   13.8    0.8
9436 |   194 |    3279 |    5371     384    5371 |     769     385     769 |    0.2   13.4    0.7
9437 |   194 |    3279 |    5370     385    5370 |     771     385     771 |    0.2   13.2    0.7
9438 |   194 |    3288 |    5370     386    5370 |     771     386     771 |    0.2   13.5    0.7
9439 |   194 |    3287 |    5381     385    5381 |     771     385     771 |    0.2   13.7    0.7
9440 |   194 |    3289 |    5375     385    5375 |     770     385     770 |    0.2   14.1    0.8
9441 |   194 |    3284 |    5362     386    5362 |     772     386     772 |    0.2   14.2    0.7
9442 |   194 |    3263 |    5337     384    5337 |     771     384     771 |    0.2   13.3    0.7
9443 |   194 |    3286 |    5373     386    5373 |     772     386     772 |    0.2   13.9    0.7
9444 |   194 |    3282 |    5376     385    5376 |     770     385     770 |    0.2   14.7    0.7
9445 |   194 |    3286 |    4618     385    4618 |     770     385     770 |    0.2   10.2    0.6
9446 |   194 |    3280 |    5376     385    5376 |     770     385     770 |    0.3   14.2    0.7
9447 |   191 |    3223 |    4563     383    4563 |     765     383     765 |    0.1    9.8    0.6
9448 |   193 |    3250 |    5341     383    5341 |     766     383     766 |    0.1   13.3    0.7
9449 |   194 |    3276 |    5352     385    5352 |     770     385     770 |    0.2   13.1    0.7
9450 |   194 |    3272 |    5364     384    5364 |     768     384     768 |    0.2   14.0    0.7
9451 |   194 |    3279 |    5382     385    5382 |     771     385     771 |    0.3   10.2    0.6
9452 |   194 |    3275 |    5371     385    5371 |     770     385     770 |    0.2   13.3    0.7
9453 |   194 |    3287 |    5374     385    5374 |     771     385     771 |    0.2   13.5    0.7
9454 |   194 |    3250 |    4600     384    4600 |     768     384     768 |    0.2   10.3    0.6
9455 |   194 |    2113 |    5371     384    5371 |     769     385     769 |    0.2   13.9    0.7
9456 |   194 |    3272 |    5354     384    5354 |     768     384     768 |    0.2   14.0    0.7
9457 |   194 |    3274 |    5369     385    5369 |     771     385     771 |    0.2   13.9    0.7
9458 |   194 |    3270 |    5343     385    5343 |     771     385     771 |    0.3   14.4    0.9
9459 |   193 |    3264 |    5373     384    5373 |     769     384     769 |    0.3   13.3    1.0
9460 |   194 |    3267 |    5345     384    5345 |     768     384     768 |    0.3   15.1    0.8
9461 |   194 |    3270 |    5370     385    5370 |     770     385     770 |    0.3   14.7    0.7
9462 |   194 |    3271 |    5373     385    5373 |     770     385     770 |    0.2   13.5    0.7
9463 |   193 |    3275 |    5362     385    5362 |     770     385     770 |    0.2   12.5    0.7
9464 |   194 |    3267 |    5372     385    5372 |     770     385     770 |    0.2   13.5    0.7
9465 |   192 |    3244 |    5342     383    5342 |     765     383     765 |    0.2   16.8    0.7
9466 |   192 |    3225 |    4570     383    4570 |     765     383     765 |    0.1    9.2    0.5
9467 |   194 |    3261 |    5360     385    5360 |     770     385     770 |    0.2   12.8    0.7
9468 |   194 |    3283 |    5367     385    5367 |     770     385     770 |    0.2   13.4    0.7
9469 |   193 |    3269 |    5366     384    5366 |     769     385     769 |    0.2   14.0    0.7
9470 |   194 |    3279 |    5371     385    5371 |     770     385     770 |    0.3   13.7    0.7
9471 |   194 |    3283 |    5373     385    5373 |     771     385     771 |    0.2   13.3    1.0
9472 |   194 |    3271 |    5366     386    5366 |     771     386     771 |    0.3   13.3    0.7
9473 |   194 |    3279 |    5363     384    5363 |     769     384     769 |    0.2   13.5    0.7
9474 |   193 |    3252 |    4600     384    4600 |     768     384     768 |    0.2    9.9    0.6
9475 |   194 |    2100 |    4601     384    4601 |     768     384     768 |    0.1   10.0    0.6
9476 |   194 |    3280 |    5367     385    5367 |     771     385     771 |    0.2   14.8    0.7
9477 |   194 |    3289 |    5374     386    5374 |     772     386     772 |    0.2   14.5    0.7
9478 |   194 |    2447 |    4555     384    4555 |     770     384     770 |    0.2   10.1    0.6
9479 |   194 |    3284 |    5368     386    5368 |     772     386     772 |    0.2   13.1    0.7
9480 |   194 |    3275 |    5377     385    5377 |     770     385     770 |    0.2   13.2    0.7
9481 |   194 |    2105 |    5370     385    5370 |     769     385     769 |    0.2   12.9    1.0
9482 |   193 |    3267 |    5361     384    5361 |     770     384     770 |    0.3   13.9    0.9
9483 |   194 |    3266 |    5353     384    5353 |     768     384     768 |    0.3   13.6    0.7
9484 |   194 |    2879 |    5342     384    5342 |     768     384     768 |    0.2   10.0    0.6
9485 |   194 |    2899 |    5346     386    5346 |     773     386     773 |    0.2   10.4    0.7
9486 |   193 |    3222 |    4571     383    4571 |     767     383     767 |    0.2    9.5    0.6
9487 |   194 |    3275 |    5373     385    5373 |     770     385     770 |    0.2   13.4    0.7
9488 |   194 |    3276 |    5363     385    5363 |     770     385     770 |    0.3   14.3    0.7
9489 |   193 |    3268 |    5360     384    5360 |     768     384     768 |    0.2   13.1    0.8
9490 |   194 |    3283 |    5381     385    5381 |     770     385     770 |    0.2   13.7    0.8
9491 |   194 |    3277 |    5370     384    5370 |     769     384     769 |    0.2   13.6    0.7
9492 |   194 |    3282 |    5374     385    5374 |     771     386     771 |    0.2   13.2    0.7
9493 |   192 |    3231 |    5321     383    5321 |     765     383     765 |    0.2   12.5    0.8
9494 |   194 |    3285 |    5382     385    5382 |     771     386     771 |    0.3   13.8    0.7
9495 |   194 |    3282 |    5376     386    5376 |     771     386     771 |    0.3   13.1    0.7
9496 |   193 |    3266 |    5352     384    5352 |     768     384     768 |    0.2   12.8    0.7
9497 |   193 |    2494 |    5357     385    5357 |     770     385     770 |    0.2   12.9    0.7
9498 |   194 |    3263 |    5370     384    5370 |     769     384     769 |    0.2   13.1    0.8
9499 |   193 |    3267 |    5358     384    5358 |     768     384     768 |    0.2   13.4    0.7
9500 |   193 |    3250 |    4597     383    4597 |     767     383     767 |    0.1    9.6    0.6
9501 |   194 |    3291 |    5376     386    5376 |     772     386     772 |    0.2   13.7    0.7
9502 |   194 |    3283 |    5381     385    5381 |     770     385     770 |    0.2   13.6    0.7
9503 |   193 |    3255 |    5357     384    5357 |     768     384     768 |    0.2   14.0    0.8
9504 |   194 |    3255 |    5346     384    5346 |     767     384     767 |    0.2   13.5    0.7
9505 |   194 |    3280 |    5374     385    5374 |     769     385     769 |    0.2   13.9    1.0
9506 |   194 |    3269 |    5366     384    5366 |     769     385     769 |    0.3   14.5    0.7
9507 |   194 |    3284 |    5377     384    5377 |     770     385     770 |    0.2   13.7    0.7
9508 |   194 |    2119 |    5338     385    5338 |     771     385     771 |    0.2   10.2    0.7
9509 |   193 |    3264 |    5360     384    5360 |     768     384     768 |    0.2   13.0    0.7
9510 |   193 |    3274 |    5366     385    5366 |     769     385     769 |    0.2   10.2    0.6
9511 |   194 |    3278 |    5347     385    5347 |     769     385     769 |    0.2   14.0    0.8
9512 |   194 |    3290 |    5382     385    5382 |     771     385     771 |    0.2   13.5    0.7
9513 |   194 |    3292 |    5380     386    5380 |     772     386     772 |    0.2   13.9    0.7
9514 |   193 |    3268 |    5361     385    5361 |     769     385     769 |    0.2   13.5    0.8
9515 |   194 |    2292 |    4606     385    4606 |     769     385     769 |    0.2   10.3    0.6
9516 |   194 |    2496 |    5366     385    5366 |     770     385     770 |    0.2   14.9    0.8
9517 |   194 |    3285 |    5364     386    5364 |     772     386     772 |    0.2   14.4    0.8
9518 |   194 |    3286 |    5379     385    5379 |     771     385     771 |    0.2   14.5    0.7
9519 |   194 |    2843 |    4583     384    4583 |     767     384     767 |    0.2    9.5    0.6
9520 |   194 |    3283 |    5367     385    5367 |     771     385     771 |    0.2   13.9    0.7
9521 |   194 |    3256 |    5362     384    5362 |     768     384     768 |    0.2   13.5    0.7
9522 |   194 |    3288 |    5379     385    5379 |     771     385     771 |    0.2   14.2    0.7
9523 |   193 |    2272 |    5333     383    5333 |     767     383     767 |    0.2   10.2    0.6
9524 |   193 |    3254 |    5356     384    5356 |     767     383     767 |    0.1   13.7    0.7
9525 |   193 |    3272 |    5369     385    5369 |     770     385     770 |    0.3   13.4    0.7
9526 |   194 |    3280 |    5370     385    5370 |     770     385     770 |    0.3   13.3    0.7
9527 |   194 |    3283 |    5376     385    5376 |     770     385     770 |    0.2   13.9    0.7
9528 |   194 |    3275 |    5366     384    5366 |     769     384     769 |    0.2   15.4    0.7
9529 |   194 |    3257 |    5367     384    5367 |     768     384     768 |    0.2   14.0    0.8
9530 |   194 |    2503 |    5339     387    5339 |     773     387     773 |    0.2   10.2    0.6
9531 |   193 |    3270 |    4607     384    4607 |     769     384     769 |    0.2   10.6    0.6
9532 |   194 |    2861 |    5311     384    5311 |     767     384     767 |    0.2    9.9    0.6
9533 |   194 |    3280 |    5367     385    5367 |     771     385     771 |    0.3   14.3    0.9
9534 |   194 |    3274 |    5365     384    5365 |     770     384     770 |    0.3   13.9    0.7
9535 |   194 |    3287 |    5375     385    5375 |     771     385     771 |    0.3   13.3    0.8
9536 |   194 |    3273 |    5367     384    5367 |     768     384     768 |    0.3   13.1    0.7
9537 |   194 |    3290 |    5377     385    5377 |     772     386     772 |    0.2   13.9    0.7
9538 |   192 |    3245 |    4590     383    4590 |     766     383     766 |    0.2   10.6    0.6
9539 |   193 |    3235 |    5313     383    5313 |     766     383     766 |    0.1   14.9    0.7
9540 |   194 |    3235 |    4584     384    4584 |     767     384     767 |    0.2   10.7    0.6
9541 |   193 |    3260 |    4595     384    4595 |     767     384     767 |    0.2    9.9    0.6
9542 |   194 |    3250 |    4599     384    4599 |     768     384     768 |    0.2   10.6    0.7
9543 |   193 |    3189 |    5296     384    5296 |     767     383     767 |    0.2   10.0    0.6
9544 |   192 |    3243 |    4589     384    4589 |     769     384     769 |    0.2    9.4    0.7
9545 |   193 |    3266 |    5359     384    5359 |     769     384     769 |    0.2   13.5    0.9
9546 |   194 |    3283 |    5382     385    5382 |     771     385     771 |    0.3   13.6    0.7
9547 |   194 |    3277 |    5363     385    5363 |     770     385     770 |    0.2   13.5    0.7
9548 |   193 |    3267 |    5364     384    5364 |     769     384     769 |    0.2   12.9    0.7
9549 |   194 |    2110 |    5367     385    5367 |     770     385     770 |    0.2   18.6    0.9
9550 |   194 |    3288 |    5378     385    5378 |     771     386     771 |    0.3   14.7    0.7
9551 |   194 |    3278 |    5357     384    5357 |     769     384     769 |    0.4   13.5    0.7
9552 |   194 |    2506 |    5378     385    5378 |     770     385     770 |    0.2   13.4    0.7
9553 |   194 |    3279 |    5376     385    5376 |     770     385     770 |    0.2   12.7    0.7
9554 |   194 |    3238 |    5291     384    5291 |     768     384     768 |    0.2   13.1    0.8
9555 |   194 |    3278 |    5368     385    5368 |     771     386     771 |    0.3   14.1    0.8
9556 |   193 |    3272 |    5368     385    5368 |     769     385     769 |    0.3   13.8    0.7
9557 |   194 |    3289 |    5381     385    5381 |     771     385     771 |    0.2   13.8    0.7
9558 |   194 |    3280 |    5375     385    5375 |     771     386     771 |    0.2   13.5    0.8
9559 |   194 |    3274 |    5363     385    5363 |     770     385     770 |    0.2   13.3    0.7
9560 |   194 |    3270 |    5363     384    5363 |     767     384     767 |    0.2   14.0    0.7
9561 |   192 |    3242 |    4589     383    4589 |     766     383     766 |    0.2   10.2    0.6
9562 |   194 |    3274 |    5363     385    5363 |     770     385     770 |    0.2   13.1    0.7
9563 |   193 |    3253 |    5352     384    5352 |     767     383     767 |    0.2   14.4    0.8
9564 |   194 |    3286 |    5382     386    5382 |     771     386     771 |    0.2   13.4    0.7
9565 |   194 |    3288 |    5370     386    5370 |     771     386     771 |    0.2   14.0    0.9
9566 |   194 |    3283 |    5381     385    5381 |     770     385     770 |    0.3   15.3    0.7
9567 |   194 |    3276 |    5376     385    5376 |     769     385     769 |    0.3   14.7    0.7
9568 |   194 |    3276 |    5363     384    5363 |     770     385     770 |    0.2   13.1    0.7
9569 |   194 |    3254 |    5363     384    5363 |     768     384     768 |    0.2   13.5    0.8
9570 |   194 |    3279 |    5370     386    5370 |     771     386     771 |    0.2   13.4    0.8
9571 |   194 |    3278 |    5373     385    5373 |     771     385     771 |    0.2   13.0    0.8
9572 |   194 |    2125 |    5358     386    5358 |     773     386     773 |    0.2   10.8    0.7
9573 |   194 |    3266 |    5370     384    5370 |     769     384     769 |    0.3   14.0    0.7
9574 |   192 |    3237 |    4582     383    4582 |     766     383     766 |    0.2   10.3    0.6
9575 |   194 |    3271 |    5348     385    5348 |     771     385     771 |    0.2   13.5    0.7
9576 |   194 |    3284 |    5372     386    5372 |     772     386     772 |    0.2   13.7    0.7
9577 |   194 |    3267 |    5356     388    5356 |     776     388     776 |    0.2   13.3    0.7
9578 |   194 |    2291 |    5368     384    5368 |     769     384     769 |    0.2   13.3    0.7
9579 |   194 |    3223 |    4569     384    4569 |     769     384     769 |    0.2    9.5    0.6
9580 |   194 |    3270 |    5362     384    5362 |     769     384     769 |    0.2   14.0    0.8
9581 |   194 |    3286 |    5384     386    5384 |     771     385     771 |    0.2   14.4    0.7
9582 |   194 |    2116 |    5364     386    5364 |     771     386     771 |    0.2   13.4    0.7
9583 |   194 |    2103 |    4604     384    4604 |     768     384     768 |    0.2    9.8    0.6
9584 |   193 |    3267 |    5364     384    5364 |     768     384     768 |    0.3   13.4    0.8
9585 |   194 |    3269 |    5367     385    5367 |     769     384     769 |    0.2   14.3    0.7
9586 |   194 |    3271 |    5365     385    5365 |     770     385     770 |    0.2   13.4    0.7
9587 |   194 |    3280 |    5378     385    5378 |     770     385     770 |    0.2   13.5    0.7
9588 |   194 |    3275 |    5370     384    5370 |     769     384     769 |    0.2   14.1    0.7
9589 |   194 |    3275 |    5371     386    5371 |     772     386     772 |    0.3   13.5    0.7
9590 |   194 |    3260 |    5365     384    5365 |     768     384     768 |    0.2   14.3    0.8
9591 |   194 |    2482 |    5341     385    5341 |     769     385     769 |    0.2   10.6    0.6
9592 |   193 |    2491 |    5350     385    5350 |     769     385     769 |    0.2   10.2    0.6
9593 |   194 |    2283 |    5371     384    5371 |     769     384     769 |    0.2   14.7    0.7
9594 |   194 |    3273 |    5365     388    5365 |     775     388     775 |    0.2   14.0    0.7
9595 |   193 |    2092 |    4588     384    4588 |     767     384     767 |    0.1   10.5    0.6
9596 |   194 |    2502 |    5374     384    5374 |     769     385     769 |    0.3    9.8    0.6
9597 |   191 |    3224 |    4567     383    4567 |     765     383     765 |    0.1    9.6    0.6
9598 |   194 |    3268 |    5362     384    5362 |     769     384     769 |    0.2   13.3    0.7
9599 |   194 |    3262 |    5345     384    5345 |     767     384     767 |    0.2   13.0    0.7
9600 |   194 |    3279 |    5377     385    5377 |     770     385     770 |    0.2   13.4    0.7
9601 |   194 |    3276 |    5362     385    5362 |     771     385     771 |    0.2   13.3    0.7
9602 |   193 |    3262 |    5351     384    5351 |     768     384     768 |    0.2   13.2    0.7
9603 |   194 |    3247 |    4596     384    4596 |     767     384     767 |    0.2   10.1    0.6
9604 |   193 |    3267 |    5366     384    5366 |     769     384     769 |    0.2   13.1    0.8
9605 |   194 |    3283 |    5370     386    5370 |     771     386     771 |    0.3   13.3    0.8
9606 |   194 |    2302 |    5368     385    5368 |     771     385     771 |    0.2   14.4    0.8
9607 |   194 |    3276 |    5356     386    5356 |     771     386     771 |    0.2   14.5    0.7
9608 |   194 |    3272 |    5368     385    5368 |     769     385     769 |    0.3   13.4    0.7
9609 |   194 |    3285 |    5379     386    5379 |     771     386     771 |    0.2   14.0    0.8
9610 |   194 |    3269 |    5362     384    5362 |     767     384     767 |    0.2   13.6    0.7
9611 |   192 |    2660 |    5322     384    5322 |     769     384     769 |    0.2   11.9    0.6
9612 |   194 |    3273 |    5365     385    5365 |     769     385     769 |    0.2   13.2    0.7
9613 |   194 |    3279 |    5365     385    5365 |     770     385     770 |    0.2   13.6    0.7
9614 |   194 |    3286 |    5379     386    5379 |     772     386     772 |    0.2   13.3    0.8
9615 |   193 |    3228 |    4575     385    4575 |     769     385     769 |    0.2    9.5    0.6
9616 |   194 |    3282 |    5378     385    5378 |     771     386     771 |    0.2   13.4    0.7
9617 |   193 |    3263 |    5355     385    5355 |     770     385     770 |    0.2   15.1    0.7
9618 |   193 |    3267 |    5352     383    5352 |     769     384     769 |    0.2   13.1    0.7
9619 |   194 |    3279 |    5368     385    5368 |     769     385     769 |    0.2   13.6    0.7
9620 |   194 |    3267 |    5357     384    5357 |     769     384     769 |    0.2   13.6    0.7
9621 |   194 |    3274 |    5361     384    5361 |     768     384     768 |    0.2   13.5    0.7
9622 |   194 |    3216 |    4559     384    4559 |     769     384     769 |    0.2    9.9    0.7
9623 |   194 |    2104 |    5365     384    5365 |     768     384     768 |    0.2   14.1    0.7
9624 |   194 |    3281 |    5379     385    5379 |     770     385     770 |    0.2   14.4    0.8
9625 |   194 |    3252 |    4602     384    4602 |     768     384     768 |    0.2   10.0    0.6
9626 |   194 |    2103 |    4597     384    4597 |     767     384     767 |    0.2    9.9    0.6
9627 |   189 |    3191 |    4530     383    4530 |     765     383     765 |    0.2    8.9    0.6
9628 |   193 |    3260 |    5364     384    5364 |     768     384     768 |    0.2   14.7    0.7
9629 |   194 |    3286 |    5384     385    5384 |     771     386     771 |    0.2   14.3    0.7
9630 |   194 |    3269 |    5363     384    5363 |     769     384     769 |    0.2   13.7    0.7
9631 |   194 |    2697 |    5377     385    5377 |     770     385     770 |    0.3   10.8    0.7
9632 |   194 |    3269 |    5373     384    5373 |     769     384     769 |    0.2   14.7    0.7
9633 |   194 |    2105 |    5367     384    5367 |     769     384     769 |    0.2   13.2    0.7
9634 |   194 |    3286 |    5377     386    5377 |     772     386     772 |    0.2   14.3    1.1
9635 |   194 |    2301 |    5366     385    5366 |     771     386     771 |    0.3   13.9    0.7
9636 |   194 |    3278 |    5366     385    5366 |     770     385     770 |    0.2   13.8    0.7
9637 |   194 |    3273 |    5368     384    5368 |     769     384     769 |    0.2   13.2    0.7
9638 |   192 |    3241 |    4585     383    4585 |     765     383     765 |    0.2    9.5    0.7
9639 |   194 |    3272 |    5374     385    5374 |     770     385     770 |    0.2   13.5    0.7
9640 |   194 |    3272 |    5366     385    5366 |     769     385     769 |    0.2   14.6    0.8
9641 |   193 |    3252 |    5347     383    5347 |     766     383     766 |    0.2   13.9    0.7
9642 |   194 |    3288 |    5374     385    5374 |     771     385     771 |    0.2   13.6    0.7
9643 |   194 |    3287 |    5376     385    5376 |     771     385     771 |    0.2   13.6    0.7
9644 |   193 |    2490 |    5355     384    5355 |     769     384     769 |    0.2   10.7    0.6
9645 |   192 |    3227 |    5312     384    5312 |     769     384     769 |    0.2   13.3    0.8
9646 |   193 |    3263 |    5357     385    5357 |     769     385     769 |    0.2   13.0    0.7
9647 |   193 |    3260 |    5356     383    5356 |     768     384     768 |    0.2   13.7    0.7
9648 |   194 |    3284 |    5377     385    5377 |     770     385     770 |    0.2   13.4    0.7
9649 |   194 |    2505 |    5374     385    5374 |     770     385     770 |    0.2   10.1    0.6
9650 |   190 |    3213 |    4551     383    4551 |     765     383     765 |    0.3   10.1    0.6
9651 |   194 |    3287 |    5378     385    5378 |     771     386     771 |    0.2   14.0    0.7
9652 |   194 |    3278 |    5350     385    5350 |     771     385     771 |    0.2   15.8    0.7
9653 |   194 |    3282 |    5360     386    5360 |     772     386     772 |    0.2   13.3    0.7
9654 |   194 |    3280 |    5370     385    5370 |     770     385     770 |    0.2   12.9    0.7
9655 |   193 |    2093 |    4589     384    4589 |     767     384     767 |    0.2    9.7    0.6
9656 |   194 |    3276 |    5354     384    5354 |     769     385     769 |    0.2   13.3    0.7
9657 |   192 |    3183 |    4529     383    4529 |     765     383     765 |    0.2   10.4    0.6
9658 |   192 |    3231 |    4575     382    4575 |     766     383     766 |    0.1   11.1    0.7
9659 |   194 |    3267 |    5365     384    5365 |     769     384     769 |    0.2   13.2    0.7
9660 |   194 |    3284 |    5379     385    5379 |     771     385     771 |    0.2   13.2    0.8
9661 |   194 |    2510 |    5382     385    5382 |     770     385     770 |    0.2   13.6    0.8
9662 |   194 |    3284 |    5382     385    5382 |     770     385     770 |    0.2   14.4    0.9
9663 |   194 |    2472 |    5348     383    5348 |     768     384     768 |    0.3   10.5    0.6
9664 |   194 |    2483 |    5360     385    5360 |     770     385     770 |    0.2   10.3    0.6
9665 |   193 |    3260 |    5355     384    5355 |     768     384     768 |    0.2   14.1    0.8
9666 |   192 |    3223 |    5298     383    5298 |     766     383     766 |    0.2   12.9    0.7
9667 |   194 |    3293 |    5378     386    5378 |     773     387     773 |    0.2   13.6    0.8
9668 |   194 |    3246 |    4592     384    4592 |     769     384     769 |    0.2   10.8    0.8
9669 |   194 |    3279 |    5365     385    5365 |     770     385     770 |    0.3   13.3    0.7
9670 |   194 |    3244 |    4589     384    4589 |     768     384     768 |    0.1   10.3    0.6
9671 |   194 |    3265 |    5355     384    5355 |     768     384     768 |    0.2   12.9    0.7
9672 |   194 |    3275 |    5377     385    5377 |     771     385     771 |    0.2   13.6    0.7
9673 |   194 |    3279 |    5367     384    5367 |     769     384     769 |    0.2   14.0    0.7
9674 |   194 |    3275 |    5369     384    5369 |     768     384     768 |    0.2   14.3    0.7
9675 |   194 |    3284 |    5377     385    5377 |     771     385     771 |    0.2   13.5    0.7
9676 |   194 |    3286 |    5378     385    5378 |     771     385     771 |    0.2   13.8    0.7
9677 |   194 |    3280 |    5370     385    5370 |     770     385     770 |    0.2   13.5    0.8
9678 |   194 |    3281 |    5367     386    5367 |     771     386     771 |    0.4   13.4    0.7
9679 |   190 |    3206 |    4546     385    4546 |     770     385     770 |    0.2    9.5    0.6
9680 |   194 |    3284 |    5380     385    5380 |     770     385     770 |    0.2   13.9    0.7
9681 |   191 |    3235 |    4577     384    4577 |     767     384     767 |    0.2   10.4    0.6
9682 |   194 |    3278 |    5362     385    5362 |     769     385     769 |    0.2   13.2    0.7
9683 |   194 |    3269 |    5365     384    5365 |     770     385     770 |    0.2   13.5    0.7
9684 |   194 |    3259 |    5366     385    5366 |     769     384     769 |    0.2   13.5    0.7
9685 |   194 |    3273 |    5361     385    5361 |     769     384     769 |    0.2   13.6    0.7
9686 |   194 |    3270 |    5348     384    5348 |     769     384     769 |    0.2   13.2    0.7
9687 |   194 |    3271 |    5363     384    5363 |     768     384     768 |    0.2   13.4    0.7
9688 |   193 |    3263 |    5340     384    5340 |     767     384     767 |    0.2   12.7    0.7
9689 |   194 |    3286 |    5377     385    5377 |     771     386     771 |    0.2   13.6    0.7
9690 |   193 |    3260 |    5361     384    5361 |     768     384     768 |    0.2   13.6    0.7
9691 |   194 |    3273 |    5364     384    5364 |     768     384     768 |    0.2   13.3    0.7
9692 |   193 |    3253 |    5349     383    5349 |     766     383     766 |    0.1   13.5    0.7
9693 |   194 |    3283 |    5377     385    5377 |     771     385     771 |    0.2   12.9    0.7
9694 |   194 |    3276 |    5364     385    5364 |     770     385     770 |    0.2   13.2    0.7
9695 |   194 |    3257 |    4605     384    4605 |     768     384     768 |    0.2    9.9    0.6
9696 |   194 |    3284 |    5379     386    5379 |     771     386     771 |    0.2   13.2    0.7
9697 |   194 |    3284 |    5379     385    5379 |     770     385     770 |    0.2   13.1    0.7
9698 |   194 |    3291 |    5385     385    5385 |     771     385     771 |    0.2   13.5    0.7
9699 |   194 |    3271 |    5374     385    5374 |     769     385     769 |    0.2   13.3    0.7
9700 |   192 |    3238 |    4584     383    4584 |     766     383     766 |    0.1   10.2    0.6
9701 |   194 |    3279 |    5374     385    5374 |     770     385     770 |    0.2   13.4    0.7
9702 |   194 |    3280 |    5377     385    5377 |     770     385     770 |    0.2   13.4    0.8
9703 |   194 |    2305 |    5382     385    5382 |     771     385     771 |    0.3   14.1    0.7
9704 |   194 |    3250 |    4595     384    4595 |     768     384     768 |    0.2   10.5    0.6
9705 |   194 |    3274 |    5372     385    5372 |     770     385     770 |    0.2   14.1    0.8
9706 |   193 |    3263 |    5341     384    5341 |     768     384     768 |    0.2   13.0    0.7
9707 |   194 |    3289 |    5385     385    5385 |     771     385     771 |    0.2   13.4    0.7
9708 |   193 |    2078 |    4561     383    4561 |     767     383     767 |    0.1    9.7    0.6
9709 |   194 |    3285 |    5375     386    5375 |     772     386     772 |    0.2   13.0    0.7
9710 |   194 |    3278 |    5374     385    5374 |     770     385     770 |    0.2   13.0    0.7
9711 |   194 |    2503 |    5350     386    5350 |     773     387     773 |    0.2    9.6    0.8
9712 |   194 |    3260 |    5347     384    5347 |     767     384     767 |    0.3   13.2    0.8
9713 |   194 |    3281 |    5370     386    5370 |     771     386     771 |    0.3   13.5    0.7
9714 |   194 |    3277 |    5362     384    5362 |     768     384     768 |    0.2   13.3    0.8
9715 |   194 |    2101 |    4606     384    4606 |     768     384     768 |    0.2   10.2    0.6
9716 |   193 |    3227 |    4571     383    4571 |     767     383     767 |    0.1   10.5    0.6
9717 |   194 |    3288 |    5379     386    5379 |     772     386     772 |    0.2   13.3    0.7
9718 |   194 |    3258 |    4604     385    4604 |     770     385     770 |    0.2   10.0    0.7
9719 |   193 |    3260 |    5345     384    5345 |     767     384     767 |    0.2   13.3    0.7
9720 |   194 |    3273 |    5353     384    5353 |     769     384     769 |    0.2   14.4    0.8
9721 |   194 |    3271 |    5362     384    5362 |     768     384     768 |    0.3   14.1    0.7
9722 |   194 |    3268 |    5362     384    5362 |     767     384     767 |    0.2   13.6    0.7
9723 |   194 |    3277 |    5371     385    5371 |     770     385     770 |    0.2   13.5    0.7
9724 |   191 |    3230 |    4568     383    4568 |     765     383     765 |    0.2    9.3    0.6
9725 |   193 |    2281 |    4591     384    4591 |     768     384     768 |    0.1   10.7    0.6
9726 |   194 |    3269 |    5367     385    5367 |     769     385     769 |    0.3   14.3    0.7
9727 |   194 |    3272 |    5351     384    5351 |     768     384     768 |    0.2   14.5    0.7
9728 |   194 |    3285 |    5378     387    5378 |     773     387     773 |    0.3   13.2    0.7
9729 |   192 |    3250 |    4595     383    4595 |     767     383     767 |    0.2    9.8    0.6
9730 |   194 |    2506 |    5371     384    5371 |     769     384     769 |    0.2   13.4    0.7
9731 |   194 |    3275 |    5358     385    5358 |     771     385     771 |    0.2   13.8    0.7
9732 |   194 |    3287 |    5376     386    5376 |     772     386     772 |    0.2   13.9    0.7
9733 |   193 |    3252 |    5347     383    5347 |     766     383     766 |    0.2   13.8    0.8
9734 |   194 |    3281 |    5371     386    5371 |     772     386     772 |    0.3   13.9    0.8
9735 |   194 |    3288 |    5382     385    5382 |     770     385     770 |    0.3   13.6    0.7
9736 |   194 |    3271 |    5362     384    5362 |     768     384     768 |    0.3   13.6    0.7
9737 |   194 |    3290 |    5381     385    5381 |     771     385     771 |    0.2   13.5    0.7
9738 |   194 |    3263 |    5359     384    5359 |     769     384     769 |    0.2   14.2    0.7
9739 |   193 |    3252 |    5352     386    5352 |     772     386     772 |    0.2   13.0    0.7
9740 |   194 |    3270 |    5363     386    5363 |     771     386     771 |    0.2   13.6    0.7
9741 |   194 |    3277 |    5363     384    5363 |     769     384     769 |    0.2   13.7    0.8
9742 |   192 |    3256 |    5355     384    5355 |     767     384     767 |    0.2   13.4    0.8
9743 |   194 |    3253 |    5366     384    5366 |     768     384     768 |    0.2   13.8    0.7
9744 |   192 |    3250 |    5351     383    5351 |     767     383     767 |    0.2   13.7    0.7
9745 |   193 |    3271 |    5371     384    5371 |     769     384     769 |    0.2   13.6    0.7
9746 |   194 |    3271 |    5360     385    5360 |     769     385     769 |    0.2   13.1    0.7
9747 |   194 |    2286 |    5368     385    5368 |     769     385     769 |    0.2   14.4    0.9
9748 |   194 |    3285 |    5378     385    5378 |     771     386     771 |    0.3   15.9    0.9
9749 |   194 |    3288 |    5383     385    5383 |     770     385     770 |    0.2   14.0    0.7
9750 |   194 |    3271 |    5366     385    5366 |     770     385     770 |    0.2   12.8    0.7
9751 |   194 |    3279 |    5367     386    5367 |     773     387     773 |    0.3   13.2    0.9
9752 |   193 |    3258 |    5341     384    5341 |     767     384     767 |    0.2   13.0    0.7
9753 |   192 |    3253 |    4597     383    4597 |     767     383     767 |    0.2   11.6    0.8
9754 |   194 |    3288 |    5386     386    5386 |     771     386     771 |    0.4   16.1    0.8
9755 |   194 |    3281 |    5374     385    5374 |     770     385     770 |    0.2   13.1    0.7
9756 |   193 |    3261 |    5358     384    5358 |     769     384     769 |    0.2   13.5    0.7
9757 |   194 |    3277 |    5367     384    5367 |     768     384     768 |    0.2   13.2    0.7
9758 |   193 |    3261 |    5362     384    5362 |     769     384     769 |    0.2   14.4    0.7
9759 |   194 |    2303 |    5380     386    5380 |     771     386     771 |    0.2   13.4    0.7
9760 |   193 |    3269 |    5369     385    5369 |     769     385     769 |    0.2   12.9    0.7
9761 |   194 |    2305 |    5382     386    5382 |     772     386     772 |    0.2   13.6    0.8
9762 |   194 |    3284 |    5372     385    5372 |     770     385     770 |    0.2   13.6    0.7
9763 |   194 |    2295 |    5369     384    5369 |     769     384     769 |    0.2   13.2    0.7
9764 |   194 |    3272 |    5362     385    5362 |     771     385     771 |    0.2   13.1    0.9
9765 |   194 |    2481 |    4598     384    4598 |     768     384     768 |    0.2   10.3    0.6
9766 |   194 |    3280 |    5372     384    5372 |     769     385     769 |    0.2   13.7    0.7
9767 |   194 |    3248 |    4595     383    4595 |     767     384     767 |    0.1   10.0    0.6
9768 |   194 |    3279 |    5355     385    5355 |     771     385     771 |    0.2   13.9    0.7
9769 |   192 |    3235 |    4582     383    4582 |     766     383     766 |    0.2    9.6    0.6
9770 |   194 |    3281 |    5365     386    5365 |     772     386     772 |    0.2   13.5    0.7
9771 |   193 |    3266 |    5359     384    5359 |     769     384     769 |    0.2   13.9    0.7
9772 |   192 |    3237 |    5331     383    5331 |     765     383     765 |    0.2   14.1    0.7
9773 |   194 |    2119 |    5381     385    5381 |     770     385     770 |    0.2   14.0    0.7
9774 |   194 |    2286 |    5367     384    5367 |     770     384     770 |    0.2   12.7    0.7
9775 |   194 |    3286 |    5373     385    5373 |     771     385     771 |    0.2   13.6    0.7
9776 |   194 |    3291 |    5386     385    5386 |     771     386     771 |    0.3   13.5    0.7
9777 |   194 |    3277 |    5371     385    5371 |     770     385     770 |    0.2   14.2    0.7
9778 |   194 |    3244 |    4592     384    4592 |     768     384     768 |    0.2   10.1    0.6
9779 |   194 |    3260 |    5354     384    5354 |     767     384     767 |    0.2   13.4    0.7
9780 |   194 |    2476 |    4589     384    4589 |     767     384     767 |    0.1   10.3    0.6
9781 |   192 |    3230 |    4574     382    4574 |     765     383     765 |    0.2    9.5    0.6
9782 |   194 |    3276 |    5365     384    5365 |     768     384     768 |    0.2   13.1    0.7
9783 |   193 |    2268 |    4582     383    4582 |     767     383     767 |    0.1    9.8    0.6
9784 |   194 |    2105 |    5344     385    5344 |     770     385     770 |    0.2    9.9    0.6
9785 |   194 |    2284 |    4580     384    4580 |     768     384     768 |    0.1    9.7    0.6
9786 |   194 |    2484 |    5359     384    5359 |     768     384     768 |    0.2   13.2    0.7
9787 |   194 |    3274 |    5365     384    5365 |     768     384     768 |    0.2   13.8    0.7
9788 |   194 |    2084 |    4561     384    4561 |     768     384     768 |    0.2    9.7    0.6
9789 |   194 |    3284 |    5377     385    5377 |     770     385     770 |    0.2   13.7    0.7
9790 |   194 |    2501 |    5368     384    5368 |     769     384     769 |    0.2   10.1    0.6
9791 |   194 |    3276 |    5367     385    5367 |     771     385     771 |    0.2   13.3    0.7
9792 |   194 |    2693 |    5373     386    5373 |     772     386     772 |    0.2   13.6    0.7
9793 |   194 |    3284 |    5369     385    5369 |     770     385     770 |    0.2   14.3    0.8
9794 |   194 |    3276 |    5374     385    5374 |     770     385     770 |    0.2   13.4    0.7
9795 |   194 |    3287 |    5379     385    5379 |     771     385     771 |    0.3   14.2    0.8
9796 |   194 |    3288 |    5384     385    5384 |     771     385     771 |    0.2   13.8    0.8
9797 |   194 |    2286 |    5359     385    5359 |     770     385     770 |    0.2   13.3    0.8
9798 |   193 |    3265 |    5350     384    5350 |     769     384     769 |    0.2   13.5    0.7
9799 |   191 |    3232 |    4572     383    4572 |     765     383     765 |    0.2    9.8    0.6
9800 |   193 |    2870 |    5349     384    5349 |     767     384     767 |    0.2   10.6    0.8
9801 |   194 |    3281 |    5371     385    5371 |     770     385     770 |    0.3   14.4    0.7
9802 |   192 |    2454 |    4586     383    4586 |     766     383     766 |    0.2   10.0    0.6
9803 |   194 |    3285 |    5374     385    5374 |     770     385     770 |    0.2   13.5    0.8
9804 |   194 |    3272 |    5369     384    5369 |     769     384     769 |    0.2   13.4    0.9
9805 |   194 |    3269 |    5365     385    5365 |     770     385     770 |    0.3   14.0    0.7
9806 |   194 |    3281 |    5374     385    5374 |     770     385     770 |    0.2   12.9    0.7
9807 |   194 |    3269 |    5354     384    5354 |     768     384     768 |    0.2   13.4    0.7
9808 |   193 |    3271 |    5362     385    5362 |     770     385     770 |    0.2   12.7    0.7
9809 |   192 |    3242 |    5338     383    5338 |     766     383     766 |    0.2   13.0    0.7
9810 |   194 |    3279 |    5371     385    5371 |     771     385     771 |    0.2   13.2    0.7
9811 |   194 |    3283 |    5382     386    5382 |     771     386     771 |    0.2   13.8    0.7
9812 |   194 |    3252 |    4595     384    4595 |     769     384     769 |    0.2    9.9    0.7
9813 |   194 |    3263 |    5339     384    5339 |     768     384     768 |    0.2   13.5    0.7
9814 |   193 |    3262 |    5360     384    5360 |     768     384     768 |    0.2   14.1    0.7
9815 |   194 |    3290 |    5379     385    5379 |     771     385     771 |    0.2   13.9    0.7
9816 |   194 |    2117 |    5370     385    5370 |     770     385     770 |    0.2   13.1    0.7
9817 |   194 |    3271 |    5368     385    5368 |     770     385     770 |    0.2   13.7    0.7
9818 |   191 |    3215 |    4550     383    4550 |     765     383     765 |    0.2    9.8    0.6
9819 |   194 |    3194 |    4544     384    4544 |     768     384     768 |    0.2    9.9    0.6
9820 |   194 |    3281 |    5372     385    5372 |     770     385     770 |    0.3   13.5    0.8
9821 |   193 |    3253 |    5339     383    5339 |     767     383     767 |    0.2   13.0    0.7
9822 |   194 |    3281 |    5372     385    5372 |     770     385     770 |    0.2   13.4    0.8
9823 |   192 |    3242 |    4586     383    4586 |     766     383     766 |    0.2   10.2    0.6
9824 |   194 |    3285 |    5374     385    5374 |     771     385     771 |    0.2   13.9    0.7
9825 |   194 |    3226 |    4577     384    4577 |     769     384     769 |    0.1   10.1    0.6
9826 |   194 |    3259 |    5363     384    5363 |     768     384     768 |    0.2   13.4    0.7
9827 |   194 |    3283 |    5370     385    5370 |     770     385     770 |    0.2   13.3    0.7
9828 |   192 |    3243 |    4584     383    4584 |     766     383     766 |    0.2    9.3    0.6
9829 |   194 |    2296 |    5365     385    5365 |     771     385     771 |    0.2   13.2    0.7
9830 |   194 |    3288 |    5375     386    5375 |     772     386     772 |    0.2   14.1    0.8
9831 |   194 |    3284 |    5368     386    5368 |     771     385     771 |    0.2   13.7    0.7
9832 |   194 |    3286 |    5376     386    5376 |     771     386     771 |    0.2   13.2    0.8
9833 |   193 |    3250 |    5344     385    5344 |     771     385     771 |    0.2   11.7    0.8
9834 |   193 |    3252 |    5346     383    5346 |     767     383     767 |    0.2   15.8    0.7
9835 |   194 |    3206 |    4553     383    4553 |     767     383     767 |    0.2    9.8    0.6
9836 |   193 |    3262 |    4600     384    4600 |     768     384     768 |    0.2    9.9    0.6
9837 |   194 |    3286 |    5371     385    5371 |     770     385     770 |    0.2   13.9    0.7
9838 |   194 |    3289 |    5376     386    5376 |     772     386     772 |    0.3   13.4    0.7
9839 |   192 |    3242 |    5345     383    5345 |     765     383     765 |    0.2   10.2    0.6
9840 |   194 |    3288 |    5379     385    5379 |     771     385     771 |    0.2   12.6    0.7
9841 |   194 |    3276 |    5374     385    5374 |     769     385     769 |    0.2   14.8    0.8
9842 |   193 |    3246 |    5336     384    5336 |     768     384     768 |    0.2   13.7    0.7
9843 |   194 |    3275 |    5370     385    5370 |     770     385     770 |    0.2   13.6    0.7
9844 |   194 |    3272 |    5373     385    5373 |     769     385     769 |    0.2   12.9    0.9
9845 |   192 |    2277 |    4591     383    4591 |     766     383     766 |    0.2   10.2    0.6
9846 |   194 |    3277 |    5364     384    5364 |     769     384     769 |    0.2   14.0    0.7
9847 |   194 |    3251 |    4599     384    4599 |     767     384     767 |    0.2    9.9    0.6
9848 |   193 |    3256 |    5355     383    5355 |     766     383     766 |    0.2   13.5    0.8
9849 |   193 |    2477 |    4597     385    4597 |     770     385     770 |    0.2    9.6    0.6
9850 |   194 |    3270 |    5360     384    5360 |     769     384     769 |    0.3   14.5    0.7
9851 |   194 |    3279 |    5362     385    5362 |     770     385     770 |    0.2   13.8    0.7
9852 |   194 |    3275 |    5369     385    5369 |     770     385     770 |    0.2   13.3    0.7
9853 |   194 |    3277 |    5369     385    5369 |     770     385     770 |    0.2   13.1    0.7
9854 |   194 |    2300 |    5374     385    5374 |     770     385     770 |    0.3   13.9    0.7
9855 |   194 |    2679 |    5370     385    5370 |     770     385     770 |    0.2   14.3    0.8
9856 |   194 |    3276 |    5368     385    5368 |     769     385     769 |    0.2   15.6    0.9
9857 |   193 |    3257 |    5347     383    5347 |     766     383     766 |    0.2   14.4    0.7
9858 |   193 |    2487 |    5344     384    5344 |     769     384     769 |    0.2   10.7    0.6
9859 |   194 |    3274 |    5358     384    5358 |     769     384     769 |    0.2   13.5    0.7
9860 |   194 |    3277 |    4615     385    4615 |     770     385     770 |    0.2   10.2    0.7
9861 |   193 |    3257 |    5358     384    5358 |     767     384     767 |    0.2   13.7    0.7
9862 |   194 |    3275 |    5366     386    5366 |     772     386     772 |    0.2   14.1    0.7
9863 |   194 |    3280 |    5373     385    5373 |     770     385     770 |    0.4   14.3    0.7
9864 |   193 |    2472 |    4584     384    4584 |     767     384     767 |    0.1    9.8    0.6
9865 |   193 |    3271 |    5364     384    5364 |     768     384     768 |    0.2   13.6    0.7
9866 |   194 |    3292 |    5383     385    5383 |     771     385     771 |    0.2   13.1    0.7
9867 |   194 |    3290 |    5386     385    5386 |     771     385     771 |    0.2   14.0    0.8
9868 |   194 |    3248 |    4597     383    4597 |     767     384     767 |    0.2   10.2    0.6
9869 |   194 |    2144 |    5303     389    5303 |     778     389     778 |    0.2   10.7    0.6
9870 |   194 |    3285 |    5377     385    5377 |     770     385     770 |    0.2   13.9    0.7
9871 |   191 |    3222 |    4568     383    4568 |     765     383     765 |    0.2   10.6    0.6
9872 |   194 |    2674 |    4598     384    4598 |     768     384     768 |    0.2   10.0    0.6
9873 |   194 |    3269 |    5371     384    5371 |     769     385     769 |    0.2   13.2    0.8
9874 |   194 |    3286 |    5370     386    5370 |     772     386     772 |    0.2   14.4    0.8
9875 |   194 |    3282 |    5374     385    5374 |     770     385     770 |    0.2   14.3    0.7
9876 |   192 |    3247 |    5348     383    5348 |     766     383     766 |    0.1   13.6    0.7
9877 |   194 |    3274 |    5368     385    5368 |     770     385     770 |    0.2   13.8    0.7
9878 |   194 |    3281 |    5361     385    5361 |     770     385     770 |    0.2   13.7    0.7
9879 |   193 |    2467 |    4583     384    4583 |     767     384     767 |    0.2   10.1    0.6
9880 |   194 |    2698 |    5368     386    5368 |     772     386     772 |    0.2   14.1    0.7
9881 |   194 |    2495 |    5382     386    5382 |     772     386     772 |    0.2   13.4    0.7
9882 |   194 |    3284 |    5370     385    5370 |     770     385     770 |    0.2   14.0    0.7
9883 |   194 |    3263 |    5366     385    5366 |     770     385     770 |    0.2   13.4    0.7
9884 |   194 |    3284 |    5372     386    5372 |     772     386     772 |    0.2   13.8    0.8
9885 |   194 |    3263 |    5347     384    5347 |     768     384     768 |    0.2   13.5    0.7
9886 |   193 |    3253 |    4597     384    4597 |     767     384     767 |    0.2   10.0    0.6
9887 |   194 |    3262 |    5346     384    5346 |     768     384     768 |    0.2   13.5    0.7
9888 |   194 |    3272 |    5374     385    5374 |     769     385     769 |    0.2   13.5    0.7
9889 |   194 |    2284 |    4593     384    4593 |     768     384     768 |    0.2   11.3    0.6
9890 |   193 |    3272 |    5368     384    5368 |     770     384     770 |    0.2   13.5    0.7
9891 |   194 |    3269 |    5367     384    5367 |     768     384     768 |    0.2   13.9    0.7
9892 |   193 |    3271 |    5364     384    5364 |     769     384     769 |    0.2   14.3    0.7
9893 |   194 |    3270 |    5365     385    5365 |     770     385     770 |    0.2   13.7    0.7
9894 |   194 |    2116 |    5373     385    5373 |     771     385     771 |    0.2   13.6    0.7
9895 |   194 |    2109 |    5361     385    5361 |     770     385     770 |    0.3   13.7    0.9
9896 |   194 |    3251 |    4599     384    4599 |     768     384     768 |    0.3   10.3    0.6
9897 |   194 |    3277 |    5383     385    5383 |     771     385     771 |    0.2   12.9    0.7
9898 |   194 |    3270 |    5353     384    5353 |     768     384     768 |    0.2   13.1    0.7
9899 |   194 |    3265 |    5362     385    5362 |     770     385     770 |    0.4   12.9    0.7
9900 |   194 |    3267 |    5366     385    5366 |     770     385     770 |    0.2   13.5    0.7
9901 |   194 |    3289 |    5381     386    5381 |     771     386     771 |    0.2   13.0    0.8
9902 |   194 |    3237 |    4593     385    4593 |     769     385     769 |    0.2   11.7    0.7
9903 |   194 |    3277 |    5368     385    5368 |     769     385     769 |    0.3   12.8    0.7
9904 |   193 |    3248 |    4592     383    4592 |     767     383     767 |    0.1   10.2    0.6
9905 |   194 |    3215 |    4566     384    4566 |     768     384     768 |    0.2    9.9    0.6
9906 |   194 |    3276 |    5373     385    5373 |     771     385     771 |    0.2   13.6    0.8
9907 |   194 |    3284 |    4614     385    4614 |     770     385     770 |    0.2   11.5    0.8
9908 |   194 |    3285 |    5374     385    5374 |     770     385     770 |    0.3   13.2    0.7
9909 |   193 |    2672 |    5321     384    5321 |     768     384     768 |    0.2   11.3    0.8
9910 |   193 |    2084 |    4552     383    4552 |     768     383     768 |    0.2   10.4    0.6
9911 |   194 |    3275 |    5360     385    5360 |     770     385     770 |    0.3   13.8    0.7
9912 |   194 |    3270 |    5350     385    5350 |     769     385     769 |    0.3   14.2    0.7
9913 |   194 |    3281 |    5372     385    5372 |     769     385     769 |    0.2   13.9    0.7
9914 |   194 |    3281 |    5372     384    5372 |     769     384     769 |    0.2   13.0    0.7
9915 |   194 |    3272 |    5349     386    5349 |     772     386     772 |    0.2   10.6    0.6
9916 |   194 |    3265 |    5367     384    5367 |     769     384     769 |    0.2   13.3    0.7
9917 |   194 |    3272 |    5367     384    5367 |     769     384     769 |    0.2   13.0    0.7
9918 |   194 |    2492 |    5357     384    5357 |     767     384     767 |    0.2   11.1    0.6
9919 |   194 |    3275 |    5369     385    5369 |     770     385     770 |    0.2   13.9    0.7
9920 |   194 |    3277 |    5374     385    5374 |     770     385     770 |    0.2   13.5    0.8
9921 |   194 |    3288 |    5375     386    5375 |     772     386     772 |    0.2   13.6    0.8
9922 |   194 |    3272 |    5365     384    5365 |     769     384     769 |    0.2   13.2    1.0
9923 |   193 |    3257 |    5347     384    5347 |     769     384     769 |    0.2   13.2    0.7
9924 |   194 |    3281 |    5362     386    5362 |     772     386     772 |    0.2   15.1    0.7
9925 |   194 |    3275 |    4612     385    4612 |     770     385     770 |    0.3    9.8    0.6
9926 |   194 |    2693 |    5373     385    5373 |     770     385     770 |    0.3   10.7    0.7
9927 |   194 |    3275 |    5364     384    5364 |     768     384     768 |    0.2   13.6    0.7
9928 |   194 |    3279 |    5366     386    5366 |     771     385     771 |    0.2   11.2    0.8
9929 |   194 |    3274 |    5363     385    5363 |     772     385     772 |    0.3   13.8    0.8
9930 |   194 |    3268 |    5362     385    5362 |     770     385     770 |    0.3    9.7    0.7
9931 |   193 |    3256 |    5352     383    5352 |     766     383     766 |    0.2   13.6    0.7
9932 |   194 |    3283 |    5376     385    5376 |     771     385     771 |    0.2   13.5    0.7
9933 |   194 |    3279 |    5372     385    5372 |     770     385     770 |    0.3   13.3    0.7
9934 |   194 |    3272 |    5352     385    5352 |     770     385     770 |    0.2   13.4    0.7
9935 |   194 |    3280 |    5374     385    5374 |     771     385     771 |    0.2   13.5    0.7
9936 |   194 |    3289 |    5385     386    5385 |     771     386     771 |    0.2   13.7    0.7
9937 |   193 |    3258 |    5357     384    5357 |     768     384     768 |    0.2   13.7    0.7
9938 |   194 |    3287 |    5374     385    5374 |     772     386     772 |    0.4   14.1    0.7
9939 |   194 |    3284 |    5372     386    5372 |     772     386     772 |    0.2   13.0    0.7
9940 |   194 |    2695 |    5375     385    5375 |     770     385     770 |    0.2   13.9    0.7
9941 |   194 |    3282 |    5383     385    5383 |     771     385     771 |    0.2   14.2    0.8
9942 |   194 |    3281 |    5376     385    5376 |     770     385     770 |    0.2   15.7    0.7
9943 |   194 |    3260 |    5367     384    5367 |     768     384     768 |    0.2   14.4    0.7
9944 |   194 |    3264 |    5348     384    5348 |     767     384     767 |    0.3   13.8    0.7
9945 |   194 |    3258 |    5344     384    5344 |     767     384     767 |    0.2   12.7    0.7
9946 |   194 |    3284 |    5379     385    5379 |     770     385     770 |    0.2   15.2    1.0
9947 |   194 |    3196 |    4550     384    4550 |     768     384     768 |    0.3   11.5    0.8
9948 |   194 |    3284 |    5378     386    5378 |     771     386     771 |    0.4   15.2    0.7
9949 |   194 |    3273 |    5369     384    5369 |     769     384     769 |    0.2   13.4    0.7
9950 |   193 |    2089 |    4579     384    4579 |     767     384     767 |    0.1    9.5    0.6
9951 |   193 |    3260 |    5360     383    5360 |     767     383     767 |    0.2   13.4    0.7
9952 |   194 |    3280 |    5366     386    5366 |     772     386     772 |    0.2   15.3    0.7
9953 |   193 |    3251 |    5333     383    5333 |     767     383     767 |    0.2   13.1    0.7
9954 |   193 |    2861 |    5327     384    5327 |     769     384     769 |    0.2   10.9    0.7
9955 |   194 |    3261 |    5345     384    5345 |     767     384     767 |    0.2   12.6    0.7
9956 |   194 |    3269 |    5373     384    5373 |     769     384     769 |    0.2   13.3    0.8
9957 |   194 |    3246 |    4599     384    4599 |     768     384     768 |    0.2   11.7    0.7
9958 |   193 |    3251 |    5343     383    5343 |     766     383     766 |    0.2   14.7    0.8
9959 |   193 |    3268 |    5367     384    5367 |     769     384     769 |    0.3   16.4    0.8
9960 |   194 |    3266 |    5369     385    5369 |     769     384     769 |    0.2   15.3    0.7
9961 |   194 |    3239 |    5343     384    5343 |     767     384     767 |    0.2   10.1    0.9
9962 |   194 |    3237 |    5327     386    5327 |     772     386     772 |    0.2   11.2    0.6
9963 |   194 |    3248 |    4596     384    4596 |     768     384     768 |    0.2   10.5    0.7
9964 |   193 |    3241 |    5333     384    5333 |     768     384     768 |    0.2   10.3    0.6
9965 |   193 |    3268 |    5364     385    5364 |     769     385     769 |    0.2   13.5    0.7
9966 |   194 |    3282 |    5376     386    5376 |     772     386     772 |    0.2   14.9    0.7
9967 |   194 |    3280 |    5373     385    5373 |     770     385     770 |    0.2   13.7    0.7
9968 |   194 |    3279 |    5372     385    5372 |     771     385     771 |    0.2   13.5    1.0
9969 |   194 |    3270 |    5371     385    5371 |     770     385     770 |    0.3   13.9    0.7
9970 |   194 |    2289 |    4602     384    4602 |     768     384     768 |    0.2   10.0    0.6
9971 |   194 |    3272 |    5364     385    5364 |     771     385     771 |    0.2   15.0    0.8
9972 |   194 |    3267 |    5346     384    5346 |     768     384     768 |    0.3   13.6    0.7
9973 |   193 |    3270 |    5367     384    5367 |     769     384     769 |    0.2   12.9    0.7
9974 |   193 |    3248 |    4596     384    4596 |     767     384     767 |    0.2   10.6    0.6
9975 |   194 |    2686 |    5352     385    5352 |     770     385     770 |    0.2   10.2    0.6
9976 |   194 |    3277 |    5372     384    5372 |     769     384     769 |    0.2   15.8    0.7
9977 |   194 |    3277 |    5376     385    5376 |     770     385     770 |    0.2   14.3    0.7
9978 |   194 |    3275 |    5365     386    5365 |     771     386     771 |    0.2   12.5    0.7
9979 |   194 |    3284 |    5377     385    5377 |     772     386     772 |    0.2   13.9    0.8
9980 |   194 |    3275 |    5369     384    5369 |     768     384     768 |    0.2   15.0    0.7
9981 |   194 |    3286 |    5382     385    5382 |     770     385     770 |    0.2   14.4    0.7
9982 |   194 |    3277 |    5367     385    5367 |     770     385     770 |    0.3   14.0    0.8
9983 |   194 |    2491 |    5366     384    5366 |     769     384     769 |    0.2   14.5    0.7
9984 |   194 |    3263 |    5367     384    5367 |     769     384     769 |    0.4   14.1    0.8
9985 |   194 |    2099 |    4598     383    4598 |     767     383     767 |    0.2    9.8    0.6
9986 |   194 |    3278 |    5373     385    5373 |     770     385     770 |    0.2   13.2    0.7
9987 |   194 |    3278 |    5375     385    5375 |     769     385     769 |    0.2   10.5    0.6
9988 |   194 |    3287 |    5377     386    5377 |     772     386     772 |    0.2   14.0    0.7
9989 |   194 |    3278 |    5359     385    5359 |     771     385     771 |    0.2   13.4    0.7
9990 |   194 |    2126 |    5361     387    5361 |     774     387     774 |    0.2   11.6    0.6
9991 |   194 |    3277 |    5369     384    5369 |     768     384     768 |    0.2   13.3    0.7
9992 |   193 |    3248 |    4597     383    4597 |     767     383     767 |    0.2   10.1    0.6
9993 |   193 |    3264 |    5361     384    5361 |     768     384     768 |    0.2   14.9    0.9
9994 |   193 |    3258 |    5342     384    5342 |     767     384     767 |    0.2   13.5    0.7
9995 |   193 |    3268 |    5362     384    5362 |     768     384     768 |    0.2   14.2    0.7
9996 |   193 |    3270 |    5365     384    5365 |     769     384     769 |    0.2   13.5    0.8
9997 |   194 |    3271 |    5374     385    5374 |     771     385     771 |    0.2   14.4    0.8
9998 |   194 |    3275 |    5373     385    5373 |     770     385     770 |    0.3   16.0    0.8
9999 |   193 |    3246 |    5331     383    5331 |     766     383     766 |    0.2   14.4    0.7
-----+-------+---------+-------------------------+-------------------------+--------------------

=== Summary ===
HNF  intermediate:  avg=3096  max=3293
MLLL total:         avg=5244  max=5389
MLLL vec coords:    avg=384  max=391  (Lemma 1 bounded)
MLLL GSO coeffs:    avg=5244  max=5389  (integral GSO overhead)
GRAM total:         avg=769  max=782
GRAM vec coords:    avg=384  max=391  (Lemma 1 bounded)
GRAM Gram entries:  avg=769  max=782  (Lemma 3 bound target)
Output bits:        HNF avg=192 max=194  MLLL avg=191 max=194  GRAM avg=191 max=194
Total time:         HNF=2098.11ms  MLLL=127270.44ms  GRAM=7043.50ms  (GRAM/MLLL=0.06)
	Command being timed: "./src/quaternion/ref/generic/test/sqisign_bm_mlll --level=3 --iterations=10000 --mode=alg2"
	User time (seconds): 219.48
	System time (seconds): 5.14
	Percent of CPU this job got: 100%
	Elapsed (wall clock) time (h:mm:ss or m:ss): 3:43.80
	Average shared text size (kbytes): 0
	Average unshared data size (kbytes): 0
	Average stack size (kbytes): 0
	Average total size (kbytes): 0
	Maximum resident set size (kbytes): 40812
	Average resident set size (kbytes): 0
	Major (requiring I/O) page faults: 6
	Minor (reclaiming a frame) page faults: 9349
	Voluntary context switches: 296
	Involuntary context switches: 144
	Swaps: 0
	File system inputs: 440
	File system outputs: 0
	Socket messages sent: 0
	Socket messages received: 0
	Signals delivered: 0
	Page size (bytes): 4096
	Exit status: 0
