=== L5 alg2 10k ===
=== MLLL vs HNF Intermediate Bit Size Benchmark ===
Level: 5, Norm bitsize: 254, Iterations: 10000

Generating 10000 random ideal lattice pairs (bitsize=254)...
Mode: alg2
  Set 1: 88337.19 ms
  Set 2: 88901.96 ms
Generation done.

T    |   Inp |  HNFint | MLLLtot   MLLLv   MLLLg |  GRMtot    GRMv    GRMg |  HNFms MLLLms  GRMms
-----+-------+---------+-------------------------+-------------------------+--------------------
0    |   255 |    4313 |    7083     507    7083 |    1014     507    1014 |    2.2   24.2    0.9
1    |   255 |    4313 |    7082     508    7082 |    1015     508    1015 |    0.2   25.2    1.2
2    |   255 |    4317 |    7085     508    7085 |    1016     508    1016 |    0.3   25.1    1.0
3    |   255 |    2776 |    7084     507    7084 |    1014     507    1014 |    0.2   26.2    1.2
4    |   255 |    4304 |    7063     506    7063 |    1013     506    1013 |    0.3   25.4    0.9
5    |   255 |    4326 |    7085     508    7085 |    1016     508    1016 |    0.2   26.6    0.9
6    |   255 |    4324 |    7096     507    7096 |    1015     508    1015 |    0.2   25.2    0.9
7    |   254 |    2780 |    7081     507    7081 |    1013     507    1013 |    0.2   25.1    0.9
8    |   255 |    4318 |    7090     507    7090 |    1015     507    1015 |    0.2   24.7    0.9
9    |   255 |    4328 |    7090     508    7090 |    1017     508    1017 |    0.3   26.1    1.0
10   |   254 |    4300 |    7078     506    7078 |    1013     506    1013 |    0.2   25.3    0.9
11   |   255 |    4316 |    7086     508    7086 |    1015     508    1015 |    0.2   25.5    1.0
12   |   255 |    4315 |    7085     508    7085 |    1016     508    1016 |    0.2   24.7    0.9
13   |   255 |    4304 |    7080     507    7080 |    1014     507    1014 |    0.2   24.2    0.9
14   |   254 |    4299 |    7069     506    7069 |    1012     506    1012 |    0.2   26.1    1.0
15   |   253 |    4285 |    6059     506    6059 |    1011     506    1011 |    0.2   17.9    0.8
16   |   255 |    4316 |    7086     507    7086 |    1014     507    1014 |    0.2   27.6    0.9
17   |   255 |    4313 |    7086     507    7086 |    1015     507    1015 |    0.2   25.9    1.0
18   |   254 |    4290 |    6068     506    6068 |    1012     506    1012 |    0.2   18.9    0.8
19   |   255 |    4319 |    7082     507    7082 |    1013     507    1013 |    0.2   27.8    1.0
20   |   255 |    4279 |    6057     506    6057 |    1013     506    1013 |    0.2   19.3    0.8
21   |   255 |    4310 |    7071     507    7071 |    1015     507    1015 |    0.2   25.9    1.0
22   |   255 |    4326 |    7097     508    7097 |    1016     508    1016 |    0.2   26.4    1.0
23   |   255 |    4298 |    6074     506    6074 |    1013     506    1013 |    0.2   18.8    0.8
24   |   255 |    4302 |    6076     507    6076 |    1013     507    1013 |    0.2   18.6    0.9
25   |   255 |    4318 |    7089     507    7089 |    1015     507    1015 |    0.2   25.6    1.0
26   |   255 |    4317 |    7075     508    7075 |    1017     508    1017 |    0.2   26.6    1.0
27   |   254 |    4307 |    7076     506    7076 |    1013     506    1013 |    0.2   25.7    1.0
28   |   255 |    4324 |    7093     508    7093 |    1015     508    1015 |    0.2   26.0    1.0
29   |   255 |    4325 |    7092     508    7092 |    1016     508    1016 |    0.2   25.7    1.0
30   |   255 |    3290 |    7086     507    7086 |    1014     507    1014 |    0.2   25.9    1.0
31   |   255 |    2782 |    7082     507    7082 |    1015     507    1015 |    0.2   26.3    1.0
32   |   254 |    4309 |    7078     507    7078 |    1015     507    1015 |    0.3   18.5    0.8
33   |   254 |    4304 |    7079     507    7079 |    1014     507    1014 |    0.2   24.9    1.0
34   |   255 |    4283 |    6064     506    6064 |    1013     506    1013 |    0.3   20.2    1.4
35   |   254 |    4301 |    7078     506    7078 |    1013     506    1013 |    0.3   27.3    1.0
36   |   254 |    4307 |    7078     507    7078 |    1013     507    1013 |    0.2   26.9    1.1
37   |   255 |    4315 |    7082     507    7082 |    1015     508    1015 |    0.2   25.2    1.1
38   |   254 |    3255 |    7020     507    7020 |    1014     507    1014 |    0.3   18.9    0.8
39   |   255 |    4329 |    7097     508    7097 |    1016     508    1016 |    0.2   26.1    0.9
40   |   254 |    3281 |    7056     507    7056 |    1014     507    1014 |    0.2   22.1    0.8
41   |   255 |    4296 |    7054     505    7054 |    1013     505    1013 |    0.3   26.9    0.9
42   |   255 |    4299 |    7067     506    7067 |    1013     506    1013 |    0.2   25.1    1.0
43   |   253 |    4282 |    6055     505    6055 |    1010     505    1010 |    0.2   21.4    0.9
44   |   255 |    4320 |    7087     507    7087 |    1015     507    1015 |    0.2   26.7    1.0
45   |   255 |    4295 |    7063     506    7063 |    1013     506    1013 |    0.2   26.1    1.0
46   |   255 |    2779 |    6078     507    6078 |    1013     507    1013 |    0.2   19.3    0.9
47   |   252 |    4267 |    6042     505    6042 |    1010     505    1010 |    0.2   18.0    0.8
48   |   255 |    4322 |    7091     508    7091 |    1015     508    1015 |    0.2   25.5    0.9
49   |   255 |    4313 |    7088     507    7088 |    1015     507    1015 |    0.2   25.2    1.0
50   |   254 |    4283 |    7042     505    7042 |    1011     505    1011 |    0.2   24.2    1.0
51   |   255 |    4315 |    7076     506    7076 |    1013     506    1013 |    0.3   24.1    0.9
52   |   255 |    4320 |    7083     508    7083 |    1016     508    1016 |    0.2   25.2    1.0
53   |   255 |    4291 |    6073     506    6073 |    1013     506    1013 |    0.3   17.9    0.8
54   |   255 |    4319 |    7085     508    7085 |    1015     508    1015 |    0.2   24.8    0.9
55   |   255 |    4305 |    7076     507    7076 |    1016     508    1016 |    0.2   23.6    0.9
56   |   255 |    4291 |    6069     507    6069 |    1013     506    1013 |    0.2   18.2    0.8
57   |   255 |    4305 |    7075     507    7075 |    1015     507    1015 |    0.2   24.5    1.1
58   |   252 |    4268 |    6041     505    6041 |    1010     505    1010 |    0.2   18.7    0.9
59   |   255 |    3298 |    7086     507    7086 |    1014     507    1014 |    0.2   19.3    1.0
60   |   255 |    4293 |    7038     505    7038 |    1013     505    1013 |    0.2   24.9    0.9
61   |   254 |    4306 |    7076     507    7076 |    1013     507    1013 |    0.2   24.7    0.9
62   |   255 |    4319 |    7091     507    7091 |    1015     507    1015 |    0.2   19.0    0.8
63   |   255 |    4309 |    7077     506    7077 |    1012     506    1012 |    0.2   26.3    1.0
64   |   255 |    4315 |    7089     508    7089 |    1016     508    1016 |    0.3   18.2    0.8
65   |   254 |    4308 |    7074     507    7074 |    1014     507    1014 |    0.2   25.3    0.9
66   |   255 |    4302 |    7081     507    7081 |    1014     507    1014 |    0.2   25.5    1.0
67   |   255 |    4321 |    7095     508    7095 |    1016     508    1016 |    0.2   25.1    1.0
68   |   255 |    4325 |    7088     508    7088 |    1016     508    1016 |    0.2   23.9    1.0
69   |   254 |    4289 |    6064     506    6064 |    1012     506    1012 |    0.2   19.1    0.8
70   |   255 |    4317 |    6084     507    6084 |    1015     507    1015 |    0.2   19.4    1.0
71   |   255 |    4315 |    7087     508    7087 |    1016     508    1016 |    0.2   25.9    1.0
72   |   253 |    4282 |    7051     506    7051 |    1011     506    1011 |    0.2   24.9    1.0
73   |   254 |    2776 |    7073     507    7073 |    1013     507    1013 |    0.2   25.6    1.0
74   |   255 |    2791 |    7088     507    7088 |    1014     507    1014 |    0.2   18.6    0.8
75   |   255 |    4317 |    7089     508    7089 |    1015     508    1015 |    0.2   25.8    0.9
76   |   255 |    4306 |    7082     507    7082 |    1014     507    1014 |    0.2   24.6    1.0
77   |   253 |    4285 |    6056     505    6056 |    1011     505    1011 |    0.2   19.0    0.9
78   |   254 |    4288 |    6063     506    6063 |    1012     506    1012 |    0.2   18.2    0.8
79   |   254 |    4270 |    7020     505    7020 |    1011     505    1011 |    0.2   26.8    0.9
80   |   255 |    2788 |    7084     508    7084 |    1016     508    1016 |    0.3   23.9    1.0
81   |   255 |    4324 |    7089     508    7089 |    1016     508    1016 |    0.2   24.2    0.9
82   |   255 |    4322 |    7086     508    7086 |    1017     508    1017 |    0.3   25.2    1.0
83   |   255 |    4321 |    7081     508    7081 |    1016     508    1016 |    0.2   25.5    1.0
84   |   255 |    4317 |    7091     508    7091 |    1015     508    1015 |    0.2   25.8    1.0
85   |   254 |    4297 |    7074     506    7074 |    1012     506    1012 |    0.2   26.4    1.0
86   |   254 |    4284 |    7041     506    7041 |    1014     506    1014 |    0.3   26.0    0.9
87   |   255 |    4308 |    7070     506    7070 |    1013     506    1013 |    0.2   18.8    0.8
88   |   254 |    4275 |    6051     506    6051 |    1012     506    1012 |    0.2   18.8    1.1
89   |   254 |    2991 |    7037     507    7037 |    1015     507    1015 |    0.2   17.9    0.8
90   |   254 |    4279 |    7057     506    7057 |    1011     506    1011 |    0.2   18.6    0.8
91   |   255 |    4321 |    7076     508    7076 |    1017     508    1017 |    0.3   26.8    1.0
92   |   255 |    4273 |    6051     507    6051 |    1014     507    1014 |    0.2   18.2    0.8
93   |   254 |    4305 |    7075     507    7075 |    1015     507    1015 |    0.2   24.9    1.0
94   |   255 |    4325 |    7099     508    7099 |    1016     508    1016 |    0.2   25.3    1.3
95   |   255 |    4313 |    7079     508    7079 |    1016     508    1016 |    0.3   25.3    1.0
96   |   255 |    4295 |    6072     506    6072 |    1013     506    1013 |    0.2   18.2    0.8
97   |   255 |    3753 |    6034     507    6034 |    1014     507    1014 |    0.3   18.4    0.8
98   |   255 |    3023 |    6066     506    6066 |    1013     506    1013 |    0.2   18.9    0.8
99   |   255 |    4325 |    7096     508    7096 |    1016     508    1016 |    0.2   26.0    1.0
100  |   255 |    4257 |    7029     508    7029 |    1016     508    1016 |    0.3   19.0    0.8
101  |   255 |    4308 |    7084     507    7084 |    1014     507    1014 |    0.2   25.1    0.9
102  |   255 |    3267 |    6050     506    6050 |    1014     506    1014 |    0.2   20.8    0.8
103  |   254 |    4290 |    7052     505    7052 |    1012     505    1012 |    0.2   27.5    0.9
104  |   255 |    4311 |    7071     507    7071 |    1014     507    1014 |    0.2   25.4    0.9
105  |   254 |    2762 |    6059     506    6059 |    1012     506    1012 |    0.2   19.8    0.8
106  |   255 |    4312 |    7073     508    7073 |    1014     507    1014 |    0.2   26.0    0.9
107  |   255 |    4265 |    6048     506    6048 |    1013     506    1013 |    0.2   18.6    0.8
108  |   255 |    4311 |    7064     507    7064 |    1014     507    1014 |    0.2   26.4    1.0
109  |   255 |    4320 |    7088     507    7088 |    1014     507    1014 |    0.3   28.6    1.0
110  |   255 |    4317 |    7087     507    7087 |    1014     507    1014 |    0.2   26.7    0.9
111  |   255 |    4320 |    7091     508    7091 |    1016     508    1016 |    0.2   26.5    1.0
112  |   254 |    4298 |    7062     505    7062 |    1012     505    1012 |    0.3   28.5    1.0
113  |   254 |    4302 |    7079     507    7079 |    1014     507    1014 |    0.2   25.3    1.0
114  |   254 |    4298 |    7068     506    7068 |    1013     506    1013 |    0.2   27.1    1.0
115  |   255 |    4329 |    7086     509    7086 |    1017     509    1017 |    0.3   26.2    0.9
116  |   255 |    4308 |    7086     507    7086 |    1014     507    1014 |    0.2   24.9    0.9
117  |   254 |    4295 |    6068     506    6068 |    1012     506    1012 |    0.2   20.0    0.8
118  |   254 |    4289 |    7059     506    7059 |    1012     506    1012 |    0.2   25.2    0.9
119  |   255 |    4317 |    7092     508    7092 |    1015     508    1015 |    0.3   24.3    1.3
120  |   254 |    4311 |    6075     507    6075 |    1014     507    1014 |    0.3   18.5    0.9
121  |   254 |    3018 |    6060     506    6060 |    1012     506    1012 |    0.2   17.9    0.8
122  |   255 |    4300 |    7055     506    7055 |    1013     506    1013 |    0.3   24.7    0.9
123  |   254 |    4300 |    7072     507    7072 |    1013     507    1013 |    0.2   25.9    1.0
124  |   255 |    4298 |    7062     506    7062 |    1012     506    1012 |    0.2   26.4    0.9
125  |   253 |    4283 |    7052     505    7052 |    1011     505    1011 |    0.2   26.2    0.9
126  |   253 |    4284 |    6063     506    6063 |    1011     506    1011 |    0.2   18.5    0.9
127  |   254 |    4309 |    7078     507    7078 |    1015     507    1015 |    0.2   28.0    1.1
128  |   255 |    4321 |    6086     508    6086 |    1016     508    1016 |    0.3   18.6    1.0
129  |   255 |    3774 |    7041     508    7041 |    1016     508    1016 |    0.2   18.1    0.8
130  |   252 |    4265 |    6037     505    6037 |    1010     505    1010 |    0.2   18.4    0.9
131  |   254 |    2759 |    7008     508    7008 |    1016     508    1016 |    0.3   19.9    0.8
132  |   255 |    3251 |    6024     507    6024 |    1013     506    1013 |    0.2   17.4    0.8
133  |   255 |    4306 |    7082     507    7082 |    1014     507    1014 |    0.2   26.1    0.9
134  |   254 |    4298 |    7070     506    7070 |    1014     506    1014 |    0.3   25.1    1.2
135  |   255 |    4314 |    7086     507    7086 |    1014     507    1014 |    0.2   24.8    0.9
136  |   255 |    3809 |    7054     508    7054 |    1016     508    1016 |    0.2   19.5    0.9
137  |   255 |    4316 |    7084     508    7084 |    1016     508    1016 |    0.2   24.7    0.9
138  |   255 |    3303 |    7077     509    7077 |    1018     509    1018 |    0.2   19.2    0.8
139  |   255 |    4308 |    7086     507    7086 |    1014     507    1014 |    0.4   25.4    0.9
140  |   255 |    4327 |    7089     508    7089 |    1016     508    1016 |    0.2   25.2    1.0
141  |   255 |    4322 |    7089     508    7089 |    1016     508    1016 |    0.3   27.4    1.1
142  |   253 |    4269 |    7030     505    7030 |    1011     506    1011 |    0.3   23.5    0.9
143  |   255 |    4294 |    6071     507    6071 |    1013     506    1013 |    0.2   19.0    0.8
144  |   255 |    4315 |    7088     507    7088 |    1015     507    1015 |    0.2   26.3    1.0
145  |   255 |    3020 |    7078     508    7078 |    1016     508    1016 |    0.2   26.6    1.0
146  |   253 |    2767 |    6056     505    6056 |    1011     505    1011 |    0.2   19.0    1.0
147  |   255 |    4307 |    7074     507    7074 |    1013     507    1013 |    0.3   27.1    1.2
148  |   255 |    2774 |    7077     507    7077 |    1015     507    1015 |    0.3   26.2    1.0
149  |   254 |    4249 |    6029     506    6029 |    1012     505    1012 |    0.2   18.3    0.8
150  |   255 |    3294 |    7085     507    7085 |    1015     507    1015 |    0.2   26.3    0.9
151  |   254 |    3017 |    6060     506    6060 |    1013     506    1013 |    0.2   18.7    0.8
152  |   255 |    4311 |    7078     508    7078 |    1016     508    1016 |    0.3   25.5    0.9
153  |   255 |    4315 |    7079     507    7079 |    1015     507    1015 |    0.2   25.0    0.9
154  |   254 |    4292 |    7054     505    7054 |    1012     505    1012 |    0.2   25.3    0.9
155  |   254 |    4306 |    7074     507    7074 |    1015     507    1015 |    0.2   25.4    1.0
156  |   255 |    4313 |    7083     507    7083 |    1013     507    1013 |    0.2   24.9    1.1
157  |   255 |    3031 |    7090     508    7090 |    1016     508    1016 |    0.4   26.2    1.0
158  |   255 |    4314 |    7083     507    7083 |    1014     507    1014 |    0.2   27.0    1.0
159  |   255 |    4295 |    7077     507    7077 |    1014     507    1014 |    0.2   25.8    1.4
160  |   255 |    4314 |    7080     506    7080 |    1013     507    1013 |    0.2   27.2    1.2
161  |   255 |    4301 |    7070     506    7070 |    1012     506    1012 |    0.3   25.2    0.9
162  |   254 |    4304 |    7080     507    7080 |    1014     507    1014 |    0.2   25.6    1.0
163  |   255 |    3552 |    7091     508    7091 |    1016     508    1016 |    0.3   19.6    0.9
164  |   255 |    3271 |    7064     506    7064 |    1013     506    1013 |    0.2   19.0    0.8
165  |   254 |    4280 |    7021     506    7021 |    1015     506    1015 |    0.3   24.7    0.9
166  |   255 |    4300 |    7075     507    7075 |    1015     507    1015 |    0.3   24.4    0.9
167  |   255 |    3530 |    7074     506    7074 |    1013     506    1013 |    0.2   24.2    1.1
168  |   255 |    4277 |    7032     509    7032 |    1018     509    1018 |    0.3   18.7    0.9
169  |   255 |    4307 |    7080     508    7080 |    1016     508    1016 |    0.3   25.6    1.0
170  |   254 |    4307 |    7069     507    7069 |    1013     507    1013 |    0.3   25.7    1.2
171  |   255 |    2796 |    7085     508    7085 |    1017     509    1017 |    0.3   28.6    1.3
172  |   255 |    4318 |    7086     507    7086 |    1015     507    1015 |    0.3   25.4    0.9
173  |   255 |    4318 |    7090     508    7090 |    1016     508    1016 |    0.3   26.5    1.0
174  |   254 |    4285 |    6060     506    6060 |    1012     506    1012 |    0.2   18.3    0.8
175  |   254 |    4307 |    7080     506    7080 |    1013     506    1013 |    0.2   27.0    1.0
176  |   253 |    4277 |    6049     505    6049 |    1010     505    1010 |    0.2   18.5    0.9
177  |   255 |    4299 |    6072     509    6072 |    1018     509    1018 |    0.3   18.4    0.8
178  |   255 |    4314 |    7078     507    7078 |    1013     507    1013 |    0.2   26.1    0.9
179  |   254 |    4289 |    7062     505    7062 |    1011     506    1011 |    0.2   25.3    1.0
180  |   255 |    3262 |    6054     506    6054 |    1012     506    1012 |    0.3   18.6    0.8
181  |   255 |    4307 |    7066     506    7066 |    1013     506    1013 |    0.2   27.2    0.9
182  |   255 |    4317 |    7086     507    7086 |    1015     508    1015 |    0.3   27.5    1.0
183  |   255 |    3555 |    7088     507    7088 |    1016     507    1016 |    0.3   24.4    0.9
184  |   255 |    4313 |    7083     507    7083 |    1015     508    1015 |    0.3   25.4    1.0
185  |   255 |    4321 |    7084     508    7084 |    1016     508    1016 |    0.2   27.3    1.0
186  |   255 |    4317 |    7084     507    7084 |    1015     507    1015 |    0.2   24.7    0.9
187  |   255 |    4316 |    7086     507    7086 |    1015     507    1015 |    0.2   25.5    0.9
188  |   255 |    4313 |    7083     507    7083 |    1013     507    1013 |    0.2   27.9    0.9
189  |   255 |    3039 |    7094     508    7094 |    1016     508    1016 |    0.2   24.4    1.0
190  |   255 |    4319 |    7088     507    7088 |    1014     507    1014 |    0.3   25.7    0.9
191  |   255 |    4300 |    7066     506    7066 |    1012     506    1012 |    0.2   25.9    1.1
192  |   255 |    4296 |    6071     507    6071 |    1014     507    1014 |    0.3   18.5    0.8
193  |   255 |    4321 |    7082     508    7082 |    1016     508    1016 |    0.2   25.0    0.9
194  |   255 |    4318 |    7089     508    7089 |    1015     508    1015 |    0.3   25.4    1.0
195  |   255 |    4313 |    7090     507    7090 |    1014     507    1014 |    0.2   25.1    1.0
196  |   255 |    4298 |    7051     505    7051 |    1014     506    1014 |    0.3   25.5    0.9
197  |   253 |    4265 |    6041     505    6041 |    1011     505    1011 |    0.2   18.8    0.9
198  |   255 |    4308 |    7079     508    7079 |    1016     508    1016 |    0.2   24.6    1.1
199  |   255 |    4297 |    7044     509    7044 |    1018     509    1018 |    0.4   26.8    1.2
200  |   255 |    3020 |    7056     506    7056 |    1013     506    1013 |    0.2   19.1    0.8
201  |   255 |    4310 |    7059     510    7059 |    1019     510    1019 |    0.4   19.3    0.9
202  |   255 |    4330 |    7076     509    7076 |    1019     509    1019 |    0.3   26.5    0.9
203  |   255 |    2783 |    7083     508    7083 |    1015     508    1015 |    0.2   25.9    0.9
204  |   255 |    4312 |    7088     507    7088 |    1014     507    1014 |    0.2   25.5    0.9
205  |   254 |    4294 |    6071     506    6071 |    1013     506    1013 |    0.2   20.9    0.9
206  |   255 |    2788 |    7084     508    7084 |    1015     508    1015 |    0.2   20.7    0.9
207  |   255 |    4312 |    7075     507    7075 |    1015     507    1015 |    0.2   24.9    0.9
208  |   255 |    4312 |    7080     507    7080 |    1015     507    1015 |    0.2   25.0    1.2
209  |   255 |    4301 |    6076     506    6076 |    1013     507    1013 |    0.3   18.5    0.8
210  |   255 |    2771 |    6066     506    6066 |    1012     506    1012 |    0.2   19.0    0.8
211  |   253 |    3262 |    6057     505    6057 |    1011     505    1011 |    0.2   18.2    0.8
212  |   255 |    3545 |    7065     508    7065 |    1017     508    1017 |    0.2   20.5    0.9
213  |   254 |    4286 |    7056     505    7056 |    1011     505    1011 |    0.3   26.3    1.2
214  |   255 |    4299 |    6072     507    6072 |    1015     508    1015 |    0.2   18.3    0.8
215  |   255 |    4304 |    7064     508    7064 |    1017     508    1017 |    0.2   19.5    0.8
216  |   255 |    4315 |    7077     508    7077 |    1015     508    1015 |    0.3   25.0    1.0
217  |   255 |    4321 |    7084     508    7084 |    1016     508    1016 |    0.2   25.3    0.9
218  |   255 |    4316 |    7083     507    7083 |    1015     507    1015 |    0.2   26.7    1.3
219  |   255 |    4316 |    7083     507    7083 |    1015     507    1015 |    0.3   26.7    1.0
220  |   255 |    4321 |    7089     508    7089 |    1015     508    1015 |    0.2   24.8    1.2
221  |   255 |    4305 |    7074     506    7074 |    1013     506    1013 |    0.3   25.4    0.9
222  |   255 |    4322 |    7089     509    7089 |    1017     509    1017 |    0.2   26.9    1.0
223  |   255 |    2779 |    7084     507    7084 |    1014     507    1014 |    0.2   25.9    1.0
224  |   255 |    4318 |    7095     508    7095 |    1015     508    1015 |    0.3   24.7    1.0
225  |   255 |    4327 |    7095     508    7095 |    1017     508    1017 |    0.2   27.7    1.0
226  |   255 |    4306 |    7080     507    7080 |    1014     507    1014 |    0.2   26.1    0.9
227  |   253 |    4273 |    6046     505    6046 |    1010     505    1010 |    0.2   18.6    0.9
228  |   255 |    4306 |    7072     508    7072 |    1016     508    1016 |    0.3   27.8    1.0
229  |   255 |    4294 |    6069     507    6069 |    1013     507    1013 |    0.2   18.5    1.1
230  |   255 |    4322 |    7094     508    7094 |    1016     508    1016 |    0.3   25.5    0.9
231  |   255 |    3023 |    7083     507    7083 |    1014     507    1014 |    0.2   28.1    1.1
232  |   255 |    4326 |    7093     507    7093 |    1016     508    1016 |    0.2   25.4    0.9
233  |   255 |    4303 |    7059     506    7059 |    1013     506    1013 |    0.3   24.9    1.1
234  |   255 |    4316 |    7087     507    7087 |    1015     507    1015 |    0.3   25.5    1.0
235  |   255 |    4309 |    7077     507    7077 |    1014     507    1014 |    0.2   24.9    0.9
236  |   255 |    4305 |    7064     506    7064 |    1013     506    1013 |    0.2   25.8    1.0
237  |   255 |    4319 |    7088     507    7088 |    1015     507    1015 |    0.2   22.3    1.0
238  |   255 |    4310 |    7086     507    7086 |    1015     507    1015 |    0.2   25.0    1.0
239  |   255 |    4321 |    7092     507    7092 |    1015     507    1015 |    0.2   24.9    1.0
240  |   254 |    4297 |    7069     506    7069 |    1012     506    1012 |    0.2   25.8    1.0
241  |   255 |    4322 |    7097     508    7097 |    1016     508    1016 |    0.2   25.2    0.9
242  |   254 |    2765 |    6046     506    6046 |    1012     506    1012 |    0.2   19.2    0.8
243  |   255 |    4322 |    7088     508    7088 |    1015     508    1015 |    0.3   25.5    1.1
244  |   255 |    4315 |    7081     507    7081 |    1014     507    1014 |    0.3   26.3    1.0
245  |   255 |    4298 |    7055     506    7055 |    1013     506    1013 |    0.3   18.3    0.8
246  |   252 |    4252 |    6022     505    6022 |    1010     505    1010 |    0.2   18.1    0.8
247  |   255 |    4311 |    7079     508    7079 |    1016     508    1016 |    0.2   25.6    0.9
248  |   254 |    4310 |    7079     507    7079 |    1014     507    1014 |    0.2   24.9    0.9
249  |   255 |    3530 |    7079     506    7079 |    1013     506    1013 |    0.2   26.7    1.1
250  |   255 |    4313 |    7083     507    7083 |    1014     507    1014 |    0.2   25.8    0.9
251  |   255 |    4319 |    7080     508    7080 |    1016     508    1016 |    0.2   25.4    0.9
252  |   255 |    4269 |    6048     507    6048 |    1013     507    1013 |    0.2   18.6    0.8
253  |   255 |    4327 |    7090     508    7090 |    1017     508    1017 |    0.3   25.8    1.0
254  |   255 |    4317 |    7086     507    7086 |    1014     507    1014 |    0.2   25.4    1.0
255  |   255 |    4308 |    7077     507    7077 |    1014     507    1014 |    0.2   26.1    1.2
256  |   255 |    4309 |    7074     507    7074 |    1014     507    1014 |    0.3   26.5    1.0
257  |   254 |    4294 |    7072     506    7072 |    1012     506    1012 |    0.2   25.3    0.9
258  |   255 |    4310 |    7083     507    7083 |    1014     507    1014 |    0.2   26.6    1.0
259  |   253 |    4279 |    7044     505    7044 |    1011     505    1011 |    0.2   27.1    1.0
260  |   255 |    4306 |    7085     507    7085 |    1014     507    1014 |    0.2   25.8    1.0
261  |   255 |    4325 |    7092     508    7092 |    1016     508    1016 |    0.2   26.8    0.9
262  |   255 |    4315 |    7080     508    7080 |    1016     508    1016 |    0.2   25.8    0.9
263  |   255 |    4318 |    7079     507    7079 |    1015     508    1015 |    0.2   25.9    1.0
264  |   255 |    4322 |    7095     507    7095 |    1015     507    1015 |    0.2   28.7    1.0
265  |   254 |    4270 |    7009     508    7009 |    1016     508    1016 |    0.2   24.6    0.9
266  |   255 |    4325 |    7096     508    7096 |    1016     508    1016 |    0.2   24.8    1.0
267  |   255 |    4310 |    7070     506    7070 |    1013     506    1013 |    0.2   26.4    0.9
268  |   254 |    4299 |    7075     506    7075 |    1013     506    1013 |    0.2   25.2    0.9
269  |   255 |    4316 |    7080     507    7080 |    1014     507    1014 |    0.2   27.5    1.0
270  |   253 |    4272 |    6045     505    6045 |    1010     505    1010 |    0.2   18.5    0.8
271  |   254 |    4293 |    6069     506    6069 |    1013     507    1013 |    0.3   20.6    0.9
272  |   254 |    4291 |    7070     506    7070 |    1012     506    1012 |    0.2   25.4    1.0
273  |   254 |    2997 |    6018     505    6018 |    1011     505    1011 |    0.2   18.5    1.0
274  |   255 |    4320 |    7087     507    7087 |    1014     507    1014 |    0.3   27.7    1.0
275  |   254 |    4297 |    7077     506    7077 |    1013     506    1013 |    0.2   24.2    0.9
276  |   255 |    4316 |    7089     507    7089 |    1015     507    1015 |    0.3   26.5    0.9
277  |   255 |    3276 |    6070     506    6070 |    1013     506    1013 |    0.2   18.4    0.8
278  |   255 |    4317 |    7082     509    7082 |    1017     508    1017 |    0.2   24.9    1.0
279  |   255 |    4324 |    7093     508    7093 |    1015     508    1015 |    0.2   25.5    1.0
280  |   255 |    2796 |    7083     509    7083 |    1017     509    1017 |    0.2   26.5    1.0
281  |   255 |    4268 |    6043     509    6043 |    1017     509    1017 |    0.2   17.6    0.8
282  |   253 |    3263 |    7043     506    7043 |    1013     506    1013 |    0.2   19.1    0.8
283  |   254 |    4297 |    7074     506    7074 |    1013     506    1013 |    0.2   25.4    0.9
284  |   255 |    4312 |    7070     508    7070 |    1015     508    1015 |    0.3   27.2    1.0
285  |   255 |    4319 |    7081     507    7081 |    1014     507    1014 |    0.2   25.9    0.9
286  |   255 |    4314 |    7071     507    7071 |    1014     507    1014 |    0.2   26.2    1.0
287  |   255 |    4311 |    7075     507    7075 |    1014     507    1014 |    0.2   23.6    1.0
288  |   255 |    4276 |    6052     506    6052 |    1013     506    1013 |    0.2   19.1    0.8
289  |   255 |    4317 |    7072     508    7072 |    1016     508    1016 |    0.3   28.4    1.1
290  |   255 |    4312 |    7082     508    7082 |    1017     508    1017 |    0.2   24.6    1.0
291  |   255 |    4320 |    7091     507    7091 |    1015     507    1015 |    0.2   25.7    1.0
292  |   255 |    3549 |    7085     509    7085 |    1017     509    1017 |    0.2   26.0    1.0
293  |   255 |    2763 |    7043     506    7043 |    1013     506    1013 |    0.2   18.9    0.8
294  |   255 |    2780 |    7078     507    7078 |    1014     507    1014 |    0.2   25.6    1.0
295  |   254 |    4299 |    7062     506    7062 |    1012     506    1012 |    0.2   25.5    0.9
296  |   255 |    3510 |    7020     507    7020 |    1015     507    1015 |    0.2   18.9    0.8
297  |   253 |    3215 |    5981     505    5981 |    1011     506    1011 |    0.2   17.8    0.8
298  |   255 |    4321 |    7092     508    7092 |    1016     508    1016 |    0.3   25.8    1.0
299  |   255 |    4284 |    7021     505    7021 |    1014     505    1014 |    0.4   23.6    0.9
300  |   255 |    4315 |    7072     507    7072 |    1014     507    1014 |    0.2   25.5    1.0
301  |   255 |    3265 |    7077     508    7077 |    1015     508    1015 |    0.3   25.6    1.0
302  |   255 |    4307 |    7064     506    7064 |    1013     506    1013 |    0.3   25.5    1.0
303  |   255 |    4314 |    7086     507    7086 |    1014     507    1014 |    0.2   26.1    1.0
304  |   255 |    4318 |    7086     508    7086 |    1016     508    1016 |    0.2   25.4    1.0
305  |   253 |    4293 |    7067     506    7067 |    1012     506    1012 |    0.2   25.9    1.0
306  |   255 |    4323 |    7088     508    7088 |    1016     508    1016 |    0.2   26.0    0.9
307  |   255 |    4306 |    7080     507    7080 |    1015     507    1015 |    0.2   26.4    0.9
308  |   254 |    4283 |    7042     505    7042 |    1012     505    1012 |    0.2   28.2    0.9
309  |   253 |    4260 |    6034     506    6034 |    1011     506    1011 |    0.2   18.2    0.8
310  |   255 |    4306 |    6073     507    6073 |    1013     506    1013 |    0.2   20.2    0.8
311  |   254 |    3506 |    6037     505    6037 |    1012     505    1012 |    0.2   17.6    0.8
312  |   255 |    4317 |    7088     508    7088 |    1016     508    1016 |    0.3   25.8    0.9
313  |   255 |    4327 |    7098     508    7098 |    1015     508    1015 |    0.2   26.2    0.9
314  |   255 |    4296 |    6068     507    6068 |    1013     507    1013 |    0.2   19.2    0.8
315  |   255 |    4311 |    7081     507    7081 |    1015     507    1015 |    0.3   26.2    1.0
316  |   255 |    4317 |    7089     507    7089 |    1015     507    1015 |    0.3   25.7    1.0
317  |   255 |    2768 |    6058     506    6058 |    1013     506    1013 |    0.2   18.3    0.8
318  |   255 |    2782 |    7080     508    7080 |    1015     508    1015 |    0.2   28.3    1.0
319  |   255 |    4315 |    7083     507    7083 |    1014     507    1014 |    0.2   24.8    1.0
320  |   254 |    3012 |    6054     506    6054 |    1012     506    1012 |    0.2   21.9    0.8
321  |   255 |    3038 |    7088     508    7088 |    1016     508    1016 |    0.3   25.3    0.9
322  |   254 |    4292 |    6068     506    6068 |    1012     506    1012 |    0.2   18.7    0.8
323  |   255 |    4316 |    7086     508    7086 |    1016     508    1016 |    0.2   18.6    0.8
324  |   255 |    4297 |    7051     505    7051 |    1013     505    1013 |    0.2   26.4    1.0
325  |   255 |    3027 |    7078     507    7078 |    1015     507    1015 |    0.2   24.6    1.0
326  |   254 |    4299 |    7071     506    7071 |    1012     506    1012 |    0.2   26.0    1.0
327  |   255 |    4321 |    7085     509    7085 |    1019     509    1019 |    0.3   27.4    1.0
328  |   255 |    4321 |    7090     508    7090 |    1016     508    1016 |    0.2   25.2    0.9
329  |   254 |    4299 |    7059     506    7059 |    1013     506    1013 |    0.2   26.0    0.9
330  |   255 |    4325 |    7095     508    7095 |    1015     508    1015 |    0.2   26.0    1.0
331  |   255 |    4324 |    7097     507    7097 |    1015     507    1015 |    0.3   25.4    0.9
332  |   255 |    3298 |    7053     509    7053 |    1017     509    1017 |    0.2   19.6    0.9
333  |   255 |    4314 |    7085     508    7085 |    1018     508    1018 |    0.2   26.1    0.9
334  |   254 |    4292 |    7072     505    7072 |    1011     505    1011 |    0.2   25.4    1.0
335  |   255 |    4313 |    7086     507    7086 |    1015     507    1015 |    0.2   28.2    0.9
336  |   254 |    4295 |    6070     506    6070 |    1013     506    1013 |    0.2   20.4    0.8
337  |   255 |    4303 |    7065     508    7065 |    1016     508    1016 |    0.2   18.3    0.8
338  |   255 |    4315 |    7077     506    7077 |    1014     506    1014 |    0.2   26.4    0.9
339  |   255 |    4301 |    7062     506    7062 |    1012     506    1012 |    0.2   26.7    1.0
340  |   255 |    4327 |    7100     508    7100 |    1016     508    1016 |    0.3   18.3    1.1
341  |   255 |    4317 |    7077     508    7077 |    1016     508    1016 |    0.3   25.1    1.0
342  |   255 |    4311 |    7076     508    7076 |    1015     508    1015 |    0.2   24.9    1.0
343  |   255 |    4323 |    7093     508    7093 |    1016     508    1016 |    0.2   27.5    1.0
344  |   254 |    4287 |    6064     506    6064 |    1012     506    1012 |    0.2   18.3    0.8
345  |   255 |    4315 |    7092     508    7092 |    1016     508    1016 |    0.2   26.1    1.0
346  |   253 |    4270 |    6047     506    6047 |    1011     506    1011 |    0.2   18.6    0.8
347  |   255 |    4316 |    7077     508    7077 |    1015     508    1015 |    0.2   27.4    1.0
348  |   255 |    4314 |    7083     508    7083 |    1015     508    1015 |    0.2   24.9    1.0
349  |   255 |    3293 |    7086     508    7086 |    1015     508    1015 |    0.2   25.4    0.9
350  |   254 |    4292 |    7057     505    7057 |    1011     505    1011 |    0.2   26.2    1.0
351  |   255 |    4323 |    7089     508    7089 |    1016     508    1016 |    0.3   26.1    1.0
352  |   254 |    4302 |    7074     506    7074 |    1013     506    1013 |    0.2   25.7    1.0
353  |   253 |    4275 |    6050     505    6050 |    1010     505    1010 |    0.2   18.8    0.8
354  |   255 |    4321 |    7080     507    7080 |    1015     508    1015 |    0.2   25.7    1.0
355  |   255 |    4311 |    7080     506    7080 |    1013     507    1013 |    0.2   26.7    0.9
356  |   255 |    4321 |    7077     508    7077 |    1017     508    1017 |    0.2   25.3    0.9
357  |   254 |    4294 |    7064     506    7064 |    1011     506    1011 |    0.2   24.5    0.9
358  |   254 |    4298 |    7065     506    7065 |    1012     506    1012 |    0.2   25.7    0.9
359  |   252 |    4266 |    6042     505    6042 |    1010     505    1010 |    0.2   19.0    0.8
360  |   254 |    4303 |    7067     507    7067 |    1013     507    1013 |    0.2   25.2    0.9
361  |   254 |    4294 |    7057     506    7057 |    1012     506    1012 |    0.2   26.8    0.9
362  |   254 |    4298 |    7071     506    7071 |    1012     506    1012 |    0.2   24.6    0.9
363  |   255 |    4321 |    7087     508    7087 |    1017     508    1017 |    0.2   24.9    0.9
364  |   253 |    4265 |    6039     505    6039 |    1011     505    1011 |    0.2   20.5    0.8
365  |   253 |    4270 |    7027     505    7027 |    1011     505    1011 |    0.2   25.1    0.9
366  |   255 |    4318 |    7087     507    7087 |    1014     507    1014 |    0.2   25.7    0.9
367  |   255 |    4311 |    7071     511    7071 |    1021     511    1021 |    0.3   24.7    0.9
368  |   255 |    2778 |    7078     506    7078 |    1013     506    1013 |    0.2   25.8    1.0
369  |   254 |    4303 |    7069     506    7069 |    1012     506    1012 |    0.2   25.6    1.0
370  |   255 |    4308 |    7080     507    7080 |    1014     507    1014 |    0.2   25.3    1.0
371  |   255 |    4291 |    6066     507    6066 |    1015     507    1015 |    0.2   18.1    0.8
372  |   255 |    2784 |    7085     508    7085 |    1016     508    1016 |    0.2   26.4    1.2
373  |   255 |    3024 |    7085     508    7085 |    1015     508    1015 |    0.2   25.2    1.0
374  |   255 |    3528 |    6063     507    6063 |    1013     507    1013 |    0.2   19.1    0.8
375  |   254 |    4295 |    7065     506    7065 |    1014     507    1014 |    0.2   25.0    1.1
376  |   255 |    4304 |    6077     507    6077 |    1014     507    1014 |    0.3   18.6    0.8
377  |   255 |    3519 |    7051     506    7051 |    1013     506    1013 |    0.4   18.3    1.2
378  |   255 |    4303 |    7060     506    7060 |    1013     506    1013 |    0.3   25.7    0.9
379  |   253 |    4285 |    7059     505    7059 |    1011     505    1011 |    0.2   25.9    1.2
380  |   255 |    4318 |    6085     508    6085 |    1015     508    1015 |    0.3   18.4    0.8
381  |   255 |    3551 |    7092     508    7092 |    1016     508    1016 |    0.2   18.9    0.8
382  |   255 |    4317 |    7088     508    7088 |    1016     508    1016 |    0.2   24.7    0.9
383  |   255 |    4313 |    7087     508    7087 |    1015     508    1015 |    0.2   23.3    0.9
384  |   255 |    4317 |    7087     507    7087 |    1015     507    1015 |    0.2   26.7    1.2
385  |   255 |    4283 |    7028     505    7028 |    1012     505    1012 |    0.3   24.1    0.9
386  |   255 |    4246 |    6025     506    6025 |    1012     506    1012 |    0.3   18.7    0.8
387  |   255 |    4304 |    7080     507    7080 |    1014     507    1014 |    0.3   25.6    1.0
388  |   255 |    4280 |    6060     506    6060 |    1013     506    1013 |    0.2   18.5    0.8
389  |   255 |    4327 |    7095     508    7095 |    1016     508    1016 |    0.2   25.0    0.9
390  |   255 |    4308 |    7082     507    7082 |    1014     507    1014 |    0.2   25.2    1.1
391  |   254 |    2765 |    6049     505    6049 |    1012     506    1012 |    0.2   18.6    0.8
392  |   255 |    4302 |    7082     507    7082 |    1014     507    1014 |    0.2   26.0    0.9
393  |   255 |    4319 |    7088     507    7088 |    1015     507    1015 |    0.3   26.1    1.0
394  |   255 |    3544 |    7085     507    7085 |    1014     507    1014 |    0.2   27.7    1.0
395  |   253 |    2994 |    6029     506    6029 |    1011     506    1011 |    0.2   18.6    0.8
396  |   255 |    4308 |    7086     507    7086 |    1014     507    1014 |    0.2   25.9    0.9
397  |   254 |    4285 |    7045     506    7045 |    1012     506    1012 |    0.2   25.0    0.9
398  |   255 |    4308 |    7082     507    7082 |    1014     507    1014 |    0.2   26.5    1.1
399  |   255 |    4325 |    7093     508    7093 |    1015     508    1015 |    0.3   25.1    0.9
400  |   253 |    4253 |    6029     505    6029 |    1010     505    1010 |    0.2   17.4    0.8
401  |   255 |    3303 |    7096     508    7096 |    1016     508    1016 |    0.2   19.6    1.1
402  |   255 |    4317 |    7083     507    7083 |    1014     507    1014 |    0.3   25.0    0.9
403  |   255 |    4308 |    7080     506    7080 |    1014     506    1014 |    0.2   26.3    0.9
404  |   255 |    3545 |    7090     507    7090 |    1015     507    1015 |    0.2   26.0    1.0
405  |   251 |    4236 |    6986     506    6986 |    1013     506    1013 |    0.2   18.1    0.8
406  |   255 |    4279 |    6052     507    6052 |    1014     507    1014 |    0.2   17.8    0.8
407  |   255 |    4321 |    7094     507    7094 |    1014     507    1014 |    0.3   19.2    1.2
408  |   255 |    4322 |    7092     507    7092 |    1015     507    1015 |    0.2   25.5    1.0
409  |   255 |    4301 |    6059     506    6059 |    1012     506    1012 |    0.2   18.5    0.9
410  |   255 |    3281 |    7081     506    7081 |    1013     507    1013 |    0.2   24.9    0.9
411  |   254 |    3799 |    7074     507    7074 |    1014     507    1014 |    0.2   20.2    0.8
412  |   254 |    4305 |    7076     507    7076 |    1014     507    1014 |    0.2   24.6    0.9
413  |   255 |    4307 |    7069     506    7069 |    1013     506    1013 |    0.3   24.9    0.9
414  |   255 |    4313 |    7076     507    7076 |    1015     507    1015 |    0.3   24.3    1.1
415  |   255 |    4307 |    7065     507    7065 |    1014     507    1014 |    0.2   28.1    1.0
416  |   255 |    4312 |    7080     507    7080 |    1013     507    1013 |    0.2   26.6    1.0
417  |   255 |    4304 |    7058     507    7058 |    1013     507    1013 |    0.2   25.8    0.9
418  |   254 |    4302 |    7079     506    7079 |    1013     506    1013 |    0.2   26.3    1.0
419  |   255 |    3026 |    7080     508    7080 |    1016     508    1016 |    0.2   24.9    0.9
420  |   255 |    4313 |    7086     507    7086 |    1013     507    1013 |    0.2   26.5    1.0
421  |   255 |    4320 |    7089     507    7089 |    1015     507    1015 |    0.2   27.3    1.0
422  |   255 |    4324 |    7086     508    7086 |    1016     508    1016 |    0.3   27.1    0.9
423  |   255 |    4286 |    6064     506    6064 |    1012     506    1012 |    0.2   18.1    0.8
424  |   254 |    4293 |    7058     506    7058 |    1013     506    1013 |    0.2   19.6    0.8
425  |   255 |    2774 |    6070     507    6070 |    1013     507    1013 |    0.2   19.8    0.8
426  |   254 |    4302 |    7070     506    7070 |    1013     506    1013 |    0.2   24.7    0.9
427  |   255 |    4293 |    6067     506    6067 |    1013     506    1013 |    0.2   19.9    0.8
428  |   255 |    4294 |    7054     505    7054 |    1012     505    1012 |    0.2   26.3    1.2
429  |   255 |    4307 |    7080     507    7080 |    1014     507    1014 |    0.3   18.7    0.9
430  |   254 |    4308 |    7074     507    7074 |    1015     507    1015 |    0.2   26.4    0.9
431  |   254 |    4258 |    7020     507    7020 |    1014     507    1014 |    0.2   18.9    0.8
432  |   255 |    4322 |    7085     508    7085 |    1016     508    1016 |    0.2   26.4    0.9
433  |   255 |    4319 |    7091     508    7091 |    1015     508    1015 |    0.2   27.5    1.0
434  |   255 |    4327 |    7100     508    7100 |    1016     508    1016 |    0.2   19.2    0.9
435  |   255 |    4318 |    7087     508    7087 |    1016     508    1016 |    0.3   27.1    1.0
436  |   255 |    4319 |    7082     508    7082 |    1017     508    1017 |    0.2   26.1    1.2
437  |   255 |    4305 |    7079     506    7079 |    1013     506    1013 |    0.3   27.9    1.2
438  |   251 |    4255 |    6026     505    6026 |    1010     505    1010 |    0.2   18.1    0.8
439  |   255 |    3027 |    6078     507    6078 |    1014     507    1014 |    0.2   18.4    0.8
440  |   254 |    4291 |    7073     506    7073 |    1012     506    1012 |    0.2   26.7    0.9
441  |   255 |    4305 |    7067     506    7067 |    1013     506    1013 |    0.3   25.5    1.0
442  |   255 |    4320 |    6083     508    6083 |    1016     508    1016 |    0.3   18.8    0.9
443  |   255 |    4313 |    7082     508    7082 |    1016     508    1016 |    0.2   28.3    1.2
444  |   255 |    2785 |    7087     508    7087 |    1016     508    1016 |    0.3   30.7    1.1
445  |   253 |    4284 |    6053     505    6053 |    1011     505    1011 |    0.2   22.0    0.8
446  |   255 |    4318 |    7072     508    7072 |    1015     507    1015 |    0.2   26.3    0.9
447  |   255 |    4310 |    7082     507    7082 |    1014     507    1014 |    0.2   25.7    1.0
448  |   255 |    4323 |    7088     508    7088 |    1015     508    1015 |    0.2   26.0    1.0
449  |   254 |    4290 |    6065     505    6065 |    1012     505    1012 |    0.2   20.0    0.8
450  |   255 |    3551 |    7051     509    7051 |    1019     509    1019 |    0.2   19.7    0.8
451  |   255 |    4323 |    7082     509    7082 |    1017     509    1017 |    0.2   26.5    1.0
452  |   254 |    4280 |    6054     505    6054 |    1012     505    1012 |    0.2   17.4    0.8
453  |   254 |    4304 |    7073     505    7073 |    1014     507    1014 |    0.3   25.3    0.9
454  |   255 |    4300 |    7072     505    7072 |    1014     507    1014 |    0.2   25.2    1.0
455  |   255 |    4320 |    7090     507    7090 |    1015     507    1015 |    0.2   24.9    1.2
456  |   255 |    4312 |    7078     507    7078 |    1015     508    1015 |    0.2   24.8    1.0
457  |   254 |    4301 |    7077     506    7077 |    1013     506    1013 |    0.2   26.4    1.0
458  |   255 |    4267 |    6044     506    6044 |    1013     506    1013 |    0.3   19.2    1.0
459  |   255 |    3545 |    7085     507    7085 |    1014     507    1014 |    0.3   21.0    1.0
460  |   255 |    4299 |    7053     506    7053 |    1013     506    1013 |    0.3   28.1    0.9
461  |   255 |    4314 |    7084     508    7084 |    1016     508    1016 |    0.2   25.1    1.0
462  |   255 |    4327 |    7098     508    7098 |    1016     508    1016 |    0.3   26.3    1.0
463  |   255 |    4318 |    7081     508    7081 |    1017     508    1017 |    0.2   25.0    1.0
464  |   255 |    4313 |    7076     508    7076 |    1016     508    1016 |    0.2   26.7    1.0
465  |   255 |    4316 |    7088     508    7088 |    1016     508    1016 |    0.2   26.0    0.9
466  |   255 |    4321 |    7086     507    7086 |    1015     507    1015 |    0.2   24.9    0.9
467  |   255 |    3017 |    6065     506    6065 |    1013     506    1013 |    0.2   19.0    0.8
468  |   255 |    4317 |    7091     507    7091 |    1015     507    1015 |    0.2   25.5    1.1
469  |   254 |    4303 |    7070     506    7070 |    1013     506    1013 |    0.3   24.4    1.0
470  |   255 |    4317 |    7075     507    7075 |    1015     507    1015 |    0.2   24.2    0.9
471  |   255 |    2782 |    7087     507    7087 |    1014     507    1014 |    0.2   25.4    0.9
472  |   255 |    3301 |    7095     508    7095 |    1015     508    1015 |    0.2   18.8    0.8
473  |   255 |    4311 |    7085     507    7085 |    1014     507    1014 |    0.2   27.0    1.0
474  |   254 |    4305 |    7076     507    7076 |    1013     507    1013 |    0.2   26.5    1.2
475  |   255 |    4310 |    7078     507    7078 |    1013     507    1013 |    0.2   24.5    0.9
476  |   254 |    4294 |    7064     506    7064 |    1014     506    1014 |    0.2   25.5    1.1
477  |   255 |    4306 |    7071     506    7071 |    1012     506    1012 |    0.2   24.4    1.0
478  |   253 |    2770 |    6060     506    6060 |    1011     506    1011 |    0.2   19.3    1.0
479  |   255 |    4320 |    7083     508    7083 |    1015     508    1015 |    0.3   25.6    1.4
480  |   255 |    3292 |    7081     508    7081 |    1015     508    1015 |    0.2   25.8    0.9
481  |   255 |    4304 |    7081     507    7081 |    1014     507    1014 |    0.2   25.1    0.9
482  |   255 |    4308 |    6078     507    6078 |    1014     507    1014 |    0.2   20.2    1.0
483  |   255 |    4319 |    7083     508    7083 |    1016     508    1016 |    0.2   25.3    0.9
484  |   255 |    4310 |    7084     507    7084 |    1015     508    1015 |    0.2   25.5    1.0
485  |   255 |    4315 |    7080     506    7080 |    1013     506    1013 |    0.2   26.6    1.1
486  |   254 |    4304 |    7073     507    7073 |    1014     507    1014 |    0.2   24.6    1.0
487  |   255 |    4315 |    7077     508    7077 |    1016     508    1016 |    0.2   23.9    0.9
488  |   255 |    4312 |    7078     508    7078 |    1016     508    1016 |    0.2   24.4    1.2
489  |   254 |    4264 |    6042     505    6042 |    1012     506    1012 |    0.2   18.2    1.0
490  |   255 |    4321 |    7084     508    7084 |    1016     508    1016 |    0.2   25.1    0.9
491  |   255 |    4325 |    7091     508    7091 |    1016     508    1016 |    0.2   25.1    1.2
492  |   255 |    4323 |    7095     508    7095 |    1016     508    1016 |    0.3   27.4    0.9
493  |   254 |    3011 |    6060     506    6060 |    1012     506    1012 |    0.2   19.2    0.8
494  |   255 |    4290 |    6065     506    6065 |    1013     506    1013 |    0.2   18.4    0.8
495  |   254 |    3006 |    6061     505    6061 |    1012     506    1012 |    0.2   18.2    0.8
496  |   255 |    4318 |    7081     507    7081 |    1015     507    1015 |    0.2   24.5    0.9
497  |   255 |    4314 |    7068     508    7068 |    1016     508    1016 |    0.2   20.3    0.8
498  |   255 |    2796 |    7098     508    7098 |    1016     508    1016 |    0.3   25.5    1.0
499  |   254 |    4296 |    7072     506    7072 |    1012     506    1012 |    0.2   25.9    0.9
500  |   255 |    4285 |    7042     506    7042 |    1012     506    1012 |    0.2   19.3    0.8
501  |   255 |    4309 |    7085     507    7085 |    1014     507    1014 |    0.2   26.8    1.3
502  |   254 |    2778 |    7064     507    7064 |    1013     507    1013 |    0.3   26.7    0.9
503  |   254 |    3253 |    6055     506    6055 |    1012     506    1012 |    0.2   18.6    0.8
504  |   255 |    4324 |    7089     508    7089 |    1016     508    1016 |    0.2   27.9    0.9
505  |   255 |    4318 |    7091     507    7091 |    1015     507    1015 |    0.2   25.3    1.2
506  |   255 |    4314 |    7085     507    7085 |    1015     507    1015 |    0.3   20.8    0.8
507  |   254 |    4301 |    7071     506    7071 |    1013     506    1013 |    0.2   24.6    0.9
508  |   255 |    2773 |    6072     506    6072 |    1013     506    1013 |    0.3   19.9    0.8
509  |   253 |    4264 |    6042     505    6042 |    1010     505    1010 |    0.2   18.4    0.8
510  |   254 |    4290 |    7061     505    7061 |    1011     505    1011 |    0.2   25.3    0.9
511  |   255 |    3292 |    7069     506    7069 |    1013     506    1013 |    0.2   19.2    0.8
512  |   252 |    4230 |    6002     505    6002 |    1010     505    1010 |    0.2   18.5    0.8
513  |   255 |    4318 |    7091     508    7091 |    1015     508    1015 |    0.2   26.2    1.0
514  |   255 |    4328 |    6085     508    6085 |    1017     509    1017 |    0.3   18.7    0.8
515  |   254 |    4302 |    7070     507    7070 |    1013     507    1013 |    0.2   26.8    1.0
516  |   255 |    4303 |    6078     506    6078 |    1013     506    1013 |    0.2   19.2    1.0
517  |   255 |    2788 |    7094     507    7094 |    1015     507    1015 |    0.3   25.2    0.9
518  |   255 |    4305 |    7066     506    7066 |    1013     506    1013 |    0.2   25.4    0.9
519  |   255 |    4308 |    7067     506    7067 |    1013     506    1013 |    0.2   26.3    1.0
520  |   255 |    4327 |    7096     508    7096 |    1015     508    1015 |    0.2   25.7    1.0
521  |   254 |    4291 |    7052     506    7052 |    1012     506    1012 |    0.2   25.4    0.9
522  |   254 |    4281 |    6057     506    6057 |    1012     506    1012 |    0.2   17.9    0.8
523  |   255 |    4302 |    7058     506    7058 |    1013     506    1013 |    0.2   25.7    0.9
524  |   255 |    2791 |    7094     508    7094 |    1017     508    1017 |    0.2   25.0    1.1
525  |   255 |    4317 |    7077     508    7077 |    1015     508    1015 |    0.2   25.2    0.9
526  |   255 |    4308 |    7068     508    7068 |    1017     508    1017 |    0.2   18.9    0.8
527  |   254 |    4288 |    7049     509    7049 |    1018     509    1018 |    0.2   25.3    1.0
528  |   255 |    4300 |    7079     507    7079 |    1014     507    1014 |    0.2   27.6    0.9
529  |   255 |    4310 |    6077     507    6077 |    1013     507    1013 |    0.2   19.4    0.8
530  |   255 |    2790 |    7080     508    7080 |    1016     508    1016 |    0.2   27.0    1.0
531  |   255 |    4298 |    7063     506    7063 |    1013     506    1013 |    0.2   25.0    0.9
532  |   255 |    4312 |    7083     507    7083 |    1014     507    1014 |    0.3   29.1    1.0
533  |   255 |    4306 |    7078     507    7078 |    1013     507    1013 |    0.2   25.7    0.9
534  |   255 |    3543 |    7080     506    7080 |    1013     506    1013 |    0.2   18.0    1.0
535  |   255 |    4323 |    7093     507    7093 |    1015     508    1015 |    0.3   26.7    1.0
536  |   255 |    4299 |    6075     506    6075 |    1013     506    1013 |    0.2   18.2    0.9
537  |   255 |    2773 |    7048     508    7048 |    1015     508    1015 |    0.2   19.4    0.9
538  |   255 |    4325 |    7085     508    7085 |    1017     508    1017 |    0.2   25.8    1.0
539  |   255 |    2782 |    7086     507    7086 |    1014     507    1014 |    0.2   24.9    1.0
540  |   255 |    4313 |    7084     507    7084 |    1015     507    1015 |    0.2   27.0    0.9
541  |   255 |    4308 |    7077     506    7077 |    1013     506    1013 |    0.3   19.2    0.8
542  |   255 |    4325 |    7095     508    7095 |    1016     508    1016 |    0.2   26.6    1.0
543  |   254 |    4299 |    6071     507    6071 |    1013     507    1013 |    0.2   18.7    0.8
544  |   255 |    4297 |    6074     506    6074 |    1013     507    1013 |    0.2   22.6    0.8
545  |   255 |    4312 |    7075     507    7075 |    1015     507    1015 |    0.2   28.5    1.0
546  |   253 |    4261 |    6019     505    6019 |    1011     505    1011 |    0.2   18.0    0.8
547  |   255 |    4296 |    7052     506    7052 |    1013     506    1013 |    0.2   26.6    0.9
548  |   255 |    4307 |    7079     508    7079 |    1016     508    1016 |    0.2   26.2    1.1
549  |   255 |    3293 |    7088     507    7088 |    1015     508    1015 |    0.3   19.0    0.8
550  |   254 |    4306 |    7078     506    7078 |    1014     507    1014 |    0.2   26.9    0.9
551  |   255 |    4293 |    6071     506    6071 |    1013     506    1013 |    0.2   19.0    0.8
552  |   255 |    4327 |    7095     508    7095 |    1016     508    1016 |    0.2   26.3    1.2
553  |   254 |    3786 |    7046     506    7046 |    1013     506    1013 |    0.3   19.1    0.8
554  |   255 |    4325 |    7092     508    7092 |    1016     508    1016 |    0.2   27.0    1.0
555  |   255 |    4326 |    7089     508    7089 |    1016     508    1016 |    0.2   25.2    0.9
556  |   254 |    4301 |    7077     507    7077 |    1013     507    1013 |    0.2   25.7    1.0
557  |   255 |    4304 |    7081     507    7081 |    1014     507    1014 |    0.2   26.7    1.0
558  |   255 |    3286 |    7074     506    7074 |    1013     506    1013 |    0.2   19.0    0.8
559  |   255 |    2780 |    7084     507    7084 |    1015     507    1015 |    0.2   25.9    1.1
560  |   255 |    4324 |    7090     508    7090 |    1016     508    1016 |    0.3   25.8    1.0
561  |   255 |    4319 |    7086     508    7086 |    1015     508    1015 |    0.3   25.1    0.9
562  |   255 |    3024 |    7076     506    7076 |    1013     507    1013 |    0.2   26.1    0.9
563  |   255 |    4324 |    7095     508    7095 |    1015     508    1015 |    0.2   28.0    1.0
564  |   255 |    4273 |    6051     506    6051 |    1013     506    1013 |    0.2   18.6    0.8
565  |   254 |    3282 |    7044     507    7044 |    1014     507    1014 |    0.2   19.3    0.8
566  |   255 |    4314 |    7080     507    7080 |    1015     507    1015 |    0.2   25.2    0.9
567  |   255 |    4314 |    7072     508    7072 |    1016     508    1016 |    0.2   25.6    1.0
568  |   255 |    4314 |    7078     507    7078 |    1015     507    1015 |    0.2   26.6    1.0
569  |   255 |    3024 |    7079     507    7079 |    1014     507    1014 |    0.3   25.3    1.0
570  |   254 |    4271 |    6046     506    6046 |    1012     506    1012 |    0.3   18.8    0.8
571  |   255 |    4312 |    7075     507    7075 |    1014     507    1014 |    0.3   25.6    1.0
572  |   255 |    4322 |    7088     508    7088 |    1016     508    1016 |    0.2   25.7    0.9
573  |   255 |    4323 |    7084     508    7084 |    1016     508    1016 |    0.2   25.8    1.0
574  |   255 |    3291 |    7068     508    7068 |    1016     508    1016 |    0.2   26.4    0.9
575  |   255 |    3293 |    7081     508    7081 |    1016     508    1016 |    0.2   24.9    0.9
576  |   255 |    4321 |    7083     508    7083 |    1015     508    1015 |    0.2   25.7    0.9
577  |   255 |    4316 |    7087     507    7087 |    1015     507    1015 |    0.2   25.2    0.9
578  |   255 |    4325 |    7094     508    7094 |    1016     508    1016 |    0.3   27.2    1.1
579  |   255 |    3299 |    7096     507    7096 |    1015     508    1015 |    0.2   26.4    1.0
580  |   255 |    4314 |    7081     507    7081 |    1014     507    1014 |    0.2   27.0    1.1
581  |   255 |    4316 |    7078     507    7078 |    1014     507    1014 |    0.2   26.6    1.0
582  |   254 |    4297 |    6071     506    6071 |    1013     506    1013 |    0.3   18.4    0.8
583  |   255 |    4317 |    7085     508    7085 |    1017     508    1017 |    0.2   26.1    1.0
584  |   255 |    3528 |    6076     507    6076 |    1013     507    1013 |    0.2   18.3    0.8
585  |   255 |    4322 |    7079     508    7079 |    1015     508    1015 |    0.2   25.2    1.0
586  |   255 |    4306 |    7070     507    7070 |    1013     507    1013 |    0.2   24.9    0.9
587  |   255 |    4329 |    7094     508    7094 |    1016     508    1016 |    0.2   26.9    0.9
588  |   255 |    4317 |    7073     507    7073 |    1015     507    1015 |    0.3   26.3    1.0
589  |   255 |    4318 |    7082     508    7082 |    1017     508    1017 |    0.2   24.8    1.3
590  |   255 |    4313 |    7078     507    7078 |    1015     507    1015 |    0.3   26.6    1.0
591  |   255 |    4319 |    7090     507    7090 |    1014     507    1014 |    0.2   27.5    1.1
592  |   255 |    4313 |    7074     508    7074 |    1015     508    1015 |    0.3   28.7    1.0
593  |   255 |    4306 |    7069     507    7069 |    1013     507    1013 |    0.2   26.2    0.9
594  |   255 |    4318 |    7085     507    7085 |    1016     507    1016 |    0.2   29.1    0.9
595  |   255 |    4302 |    7060     506    7060 |    1013     506    1013 |    0.2   25.1    0.9
596  |   255 |    4315 |    7088     507    7088 |    1015     507    1015 |    0.2   27.5    1.0
597  |   255 |    4316 |    7085     508    7085 |    1016     508    1016 |    0.2   26.7    1.0
598  |   255 |    4324 |    7090     508    7090 |    1016     508    1016 |    0.2   26.2    0.9
599  |   255 |    4282 |    6059     506    6059 |    1013     506    1013 |    0.2   19.9    0.8
600  |   255 |    4303 |    7080     507    7080 |    1014     507    1014 |    0.2   26.4    1.0
601  |   255 |    2795 |    7090     508    7090 |    1016     508    1016 |    0.2   19.1    0.8
602  |   252 |    4264 |    6035     506    6035 |    1012     506    1012 |    0.2   17.9    0.8
603  |   255 |    4314 |    7083     507    7083 |    1013     507    1013 |    0.2   25.1    0.9
604  |   255 |    4301 |    7085     508    7085 |    1015     508    1015 |    0.2   25.7    1.0
605  |   255 |    4318 |    7090     508    7090 |    1016     508    1016 |    0.2   25.4    0.9
606  |   255 |    4308 |    7060     507    7060 |    1014     507    1014 |    0.2   24.5    0.9
607  |   255 |    4314 |    6082     507    6082 |    1015     507    1015 |    0.2   18.8    0.9
608  |   255 |    3532 |    6071     507    6071 |    1013     507    1013 |    0.2   18.7    0.8
609  |   254 |    4303 |    7074     506    7074 |    1014     507    1014 |    0.2   26.0    1.0
610  |   255 |    4303 |    7081     507    7081 |    1014     507    1014 |    0.2   25.2    0.9
611  |   254 |    4286 |    6062     506    6062 |    1012     506    1012 |    0.2   18.6    0.8
612  |   253 |    4283 |    6058     506    6058 |    1011     506    1011 |    0.2   19.1    0.8
613  |   255 |    4308 |    7067     506    7067 |    1013     506    1013 |    0.2   25.7    1.0
614  |   255 |    2769 |    7061     507    7061 |    1013     507    1013 |    0.2   20.5    0.8
615  |   255 |    4277 |    6053     506    6053 |    1013     506    1013 |    0.2   19.8    0.8
616  |   255 |    4319 |    7089     507    7089 |    1015     507    1015 |    0.2   26.5    0.9
617  |   255 |    4329 |    7095     508    7095 |    1016     508    1016 |    0.2   25.1    0.9
618  |   255 |    4303 |    6064     506    6064 |    1012     506    1012 |    0.2   18.1    0.8
619  |   255 |    4321 |    7093     508    7093 |    1016     508    1016 |    0.2   25.1    1.2
620  |   255 |    4320 |    7090     507    7090 |    1014     507    1014 |    0.3   26.0    1.0
621  |   253 |    4274 |    6050     506    6050 |    1011     506    1011 |    0.2   20.5    0.8
622  |   254 |    4296 |    7074     506    7074 |    1013     506    1013 |    0.2   24.9    0.9
623  |   255 |    4303 |    7074     506    7074 |    1012     506    1012 |    0.2   26.0    1.0
624  |   255 |    4312 |    7088     508    7088 |    1016     508    1016 |    0.3   24.9    1.0
625  |   255 |    4310 |    7084     508    7084 |    1016     508    1016 |    0.2   26.4    1.1
626  |   255 |    4295 |    7040     509    7040 |    1020     509    1020 |    0.3   25.6    0.9
627  |   255 |    2775 |    7076     506    7076 |    1013     506    1013 |    0.2   18.6    0.8
628  |   255 |    4310 |    7078     507    7078 |    1013     507    1013 |    0.3   19.6    0.8
629  |   255 |    4318 |    7085     507    7085 |    1014     507    1014 |    0.2   26.1    1.1
630  |   255 |    2780 |    7080     507    7080 |    1015     507    1015 |    0.3   26.9    1.0
631  |   255 |    4322 |    7083     509    7083 |    1017     509    1017 |    0.2   25.5    0.9
632  |   255 |    4287 |    7035     506    7035 |    1012     506    1012 |    0.2   25.0    1.0
633  |   255 |    4303 |    7065     506    7065 |    1012     506    1012 |    0.2   26.3    0.9
634  |   253 |    4283 |    7060     505    7060 |    1011     506    1011 |    0.2   19.8    0.8
635  |   255 |    4322 |    7095     508    7095 |    1016     508    1016 |    0.2   24.9    1.0
636  |   254 |    4297 |    7068     506    7068 |    1012     506    1012 |    0.2   24.4    0.9
637  |   255 |    4323 |    7083     508    7083 |    1017     508    1017 |    0.2   25.9    1.0
638  |   255 |    4307 |    7075     506    7075 |    1013     506    1013 |    0.2   26.7    1.0
639  |   254 |    4287 |    7041     505    7041 |    1012     505    1012 |    0.2   25.5    1.0
640  |   255 |    2778 |    7082     507    7082 |    1014     507    1014 |    0.2   25.8    1.0
641  |   255 |    4307 |    7083     507    7083 |    1014     507    1014 |    0.2   26.4    1.0
642  |   254 |    4301 |    7074     506    7074 |    1013     506    1013 |    0.2   25.2    0.9
643  |   255 |    4325 |    7095     508    7095 |    1016     508    1016 |    0.2   26.5    1.0
644  |   255 |    4275 |    6051     506    6051 |    1013     506    1013 |    0.2   18.3    0.8
645  |   254 |    4299 |    7067     506    7067 |    1012     506    1012 |    0.2   25.4    0.9
646  |   255 |    3013 |    6062     506    6062 |    1012     506    1012 |    0.2   19.3    0.8
647  |   255 |    4318 |    7092     507    7092 |    1014     507    1014 |    0.2   25.2    0.9
648  |   255 |    4279 |    6060     506    6060 |    1013     506    1013 |    0.2   18.8    0.9
649  |   255 |    4323 |    7092     508    7092 |    1016     508    1016 |    0.2   25.8    0.9
650  |   255 |    4312 |    7070     507    7070 |    1014     507    1014 |    0.2   28.1    1.0
651  |   254 |    4303 |    7073     507    7073 |    1014     507    1014 |    0.2   19.9    0.8
652  |   255 |    4304 |    7054     506    7054 |    1014     506    1014 |    0.2   24.1    1.0
653  |   255 |    4273 |    6052     506    6052 |    1013     506    1013 |    0.2   18.4    0.8
654  |   254 |    4301 |    7078     507    7078 |    1014     507    1014 |    0.2   25.8    1.0
655  |   254 |    3792 |    7066     507    7066 |    1014     506    1014 |    0.2   18.8    1.0
656  |   255 |    4285 |    7027     509    7027 |    1019     509    1019 |    0.3   19.3    0.8
657  |   255 |    3282 |    6070     507    6070 |    1014     507    1014 |    0.2   19.6    0.8
658  |   255 |    2774 |    7078     507    7078 |    1013     506    1013 |    0.2   21.1    1.1
659  |   255 |    4321 |    7090     508    7090 |    1017     508    1017 |    0.3   25.9    1.0
660  |   255 |    4323 |    7088     508    7088 |    1015     508    1015 |    0.2   25.3    1.0
661  |   254 |    4299 |    7081     507    7081 |    1013     507    1013 |    0.2   26.1    0.9
662  |   255 |    4315 |    7078     508    7078 |    1015     508    1015 |    0.2   27.1    1.0
663  |   255 |    4311 |    7068     507    7068 |    1014     507    1014 |    0.2   23.7    0.9
664  |   255 |    4318 |    7096     508    7096 |    1015     508    1015 |    0.2   25.9    1.2
665  |   255 |    4321 |    7091     508    7091 |    1015     508    1015 |    0.2   24.1    0.9
666  |   255 |    4302 |    7062     512    7062 |    1024     512    1024 |    0.2   24.4    0.9
667  |   255 |    3304 |    7093     507    7093 |    1015     507    1015 |    0.3   25.4    0.9
668  |   255 |    4320 |    7084     507    7084 |    1015     507    1015 |    0.2   26.0    1.0
669  |   255 |    4320 |    7087     508    7087 |    1015     508    1015 |    0.2   24.5    1.0
670  |   255 |    4302 |    6064     507    6064 |    1015     507    1015 |    0.2   18.7    0.8
671  |   255 |    4328 |    7095     508    7095 |    1017     508    1017 |    0.2   28.5    1.3
672  |   255 |    4315 |    7082     507    7082 |    1014     507    1014 |    0.3   26.5    1.0
673  |   254 |    4300 |    7062     506    7062 |    1013     506    1013 |    0.2   25.9    0.9
674  |   255 |    4308 |    7085     507    7085 |    1014     507    1014 |    0.2   25.0    1.2
675  |   255 |    4291 |    7074     507    7074 |    1013     506    1013 |    0.3   20.5    0.8
676  |   255 |    4308 |    7082     507    7082 |    1015     507    1015 |    0.2   24.7    0.9
677  |   255 |    4325 |    7093     508    7093 |    1017     508    1017 |    0.2   25.9    0.9
678  |   255 |    3281 |    7075     506    7075 |    1013     506    1013 |    0.2   24.9    0.9
679  |   255 |    4301 |    7082     506    7082 |    1014     507    1014 |    0.2   25.6    0.9
680  |   255 |    4306 |    7071     509    7071 |    1019     510    1019 |    0.2   27.5    1.0
681  |   255 |    4323 |    7077     508    7077 |    1017     508    1017 |    0.2   25.8    0.9
682  |   255 |    4313 |    7082     507    7082 |    1015     507    1015 |    0.2   25.5    0.9
683  |   254 |    3009 |    6048     505    6048 |    1013     506    1013 |    0.2   18.9    0.8
684  |   255 |    4306 |    7073     507    7073 |    1013     507    1013 |    0.2   24.8    0.9
685  |   254 |    4296 |    7062     505    7062 |    1012     505    1012 |    0.2   25.8    1.0
686  |   255 |    4301 |    7047     511    7047 |    1023     511    1023 |    0.2   24.4    0.9
687  |   255 |    4314 |    7078     507    7078 |    1014     507    1014 |    0.2   26.2    1.0
688  |   253 |    4259 |    6036     505    6036 |    1010     505    1010 |    0.3   18.2    0.8
689  |   255 |    4319 |    7083     508    7083 |    1016     508    1016 |    0.2   25.3    1.0
690  |   255 |    4311 |    7087     507    7087 |    1015     507    1015 |    0.3   26.9    1.0
691  |   255 |    4299 |    7071     506    7071 |    1014     507    1014 |    0.2   25.7    1.0
692  |   255 |    4316 |    7078     507    7078 |    1014     507    1014 |    0.2   25.2    1.0
693  |   254 |    4292 |    6068     506    6068 |    1012     506    1012 |    0.2   19.5    0.8
694  |   255 |    3300 |    7078     507    7078 |    1015     507    1015 |    0.3   18.6    0.9
695  |   255 |    2772 |    6066     506    6066 |    1013     506    1013 |    0.2   19.1    0.8
696  |   255 |    4322 |    7094     507    7094 |    1015     507    1015 |    0.2   25.5    1.0
697  |   252 |    2977 |    5966     505    5966 |    1011     505    1011 |    0.2   17.9    0.8
698  |   254 |    4303 |    7074     506    7074 |    1012     506    1012 |    0.2   25.7    1.0
699  |   255 |    2791 |    7082     507    7082 |    1014     507    1014 |    0.2   18.8    0.8
700  |   254 |    4267 |    7010     505    7010 |    1011     505    1011 |    0.2   25.1    0.9
701  |   254 |    4308 |    7077     507    7077 |    1015     507    1015 |    0.2   24.9    0.9
702  |   255 |    4326 |    7096     508    7096 |    1016     508    1016 |    0.2   21.9    1.0
703  |   255 |    4315 |    7089     507    7089 |    1015     508    1015 |    0.3   27.7    1.0
704  |   255 |    4294 |    7075     506    7075 |    1013     506    1013 |    0.2   24.6    1.0
705  |   255 |    3293 |    7084     508    7084 |    1017     508    1017 |    0.2   25.6    1.0
706  |   255 |    4308 |    7072     507    7072 |    1015     507    1015 |    0.2   25.8    0.9
707  |   254 |    4278 |    6053     505    6053 |    1012     505    1012 |    0.2   18.2    0.8
708  |   254 |    4289 |    7069     506    7069 |    1012     506    1012 |    0.2   25.5    0.9
709  |   255 |    4310 |    7085     507    7085 |    1014     507    1014 |    0.2   23.4    0.9
710  |   255 |    4317 |    7086     508    7086 |    1015     508    1015 |    0.2   26.1    0.9
711  |   255 |    4293 |    6067     507    6067 |    1014     507    1014 |    0.2   19.8    0.9
712  |   255 |    4323 |    7098     508    7098 |    1016     508    1016 |    0.2   27.9    1.3
713  |   255 |    4298 |    7075     506    7075 |    1013     507    1013 |    0.3   26.3    0.9
714  |   255 |    4310 |    7074     506    7074 |    1013     506    1013 |    0.2   26.7    1.1
715  |   255 |    2784 |    7075     508    7075 |    1015     508    1015 |    0.2   25.4    0.9
716  |   255 |    4326 |    7098     508    7098 |    1016     508    1016 |    0.2   25.0    1.2
717  |   255 |    4297 |    6074     507    6074 |    1013     506    1013 |    0.3   19.2    0.8
718  |   254 |    4284 |    7040     507    7040 |    1014     507    1014 |    0.2   24.8    1.1
719  |   255 |    4299 |    7075     506    7075 |    1013     506    1013 |    0.2   24.4    1.0
720  |   255 |    4322 |    7092     508    7092 |    1016     508    1016 |    0.3   24.3    1.0
721  |   255 |    4319 |    7081     508    7081 |    1017     508    1017 |    0.2   26.0    1.0
722  |   255 |    3028 |    7086     507    7086 |    1016     507    1016 |    0.2   26.1    0.9
723  |   254 |    4305 |    7073     507    7073 |    1014     507    1014 |    0.2   25.2    0.9
724  |   255 |    2776 |    7082     506    7082 |    1013     507    1013 |    0.2   27.1    0.9
725  |   255 |    4314 |    7082     507    7082 |    1015     507    1015 |    0.2   26.6    1.0
726  |   255 |    2776 |    6069     507    6069 |    1014     507    1014 |    0.2   18.2    1.0
727  |   255 |    3536 |    7059     507    7059 |    1014     507    1014 |    0.3   18.7    0.8
728  |   255 |    4308 |    7076     507    7076 |    1014     507    1014 |    0.2   25.1    0.9
729  |   255 |    3271 |    6074     506    6074 |    1013     506    1013 |    0.2   18.2    0.8
730  |   255 |    3028 |    7094     507    7094 |    1015     508    1015 |    0.2   25.7    0.9
731  |   253 |    4272 |    6047     505    6047 |    1010     505    1010 |    0.2   18.1    0.9
732  |   255 |    4305 |    7086     507    7086 |    1015     507    1015 |    0.2   24.8    1.0
733  |   254 |    4292 |    7068     506    7068 |    1012     506    1012 |    0.2   24.3    0.9
734  |   255 |    4319 |    7075     507    7075 |    1014     507    1014 |    0.2   24.9    0.9
735  |   255 |    4291 |    7079     506    7079 |    1013     506    1013 |    0.2   25.8    0.9
736  |   254 |    4304 |    7071     506    7071 |    1013     506    1013 |    0.2   25.2    1.2
737  |   255 |    4306 |    7082     507    7082 |    1014     507    1014 |    0.3   25.5    0.9
738  |   255 |    2786 |    7087     507    7087 |    1015     507    1015 |    0.2   25.9    1.0
739  |   255 |    3020 |    6066     506    6066 |    1013     506    1013 |    0.2   18.7    0.8
740  |   255 |    4318 |    7087     508    7087 |    1015     508    1015 |    0.2   27.2    1.0
741  |   255 |    4306 |    7079     508    7079 |    1015     508    1015 |    0.2   26.0    0.9
742  |   255 |    4319 |    7088     508    7088 |    1016     508    1016 |    0.2   26.5    1.0
743  |   255 |    4323 |    7085     508    7085 |    1016     508    1016 |    0.2   27.6    0.9
744  |   254 |    4304 |    7076     507    7076 |    1013     507    1013 |    0.2   25.9    1.0
745  |   255 |    2778 |    7080     507    7080 |    1014     507    1014 |    0.2   24.2    0.9
746  |   254 |    2778 |    7072     507    7072 |    1013     507    1013 |    0.2   23.8    0.9
747  |   255 |    4323 |    7093     507    7093 |    1015     507    1015 |    0.2   19.1    0.8
748  |   255 |    4322 |    7090     508    7090 |    1015     508    1015 |    0.3   26.0    1.0
749  |   255 |    4307 |    7077     508    7077 |    1015     508    1015 |    0.2   18.9    0.8
750  |   254 |    4294 |    7054     505    7054 |    1012     505    1012 |    0.2   26.7    0.9
751  |   255 |    3038 |    7088     508    7088 |    1015     508    1015 |    0.2   19.9    0.8
752  |   255 |    4318 |    7087     507    7087 |    1015     507    1015 |    0.2   26.0    0.9
753  |   255 |    4322 |    7091     508    7091 |    1017     508    1017 |    0.2   27.1    1.0
754  |   254 |    4290 |    7059     505    7059 |    1011     505    1011 |    0.2   24.8    1.0
755  |   255 |    4311 |    7085     507    7085 |    1014     507    1014 |    0.2   24.7    1.0
756  |   255 |    3292 |    7076     508    7076 |    1016     508    1016 |    0.3   25.3    0.9
757  |   255 |    4275 |    7033     508    7033 |    1016     508    1016 |    0.2   18.8    0.8
758  |   255 |    4315 |    7094     508    7094 |    1015     508    1015 |    0.2   26.3    0.9
759  |   254 |    4306 |    7082     506    7082 |    1013     506    1013 |    0.2   25.6    0.9
760  |   255 |    3270 |    6060     506    6060 |    1013     506    1013 |    0.2   18.5    0.8
761  |   254 |    4297 |    7068     506    7068 |    1013     506    1013 |    0.3   25.1    0.9
762  |   255 |    4322 |    7096     508    7096 |    1016     508    1016 |    0.2   24.9    0.9
763  |   255 |    4311 |    7081     507    7081 |    1015     507    1015 |    0.2   26.0    1.0
764  |   254 |    4294 |    7070     507    7070 |    1013     507    1013 |    0.3   27.3    1.0
765  |   255 |    2777 |    7073     506    7073 |    1013     507    1013 |    0.2   25.1    1.0
766  |   255 |    4297 |    7080     506    7080 |    1013     506    1013 |    0.2   24.9    1.0
767  |   255 |    4322 |    7089     508    7089 |    1017     508    1017 |    0.2   25.2    1.0
768  |   255 |    2800 |    7101     508    7101 |    1016     508    1016 |    0.2   19.0    0.8
769  |   253 |    4267 |    6041     505    6041 |    1010     505    1010 |    0.2   18.7    1.1
770  |   255 |    4323 |    6084     508    6084 |    1016     508    1016 |    0.3   19.8    0.8
771  |   255 |    4320 |    7092     507    7092 |    1015     508    1015 |    0.2   18.6    0.8
772  |   255 |    4306 |    7061     507    7061 |    1014     507    1014 |    0.2   26.1    1.0
773  |   254 |    4304 |    7075     507    7075 |    1014     507    1014 |    0.2   25.1    0.9
774  |   254 |    4275 |    6050     506    6050 |    1012     505    1012 |    0.2   19.8    0.8
775  |   255 |    4295 |    6071     506    6071 |    1013     506    1013 |    0.2   18.4    0.8
776  |   253 |    4294 |    7070     505    7070 |    1012     506    1012 |    0.2   25.4    0.9
777  |   255 |    2777 |    6073     507    6073 |    1014     507    1014 |    0.2   18.8    0.8
778  |   254 |    4291 |    7053     505    7053 |    1012     505    1012 |    0.2   25.5    0.9
779  |   255 |    4325 |    7080     509    7080 |    1017     509    1017 |    0.2   24.7    0.9
780  |   255 |    4325 |    7091     508    7091 |    1017     508    1017 |    0.2   23.7    1.2
781  |   251 |    4232 |    6001     505    6001 |    1010     505    1010 |    0.3   19.3    0.8
782  |   254 |    4298 |    7070     506    7070 |    1013     506    1013 |    0.3   24.5    0.9
783  |   255 |    4310 |    7075     507    7075 |    1014     507    1014 |    0.2   25.5    0.9
784  |   255 |    3806 |    7077     509    7077 |    1018     509    1018 |    0.2   19.0    0.8
785  |   255 |    4326 |    7096     508    7096 |    1016     508    1016 |    0.2   25.4    1.0
786  |   255 |    4302 |    7081     507    7081 |    1013     507    1013 |    0.2   24.9    1.0
787  |   254 |    4277 |    6054     505    6054 |    1012     505    1012 |    0.3   18.8    0.9
788  |   255 |    3037 |    7091     509    7091 |    1017     509    1017 |    0.2   24.5    0.9
789  |   255 |    4313 |    7086     507    7086 |    1015     507    1015 |    0.2   26.1    0.9
790  |   255 |    4321 |    7087     508    7087 |    1017     508    1017 |    0.2   26.7    1.2
791  |   255 |    3287 |    7062     507    7062 |    1014     507    1014 |    0.3   19.7    0.8
792  |   255 |    4319 |    7091     507    7091 |    1014     507    1014 |    0.2   25.9    1.0
793  |   255 |    4322 |    7092     508    7092 |    1015     508    1015 |    0.2   25.1    1.0
794  |   255 |    4312 |    7081     507    7081 |    1013     507    1013 |    0.3   24.8    0.9
795  |   255 |    2793 |    7084     507    7084 |    1014     507    1014 |    0.2   19.9    0.9
796  |   255 |    4293 |    6069     506    6069 |    1012     506    1012 |    0.2   19.1    0.8
797  |   255 |    4311 |    7080     507    7080 |    1013     507    1013 |    0.2   24.7    0.9
798  |   255 |    4316 |    7072     508    7072 |    1016     508    1016 |    0.2   24.7    0.9
799  |   254 |    4302 |    7071     506    7071 |    1012     506    1012 |    0.2   25.0    1.0
800  |   255 |    4324 |    7097     508    7097 |    1015     507    1015 |    0.2   25.5    0.9
801  |   255 |    4284 |    6062     506    6062 |    1013     506    1013 |    0.3   18.5    0.8
802  |   254 |    4247 |    6022     506    6022 |    1012     506    1012 |    0.2   18.5    0.8
803  |   255 |    3014 |    7051     506    7051 |    1013     506    1013 |    0.2   18.3    0.8
804  |   255 |    4286 |    6060     507    6060 |    1013     507    1013 |    0.2   18.5    0.8
805  |   255 |    4327 |    7092     509    7092 |    1017     509    1017 |    0.2   25.8    0.9
806  |   255 |    4285 |    6060     506    6060 |    1013     506    1013 |    0.2   19.2    0.8
807  |   255 |    4320 |    7093     507    7093 |    1014     507    1014 |    0.2   24.7    1.0
808  |   255 |    4316 |    7089     507    7089 |    1014     507    1014 |    0.2   24.7    0.9
809  |   255 |    4328 |    7100     508    7100 |    1016     508    1016 |    0.2   25.6    1.0
810  |   255 |    4327 |    7096     507    7096 |    1015     508    1015 |    0.2   25.9    1.0
811  |   255 |    4310 |    7069     506    7069 |    1013     506    1013 |    0.2   25.5    1.0
812  |   255 |    4323 |    7091     508    7091 |    1016     508    1016 |    0.2   24.8    0.9
813  |   255 |    4316 |    7080     507    7080 |    1013     507    1013 |    0.2   24.9    0.9
814  |   255 |    4296 |    7035     509    7035 |    1018     509    1018 |    0.3   24.3    0.9
815  |   255 |    4321 |    7093     508    7093 |    1016     508    1016 |    0.2   24.7    0.9
816  |   255 |    4244 |    6026     506    6026 |    1013     506    1013 |    0.2   18.0    0.8
817  |   255 |    4309 |    7071     506    7071 |    1013     506    1013 |    0.3   24.8    1.1
818  |   255 |    4321 |    7086     508    7086 |    1015     508    1015 |    0.3   25.8    1.0
819  |   255 |    3029 |    6081     508    6081 |    1016     508    1016 |    0.2   18.2    0.8
820  |   255 |    4320 |    7091     507    7091 |    1014     507    1014 |    0.3   24.7    1.0
821  |   255 |    4304 |    7062     506    7062 |    1013     506    1013 |    0.2   25.2    1.0
822  |   255 |    4313 |    7082     507    7082 |    1015     507    1015 |    0.2   25.7    1.0
823  |   255 |    4309 |    7079     508    7079 |    1016     508    1016 |    0.3   27.1    0.9
824  |   255 |    4324 |    7081     508    7081 |    1016     508    1016 |    0.2   26.3    1.0
825  |   255 |    4318 |    7078     507    7078 |    1014     507    1014 |    0.2   24.0    0.9
826  |   253 |    4282 |    6054     505    6054 |    1011     505    1011 |    0.2   18.4    0.9
827  |   255 |    4318 |    7091     507    7091 |    1015     507    1015 |    0.2   24.8    1.0
828  |   255 |    4310 |    7078     507    7078 |    1017     507    1017 |    0.2   24.5    1.0
829  |   255 |    4324 |    7091     508    7091 |    1017     508    1017 |    0.2   27.5    1.0
830  |   255 |    3009 |    6052     506    6052 |    1013     506    1013 |    0.2   18.2    0.8
831  |   255 |    4312 |    7088     507    7088 |    1014     507    1014 |    0.2   25.6    1.0
832  |   254 |    4308 |    7075     506    7075 |    1014     506    1014 |    0.2   25.2    0.9
833  |   255 |    3013 |    7078     506    7078 |    1014     507    1014 |    0.2   25.2    1.0
834  |   255 |    4306 |    7057     506    7057 |    1014     506    1014 |    0.3   25.6    1.0
835  |   255 |    4308 |    7066     507    7066 |    1014     507    1014 |    0.2   24.6    1.2
836  |   255 |    4317 |    7089     507    7089 |    1015     508    1015 |    0.2   26.1    1.0
837  |   255 |    4328 |    7093     508    7093 |    1016     508    1016 |    0.2   26.1    1.0
838  |   255 |    4319 |    7093     507    7093 |    1015     507    1015 |    0.2   25.6    0.9
839  |   255 |    4318 |    7090     507    7090 |    1015     508    1015 |    0.2   25.2    0.9
840  |   255 |    4307 |    7065     507    7065 |    1013     507    1013 |    0.3   25.0    0.9
841  |   254 |    2750 |    6019     506    6019 |    1012     506    1012 |    0.2   17.9    0.8
842  |   255 |    2799 |    7012     509    7012 |    1019     509    1019 |    0.2   19.2    0.8
843  |   255 |    3032 |    7081     508    7081 |    1016     508    1016 |    0.2   26.1    1.0
844  |   254 |    4302 |    6073     506    6073 |    1013     506    1013 |    0.2   19.7    1.2
845  |   255 |    4315 |    7083     507    7083 |    1015     507    1015 |    0.3   26.4    1.0
846  |   255 |    4320 |    7083     508    7083 |    1016     508    1016 |    0.2   27.1    1.1
847  |   255 |    4322 |    7088     508    7088 |    1015     508    1015 |    0.2   26.2    1.0
848  |   255 |    4313 |    7085     507    7085 |    1014     507    1014 |    0.2   25.9    1.0
849  |   255 |    4324 |    7091     508    7091 |    1017     508    1017 |    0.2   25.0    1.0
850  |   254 |    4299 |    7070     507    7070 |    1013     507    1013 |    0.2   24.7    1.0
851  |   255 |    4288 |    7041     505    7041 |    1012     505    1012 |    0.2   25.8    0.9
852  |   255 |    3267 |    7030     507    7030 |    1017     507    1017 |    0.3   19.7    0.8
853  |   255 |    4313 |    7070     508    7070 |    1016     508    1016 |    0.2   26.5    0.9
854  |   254 |    4306 |    7076     507    7076 |    1015     507    1015 |    0.2   25.3    1.0
855  |   255 |    4326 |    7085     509    7085 |    1018     509    1018 |    0.2   27.0    1.1
856  |   255 |    4315 |    7083     507    7083 |    1014     507    1014 |    0.3   27.1    1.2
857  |   254 |    4305 |    7078     506    7078 |    1013     506    1013 |    0.3   26.1    0.9
858  |   255 |    4326 |    7094     508    7094 |    1016     508    1016 |    0.2   25.1    1.0
859  |   255 |    4318 |    7067     506    7067 |    1016     507    1016 |    0.2   27.1    1.0
860  |   255 |    4311 |    7085     507    7085 |    1014     507    1014 |    0.2   24.6    0.9
861  |   255 |    3306 |    7083     508    7083 |    1017     508    1017 |    0.2   19.1    0.8
862  |   255 |    4319 |    7099     508    7099 |    1016     508    1016 |    0.2   26.8    1.0
863  |   255 |    4320 |    7084     508    7084 |    1015     508    1015 |    0.3   25.8    1.0
864  |   255 |    2775 |    6071     506    6071 |    1014     506    1014 |    0.2   20.7    0.8
865  |   255 |    4315 |    7079     507    7079 |    1014     507    1014 |    0.3   25.1    0.9
866  |   255 |    4323 |    7082     508    7082 |    1017     508    1017 |    0.2   26.7    1.0
867  |   255 |    4318 |    7080     507    7080 |    1014     507    1014 |    0.2   27.2    0.9
868  |   255 |    4304 |    7071     506    7071 |    1013     506    1013 |    0.2   25.8    0.9
869  |   254 |    4295 |    7059     506    7059 |    1012     506    1012 |    0.2   24.6    0.9
870  |   255 |    3286 |    7078     507    7078 |    1014     507    1014 |    0.2   27.6    1.3
871  |   255 |    3793 |    7071     507    7071 |    1015     507    1015 |    0.4   20.9    0.8
872  |   255 |    4314 |    7086     507    7086 |    1014     507    1014 |    0.2   25.8    0.9
873  |   255 |    4289 |    6069     507    6069 |    1013     507    1013 |    0.2   21.2    1.1
874  |   254 |    4302 |    7066     506    7066 |    1013     506    1013 |    0.2   25.9    1.1
875  |   255 |    4307 |    7065     506    7065 |    1013     506    1013 |    0.3   27.0    1.0
876  |   255 |    4316 |    7086     508    7086 |    1016     508    1016 |    0.2   26.2    0.9
877  |   254 |    4271 |    6047     506    6047 |    1012     506    1012 |    0.2   19.8    0.9
878  |   255 |    4320 |    7083     508    7083 |    1017     508    1017 |    0.3   25.2    0.9
879  |   255 |    2772 |    6059     507    6059 |    1013     507    1013 |    0.2   18.6    0.8
880  |   255 |    4310 |    7079     507    7079 |    1014     507    1014 |    0.2   26.2    1.0
881  |   254 |    4300 |    7065     507    7065 |    1014     507    1014 |    0.2   25.0    1.2
882  |   255 |    4317 |    7074     508    7074 |    1015     508    1015 |    0.2   25.8    1.0
883  |   255 |    4293 |    6070     507    6070 |    1013     507    1013 |    0.2   18.5    0.8
884  |   255 |    4316 |    7081     507    7081 |    1014     507    1014 |    0.2   24.9    1.0
885  |   253 |    3501 |    6030     505    6030 |    1010     505    1010 |    0.2   19.2    0.8
886  |   255 |    4315 |    7077     507    7077 |    1015     508    1015 |    0.2   25.2    0.9
887  |   254 |    4282 |    7041     506    7041 |    1012     506    1012 |    0.2   18.7    0.8
888  |   255 |    4313 |    7086     507    7086 |    1014     507    1014 |    0.2   26.3    1.0
889  |   255 |    4306 |    7072     506    7072 |    1013     506    1013 |    0.3   24.7    0.9
890  |   255 |    4316 |    7075     507    7075 |    1014     507    1014 |    0.2   28.2    0.9
891  |   255 |    2782 |    7083     506    7083 |    1013     507    1013 |    0.2   25.5    0.9
892  |   255 |    4307 |    7071     507    7071 |    1015     507    1015 |    0.2   24.9    1.0
893  |   255 |    4267 |    6045     506    6045 |    1012     506    1012 |    0.2   18.5    0.8
894  |   255 |    4294 |    7057     506    7057 |    1012     506    1012 |    0.2   25.0    0.9
895  |   255 |    2789 |    7078     508    7078 |    1016     508    1016 |    0.2   25.5    1.1
896  |   255 |    4311 |    7086     507    7086 |    1015     507    1015 |    0.2   25.6    0.9
897  |   255 |    3277 |    6069     506    6069 |    1013     506    1013 |    0.2   18.6    0.8
898  |   254 |    4290 |    7068     505    7068 |    1012     506    1012 |    0.2   26.7    0.9
899  |   255 |    2788 |    7088     508    7088 |    1016     508    1016 |    0.2   24.6    1.0
900  |   255 |    4258 |    6040     506    6040 |    1013     506    1013 |    0.2   18.5    0.8
901  |   255 |    4306 |    7083     507    7083 |    1015     507    1015 |    0.2   25.3    1.0
902  |   255 |    3295 |    7095     507    7095 |    1015     507    1015 |    0.2   25.3    0.9
903  |   255 |    4315 |    7082     508    7082 |    1016     508    1016 |    0.2   26.2    1.0
904  |   255 |    4322 |    7093     508    7093 |    1016     508    1016 |    0.3   25.4    0.9
905  |   254 |    4297 |    7074     506    7074 |    1013     506    1013 |    0.2   25.2    0.9
906  |   255 |    4294 |    7060     506    7060 |    1012     506    1012 |    0.2   19.1    0.8
907  |   255 |    4323 |    7096     508    7096 |    1016     508    1016 |    0.3   26.8    0.9
908  |   255 |    4305 |    7081     507    7081 |    1014     507    1014 |    0.2   26.3    1.0
909  |   255 |    2760 |    6050     506    6050 |    1013     506    1013 |    0.2   18.0    0.9
910  |   255 |    4321 |    7094     508    7094 |    1015     508    1015 |    0.2   26.5    1.0
911  |   255 |    3294 |    7091     507    7091 |    1015     507    1015 |    0.3   26.0    1.0
912  |   255 |    4318 |    7082     508    7082 |    1017     508    1017 |    0.2   25.7    0.9
913  |   254 |    4289 |    7050     506    7050 |    1014     506    1014 |    0.2   18.7    0.8
914  |   255 |    2780 |    7075     507    7075 |    1015     507    1015 |    0.2   24.9    1.1
915  |   255 |    4316 |    7076     507    7076 |    1014     507    1014 |    0.2   25.6    0.9
916  |   255 |    4314 |    7081     507    7081 |    1014     507    1014 |    0.3   26.9    1.3
917  |   255 |    4294 |    6070     506    6070 |    1012     506    1012 |    0.2   18.5    0.8
918  |   254 |    4304 |    7068     507    7068 |    1013     507    1013 |    0.2   25.7    0.9
919  |   254 |    4290 |    7061     505    7061 |    1012     505    1012 |    0.2   25.7    1.0
920  |   255 |    4306 |    7071     506    7071 |    1012     506    1012 |    0.2   26.1    1.0
921  |   255 |    4321 |    7085     509    7085 |    1017     509    1017 |    0.2   27.7    1.0
922  |   255 |    4279 |    7049     508    7049 |    1015     507    1015 |    0.2   19.1    0.8
923  |   255 |    3293 |    7086     507    7086 |    1015     507    1015 |    0.2   18.6    1.2
924  |   255 |    4308 |    7079     506    7079 |    1013     506    1013 |    0.3   26.3    0.9
925  |   253 |    4281 |    6056     505    6056 |    1010     505    1010 |    0.2   18.0    0.8
926  |   254 |    4310 |    7081     507    7081 |    1014     507    1014 |    0.2   29.3    1.3
927  |   255 |    4318 |    7091     507    7091 |    1015     507    1015 |    0.3   25.9    0.9
928  |   254 |    3026 |    7085     507    7085 |    1014     507    1014 |    0.2   25.7    1.0
929  |   255 |    4324 |    7079     509    7079 |    1018     509    1018 |    0.2   20.3    0.8
930  |   255 |    4309 |    7086     507    7086 |    1014     507    1014 |    0.2   27.4    1.0
931  |   255 |    2780 |    6073     506    6073 |    1013     506    1013 |    0.2   19.6    0.8
932  |   255 |    4321 |    7086     507    7086 |    1015     507    1015 |    0.2   26.3    0.9
933  |   254 |    4284 |    7037     506    7037 |    1014     506    1014 |    0.2   26.2    0.9
934  |   254 |    4302 |    7068     506    7068 |    1012     506    1012 |    0.2   25.6    1.0
935  |   255 |    4322 |    7078     509    7078 |    1018     509    1018 |    0.2   26.5    1.0
936  |   254 |    4303 |    7067     507    7067 |    1013     506    1013 |    0.2   27.4    1.0
937  |   255 |    4313 |    7084     507    7084 |    1014     507    1014 |    0.2   27.3    1.0
938  |   255 |    4296 |    6070     507    6070 |    1013     507    1013 |    0.2   19.7    0.9
939  |   255 |    4310 |    7081     508    7081 |    1015     508    1015 |    0.2   30.9    0.9
940  |   255 |    4307 |    7083     507    7083 |    1015     508    1015 |    0.2   26.3    1.0
941  |   255 |    4314 |    7092     507    7092 |    1014     507    1014 |    0.3   28.7    1.0
942  |   255 |    4315 |    7092     507    7092 |    1015     507    1015 |    0.3   28.6    1.0
943  |   252 |    4266 |    6040     505    6040 |    1010     505    1010 |    0.2   19.7    0.8
944  |   255 |    4295 |    6071     506    6071 |    1013     506    1013 |    0.2   19.8    0.8
945  |   255 |    3532 |    6076     507    6076 |    1013     507    1013 |    0.2   18.7    0.8
946  |   255 |    3527 |    6068     506    6068 |    1012     506    1012 |    0.2   19.0    0.8
947  |   255 |    4324 |    7094     507    7094 |    1015     507    1015 |    0.2   27.4    1.0
948  |   255 |    4326 |    7093     507    7093 |    1015     507    1015 |    0.4   26.0    0.9
949  |   255 |    3299 |    7060     508    7060 |    1018     508    1018 |    0.3   19.5    0.8
950  |   255 |    4296 |    6071     507    6071 |    1014     507    1014 |    0.2   19.0    0.9
951  |   255 |    4314 |    7085     508    7085 |    1015     508    1015 |    0.3   26.2    1.0
952  |   255 |    4317 |    7084     507    7084 |    1015     507    1015 |    0.2   25.9    1.0
953  |   255 |    2791 |    7090     507    7090 |    1016     507    1016 |    0.2   19.8    0.9
954  |   255 |    4318 |    7083     507    7083 |    1016     508    1016 |    0.3   27.1    0.9
955  |   255 |    4320 |    7088     507    7088 |    1015     507    1015 |    0.2   24.6    0.9
956  |   255 |    4309 |    7072     507    7072 |    1013     507    1013 |    0.3   25.4    0.9
957  |   255 |    4313 |    7087     508    7087 |    1015     508    1015 |    0.2   28.3    1.2
958  |   255 |    4319 |    7089     508    7089 |    1015     508    1015 |    0.3   26.6    1.0
959  |   255 |    4309 |    7077     507    7077 |    1015     507    1015 |    0.2   24.7    1.0
960  |   254 |    4304 |    7079     507    7079 |    1014     507    1014 |    0.2   25.1    1.0
961  |   254 |    4287 |    6063     506    6063 |    1012     506    1012 |    0.2   19.0    0.8
962  |   254 |    4292 |    7044     505    7044 |    1013     505    1013 |    0.2   24.3    0.9
963  |   255 |    4317 |    7085     507    7085 |    1015     507    1015 |    0.2   25.5    1.0
964  |   255 |    2767 |    6064     507    6064 |    1013     507    1013 |    0.3   19.8    0.8
965  |   255 |    4322 |    7086     508    7086 |    1016     508    1016 |    0.2   24.3    1.0
966  |   255 |    4317 |    7086     507    7086 |    1014     507    1014 |    0.3   26.6    1.0
967  |   255 |    4312 |    7079     507    7079 |    1015     507    1015 |    0.2   25.4    0.9
968  |   255 |    4306 |    7057     507    7057 |    1014     507    1014 |    0.2   24.0    1.1
969  |   255 |    4322 |    7094     508    7094 |    1015     508    1015 |    0.3   24.5    1.0
970  |   254 |    4282 |    6056     506    6056 |    1012     506    1012 |    0.2   19.3    0.8
971  |   255 |    4324 |    7086     508    7086 |    1016     508    1016 |    0.3   25.2    0.9
972  |   255 |    4313 |    7076     507    7076 |    1013     507    1013 |    0.2   26.4    0.9
973  |   255 |    4309 |    7083     507    7083 |    1015     507    1015 |    0.2   27.4    1.0
974  |   255 |    3287 |    7069     508    7069 |    1017     508    1017 |    0.2   25.5    1.1
975  |   255 |    4290 |    7041     506    7041 |    1012     506    1012 |    0.2   26.3    0.9
976  |   254 |    4295 |    7066     506    7066 |    1012     506    1012 |    0.2   26.7    1.0
977  |   255 |    2795 |    7096     508    7096 |    1017     508    1017 |    0.2   27.5    1.0
978  |   255 |    4305 |    6079     507    6079 |    1014     507    1014 |    0.2   19.1    0.8
979  |   255 |    4305 |    7067     506    7067 |    1013     506    1013 |    0.2   25.2    0.9
980  |   255 |    4323 |    7084     508    7084 |    1017     508    1017 |    0.2   25.1    1.4
981  |   255 |    4298 |    6073     507    6073 |    1014     507    1014 |    0.2   18.4    0.8
982  |   255 |    4303 |    7071     506    7071 |    1013     506    1013 |    0.2   25.6    0.9
983  |   254 |    3275 |    6059     506    6059 |    1013     506    1013 |    0.2   18.3    0.8
984  |   255 |    4313 |    6083     507    6083 |    1015     507    1015 |    0.2   17.9    0.8
985  |   254 |    4238 |    6015     505    6015 |    1012     505    1012 |    0.2   17.4    0.8
986  |   255 |    4317 |    7086     508    7086 |    1017     508    1017 |    0.2   24.6    0.9
987  |   255 |    4323 |    7096     508    7096 |    1016     508    1016 |    0.2   24.5    1.0
988  |   255 |    4312 |    7076     507    7076 |    1015     507    1015 |    0.2   26.1    1.0
989  |   255 |    4319 |    7090     507    7090 |    1014     507    1014 |    0.2   26.9    1.0
990  |   255 |    4317 |    7076     508    7076 |    1017     508    1017 |    0.2   19.3    0.8
991  |   254 |    4308 |    7081     507    7081 |    1013     507    1013 |    0.2   25.7    1.0
992  |   254 |    4305 |    7075     507    7075 |    1012     506    1012 |    0.3   26.5    1.0
993  |   255 |    2773 |    6063     507    6063 |    1013     507    1013 |    0.2   19.2    0.9
994  |   254 |    4302 |    7083     506    7083 |    1013     507    1013 |    0.3   26.7    0.9
995  |   255 |    3289 |    7067     508    7067 |    1016     508    1016 |    0.3   19.6    0.8
996  |   254 |    4305 |    7075     507    7075 |    1014     507    1014 |    0.3   26.6    1.0
997  |   254 |    3498 |    7010     507    7010 |    1014     507    1014 |    0.2   18.3    0.8
998  |   253 |    3761 |    7028     506    7028 |    1013     506    1013 |    0.2   19.6    0.9
999  |   255 |    3288 |    7075     507    7075 |    1015     507    1015 |    0.3   20.3    0.8
1000 |   255 |    4317 |    7090     507    7090 |    1015     507    1015 |    0.2   25.0    0.9
1001 |   255 |    4322 |    7088     508    7088 |    1016     508    1016 |    0.2   27.0    0.9
1002 |   255 |    4260 |    6036     506    6036 |    1013     506    1013 |    0.2   18.3    0.8
1003 |   255 |    3023 |    6068     506    6068 |    1013     506    1013 |    0.2   19.0    0.8
1004 |   255 |    4310 |    7072     508    7072 |    1015     508    1015 |    0.2   26.1    1.0
1005 |   255 |    3521 |    6056     507    6056 |    1013     506    1013 |    0.2   19.6    0.9
1006 |   255 |    2795 |    7084     507    7084 |    1014     507    1014 |    0.3   19.8    0.9
1007 |   255 |    4317 |    7085     507    7085 |    1014     507    1014 |    0.2   25.8    1.0
1008 |   255 |    4323 |    7087     508    7087 |    1016     508    1016 |    0.2   26.4    0.9
1009 |   255 |    4312 |    7084     507    7084 |    1015     507    1015 |    0.3   24.8    0.9
1010 |   255 |    4325 |    7095     508    7095 |    1015     508    1015 |    0.2   24.9    1.0
1011 |   254 |    4304 |    7072     506    7072 |    1012     506    1012 |    0.2   27.1    0.9
1012 |   255 |    4319 |    7090     507    7090 |    1015     508    1015 |    0.2   24.5    0.9
1013 |   254 |    3019 |    7075     506    7075 |    1013     506    1013 |    0.2   25.1    0.9
1014 |   255 |    4326 |    7089     508    7089 |    1016     508    1016 |    0.5   24.6    0.9
1015 |   254 |    2756 |    6027     505    6027 |    1012     505    1012 |    0.2   18.4    0.8
1016 |   253 |    4266 |    6038     506    6038 |    1012     506    1012 |    0.2   19.1    0.8
1017 |   255 |    4318 |    7092     508    7092 |    1015     508    1015 |    0.2   26.8    0.9
1018 |   255 |    4304 |    7081     507    7081 |    1013     507    1013 |    0.2   26.4    0.9
1019 |   255 |    3030 |    7083     507    7083 |    1015     507    1015 |    0.2   25.1    1.0
1020 |   255 |    4321 |    7093     508    7093 |    1017     508    1017 |    0.2   26.6    0.9
1021 |   255 |    4312 |    7067     507    7067 |    1014     507    1014 |    0.2   24.5    1.0
1022 |   255 |    4314 |    7079     507    7079 |    1015     507    1015 |    0.2   23.7    0.9
1023 |   255 |    4313 |    6074     509    6074 |    1018     509    1018 |    0.2   18.9    0.8
1024 |   255 |    4293 |    6072     506    6072 |    1013     506    1013 |    0.2   18.2    0.9
1025 |   255 |    4312 |    7063     507    7063 |    1014     507    1014 |    0.2   25.0    0.9
1026 |   255 |    4313 |    7081     508    7081 |    1016     508    1016 |    0.2   25.8    0.9
1027 |   254 |    4302 |    7067     507    7067 |    1013     506    1013 |    0.2   25.8    1.1
1028 |   255 |    4313 |    7088     507    7088 |    1014     507    1014 |    0.2   25.7    1.0
1029 |   255 |    2784 |    7081     507    7081 |    1014     507    1014 |    0.2   24.1    1.0
1030 |   255 |    2758 |    6024     506    6024 |    1013     506    1013 |    0.2   20.4    0.8
1031 |   254 |    4279 |    6058     505    6058 |    1012     505    1012 |    0.2   18.9    1.0
1032 |   255 |    3296 |    7076     507    7076 |    1015     507    1015 |    0.3   20.6    1.2
1033 |   255 |    4328 |    7090     508    7090 |    1017     508    1017 |    0.3   25.3    1.0
1034 |   255 |    4307 |    7068     506    7068 |    1012     506    1012 |    0.2   25.6    1.0
1035 |   255 |    4309 |    7073     506    7073 |    1013     506    1013 |    0.2   25.3    0.9
1036 |   255 |    3797 |    7083     507    7083 |    1016     508    1016 |    0.2   20.6    0.8
1037 |   255 |    4288 |    6068     506    6068 |    1013     506    1013 |    0.2   18.6    0.8
1038 |   255 |    4296 |    7065     509    7065 |    1018     509    1018 |    0.2   18.1    0.8
1039 |   255 |    3287 |    7071     506    7071 |    1013     506    1013 |    0.2   19.8    0.8
1040 |   255 |    4305 |    7063     507    7063 |    1014     507    1014 |    0.2   26.6    1.0
1041 |   255 |    4309 |    7081     507    7081 |    1014     507    1014 |    0.2   25.9    0.9
1042 |   255 |    3532 |    6071     506    6071 |    1013     506    1013 |    0.2   19.0    0.8
1043 |   253 |    3773 |    7030     506    7030 |    1012     506    1012 |    0.2   17.8    0.9
1044 |   252 |    4271 |    6045     505    6045 |    1010     505    1010 |    0.2   20.7    1.1
1045 |   255 |    3807 |    7082     507    7082 |    1015     507    1015 |    0.2   19.4    0.8
1046 |   255 |    4321 |    7089     507    7089 |    1014     507    1014 |    0.2   25.5    1.1
1047 |   255 |    4314 |    7079     507    7079 |    1014     507    1014 |    0.2   26.3    1.0
1048 |   252 |    4226 |    5994     506    5994 |    1012     506    1012 |    0.3   17.6    0.8
1049 |   255 |    4309 |    7088     507    7088 |    1014     507    1014 |    0.2   26.8    1.0
1050 |   255 |    4326 |    7092     508    7092 |    1016     508    1016 |    0.2   25.6    0.9
1051 |   255 |    4310 |    7081     506    7081 |    1015     507    1015 |    0.2   25.1    0.9
1052 |   255 |    4317 |    7081     508    7081 |    1016     508    1016 |    0.2   27.8    1.0
1053 |   255 |    4324 |    7084     509    7084 |    1017     509    1017 |    0.2   26.1    0.9
1054 |   254 |    4298 |    7071     506    7071 |    1013     506    1013 |    0.3   25.9    1.0
1055 |   255 |    4311 |    7074     508    7074 |    1015     508    1015 |    0.2   26.8    1.0
1056 |   255 |    4312 |    7085     507    7085 |    1015     507    1015 |    0.2   26.3    1.0
1057 |   254 |    4304 |    7071     507    7071 |    1014     507    1014 |    0.2   24.8    1.1
1058 |   255 |    4301 |    7083     507    7083 |    1014     507    1014 |    0.3   25.0    1.0
1059 |   253 |    4258 |    6038     506    6038 |    1012     506    1012 |    0.2   18.0    0.8
1060 |   254 |    4297 |    7065     506    7065 |    1012     506    1012 |    0.2   24.7    0.9
1061 |   255 |    4322 |    7090     507    7090 |    1015     507    1015 |    0.2   24.6    1.2
1062 |   255 |    4279 |    6056     506    6056 |    1013     506    1013 |    0.3   19.4    0.8
1063 |   254 |    4305 |    7071     507    7071 |    1014     507    1014 |    0.2   25.5    0.9
1064 |   255 |    4319 |    7087     507    7087 |    1014     507    1014 |    0.2   25.4    1.0
1065 |   254 |    4307 |    7070     507    7070 |    1014     507    1014 |    0.2   25.0    1.0
1066 |   254 |    4305 |    7070     505    7070 |    1015     507    1015 |    0.2   24.9    1.0
1067 |   255 |    4272 |    6046     507    6046 |    1014     507    1014 |    0.2   19.4    0.9
1068 |   255 |    3293 |    7078     508    7078 |    1016     508    1016 |    0.2   25.3    0.9
1069 |   255 |    3775 |    7080     507    7080 |    1015     508    1015 |    0.2   18.8    0.8
1070 |   255 |    2777 |    7073     506    7073 |    1014     507    1014 |    0.2   25.3    1.0
1071 |   255 |    4323 |    7088     508    7088 |    1017     508    1017 |    0.2   25.8    1.0
1072 |   253 |    2756 |    6049     505    6049 |    1010     505    1010 |    0.3   18.8    1.0
1073 |   255 |    4307 |    7071     507    7071 |    1013     507    1013 |    0.2   26.9    1.0
1074 |   253 |    4282 |    6059     506    6059 |    1011     506    1011 |    0.2   19.6    0.8
1075 |   254 |    2767 |    6058     505    6058 |    1012     505    1012 |    0.2   18.5    0.9
1076 |   253 |    3269 |    7022     507    7022 |    1016     508    1016 |    0.2   19.2    0.9
1077 |   255 |    4322 |    7090     507    7090 |    1015     507    1015 |    0.2   26.1    0.9
1078 |   255 |    4308 |    7069     506    7069 |    1013     506    1013 |    0.2   25.0    0.9
1079 |   255 |    4274 |    6051     506    6051 |    1013     506    1013 |    0.2   18.2    0.8
1080 |   255 |    4307 |    7066     507    7066 |    1015     507    1015 |    0.2   25.9    0.9
1081 |   253 |    4269 |    6035     505    6035 |    1010     505    1010 |    0.2   18.5    0.9
1082 |   254 |    4311 |    7083     507    7083 |    1014     507    1014 |    0.2   25.5    1.0
1083 |   255 |    4315 |    7078     508    7078 |    1015     508    1015 |    0.3   25.8    1.1
1084 |   255 |    4327 |    7083     508    7083 |    1018     508    1018 |    0.4   25.8    1.0
1085 |   255 |    4286 |    6063     506    6063 |    1012     506    1012 |    0.2   20.6    1.0
1086 |   254 |    3794 |    7067     506    7067 |    1014     506    1014 |    0.2   17.9    0.8
1087 |   255 |    4295 |    6072     507    6072 |    1013     506    1013 |    0.2   18.5    0.8
1088 |   254 |    2764 |    6048     506    6048 |    1012     506    1012 |    0.2   19.7    0.8
1089 |   255 |    4317 |    7084     507    7084 |    1014     507    1014 |    0.2   25.0    1.0
1090 |   255 |    2778 |    6071     507    6071 |    1014     507    1014 |    0.2   18.4    0.8
1091 |   255 |    4317 |    7088     507    7088 |    1015     507    1015 |    0.2   25.4    0.9
1092 |   255 |    4302 |    7078     507    7078 |    1013     507    1013 |    0.2   24.9    0.9
1093 |   255 |    4314 |    7069     507    7069 |    1014     507    1014 |    0.2   26.2    0.9
1094 |   255 |    4302 |    7052     506    7052 |    1014     506    1014 |    0.2   24.8    1.1
1095 |   254 |    4303 |    7074     507    7074 |    1014     507    1014 |    0.3   25.3    1.2
1096 |   255 |    4301 |    7083     506    7083 |    1014     507    1014 |    0.4   25.3    1.3
1097 |   254 |    3258 |    6050     506    6050 |    1012     506    1012 |    0.3   19.8    0.8
1098 |   255 |    4311 |    7080     508    7080 |    1016     508    1016 |    0.2   26.2    1.0
1099 |   254 |    4304 |    7073     507    7073 |    1013     507    1013 |    0.2   24.9    1.0
1100 |   255 |    4298 |    6075     506    6075 |    1013     506    1013 |    0.2   19.8    0.9
1101 |   254 |    4310 |    7076     507    7076 |    1015     507    1015 |    0.2   25.7    0.9
1102 |   255 |    4319 |    7092     507    7092 |    1015     507    1015 |    0.2   25.2    1.0
1103 |   255 |    4311 |    7079     507    7079 |    1015     507    1015 |    0.2   24.8    0.9
1104 |   255 |    4317 |    7085     507    7085 |    1014     507    1014 |    0.2   25.9    1.0
1105 |   255 |    4319 |    7095     508    7095 |    1016     508    1016 |    0.2   26.2    1.0
1106 |   255 |    4305 |    7065     507    7065 |    1013     507    1013 |    0.2   25.8    0.9
1107 |   255 |    4310 |    7086     508    7086 |    1016     508    1016 |    0.2   25.5    0.9
1108 |   255 |    4314 |    7073     507    7073 |    1014     507    1014 |    0.2   24.5    0.9
1109 |   255 |    4314 |    7081     508    7081 |    1015     508    1015 |    0.2   24.3    1.0
1110 |   255 |    2804 |    7057     508    7057 |    1017     508    1017 |    0.2   19.1    0.9
1111 |   255 |    4290 |    6069     507    6069 |    1013     507    1013 |    0.2   17.8    0.8
1112 |   255 |    4317 |    7086     507    7086 |    1014     507    1014 |    0.2   25.7    1.0
1113 |   254 |    3020 |    6061     506    6061 |    1013     506    1013 |    0.2   18.0    0.8
1114 |   255 |    3306 |    7092     508    7092 |    1017     508    1017 |    0.3   26.3    1.0
1115 |   253 |    4277 |    6048     505    6048 |    1010     505    1010 |    0.2   17.8    0.8
1116 |   255 |    4328 |    7091     508    7091 |    1017     509    1017 |    0.2   26.3    0.9
1117 |   254 |    3544 |    7077     507    7077 |    1014     507    1014 |    0.2   19.3    0.8
1118 |   255 |    4287 |    6067     506    6067 |    1013     506    1013 |    0.2   18.5    0.8
1119 |   254 |    4295 |    6071     506    6071 |    1012     506    1012 |    0.2   18.5    0.9
1120 |   255 |    4315 |    7071     507    7071 |    1014     507    1014 |    0.2   26.0    1.0
1121 |   255 |    4323 |    7099     508    7099 |    1016     508    1016 |    0.2   24.9    1.0
1122 |   255 |    4318 |    7086     507    7086 |    1015     507    1015 |    0.2   27.1    1.0
1123 |   255 |    4313 |    7082     508    7082 |    1015     508    1015 |    0.3   24.8    1.0
1124 |   254 |    4291 |    7071     506    7071 |    1012     506    1012 |    0.2   24.5    1.0
1125 |   255 |    4320 |    7083     507    7083 |    1015     507    1015 |    0.2   25.7    1.0
1126 |   255 |    4301 |    7078     506    7078 |    1013     506    1013 |    0.2   25.9    0.9
1127 |   253 |    2755 |    7044     505    7044 |    1010     505    1010 |    0.2   19.4    0.8
1128 |   255 |    4305 |    6075     507    6075 |    1014     507    1014 |    0.2   17.7    0.9
1129 |   254 |    4301 |    7073     507    7073 |    1014     507    1014 |    0.2   26.8    1.0
1130 |   253 |    4282 |    6054     505    6054 |    1011     505    1011 |    0.2   18.0    0.8
1131 |   255 |    4318 |    7088     507    7088 |    1016     507    1016 |    0.2   25.2    0.9
1132 |   255 |    4321 |    7086     507    7086 |    1016     507    1016 |    0.2   25.2    1.0
1133 |   255 |    2770 |    6062     506    6062 |    1013     506    1013 |    0.2   20.9    0.8
1134 |   255 |    2782 |    7077     508    7077 |    1015     508    1015 |    0.2   25.5    1.0
1135 |   255 |    2777 |    6072     507    6072 |    1014     507    1014 |    0.2   18.3    0.8
1136 |   254 |    4298 |    7072     506    7072 |    1012     506    1012 |    0.2   25.3    0.9
1137 |   255 |    4303 |    7079     507    7079 |    1014     507    1014 |    0.4   19.4    0.8
1138 |   255 |    4316 |    7089     507    7089 |    1014     507    1014 |    0.2   25.4    1.2
1139 |   255 |    4310 |    7087     507    7087 |    1014     507    1014 |    0.3   26.9    1.0
1140 |   253 |    4278 |    6050     505    6050 |    1011     505    1011 |    0.2   20.5    0.8
1141 |   254 |    4276 |    6051     505    6051 |    1012     506    1012 |    0.2   18.3    0.8
1142 |   255 |    2754 |    6016     507    6016 |    1014     507    1014 |    0.2   18.4    0.8
1143 |   255 |    2760 |    6020     506    6020 |    1013     506    1013 |    0.2   18.3    0.8
1144 |   254 |    3258 |    6041     506    6041 |    1012     506    1012 |    0.2   17.9    0.8
1145 |   255 |    4312 |    7067     507    7067 |    1014     507    1014 |    0.2   25.7    0.9
1146 |   253 |    2761 |    6050     505    6050 |    1011     505    1011 |    0.2   19.4    0.8
1147 |   255 |    4317 |    7081     507    7081 |    1014     507    1014 |    0.2   26.0    1.0
1148 |   255 |    4319 |    7089     507    7089 |    1015     507    1015 |    0.2   25.6    1.0
1149 |   253 |    4294 |    7065     506    7065 |    1012     506    1012 |    0.2   24.8    1.0
1150 |   255 |    4296 |    7065     507    7065 |    1015     507    1015 |    0.2   18.8    1.0
1151 |   255 |    4311 |    7066     507    7066 |    1015     507    1015 |    0.2   24.7    0.9
1152 |   255 |    4304 |    7073     507    7073 |    1013     507    1013 |    0.3   24.8    0.9
1153 |   255 |    4322 |    7088     507    7088 |    1014     507    1014 |    0.2   25.0    1.0
1154 |   253 |    4291 |    7063     506    7063 |    1011     505    1011 |    0.2   30.7    0.9
1155 |   255 |    4318 |    7081     507    7081 |    1013     507    1013 |    0.2   25.0    0.9
1156 |   255 |    4325 |    7091     508    7091 |    1015     508    1015 |    0.2   26.5    1.0
1157 |   255 |    4275 |    6048     506    6048 |    1014     506    1014 |    0.2   18.1    0.8
1158 |   255 |    4289 |    6065     506    6065 |    1013     506    1013 |    0.2   18.7    0.8
1159 |   255 |    4326 |    7093     508    7093 |    1016     508    1016 |    0.2   28.1    1.0
1160 |   255 |    4309 |    7082     508    7082 |    1016     508    1016 |    0.2   26.0    0.9
1161 |   254 |    3538 |    7076     507    7076 |    1014     507    1014 |    0.2   25.7    1.1
1162 |   255 |    4312 |    7082     506    7082 |    1013     506    1013 |    0.2   27.0    1.0
1163 |   254 |    4296 |    7076     507    7076 |    1013     507    1013 |    0.2   25.8    1.0
1164 |   255 |    3296 |    7087     507    7087 |    1014     507    1014 |    0.2   19.4    0.9
1165 |   254 |    4306 |    7076     506    7076 |    1012     506    1012 |    0.3   25.4    1.0
1166 |   255 |    2783 |    7088     508    7088 |    1015     508    1015 |    0.2   25.5    1.0
1167 |   255 |    3500 |    6043     506    6043 |    1013     506    1013 |    0.2   18.2    0.8
1168 |   255 |    4306 |    7074     507    7074 |    1014     507    1014 |    0.2   24.8    1.0
1169 |   255 |    4322 |    7092     508    7092 |    1016     508    1016 |    0.2   24.9    1.2
1170 |   252 |    4272 |    6044     505    6044 |    1010     505    1010 |    0.2   18.1    0.9
1171 |   254 |    4277 |    7041     505    7041 |    1011     505    1011 |    0.2   24.7    0.9
1172 |   255 |    4310 |    7076     506    7076 |    1013     506    1013 |    0.2   26.3    1.0
1173 |   255 |    4323 |    7092     508    7092 |    1015     508    1015 |    0.2   24.9    0.9
1174 |   255 |    2785 |    7084     508    7084 |    1015     507    1015 |    0.2   24.1    0.9
1175 |   255 |    4315 |    7086     507    7086 |    1014     507    1014 |    0.2   25.9    0.9
1176 |   255 |    4309 |    7083     507    7083 |    1015     507    1015 |    0.2   26.2    1.0
1177 |   255 |    3033 |    7083     508    7083 |    1016     508    1016 |    0.2   26.5    1.0
1178 |   255 |    3272 |    7076     506    7076 |    1015     508    1015 |    0.2   26.1    0.9
1179 |   255 |    4322 |    7085     508    7085 |    1016     508    1016 |    0.2   27.4    1.2
1180 |   255 |    4325 |    7093     508    7093 |    1016     508    1016 |    0.3   25.2    0.9
1181 |   254 |    3769 |    6975     509    6975 |    1019     509    1019 |    0.2   19.7    0.8
1182 |   255 |    4322 |    7083     508    7083 |    1018     508    1018 |    0.2   19.9    0.8
1183 |   255 |    4309 |    7084     507    7084 |    1014     507    1014 |    0.2   25.9    0.9
1184 |   255 |    4308 |    7071     507    7071 |    1013     507    1013 |    0.2   26.1    0.9
1185 |   255 |    3276 |    6067     507    6067 |    1013     507    1013 |    0.2   18.2    0.8
1186 |   254 |    4283 |    7034     506    7034 |    1014     506    1014 |    0.2   25.7    1.3
1187 |   255 |    3026 |    7077     507    7077 |    1015     508    1015 |    0.3   28.0    1.0
1188 |   255 |    4271 |    6046     505    6046 |    1014     506    1014 |    0.2   19.7    0.9
1189 |   255 |    4316 |    7082     507    7082 |    1014     507    1014 |    0.2   24.7    1.0
1190 |   253 |    4255 |    6034     505    6034 |    1010     505    1010 |    0.2   17.9    0.8
1191 |   255 |    3262 |    7051     506    7051 |    1012     506    1012 |    0.2   18.4    0.8
1192 |   255 |    4311 |    7083     507    7083 |    1014     507    1014 |    0.2   26.5    1.2
1193 |   255 |    4303 |    7079     507    7079 |    1014     507    1014 |    0.3   26.3    1.0
1194 |   255 |    4310 |    7088     507    7088 |    1014     507    1014 |    0.2   26.7    0.9
1195 |   255 |    3533 |    7070     508    7070 |    1016     508    1016 |    0.2   18.3    0.8
1196 |   255 |    4284 |    7028     509    7028 |    1019     509    1019 |    0.3   19.1    0.8
1197 |   255 |    4319 |    7088     508    7088 |    1016     508    1016 |    0.2   26.0    1.1
1198 |   255 |    4322 |    7094     507    7094 |    1015     508    1015 |    0.2   24.8    1.0
1199 |   255 |    4302 |    7069     506    7069 |    1012     506    1012 |    0.2   26.5    0.9
1200 |   254 |    4295 |    7071     506    7071 |    1013     506    1013 |    0.2   24.4    1.0
1201 |   255 |    4308 |    7072     507    7072 |    1013     507    1013 |    0.2   24.9    1.0
1202 |   255 |    4321 |    7088     508    7088 |    1015     508    1015 |    0.2   25.1    1.0
1203 |   254 |    4309 |    7078     507    7078 |    1013     507    1013 |    0.2   27.8    1.0
1204 |   253 |    4285 |    7055     505    7055 |    1011     505    1011 |    0.2   24.9    0.9
1205 |   254 |    4297 |    7064     506    7064 |    1012     506    1012 |    0.2   25.6    0.9
1206 |   254 |    4299 |    7065     506    7065 |    1012     506    1012 |    0.2   27.1    0.9
1207 |   255 |    4313 |    7083     507    7083 |    1015     507    1015 |    0.3   25.7    0.9
1208 |   255 |    4313 |    7078     507    7078 |    1013     507    1013 |    0.3   25.8    0.9
1209 |   255 |    4328 |    7095     508    7095 |    1015     508    1015 |    0.2   26.1    1.0
1210 |   255 |    4327 |    7084     508    7084 |    1016     508    1016 |    0.2   25.6    1.0
1211 |   254 |    4293 |    6067     506    6067 |    1012     506    1012 |    0.2   19.1    0.8
1212 |   255 |    4307 |    7068     506    7068 |    1013     506    1013 |    0.2   25.2    0.9
1213 |   255 |    4312 |    7068     507    7068 |    1015     507    1015 |    0.2   24.2    0.9
1214 |   255 |    4327 |    7097     508    7097 |    1016     508    1016 |    0.2   26.6    1.0
1215 |   255 |    4308 |    7080     507    7080 |    1015     507    1015 |    0.2   25.4    0.9
1216 |   255 |    3513 |    6052     506    6052 |    1013     507    1013 |    0.2   18.0    0.8
1217 |   255 |    2781 |    7085     507    7085 |    1014     507    1014 |    0.2   25.3    1.0
1218 |   255 |    4314 |    7068     507    7068 |    1014     507    1014 |    0.2   26.3    0.9
1219 |   255 |    2782 |    7081     507    7081 |    1014     507    1014 |    0.2   26.0    1.0
1220 |   255 |    4296 |    7049     506    7049 |    1013     506    1013 |    0.2   26.5    1.0
1221 |   254 |    4303 |    7076     506    7076 |    1012     506    1012 |    0.2   25.1    0.9
1222 |   255 |    3283 |    7077     507    7077 |    1013     507    1013 |    0.2   26.0    1.1
1223 |   255 |    4305 |    7083     508    7083 |    1015     508    1015 |    0.2   23.9    0.9
1224 |   255 |    4324 |    7087     508    7087 |    1016     508    1016 |    0.2   25.8    1.1
1225 |   253 |    3014 |    6059     505    6059 |    1010     505    1010 |    0.2   18.3    1.0
1226 |   255 |    4305 |    7068     507    7068 |    1013     507    1013 |    0.3   25.3    1.1
1227 |   254 |    4300 |    7059     506    7059 |    1012     506    1012 |    0.2   25.1    0.9
1228 |   254 |    4291 |    6065     506    6065 |    1012     506    1012 |    0.2   18.5    0.8
1229 |   255 |    4322 |    7095     508    7095 |    1015     508    1015 |    0.2   25.8    0.9
1230 |   255 |    4321 |    7091     508    7091 |    1015     508    1015 |    0.3   26.2    1.0
1231 |   253 |    4263 |    6028     505    6028 |    1010     505    1010 |    0.2   17.4    0.8
1232 |   254 |    2764 |    6047     506    6047 |    1012     506    1012 |    0.2   19.3    0.8
1233 |   255 |    4309 |    7073     506    7073 |    1013     506    1013 |    0.2   24.6    0.9
1234 |   255 |    3286 |    7079     506    7079 |    1013     507    1013 |    0.2   26.3    0.9
1235 |   255 |    4303 |    7057     506    7057 |    1013     506    1013 |    0.2   24.7    0.9
1236 |   254 |    4292 |    7071     506    7071 |    1012     506    1012 |    0.2   26.1    1.2
1237 |   255 |    4283 |    7020     508    7020 |    1017     508    1017 |    0.3   25.0    0.9
1238 |   255 |    4316 |    7082     508    7082 |    1015     508    1015 |    0.2   26.8    1.0
1239 |   255 |    4329 |    7099     508    7099 |    1016     508    1016 |    0.3   25.8    0.9
1240 |   255 |    4320 |    7087     508    7087 |    1015     508    1015 |    0.2   26.5    1.0
1241 |   255 |    4319 |    7081     508    7081 |    1016     508    1016 |    0.3   25.4    1.0
1242 |   255 |    3805 |    7079     508    7079 |    1016     508    1016 |    0.3   19.2    0.8
1243 |   255 |    4326 |    7081     509    7081 |    1018     509    1018 |    0.2   25.7    0.9
1244 |   255 |    4311 |    7087     507    7087 |    1015     507    1015 |    0.3   26.0    1.0
1245 |   254 |    4290 |    6065     506    6065 |    1012     506    1012 |    0.2   18.1    0.8
1246 |   254 |    2769 |    7020     507    7020 |    1015     507    1015 |    0.2   17.9    0.8
1247 |   255 |    4315 |    7088     507    7088 |    1014     507    1014 |    0.2   25.6    1.0
1248 |   255 |    4312 |    7086     507    7086 |    1014     507    1014 |    0.2   25.2    1.0
1249 |   255 |    4322 |    7073     506    7073 |    1017     508    1017 |    0.2   26.8    1.1
1250 |   255 |    4283 |    6059     508    6059 |    1016     508    1016 |    0.3   17.9    0.8
1251 |   255 |    4311 |    7075     506    7075 |    1013     506    1013 |    0.2   23.7    0.9
1252 |   254 |    4312 |    7081     508    7081 |    1015     508    1015 |    0.3   27.0    1.0
1253 |   255 |    4313 |    7087     507    7087 |    1014     507    1014 |    0.2   26.6    1.0
1254 |   255 |    4319 |    7095     508    7095 |    1015     508    1015 |    0.2   24.8    0.9
1255 |   255 |    4304 |    7059     506    7059 |    1013     506    1013 |    0.2   26.9    0.9
1256 |   255 |    4262 |    7045     507    7045 |    1013     506    1013 |    0.2   18.1    0.8
1257 |   255 |    4308 |    7082     507    7082 |    1015     507    1015 |    0.2   25.8    1.0
1258 |   255 |    4304 |    7086     507    7086 |    1014     507    1014 |    0.2   25.3    1.0
1259 |   254 |    4303 |    7067     508    7067 |    1017     508    1017 |    0.3   25.9    1.0
1260 |   255 |    2788 |    7084     508    7084 |    1017     508    1017 |    0.2   26.5    1.0
1261 |   255 |    4312 |    7082     507    7082 |    1016     507    1016 |    0.2   25.8    1.0
1262 |   254 |    3791 |    7068     507    7068 |    1014     507    1014 |    0.2   18.9    0.8
1263 |   255 |    2775 |    7083     506    7083 |    1013     507    1013 |    0.3   24.7    0.9
1264 |   255 |    4286 |    7027     506    7027 |    1013     506    1013 |    0.2   25.8    1.1
1265 |   255 |    4292 |    7073     506    7073 |    1013     506    1013 |    0.2   18.4    0.8
1266 |   255 |    4327 |    7082     509    7082 |    1018     509    1018 |    0.2   26.2    1.0
1267 |   255 |    4323 |    7091     508    7091 |    1016     508    1016 |    0.2   25.2    1.0
1268 |   255 |    4325 |    7095     508    7095 |    1016     508    1016 |    0.2   25.7    0.9
1269 |   255 |    4305 |    7088     507    7088 |    1014     507    1014 |    0.2   25.8    1.0
1270 |   254 |    4303 |    7082     506    7082 |    1013     506    1013 |    0.2   27.7    1.1
1271 |   255 |    4313 |    7073     508    7073 |    1015     508    1015 |    0.3   26.2    0.9
1272 |   255 |    4311 |    7077     507    7077 |    1013     507    1013 |    0.2   26.1    0.9
1273 |   254 |    3519 |    7038     506    7038 |    1014     506    1014 |    0.2   20.3    0.8
1274 |   254 |    4306 |    7078     507    7078 |    1014     507    1014 |    0.3   26.4    0.9
1275 |   255 |    4315 |    7085     508    7085 |    1016     508    1016 |    0.2   26.1    1.0
1276 |   255 |    3801 |    7080     508    7080 |    1016     508    1016 |    0.3   18.7    0.8
1277 |   254 |    4297 |    7068     506    7068 |    1012     506    1012 |    0.2   24.4    0.9
1278 |   254 |    4304 |    7083     506    7083 |    1013     506    1013 |    0.2   26.3    1.0
1279 |   253 |    2741 |    6007     506    6007 |    1011     506    1011 |    0.2   19.4    0.8
1280 |   255 |    4266 |    6045     506    6045 |    1013     506    1013 |    0.2   18.5    1.1
1281 |   254 |    4277 |    6050     505    6050 |    1012     505    1012 |    0.2   19.5    0.9
1282 |   254 |    4291 |    7052     505    7052 |    1012     505    1012 |    0.2   26.6    1.0
1283 |   255 |    4320 |    7087     508    7087 |    1016     508    1016 |    0.4   28.6    1.0
1284 |   255 |    4294 |    6072     506    6072 |    1013     507    1013 |    0.2   18.9    0.9
1285 |   255 |    4275 |    7017     506    7017 |    1013     506    1013 |    0.2   24.3    1.0
1286 |   255 |    4291 |    6068     506    6068 |    1013     507    1013 |    0.2   19.0    0.8
1287 |   255 |    4320 |    7086     507    7086 |    1015     508    1015 |    0.2   25.9    1.0
1288 |   255 |    4318 |    7081     508    7081 |    1016     508    1016 |    0.2   25.5    0.9
1289 |   255 |    4313 |    7081     507    7081 |    1015     507    1015 |    0.2   26.3    1.0
1290 |   255 |    4308 |    7086     507    7086 |    1015     507    1015 |    0.2   25.5    1.0
1291 |   254 |    4299 |    7072     506    7072 |    1014     507    1014 |    0.2   25.3    1.1
1292 |   254 |    4281 |    6057     506    6057 |    1012     506    1012 |    0.2   18.3    0.9
1293 |   254 |    4278 |    7027     506    7027 |    1012     506    1012 |    0.2   18.6    0.8
1294 |   255 |    4313 |    7088     507    7088 |    1016     507    1016 |    0.2   19.0    0.8
1295 |   255 |    4300 |    6074     507    6074 |    1015     508    1015 |    0.2   18.5    0.8
1296 |   255 |    4292 |    7053     505    7053 |    1013     506    1013 |    0.2   27.6    1.0
1297 |   255 |    4318 |    7091     508    7091 |    1015     508    1015 |    0.2   27.8    1.0
1298 |   254 |    4301 |    7068     507    7068 |    1014     507    1014 |    0.2   25.5    1.0
1299 |   254 |    2778 |    7073     507    7073 |    1014     507    1014 |    0.2   26.3    1.0
1300 |   255 |    4312 |    7079     507    7079 |    1015     508    1015 |    0.2   26.2    1.0
1301 |   255 |    4321 |    6088     508    6088 |    1015     508    1015 |    0.2   18.9    1.0
1302 |   255 |    4306 |    7081     507    7081 |    1014     507    1014 |    0.3   28.0    1.0
1303 |   254 |    4288 |    7046     505    7046 |    1012     506    1012 |    0.2   24.8    0.9
1304 |   254 |    2761 |    6035     506    6035 |    1011     506    1011 |    0.2   19.2    1.1
1305 |   255 |    2790 |    7084     508    7084 |    1015     508    1015 |    0.2   20.8    1.0
1306 |   255 |    4318 |    7095     507    7095 |    1015     507    1015 |    0.2   27.2    1.1
1307 |   254 |    3276 |    7068     505    7068 |    1012     506    1012 |    0.2   24.2    0.9
1308 |   255 |    4327 |    7092     508    7092 |    1017     508    1017 |    0.2   27.2    1.0
1309 |   255 |    4311 |    7076     507    7076 |    1015     507    1015 |    0.2   26.2    0.9
1310 |   253 |    4281 |    7035     507    7035 |    1015     507    1015 |    0.3   19.1    0.9
1311 |   255 |    3012 |    6034     506    6034 |    1013     506    1013 |    0.2   21.1    0.8
1312 |   255 |    4313 |    7086     508    7086 |    1016     508    1016 |    0.2   27.5    1.0
1313 |   254 |    3011 |    6047     506    6047 |    1012     505    1012 |    0.2   19.4    0.9
1314 |   255 |    2788 |    7086     508    7086 |    1016     508    1016 |    0.2   27.1    1.1
1315 |   255 |    4320 |    7092     507    7092 |    1015     507    1015 |    0.2   20.2    0.9
1316 |   255 |    3300 |    7077     509    7077 |    1018     509    1018 |    0.2   24.7    0.9
1317 |   255 |    2762 |    6051     506    6051 |    1013     506    1013 |    0.2   19.2    0.8
1318 |   254 |    4280 |    6055     506    6055 |    1012     506    1012 |    0.2   18.9    1.1
1319 |   253 |    2775 |    7072     506    7072 |    1012     506    1012 |    0.2   27.2    1.0
1320 |   254 |    4306 |    7075     507    7075 |    1014     507    1014 |    0.2   26.8    1.0
1321 |   255 |    4314 |    7078     508    7078 |    1016     508    1016 |    0.3   27.4    0.9
1322 |   255 |    4319 |    7088     508    7088 |    1016     508    1016 |    0.2   25.9    1.0
1323 |   254 |    4280 |    6055     506    6055 |    1012     506    1012 |    0.2   18.9    0.9
1324 |   255 |    4325 |    7093     508    7093 |    1015     508    1015 |    0.2   28.0    0.9
1325 |   255 |    4309 |    7081     508    7081 |    1017     508    1017 |    0.2   26.1    1.0
1326 |   255 |    2782 |    6078     507    6078 |    1014     507    1014 |    0.3   21.2    0.9
1327 |   255 |    4319 |    7084     507    7084 |    1015     507    1015 |    0.2   27.1    1.0
1328 |   255 |    4309 |    7085     507    7085 |    1014     507    1014 |    0.2   25.6    0.9
1329 |   254 |    4275 |    6054     506    6054 |    1013     506    1013 |    0.3   19.6    0.8
1330 |   255 |    4315 |    7088     507    7088 |    1015     507    1015 |    0.2   26.5    1.0
1331 |   254 |    3527 |    7053     506    7053 |    1012     506    1012 |    0.3   21.3    0.8
1332 |   254 |    4283 |    7047     505    7047 |    1011     506    1011 |    0.2   25.5    0.9
1333 |   255 |    4311 |    7086     507    7086 |    1014     507    1014 |    0.2   24.3    1.4
1334 |   255 |    4318 |    7083     507    7083 |    1014     507    1014 |    0.3   26.9    1.0
1335 |   255 |    4302 |    7081     506    7081 |    1013     506    1013 |    0.2   28.9    0.9
1336 |   255 |    3271 |    7086     507    7086 |    1015     507    1015 |    0.2   25.5    1.0
1337 |   255 |    3547 |    7080     506    7080 |    1013     506    1013 |    0.2   19.6    0.8
1338 |   254 |    3287 |    7072     507    7072 |    1014     507    1014 |    0.2   25.8    1.0
1339 |   255 |    4300 |    7063     506    7063 |    1012     506    1012 |    0.3   27.7    1.0
1340 |   255 |    4288 |    6066     507    6066 |    1013     507    1013 |    0.3   19.5    0.8
1341 |   255 |    4312 |    6076     507    6076 |    1014     507    1014 |    0.2   18.2    0.8
1342 |   254 |    4293 |    6069     506    6069 |    1012     506    1012 |    0.2   20.8    0.9
1343 |   255 |    4325 |    7093     507    7093 |    1015     508    1015 |    0.2   26.5    1.0
1344 |   252 |    4274 |    6046     505    6046 |    1010     505    1010 |    0.2   18.4    0.9
1345 |   255 |    4290 |    7041     506    7041 |    1012     506    1012 |    0.2   24.3    0.9
1346 |   255 |    4309 |    7066     505    7066 |    1014     507    1014 |    0.2   24.9    1.0
1347 |   255 |    4322 |    7093     508    7093 |    1016     508    1016 |    0.2   25.5    0.9
1348 |   255 |    4311 |    7072     507    7072 |    1014     507    1014 |    0.2   27.1    0.9
1349 |   254 |    3016 |    7063     505    7063 |    1012     506    1012 |    0.2   27.1    1.0
1350 |   255 |    4286 |    6066     506    6066 |    1013     506    1013 |    0.2   20.3    0.9
1351 |   255 |    4313 |    7086     507    7086 |    1015     507    1015 |    0.2   28.3    0.9
1352 |   254 |    4269 |    7019     509    7019 |    1019     509    1019 |    0.2   26.5    0.9
1353 |   255 |    4309 |    7069     507    7069 |    1014     507    1014 |    0.2   26.1    0.9
1354 |   253 |    4277 |    6049     505    6049 |    1010     505    1010 |    0.2   19.6    0.9
1355 |   255 |    4306 |    7082     508    7082 |    1015     508    1015 |    0.2   26.9    1.0
1356 |   254 |    4289 |    6064     506    6064 |    1012     506    1012 |    0.2   19.8    0.8
1357 |   254 |    4306 |    7079     506    7079 |    1013     507    1013 |    0.2   26.9    1.0
1358 |   255 |    3029 |    7083     507    7083 |    1014     507    1014 |    0.2   26.4    1.0
1359 |   254 |    3725 |    6000     505    6000 |    1012     506    1012 |    0.2   18.8    0.8
1360 |   255 |    2793 |    7091     508    7091 |    1016     508    1016 |    0.2   26.8    1.0
1361 |   255 |    4317 |    7082     508    7082 |    1015     508    1015 |    0.2   26.5    1.0
1362 |   255 |    4316 |    7082     508    7082 |    1016     508    1016 |    0.2   25.6    0.9
1363 |   255 |    4309 |    7081     508    7081 |    1016     508    1016 |    0.2   21.7    1.1
1364 |   255 |    4303 |    7080     507    7080 |    1014     507    1014 |    0.3   29.2    1.3
1365 |   255 |    4316 |    7085     507    7085 |    1015     507    1015 |    0.3   25.0    0.9
1366 |   255 |    4293 |    6071     507    6071 |    1014     507    1014 |    0.2   17.9    0.8
1367 |   255 |    2795 |    7061     508    7061 |    1018     508    1018 |    0.3   19.5    1.1
1368 |   255 |    2773 |    6070     506    6070 |    1013     506    1013 |    0.3   19.3    0.8
1369 |   254 |    4293 |    7067     506    7067 |    1011     506    1011 |    0.3   26.8    0.9
1370 |   255 |    4321 |    7087     509    7087 |    1017     509    1017 |    0.2   26.3    0.9
1371 |   255 |    4295 |    7049     506    7049 |    1012     506    1012 |    0.2   25.5    1.2
1372 |   255 |    4323 |    7096     508    7096 |    1016     508    1016 |    0.3   25.7    1.3
1373 |   255 |    4321 |    7075     508    7075 |    1016     508    1016 |    0.2   25.6    0.9
1374 |   254 |    4284 |    6059     506    6059 |    1012     506    1012 |    0.2   18.6    0.9
1375 |   254 |    4279 |    6063     506    6063 |    1012     506    1012 |    0.2   19.0    0.8
1376 |   255 |    4324 |    7084     508    7084 |    1016     508    1016 |    0.2   25.9    1.2
1377 |   255 |    4319 |    7088     507    7088 |    1014     507    1014 |    0.3   24.9    1.0
1378 |   255 |    4316 |    7076     507    7076 |    1015     507    1015 |    0.2   24.5    0.9
1379 |   255 |    4318 |    7080     507    7080 |    1015     507    1015 |    0.2   25.0    0.9
1380 |   255 |    4316 |    6082     507    6082 |    1015     507    1015 |    0.2   19.1    0.9
1381 |   255 |    4308 |    7084     508    7084 |    1015     508    1015 |    0.2   24.4    1.0
1382 |   255 |    4307 |    7074     507    7074 |    1017     507    1017 |    0.3   24.2    1.0
1383 |   254 |    4292 |    6067     506    6067 |    1012     506    1012 |    0.2   18.8    0.8
1384 |   255 |    4307 |    7077     506    7077 |    1013     506    1013 |    0.2   25.7    0.9
1385 |   254 |    4293 |    7057     505    7057 |    1012     505    1012 |    0.2   25.0    0.9
1386 |   255 |    4305 |    6079     507    6079 |    1014     507    1014 |    0.2   18.6    0.8
1387 |   254 |    4283 |    6058     506    6058 |    1012     506    1012 |    0.2   19.1    0.8
1388 |   254 |    2769 |    6063     506    6063 |    1012     506    1012 |    0.2   18.2    0.9
1389 |   255 |    4316 |    7081     510    7081 |    1019     510    1019 |    0.3   19.1    0.8
1390 |   255 |    3296 |    7088     508    7088 |    1016     508    1016 |    0.2   25.3    1.1
1391 |   255 |    4308 |    7079     507    7079 |    1014     507    1014 |    0.3   26.6    0.9
1392 |   255 |    4306 |    7070     506    7070 |    1012     506    1012 |    0.2   25.1    1.0
1393 |   255 |    3017 |    6059     506    6059 |    1013     506    1013 |    0.2   18.2    0.8
1394 |   254 |    4295 |    6069     506    6069 |    1012     506    1012 |    0.2   17.9    1.0
1395 |   253 |    4239 |    6018     505    6018 |    1010     505    1010 |    0.3   18.1    0.8
1396 |   254 |    4300 |    7073     506    7073 |    1013     506    1013 |    0.2   26.6    0.9
1397 |   255 |    4300 |    7065     506    7065 |    1012     506    1012 |    0.2   25.9    0.9
1398 |   253 |    4268 |    6043     506    6043 |    1012     506    1012 |    0.2   17.8    0.8
1399 |   255 |    4313 |    7086     507    7086 |    1014     507    1014 |    0.2   26.1    1.0
1400 |   255 |    4310 |    7079     508    7079 |    1016     508    1016 |    0.2   26.3    0.9
1401 |   255 |    4326 |    7089     508    7089 |    1016     508    1016 |    0.2   26.0    0.9
1402 |   255 |    4314 |    7076     507    7076 |    1015     507    1015 |    0.2   24.4    1.0
1403 |   255 |    4314 |    7084     507    7084 |    1015     507    1015 |    0.2   25.8    0.9
1404 |   255 |    2788 |    7077     507    7077 |    1015     507    1015 |    0.2   25.9    0.9
1405 |   255 |    4295 |    7051     506    7051 |    1013     506    1013 |    0.2   27.0    1.3
1406 |   255 |    4324 |    7099     507    7099 |    1016     507    1016 |    0.3   26.1    1.0
1407 |   255 |    4305 |    7064     507    7064 |    1017     507    1017 |    0.3   18.4    0.8
1408 |   254 |    4301 |    7078     506    7078 |    1013     506    1013 |    0.2   25.5    1.0
1409 |   252 |    4259 |    6025     505    6025 |    1011     505    1011 |    0.2   17.6    0.8
1410 |   255 |    4318 |    7090     508    7090 |    1015     508    1015 |    0.2   25.9    1.0
1411 |   255 |    4319 |    7089     507    7089 |    1015     507    1015 |    0.2   18.4    0.8
1412 |   255 |    4315 |    7078     507    7078 |    1013     507    1013 |    0.2   26.7    0.9
1413 |   255 |    2776 |    6073     506    6073 |    1013     506    1013 |    0.2   19.1    0.9
1414 |   254 |    4296 |    6070     506    6070 |    1013     506    1013 |    0.2   18.8    0.9
1415 |   255 |    4321 |    7091     507    7091 |    1015     507    1015 |    0.2   26.4    1.0
1416 |   255 |    4303 |    7079     507    7079 |    1014     507    1014 |    0.2   25.6    1.0
1417 |   255 |    4313 |    7088     507    7088 |    1015     507    1015 |    0.2   25.1    1.0
1418 |   253 |    4289 |    7066     505    7066 |    1011     506    1011 |    0.2   25.1    1.0
1419 |   254 |    4294 |    7048     506    7048 |    1012     506    1012 |    0.3   25.1    0.9
1420 |   254 |    4299 |    7073     506    7073 |    1012     506    1012 |    0.2   25.5    1.0
1421 |   255 |    4315 |    7083     507    7083 |    1015     508    1015 |    0.2   26.7    1.2
1422 |   254 |    4294 |    7060     505    7060 |    1012     505    1012 |    0.2   25.1    1.0
1423 |   254 |    4300 |    7073     507    7073 |    1013     507    1013 |    0.2   25.4    0.9
1424 |   255 |    4303 |    7079     507    7079 |    1014     507    1014 |    0.2   26.0    1.0
1425 |   255 |    3542 |    7073     507    7073 |    1016     507    1016 |    0.2   25.9    1.0
1426 |   255 |    4313 |    7081     507    7081 |    1014     507    1014 |    0.3   26.9    1.0
1427 |   253 |    4281 |    7047     505    7047 |    1011     506    1011 |    0.2   25.2    0.9
1428 |   254 |    4279 |    6060     506    6060 |    1012     506    1012 |    0.2   19.2    0.8
1429 |   255 |    2767 |    6038     507    6038 |    1014     507    1014 |    0.2   18.1    0.8
1430 |   255 |    4314 |    7076     508    7076 |    1016     508    1016 |    0.2   25.3    1.0
1431 |   254 |    4280 |    6054     506    6054 |    1012     505    1012 |    0.2   18.1    0.8
1432 |   255 |    4314 |    7085     508    7085 |    1016     508    1016 |    0.2   25.8    0.9
1433 |   254 |    3010 |    6046     505    6046 |    1011     505    1011 |    0.2   20.9    0.9
1434 |   255 |    4296 |    6071     506    6071 |    1014     507    1014 |    0.3   20.3    0.8
1435 |   255 |    2766 |    6059     507    6059 |    1014     507    1014 |    0.2   17.5    0.8
1436 |   255 |    4302 |    7082     507    7082 |    1014     507    1014 |    0.2   25.9    0.9
1437 |   255 |    4307 |    7068     507    7068 |    1016     507    1016 |    0.2   26.1    1.2
1438 |   255 |    4308 |    7069     507    7069 |    1013     507    1013 |    0.3   25.8    0.9
1439 |   255 |    4296 |    6073     507    6073 |    1013     507    1013 |    0.2   18.7    0.8
1440 |   255 |    4310 |    7070     507    7070 |    1013     507    1013 |    0.2   27.5    1.1
1441 |   255 |    3798 |    7091     507    7091 |    1015     507    1015 |    0.3   18.1    0.8
1442 |   255 |    4306 |    7072     506    7072 |    1012     506    1012 |    0.2   23.6    0.9
1443 |   255 |    3297 |    7058     507    7058 |    1015     507    1015 |    0.2   19.4    0.9
1444 |   255 |    4318 |    6085     508    6085 |    1015     508    1015 |    0.2   19.9    0.8
1445 |   255 |    4318 |    7090     507    7090 |    1015     507    1015 |    0.2   26.9    1.4
1446 |   255 |    4314 |    7085     507    7085 |    1015     507    1015 |    0.2   26.1    1.0
1447 |   252 |    2750 |    6033     505    6033 |    1010     505    1010 |    0.2   17.9    0.8
1448 |   255 |    4321 |    7089     508    7089 |    1015     508    1015 |    0.2   25.4    0.9
1449 |   255 |    4312 |    7073     507    7073 |    1014     507    1014 |    0.2   24.9    0.9
1450 |   255 |    4298 |    6073     507    6073 |    1014     507    1014 |    0.2   18.6    0.8
1451 |   255 |    2783 |    7086     507    7086 |    1015     507    1015 |    0.2   26.9    1.0
1452 |   255 |    4327 |    7094     508    7094 |    1016     508    1016 |    0.2   28.8    0.9
1453 |   254 |    4292 |    7061     505    7061 |    1012     505    1012 |    0.2   26.1    1.0
1454 |   253 |    2756 |    6038     505    6038 |    1011     505    1011 |    0.2   20.4    0.8
1455 |   253 |    4261 |    6021     506    6021 |    1013     506    1013 |    0.2   17.9    0.8
1456 |   255 |    4293 |    6066     507    6066 |    1014     507    1014 |    0.2   18.8    0.8
1457 |   255 |    4328 |    7087     508    7087 |    1018     509    1018 |    0.2   26.2    1.0
1458 |   255 |    4309 |    7079     508    7079 |    1017     508    1017 |    0.2   25.4    1.0
1459 |   254 |    4301 |    7078     506    7078 |    1013     506    1013 |    0.2   26.1    1.0
1460 |   255 |    4315 |    7083     507    7083 |    1015     508    1015 |    0.2   26.8    1.2
1461 |   255 |    4325 |    7089     508    7089 |    1016     508    1016 |    0.2   27.2    0.9
1462 |   255 |    4313 |    7088     507    7088 |    1014     507    1014 |    0.2   25.6    1.0
1463 |   255 |    2780 |    7084     507    7084 |    1013     507    1013 |    0.2   27.1    1.1
1464 |   252 |    4220 |    6972     506    6972 |    1013     506    1013 |    0.3   19.0    0.9
1465 |   255 |    4315 |    7082     507    7082 |    1014     507    1014 |    0.2   25.4    1.0
1466 |   255 |    4256 |    6977     505    6977 |    1012     505    1012 |    0.2   24.2    1.0
1467 |   255 |    4323 |    7086     508    7086 |    1016     508    1016 |    0.2   24.7    0.9
1468 |   255 |    3284 |    7081     507    7081 |    1014     507    1014 |    0.2   25.6    0.9
1469 |   255 |    4317 |    7090     507    7090 |    1015     507    1015 |    0.2   26.0    1.0
1470 |   254 |    2774 |    6069     506    6069 |    1012     506    1012 |    0.2   18.4    0.9
1471 |   255 |    4265 |    6045     506    6045 |    1013     506    1013 |    0.2   18.1    0.8
1472 |   255 |    3278 |    7078     508    7078 |    1017     508    1017 |    0.2   23.9    1.0
1473 |   254 |    2766 |    6056     505    6056 |    1012     506    1012 |    0.2   18.7    0.8
1474 |   255 |    4313 |    7078     507    7078 |    1014     507    1014 |    0.2   25.4    1.2
1475 |   254 |    4302 |    7072     507    7072 |    1013     507    1013 |    0.3   19.1    0.9
1476 |   255 |    4309 |    7071     507    7071 |    1015     507    1015 |    0.3   25.6    1.1
1477 |   255 |    4301 |    7063     506    7063 |    1012     506    1012 |    0.3   24.8    0.9
1478 |   255 |    3006 |    6014     507    6014 |    1014     507    1014 |    0.2   17.9    0.8
1479 |   255 |    4305 |    7078     507    7078 |    1014     507    1014 |    0.3   25.5    1.0
1480 |   255 |    4316 |    7090     507    7090 |    1015     507    1015 |    0.2   26.1    1.0
1481 |   255 |    4307 |    7065     508    7065 |    1017     508    1017 |    0.3   18.3    0.8
1482 |   254 |    3277 |    6066     506    6066 |    1012     506    1012 |    0.2   19.1    0.8
1483 |   255 |    3278 |    6065     507    6065 |    1014     507    1014 |    0.2   18.9    0.9
1484 |   255 |    3025 |    7081     506    7081 |    1014     507    1014 |    0.2   25.0    0.9
1485 |   255 |    4318 |    7088     507    7088 |    1014     507    1014 |    0.2   26.0    0.9
1486 |   255 |    4306 |    7083     507    7083 |    1014     507    1014 |    0.2   27.6    1.0
1487 |   254 |    3276 |    7009     508    7009 |    1019     508    1019 |    0.2   18.6    1.1
1488 |   254 |    4298 |    7071     507    7071 |    1013     507    1013 |    0.3   25.1    0.9
1489 |   254 |    4297 |    7074     506    7074 |    1012     506    1012 |    0.3   25.7    0.9
1490 |   255 |    4312 |    7074     509    7074 |    1017     509    1017 |    0.2   26.7    1.0
1491 |   255 |    4314 |    7079     507    7079 |    1015     507    1015 |    0.2   25.7    1.0
1492 |   254 |    4283 |    6056     506    6056 |    1012     506    1012 |    0.2   19.3    1.0
1493 |   255 |    4298 |    7075     506    7075 |    1014     507    1014 |    0.3   26.2    0.9
1494 |   255 |    4311 |    7078     508    7078 |    1015     508    1015 |    0.2   25.1    0.9
1495 |   255 |    3288 |    7048     508    7048 |    1018     508    1018 |    0.2   19.4    0.9
1496 |   255 |    4321 |    7083     508    7083 |    1017     508    1017 |    0.2   28.1    1.0
1497 |   254 |    4252 |    7035     506    7035 |    1012     506    1012 |    0.2   19.3    0.8
1498 |   254 |    2771 |    6064     506    6064 |    1013     506    1013 |    0.2   18.6    1.0
1499 |   254 |    4309 |    7080     507    7080 |    1014     507    1014 |    0.3   26.8    1.0
1500 |   255 |    4291 |    6070     506    6070 |    1013     506    1013 |    0.2   18.6    1.1
1501 |   254 |    4301 |    7070     506    7070 |    1013     506    1013 |    0.2   25.1    1.0
1502 |   255 |    4312 |    7084     507    7084 |    1015     507    1015 |    0.2   26.2    1.0
1503 |   254 |    3282 |    7071     507    7071 |    1015     507    1015 |    0.2   19.0    0.8
1504 |   254 |    4309 |    7078     507    7078 |    1014     507    1014 |    0.2   25.0    1.1
1505 |   255 |    4301 |    7083     507    7083 |    1014     507    1014 |    0.2   26.3    1.0
1506 |   254 |    4299 |    7078     506    7078 |    1013     506    1013 |    0.2   26.0    1.0
1507 |   255 |    4280 |    6055     506    6055 |    1012     506    1012 |    0.2   18.5    0.8
1508 |   255 |    4316 |    7082     507    7082 |    1015     507    1015 |    0.2   26.6    1.0
1509 |   255 |    4323 |    7086     508    7086 |    1015     508    1015 |    0.2   24.5    1.1
1510 |   255 |    4318 |    7090     508    7090 |    1015     508    1015 |    0.2   25.5    1.0
1511 |   255 |    4325 |    7097     508    7097 |    1016     508    1016 |    0.2   23.9    1.0
1512 |   254 |    4283 |    7038     505    7038 |    1012     505    1012 |    0.2   26.2    1.0
1513 |   255 |    4326 |    7089     508    7089 |    1016     508    1016 |    0.2   25.6    1.0
1514 |   255 |    4305 |    7063     506    7063 |    1013     506    1013 |    0.2   25.0    0.9
1515 |   253 |    2981 |    5970     505    5970 |    1011     505    1011 |    0.2   19.3    0.8
1516 |   255 |    3809 |    7088     507    7088 |    1015     508    1015 |    0.2   19.7    0.8
1517 |   255 |    4310 |    7081     507    7081 |    1014     507    1014 |    0.2   26.8    1.0
1518 |   255 |    3800 |    7081     507    7081 |    1013     507    1013 |    0.5   20.7    1.0
1519 |   255 |    4325 |    7088     508    7088 |    1016     508    1016 |    0.3   26.2    0.9
1520 |   254 |    4300 |    7069     507    7069 |    1013     507    1013 |    0.2   26.5    1.0
1521 |   254 |    4293 |    7065     505    7065 |    1012     506    1012 |    0.3   25.4    0.9
1522 |   254 |    4312 |    7082     507    7082 |    1015     507    1015 |    0.2   24.6    1.3
1523 |   255 |    4325 |    7083     509    7083 |    1018     509    1018 |    0.2   23.8    1.0
1524 |   255 |    2782 |    7080     507    7080 |    1015     507    1015 |    0.2   27.2    1.0
1525 |   255 |    3295 |    7076     508    7076 |    1016     508    1016 |    0.2   24.8    1.0
1526 |   255 |    4320 |    7085     507    7085 |    1014     507    1014 |    0.4   26.9    1.0
1527 |   254 |    3280 |    7076     507    7076 |    1014     507    1014 |    0.2   26.1    1.0
1528 |   255 |    4322 |    7082     508    7082 |    1015     508    1015 |    0.3   25.9    1.0
1529 |   251 |    2745 |    6015     505    6015 |    1010     505    1010 |    0.2   18.2    0.8
1530 |   254 |    4297 |    7076     505    7076 |    1013     506    1013 |    0.2   25.4    0.9
1531 |   255 |    2786 |    7073     506    7073 |    1014     506    1014 |    0.2   18.7    0.8
1532 |   255 |    4301 |    6075     507    6075 |    1014     507    1014 |    0.2   19.2    0.8
1533 |   254 |    4306 |    7072     507    7072 |    1013     507    1013 |    0.2   24.8    0.9
1534 |   255 |    4309 |    7085     507    7085 |    1014     507    1014 |    0.3   27.5    1.1
1535 |   255 |    4312 |    7083     507    7083 |    1015     507    1015 |    0.2   24.9    1.0
1536 |   255 |    3281 |    7073     506    7073 |    1014     506    1014 |    0.2   28.5    1.0
1537 |   255 |    4300 |    6073     507    6073 |    1014     507    1014 |    0.2   19.2    0.8
1538 |   255 |    4320 |    7083     507    7083 |    1016     507    1016 |    0.2   25.1    0.9
1539 |   254 |    2779 |    7064     507    7064 |    1014     507    1014 |    0.2   19.7    0.8
1540 |   254 |    4304 |    7080     506    7080 |    1014     507    1014 |    0.3   25.6    0.9
1541 |   255 |    3792 |    7066     509    7066 |    1017     509    1017 |    0.2   19.7    0.8
1542 |   255 |    2792 |    7068     509    7068 |    1018     509    1018 |    0.2   18.9    0.8
1543 |   255 |    4319 |    7084     507    7084 |    1016     507    1016 |    0.2   26.2    0.9
1544 |   255 |    4296 |    6074     507    6074 |    1013     507    1013 |    0.2   18.7    0.8
1545 |   255 |    4320 |    7083     507    7083 |    1015     507    1015 |    0.2   25.9    1.0
1546 |   254 |    4269 |    7005     505    7005 |    1012     505    1012 |    0.3   23.9    0.9
1547 |   254 |    4299 |    7080     506    7080 |    1013     507    1013 |    0.2   25.2    0.9
1548 |   255 |    4315 |    7080     507    7080 |    1014     507    1014 |    0.2   26.9    1.0
1549 |   255 |    3549 |    7092     509    7092 |    1017     509    1017 |    0.2   26.7    0.9
1550 |   255 |    4326 |    7093     508    7093 |    1016     508    1016 |    0.2   26.5    1.0
1551 |   254 |    3008 |    7003     506    7003 |    1013     506    1013 |    0.2   18.4    0.9
1552 |   255 |    4276 |    6055     506    6055 |    1013     507    1013 |    0.2   19.5    0.8
1553 |   255 |    4311 |    7079     507    7079 |    1014     507    1014 |    0.3   25.6    0.9
1554 |   253 |    2996 |    7053     505    7053 |    1010     505    1010 |    0.2   26.9    1.0
1555 |   255 |    4300 |    7069     506    7069 |    1013     506    1013 |    0.2   26.1    1.1
1556 |   255 |    4313 |    7084     507    7084 |    1015     507    1015 |    0.2   26.2    1.0
1557 |   255 |    4320 |    7084     507    7084 |    1016     507    1016 |    0.2   24.7    1.0
1558 |   255 |    4325 |    7094     508    7094 |    1017     508    1017 |    0.2   27.2    0.9
1559 |   255 |    4310 |    7084     507    7084 |    1015     507    1015 |    0.2   25.3    0.9
1560 |   255 |    4315 |    7085     508    7085 |    1017     508    1017 |    0.3   25.3    0.9
1561 |   255 |    4306 |    7074     508    7074 |    1017     508    1017 |    0.2   25.2    0.9
1562 |   254 |    4301 |    7073     507    7073 |    1016     507    1016 |    0.2   25.3    1.0
1563 |   255 |    4312 |    7085     507    7085 |    1015     507    1015 |    0.2   24.6    1.1
1564 |   255 |    4273 |    7010     505    7010 |    1012     506    1012 |    0.2   25.8    0.9
1565 |   255 |    4312 |    7080     507    7080 |    1014     507    1014 |    0.2   25.5    0.9
1566 |   253 |    4258 |    6033     505    6033 |    1011     505    1011 |    0.2   18.2    1.0
1567 |   255 |    4300 |    7055     506    7055 |    1013     506    1013 |    0.3   27.3    1.0
1568 |   255 |    2787 |    7074     507    7074 |    1015     507    1015 |    0.2   18.9    0.8
1569 |   254 |    4284 |    7037     505    7037 |    1012     505    1012 |    0.2   25.5    0.9
1570 |   255 |    4289 |    7051     507    7051 |    1016     507    1016 |    0.2   18.4    0.8
1571 |   255 |    4324 |    7090     508    7090 |    1016     508    1016 |    0.2   27.5    1.0
1572 |   255 |    4293 |    6072     507    6072 |    1014     507    1014 |    0.2   18.2    0.8
1573 |   255 |    4316 |    7082     507    7082 |    1015     507    1015 |    0.2   27.4    1.0
1574 |   255 |    4323 |    7087     508    7087 |    1016     508    1016 |    0.3   27.2    1.0
1575 |   255 |    4254 |    6037     507    6037 |    1013     507    1013 |    0.2   18.2    0.8
1576 |   255 |    4324 |    7095     508    7095 |    1015     508    1015 |    0.2   26.7    1.2
1577 |   255 |    4318 |    7090     507    7090 |    1014     507    1014 |    0.3   25.9    1.0
1578 |   255 |    4314 |    7091     507    7091 |    1015     507    1015 |    0.2   26.8    1.0
1579 |   255 |    4315 |    7088     507    7088 |    1015     507    1015 |    0.2   25.7    0.9
1580 |   255 |    4321 |    7083     508    7083 |    1015     508    1015 |    0.2   26.8    1.0
1581 |   255 |    3524 |    6071     506    6071 |    1013     506    1013 |    0.2   18.9    0.8
1582 |   255 |    4320 |    7090     508    7090 |    1016     508    1016 |    0.2   26.3    0.9
1583 |   255 |    4308 |    7071     506    7071 |    1013     506    1013 |    0.2   24.4    1.0
1584 |   255 |    4315 |    7088     507    7088 |    1014     507    1014 |    0.2   25.4    1.0
1585 |   255 |    4308 |    7069     507    7069 |    1014     507    1014 |    0.2   25.4    0.9
1586 |   255 |    4302 |    7061     506    7061 |    1012     506    1012 |    0.3   25.9    0.9
1587 |   255 |    4312 |    7084     507    7084 |    1015     507    1015 |    0.2   25.1    1.0
1588 |   255 |    4313 |    7090     508    7090 |    1015     508    1015 |    0.2   26.7    0.9
1589 |   255 |    4317 |    7091     507    7091 |    1015     507    1015 |    0.2   26.9    1.0
1590 |   254 |    4295 |    7062     506    7062 |    1012     506    1012 |    0.2   24.9    0.9
1591 |   255 |    4323 |    7081     508    7081 |    1017     508    1017 |    0.2   25.7    0.9
1592 |   254 |    3291 |    7069     507    7069 |    1015     507    1015 |    0.3   18.3    0.9
1593 |   255 |    4318 |    7082     508    7082 |    1016     508    1016 |    0.2   25.0    0.9
1594 |   255 |    4285 |    7055     508    7055 |    1015     508    1015 |    0.2   18.7    0.9
1595 |   255 |    4312 |    7081     507    7081 |    1014     507    1014 |    0.2   27.7    1.2
1596 |   255 |    4320 |    7094     507    7094 |    1015     507    1015 |    0.3   25.7    0.9
1597 |   255 |    4320 |    7092     507    7092 |    1015     507    1015 |    0.2   27.1    1.0
1598 |   255 |    4313 |    7072     508    7072 |    1015     508    1015 |    0.2   29.0    1.0
1599 |   255 |    4318 |    7080     507    7080 |    1015     507    1015 |    0.2   24.9    0.9
1600 |   255 |    4319 |    7093     507    7093 |    1015     507    1015 |    0.2   26.3    1.1
1601 |   255 |    2776 |    7078     506    7078 |    1013     507    1013 |    0.3   25.7    0.9
1602 |   255 |    4279 |    6057     506    6057 |    1013     506    1013 |    0.2   18.0    0.8
1603 |   255 |    4298 |    6073     506    6073 |    1013     507    1013 |    0.2   18.1    0.8
1604 |   255 |    4317 |    7083     507    7083 |    1014     507    1014 |    0.2   25.2    0.9
1605 |   255 |    4315 |    7080     507    7080 |    1015     507    1015 |    0.3   25.8    1.0
1606 |   255 |    3019 |    6057     506    6057 |    1012     506    1012 |    0.2   19.4    0.8
1607 |   255 |    4322 |    7092     507    7092 |    1015     507    1015 |    0.2   25.0    1.0
1608 |   255 |    4299 |    7086     507    7086 |    1014     507    1014 |    0.2   26.0    1.4
1609 |   255 |    3292 |    7084     507    7084 |    1014     507    1014 |    0.2   25.5    0.9
1610 |   255 |    4302 |    7085     507    7085 |    1014     507    1014 |    0.2   27.0    0.9
1611 |   255 |    4274 |    6053     507    6053 |    1013     507    1013 |    0.2   18.5    0.8
1612 |   255 |    4323 |    7092     508    7092 |    1016     508    1016 |    0.2   27.4    1.0
1613 |   252 |    4255 |    6024     505    6024 |    1010     505    1010 |    0.2   18.9    1.0
1614 |   253 |    4273 |    6048     505    6048 |    1011     506    1011 |    0.3   18.9    0.8
1615 |   255 |    4297 |    6073     506    6073 |    1013     506    1013 |    0.2   18.4    0.8
1616 |   255 |    4327 |    7098     508    7098 |    1016     508    1016 |    0.2   25.2    1.2
1617 |   254 |    3009 |    6045     505    6045 |    1012     505    1012 |    0.3   19.7    0.8
1618 |   253 |    4266 |    7019     505    7019 |    1010     505    1010 |    0.2   24.2    0.9
1619 |   255 |    4322 |    7082     508    7082 |    1015     508    1015 |    0.2   25.1    0.9
1620 |   255 |    4318 |    7085     507    7085 |    1015     507    1015 |    0.2   25.6    1.0
1621 |   255 |    3035 |    7084     508    7084 |    1016     508    1016 |    0.2   24.4    1.0
1622 |   255 |    4311 |    7083     507    7083 |    1016     507    1016 |    0.2   26.7    1.0
1623 |   254 |    4294 |    6067     506    6067 |    1012     506    1012 |    0.2   18.3    0.9
1624 |   254 |    4308 |    7082     507    7082 |    1014     507    1014 |    0.2   26.3    1.0
1625 |   255 |    3021 |    6064     507    6064 |    1014     507    1014 |    0.2   18.1    1.1
1626 |   255 |    4312 |    7083     507    7083 |    1013     507    1013 |    0.3   23.5    0.9
1627 |   253 |    4275 |    6044     506    6044 |    1013     506    1013 |    0.3   18.3    0.8
1628 |   255 |    4318 |    7092     507    7092 |    1015     507    1015 |    0.2   25.9    1.0
1629 |   255 |    4303 |    7055     506    7055 |    1013     506    1013 |    0.2   24.9    1.0
1630 |   255 |    4318 |    7085     507    7085 |    1015     507    1015 |    0.3   24.5    1.0
1631 |   255 |    4311 |    7075     506    7075 |    1013     507    1013 |    0.3   25.5    1.0
1632 |   255 |    4297 |    7053     506    7053 |    1012     506    1012 |    0.2   24.8    0.9
1633 |   255 |    4311 |    7062     507    7062 |    1014     507    1014 |    0.2   27.3    0.9
1634 |   255 |    4321 |    7089     508    7089 |    1016     508    1016 |    0.3   25.2    0.9
1635 |   255 |    4327 |    7093     508    7093 |    1016     508    1016 |    0.2   27.3    0.9
1636 |   255 |    4326 |    7087     509    7087 |    1018     509    1018 |    0.2   27.6    1.0
1637 |   255 |    4309 |    7086     507    7086 |    1014     507    1014 |    0.2   25.5    1.0
1638 |   255 |    4318 |    7090     507    7090 |    1014     507    1014 |    0.2   26.8    1.0
1639 |   255 |    4320 |    7086     508    7086 |    1016     508    1016 |    0.2   27.5    1.0
1640 |   255 |    4314 |    7070     508    7070 |    1016     508    1016 |    0.2   25.7    1.0
1641 |   255 |    4311 |    7081     508    7081 |    1015     508    1015 |    0.2   25.5    1.0
1642 |   255 |    4288 |    6066     506    6066 |    1013     507    1013 |    0.2   18.7    0.8
1643 |   255 |    4313 |    7081     506    7081 |    1013     506    1013 |    0.2   25.0    1.0
1644 |   255 |    4321 |    7087     507    7087 |    1014     507    1014 |    0.2   26.2    1.0
1645 |   253 |    4294 |    7073     506    7073 |    1012     506    1012 |    0.2   24.7    0.9
1646 |   255 |    4319 |    7088     507    7088 |    1014     507    1014 |    0.2   26.0    0.9
1647 |   255 |    4297 |    6061     506    6061 |    1012     506    1012 |    0.2   17.9    0.9
1648 |   255 |    4313 |    7082     508    7082 |    1015     508    1015 |    0.2   25.4    1.1
1649 |   255 |    4310 |    7088     507    7088 |    1014     507    1014 |    0.3   26.6    1.2
1650 |   255 |    4311 |    6082     507    6082 |    1014     507    1014 |    0.2   19.9    1.1
1651 |   255 |    4303 |    6077     507    6077 |    1014     507    1014 |    0.3   19.4    0.8
1652 |   255 |    4326 |    7075     509    7075 |    1018     509    1018 |    0.2   26.5    1.0
1653 |   255 |    4311 |    7078     507    7078 |    1013     507    1013 |    0.2   26.6    0.9
1654 |   255 |    2770 |    7065     506    7065 |    1012     506    1012 |    0.2   20.3    0.8
1655 |   255 |    4311 |    7075     507    7075 |    1013     506    1013 |    0.2   25.5    0.9
1656 |   255 |    4292 |    7076     506    7076 |    1013     506    1013 |    0.2   26.5    0.9
1657 |   255 |    4315 |    7080     507    7080 |    1015     507    1015 |    0.2   26.8    0.9
1658 |   255 |    4324 |    7094     508    7094 |    1017     508    1017 |    0.2   25.5    1.0
1659 |   255 |    4311 |    7077     507    7077 |    1013     507    1013 |    0.2   27.0    1.0
1660 |   255 |    4324 |    7082     508    7082 |    1016     508    1016 |    0.2   27.1    1.4
1661 |   255 |    4305 |    7061     507    7061 |    1013     507    1013 |    0.3   26.6    1.2
1662 |   255 |    4305 |    7082     507    7082 |    1014     507    1014 |    0.3   25.1    1.0
1663 |   255 |    4309 |    7082     506    7082 |    1013     507    1013 |    0.2   26.8    1.2
1664 |   255 |    4312 |    7090     507    7090 |    1015     507    1015 |    0.3   24.9    0.9
1665 |   255 |    2800 |    7054     509    7054 |    1019     509    1019 |    0.2   19.8    0.8
1666 |   255 |    3268 |    6053     506    6053 |    1012     506    1012 |    0.2   18.7    0.8
1667 |   255 |    4310 |    7075     506    7075 |    1014     507    1014 |    0.2   27.2    1.0
1668 |   255 |    4277 |    6055     506    6055 |    1013     506    1013 |    0.2   20.5    0.9
1669 |   255 |    4319 |    7084     507    7084 |    1014     507    1014 |    0.2   27.2    1.2
1670 |   255 |    4309 |    7077     507    7077 |    1015     508    1015 |    0.3   25.3    1.0
1671 |   254 |    4292 |    7049     506    7049 |    1013     506    1013 |    0.2   25.8    0.9
1672 |   255 |    4325 |    7089     508    7089 |    1016     508    1016 |    0.2   26.1    0.9
1673 |   255 |    4294 |    6070     507    6070 |    1014     507    1014 |    0.2   18.1    0.8
1674 |   255 |    4322 |    7089     508    7089 |    1016     508    1016 |    0.2   25.5    1.2
1675 |   255 |    4315 |    7083     508    7083 |    1016     508    1016 |    0.3   25.4    1.1
1676 |   255 |    4316 |    7086     507    7086 |    1015     507    1015 |    0.2   25.7    1.0
1677 |   255 |    4321 |    7088     507    7088 |    1015     507    1015 |    0.2   27.5    1.1
1678 |   255 |    4301 |    6060     506    6060 |    1013     506    1013 |    0.2   18.1    0.8
1679 |   252 |    2751 |    6033     505    6033 |    1010     505    1010 |    0.2   18.6    0.8
1680 |   255 |    4308 |    7072     507    7072 |    1015     507    1015 |    0.2   25.7    0.9
1681 |   255 |    4322 |    7084     508    7084 |    1015     508    1015 |    0.2   24.7    1.0
1682 |   255 |    4307 |    7083     507    7083 |    1014     507    1014 |    0.2   24.9    1.0
1683 |   255 |    4319 |    7074     508    7074 |    1015     508    1015 |    0.2   24.0    0.9
1684 |   254 |    4302 |    7076     506    7076 |    1013     506    1013 |    0.2   25.7    0.9
1685 |   253 |    4281 |    6058     506    6058 |    1011     506    1011 |    0.2   19.4    0.8
1686 |   255 |    3284 |    6068     507    6068 |    1014     507    1014 |    0.2   17.9    0.8
1687 |   255 |    4324 |    7089     507    7089 |    1014     507    1014 |    0.2   27.5    1.0
1688 |   255 |    4323 |    7093     507    7093 |    1015     507    1015 |    0.2   24.9    1.0
1689 |   254 |    4300 |    7071     506    7071 |    1014     507    1014 |    0.2   26.3    1.0
1690 |   255 |    4330 |    7083     509    7083 |    1018     509    1018 |    0.3   26.5    1.3
1691 |   255 |    4321 |    7082     508    7082 |    1017     508    1017 |    0.2   27.4    1.0
1692 |   254 |    4296 |    7071     506    7071 |    1012     506    1012 |    0.2   24.5    0.9
1693 |   255 |    4318 |    7089     507    7089 |    1015     507    1015 |    0.2   26.2    1.2
1694 |   255 |    4319 |    7091     508    7091 |    1016     508    1016 |    0.2   27.0    1.2
1695 |   255 |    4317 |    7086     508    7086 |    1015     508    1015 |    0.3   24.6    1.0
1696 |   255 |    4299 |    7067     506    7067 |    1013     506    1013 |    0.2   26.7    0.9
1697 |   255 |    4287 |    6066     506    6066 |    1013     506    1013 |    0.2   19.7    0.8
1698 |   255 |    2776 |    6063     506    6063 |    1014     506    1014 |    0.2   19.2    0.8
1699 |   255 |    4295 |    6072     507    6072 |    1013     507    1013 |    0.2   19.0    0.8
1700 |   255 |    3289 |    7074     506    7074 |    1013     506    1013 |    0.2   18.8    0.8
1701 |   255 |    4295 |    7061     507    7061 |    1013     507    1013 |    0.2   25.6    1.1
1702 |   255 |    4321 |    7082     507    7082 |    1015     507    1015 |    0.2   24.8    1.0
1703 |   255 |    4318 |    7090     508    7090 |    1016     508    1016 |    0.2   24.5    0.9
1704 |   255 |    4315 |    7084     507    7084 |    1015     507    1015 |    0.2   25.9    0.9
1705 |   255 |    4311 |    7083     506    7083 |    1014     507    1014 |    0.3   25.9    1.0
1706 |   255 |    2778 |    7080     507    7080 |    1014     507    1014 |    0.2   25.9    0.9
1707 |   255 |    4292 |    6067     506    6067 |    1012     506    1012 |    0.2   18.1    0.8
1708 |   255 |    4321 |    7091     508    7091 |    1016     508    1016 |    0.2   27.0    1.0
1709 |   254 |    4297 |    7068     506    7068 |    1012     506    1012 |    0.2   25.2    1.0
1710 |   255 |    4327 |    7094     509    7094 |    1017     509    1017 |    0.3   26.4    0.9
1711 |   254 |    4300 |    7075     506    7075 |    1013     506    1013 |    0.2   26.5    0.9
1712 |   255 |    4320 |    7076     507    7076 |    1016     508    1016 |    0.2   27.6    1.0
1713 |   255 |    4320 |    7086     507    7086 |    1015     507    1015 |    0.2   25.2    0.9
1714 |   255 |    4320 |    7089     507    7089 |    1014     507    1014 |    0.2   26.1    1.0
1715 |   255 |    4314 |    7079     508    7079 |    1016     508    1016 |    0.2   25.2    0.9
1716 |   255 |    3535 |    7059     507    7059 |    1014     507    1014 |    0.2   19.0    0.8
1717 |   255 |    4325 |    7089     508    7089 |    1016     508    1016 |    0.2   25.6    0.9
1718 |   255 |    4314 |    7080     508    7080 |    1016     508    1016 |    0.2   25.1    1.1
1719 |   255 |    4308 |    7082     507    7082 |    1013     507    1013 |    0.3   26.1    1.0
1720 |   255 |    4304 |    7082     507    7082 |    1014     507    1014 |    0.2   25.6    0.9
1721 |   255 |    4322 |    7078     509    7078 |    1018     509    1018 |    0.2   24.8    0.9
1722 |   255 |    4319 |    7087     508    7087 |    1016     508    1016 |    0.2   26.3    0.9
1723 |   255 |    4326 |    7098     508    7098 |    1016     508    1016 |    0.2   26.5    1.0
1724 |   255 |    4315 |    7084     509    7084 |    1018     509    1018 |    0.2   25.9    1.0
1725 |   255 |    3804 |    7080     506    7080 |    1014     506    1014 |    0.2   19.6    0.9
1726 |   255 |    4309 |    7083     507    7083 |    1015     507    1015 |    0.2   25.1    1.0
1727 |   255 |    4314 |    7083     507    7083 |    1014     507    1014 |    0.2   26.9    1.0
1728 |   255 |    2793 |    7083     508    7083 |    1018     508    1018 |    0.2   25.8    0.9
1729 |   255 |    3304 |    7079     508    7079 |    1018     508    1018 |    0.3   21.8    0.9
1730 |   255 |    4311 |    7073     508    7073 |    1016     508    1016 |    0.2   26.4    1.0
1731 |   253 |    4285 |    6060     505    6060 |    1011     506    1011 |    0.2   20.9    1.0
1732 |   255 |    4326 |    7094     508    7094 |    1016     508    1016 |    0.4   29.7    1.0
1733 |   255 |    4316 |    7081     507    7081 |    1014     507    1014 |    0.2   27.7    1.0
1734 |   255 |    4302 |    7083     507    7083 |    1014     507    1014 |    0.2   25.7    0.9
1735 |   255 |    4326 |    7089     509    7089 |    1018     509    1018 |    0.2   27.8    1.0
1736 |   254 |    4299 |    7074     506    7074 |    1013     506    1013 |    0.2   26.7    1.1
1737 |   255 |    4316 |    7085     508    7085 |    1016     508    1016 |    0.3   24.2    0.9
1738 |   255 |    4309 |    7089     507    7089 |    1014     507    1014 |    0.2   25.2    1.0
1739 |   254 |    4310 |    7075     506    7075 |    1013     506    1013 |    0.2   28.1    1.0
1740 |   255 |    4318 |    7094     507    7094 |    1015     507    1015 |    0.2   24.9    0.9
1741 |   255 |    4304 |    7076     507    7076 |    1015     507    1015 |    0.2   26.3    1.0
1742 |   255 |    2787 |    7086     507    7086 |    1014     507    1014 |    0.2   28.0    1.0
1743 |   255 |    4316 |    7076     507    7076 |    1014     507    1014 |    0.2   24.8    0.9
1744 |   255 |    4257 |    7029     506    7029 |    1013     506    1013 |    0.2   19.9    0.8
1745 |   255 |    3274 |    6070     506    6070 |    1013     506    1013 |    0.2   18.8    0.9
1746 |   255 |    4306 |    7082     507    7082 |    1014     507    1014 |    0.2   25.0    0.9
1747 |   255 |    4313 |    7086     507    7086 |    1015     507    1015 |    0.2   25.5    1.0
1748 |   255 |    2790 |    7080     507    7080 |    1015     507    1015 |    0.3   19.4    0.8
1749 |   254 |    3274 |    7051     506    7051 |    1012     506    1012 |    0.2   18.3    0.8
1750 |   254 |    4305 |    7080     506    7080 |    1013     506    1013 |    0.2   25.2    1.1
1751 |   255 |    4314 |    7078     507    7078 |    1015     507    1015 |    0.3   25.5    1.0
1752 |   255 |    4317 |    7077     508    7077 |    1016     508    1016 |    0.3   25.1    0.9
1753 |   254 |    4301 |    7071     506    7071 |    1014     507    1014 |    0.2   24.9    1.0
1754 |   255 |    4311 |    7074     507    7074 |    1014     507    1014 |    0.2   25.4    1.0
1755 |   255 |    2789 |    6085     508    6085 |    1017     508    1017 |    0.3   19.8    0.9
1756 |   255 |    2987 |    6002     506    6002 |    1012     506    1012 |    0.2   18.4    1.0
1757 |   255 |    4308 |    7084     507    7084 |    1014     507    1014 |    0.2   26.5    1.0
1758 |   255 |    4305 |    7059     508    7059 |    1016     508    1016 |    0.2   25.3    1.3
1759 |   254 |    4299 |    7070     506    7070 |    1014     506    1014 |    0.2   25.2    0.9
1760 |   254 |    4302 |    7080     507    7080 |    1014     507    1014 |    0.2   29.6    1.0
1761 |   255 |    3022 |    7078     507    7078 |    1013     507    1013 |    0.2   27.5    1.0
1762 |   255 |    4324 |    7093     507    7093 |    1015     507    1015 |    0.2   26.2    0.9
1763 |   254 |    4309 |    7083     507    7083 |    1014     507    1014 |    0.2   25.6    1.0
1764 |   255 |    4327 |    7092     508    7092 |    1017     508    1017 |    0.2   24.6    0.9
1765 |   255 |    4319 |    7092     508    7092 |    1016     508    1016 |    0.2   26.4    1.0
1766 |   255 |    4314 |    7087     507    7087 |    1014     507    1014 |    0.2   25.4    1.0
1767 |   255 |    4310 |    7077     508    7077 |    1016     508    1016 |    0.2   25.0    0.9
1768 |   255 |    4326 |    7090     508    7090 |    1016     508    1016 |    0.2   26.4    1.0
1769 |   255 |    4318 |    7086     507    7086 |    1014     507    1014 |    0.2   26.0    1.0
1770 |   255 |    3550 |    7083     507    7083 |    1015     507    1015 |    0.2   18.0    1.1
1771 |   253 |    4257 |    7038     506    7038 |    1011     506    1011 |    0.2   18.3    0.8
1772 |   255 |    4319 |    7093     508    7093 |    1015     508    1015 |    0.2   25.3    0.9
1773 |   255 |    4312 |    7089     507    7089 |    1014     507    1014 |    0.2   26.2    0.9
1774 |   255 |    2750 |    6021     506    6021 |    1012     506    1012 |    0.2   18.4    0.8
1775 |   255 |    4314 |    7083     507    7083 |    1014     507    1014 |    0.2   26.1    1.0
1776 |   254 |    4294 |    7058     507    7058 |    1015     507    1015 |    0.2   19.2    0.8
1777 |   255 |    4318 |    7087     507    7087 |    1015     507    1015 |    0.2   25.1    1.1
1778 |   255 |    4315 |    7086     507    7086 |    1015     507    1015 |    0.3   25.6    1.0
1779 |   254 |    4289 |    7053     507    7053 |    1015     507    1015 |    0.2   19.1    0.8
1780 |   255 |    4308 |    7066     506    7066 |    1013     506    1013 |    0.2   24.7    0.9
1781 |   253 |    4283 |    7055     505    7055 |    1010     505    1010 |    0.2   26.1    0.9
1782 |   253 |    4275 |    6047     505    6047 |    1011     505    1011 |    0.2   18.8    0.8
1783 |   254 |    4298 |    7069     506    7069 |    1012     506    1012 |    0.2   26.3    0.9
1784 |   255 |    4322 |    7095     508    7095 |    1017     508    1017 |    0.2   18.6    0.9
1785 |   255 |    4311 |    7078     507    7078 |    1014     507    1014 |    0.2   25.7    1.0
1786 |   255 |    4308 |    7069     508    7069 |    1016     508    1016 |    0.2   25.3    0.9
1787 |   255 |    4294 |    7050     506    7050 |    1012     506    1012 |    0.2   24.3    0.9
1788 |   255 |    4316 |    7086     507    7086 |    1015     507    1015 |    0.2   25.8    1.0
1789 |   255 |    4298 |    7076     506    7076 |    1013     506    1013 |    0.3   25.6    0.9
1790 |   255 |    4029 |    7073     507    7073 |    1013     507    1013 |    0.3   19.3    0.8
1791 |   254 |    4282 |    7043     505    7043 |    1012     506    1012 |    0.2   25.3    1.2
1792 |   255 |    4308 |    7080     507    7080 |    1015     507    1015 |    0.3   27.3    0.9
1793 |   255 |    4311 |    7078     507    7078 |    1013     507    1013 |    0.3   26.2    1.0
1794 |   254 |    4286 |    7048     505    7048 |    1012     505    1012 |    0.2   25.8    0.9
1795 |   255 |    3016 |    7071     506    7071 |    1013     506    1013 |    0.2   18.4    0.8
1796 |   255 |    4299 |    6075     507    6075 |    1013     507    1013 |    0.2   18.8    0.8
1797 |   255 |    2778 |    7079     507    7079 |    1014     507    1014 |    0.2   25.3    1.0
1798 |   255 |    4324 |    7084     508    7084 |    1016     508    1016 |    0.2   26.1    1.0
1799 |   255 |    4318 |    7085     506    7085 |    1014     507    1014 |    0.3   24.6    0.9
1800 |   255 |    4323 |    7085     508    7085 |    1017     508    1017 |    0.3   26.4    1.0
1801 |   255 |    4318 |    7091     507    7091 |    1015     507    1015 |    0.2   26.4    0.9
1802 |   255 |    4302 |    7080     507    7080 |    1013     507    1013 |    0.2   27.8    1.0
1803 |   254 |    4296 |    7067     506    7067 |    1012     506    1012 |    0.2   26.2    1.2
1804 |   255 |    2780 |    7076     508    7076 |    1015     508    1015 |    0.3   26.9    1.4
1805 |   254 |    4293 |    6065     507    6065 |    1013     507    1013 |    0.2   18.3    0.8
1806 |   255 |    4326 |    7093     508    7093 |    1016     508    1016 |    0.2   27.8    1.2
1807 |   255 |    4320 |    7079     508    7079 |    1016     508    1016 |    0.3   26.1    1.1
1808 |   253 |    4288 |    6063     506    6063 |    1011     506    1011 |    0.2   19.3    1.0
1809 |   255 |    4323 |    7086     508    7086 |    1016     508    1016 |    0.4   24.8    0.9
1810 |   255 |    4324 |    7093     508    7093 |    1016     508    1016 |    0.2   25.5    0.9
1811 |   255 |    3027 |    7087     507    7087 |    1015     507    1015 |    0.2   25.5    1.1
1812 |   255 |    4319 |    7089     508    7089 |    1017     508    1017 |    0.2   25.5    0.9
1813 |   255 |    4316 |    7083     508    7083 |    1016     508    1016 |    0.2   25.4    0.9
1814 |   255 |    4327 |    7099     507    7099 |    1015     507    1015 |    0.2   25.4    1.0
1815 |   254 |    4306 |    7077     507    7077 |    1014     507    1014 |    0.2   24.8    0.9
1816 |   255 |    3295 |    7075     508    7075 |    1017     508    1017 |    0.2   19.3    0.8
1817 |   254 |    4304 |    7078     507    7078 |    1015     507    1015 |    0.3   18.4    0.8
1818 |   255 |    4291 |    6068     506    6068 |    1013     506    1013 |    0.2   19.0    0.8
1819 |   255 |    2784 |    7085     507    7085 |    1014     507    1014 |    0.2   25.7    1.0
1820 |   255 |    4320 |    7084     508    7084 |    1016     508    1016 |    0.2   26.9    1.3
1821 |   255 |    4316 |    7076     507    7076 |    1014     507    1014 |    0.2   25.0    0.9
1822 |   255 |    4314 |    7080     507    7080 |    1015     508    1015 |    0.2   26.4    1.1
1823 |   255 |    4328 |    7083     509    7083 |    1018     509    1018 |    0.2   26.3    1.0
1824 |   255 |    4316 |    7089     507    7089 |    1014     507    1014 |    0.2   25.3    1.2
1825 |   254 |    4287 |    7034     505    7034 |    1012     505    1012 |    0.3   24.2    0.9
1826 |   254 |    4284 |    7044     505    7044 |    1012     505    1012 |    0.2   25.5    0.9
1827 |   254 |    3539 |    7037     509    7037 |    1018     509    1018 |    0.2   19.4    0.9
1828 |   255 |    4325 |    7094     508    7094 |    1016     508    1016 |    0.2   25.5    1.0
1829 |   254 |    2770 |    6063     506    6063 |    1012     506    1012 |    0.2   18.8    0.9
1830 |   254 |    4301 |    7068     506    7068 |    1012     506    1012 |    0.3   25.2    1.1
1831 |   254 |    4292 |    7066     505    7066 |    1011     506    1011 |    0.3   26.5    1.1
1832 |   255 |    3300 |    7093     507    7093 |    1015     507    1015 |    0.3   26.8    1.2
1833 |   255 |    4312 |    7081     507    7081 |    1015     507    1015 |    0.3   24.3    0.9
1834 |   255 |    4246 |    6023     506    6023 |    1013     506    1013 |    0.2   18.1    0.8
1835 |   253 |    4286 |    6062     506    6062 |    1011     506    1011 |    0.2   18.7    0.9
1836 |   255 |    4309 |    7072     506    7072 |    1013     506    1013 |    0.2   27.2    1.0
1837 |   255 |    4324 |    7078     508    7078 |    1017     508    1017 |    0.2   25.1    1.0
1838 |   255 |    4320 |    7090     507    7090 |    1016     508    1016 |    0.2   26.6    1.0
1839 |   255 |    3280 |    7065     507    7065 |    1016     507    1016 |    0.2   19.6    0.8
1840 |   255 |    3001 |    6044     507    6044 |    1014     507    1014 |    0.2   18.7    0.8
1841 |   254 |    4299 |    7066     506    7066 |    1012     506    1012 |    0.2   25.3    1.0
1842 |   253 |    4271 |    6052     505    6052 |    1010     505    1010 |    0.2   18.0    0.8
1843 |   252 |    4262 |    6034     505    6034 |    1010     505    1010 |    0.2   18.3    1.0
1844 |   255 |    4322 |    7089     508    7089 |    1017     508    1017 |    0.2   26.7    1.0
1845 |   255 |    3539 |    7088     508    7088 |    1015     508    1015 |    0.2   26.8    0.9
1846 |   255 |    4312 |    7081     508    7081 |    1016     508    1016 |    0.2   24.3    0.9
1847 |   255 |    3519 |    6063     506    6063 |    1013     506    1013 |    0.2   18.9    0.8
1848 |   254 |    4291 |    6066     506    6066 |    1012     506    1012 |    0.2   20.2    0.8
1849 |   255 |    4327 |    7089     508    7089 |    1016     508    1016 |    0.2   25.5    0.9
1850 |   255 |    2782 |    7082     507    7082 |    1015     507    1015 |    0.3   25.8    1.0
1851 |   254 |    4292 |    6066     506    6066 |    1013     506    1013 |    0.2   18.9    0.8
1852 |   255 |    4316 |    7090     507    7090 |    1014     507    1014 |    0.2   25.3    1.0
1853 |   255 |    4309 |    7064     507    7064 |    1014     507    1014 |    0.2   24.7    1.0
1854 |   254 |    4277 |    6054     506    6054 |    1013     506    1013 |    0.2   18.4    0.8
1855 |   255 |    3761 |    7026     507    7026 |    1015     507    1015 |    0.3   18.9    0.8
1856 |   254 |    4293 |    7064     506    7064 |    1011     506    1011 |    0.2   25.5    1.0
1857 |   255 |    4322 |    7094     508    7094 |    1015     508    1015 |    0.2   24.2    0.9
1858 |   255 |    4319 |    7084     507    7084 |    1015     507    1015 |    0.2   24.9    0.9
1859 |   255 |    4313 |    7082     507    7082 |    1015     507    1015 |    0.2   25.0    0.9
1860 |   255 |    4329 |    7094     508    7094 |    1017     508    1017 |    0.2   25.4    0.9
1861 |   255 |    4321 |    7072     508    7072 |    1016     508    1016 |    0.2   25.6    1.0
1862 |   255 |    3299 |    7087     507    7087 |    1015     507    1015 |    0.3   19.3    0.8
1863 |   255 |    4319 |    7092     508    7092 |    1016     508    1016 |    0.2   25.6    1.0
1864 |   255 |    4323 |    7092     508    7092 |    1016     508    1016 |    0.2   24.9    0.9
1865 |   255 |    4318 |    7077     508    7077 |    1016     508    1016 |    0.2   25.6    1.0
1866 |   255 |    4315 |    7087     508    7087 |    1015     508    1015 |    0.2   25.0    0.9
1867 |   255 |    3025 |    7067     507    7067 |    1015     507    1015 |    0.2   25.9    0.9
1868 |   255 |    4322 |    7087     507    7087 |    1015     507    1015 |    0.2   26.4    1.0
1869 |   253 |    4288 |    7064     506    7064 |    1011     506    1011 |    0.2   20.1    1.1
1870 |   255 |    4312 |    7079     507    7079 |    1015     507    1015 |    0.3   26.9    0.9
1871 |   255 |    4310 |    7071     506    7071 |    1013     506    1013 |    0.2   25.6    1.0
1872 |   255 |    4315 |    7086     507    7086 |    1015     507    1015 |    0.2   24.9    0.9
1873 |   254 |    4294 |    7070     506    7070 |    1012     506    1012 |    0.2   24.2    1.0
1874 |   254 |    4299 |    7067     506    7067 |    1012     506    1012 |    0.2   24.5    0.9
1875 |   255 |    4308 |    7082     507    7082 |    1015     507    1015 |    0.2   26.4    1.0
1876 |   255 |    4313 |    7089     507    7089 |    1014     507    1014 |    0.2   24.6    0.9
1877 |   255 |    4320 |    7082     508    7082 |    1016     508    1016 |    0.2   24.8    0.9
1878 |   254 |    4305 |    7076     507    7076 |    1013     507    1013 |    0.2   25.0    0.9
1879 |   255 |    4310 |    7081     508    7081 |    1016     508    1016 |    0.2   26.4    1.0
1880 |   255 |    4322 |    7078     508    7078 |    1016     508    1016 |    0.2   24.5    0.9
1881 |   253 |    4284 |    6058     505    6058 |    1011     505    1011 |    0.2   19.4    0.8
1882 |   255 |    4318 |    7073     508    7073 |    1015     507    1015 |    0.2   25.1    1.0
1883 |   255 |    4314 |    7080     507    7080 |    1013     507    1013 |    0.2   24.7    1.0
1884 |   255 |    4316 |    7087     507    7087 |    1015     508    1015 |    0.3   23.8    1.1
1885 |   253 |    4283 |    6058     505    6058 |    1010     505    1010 |    0.2   19.3    0.8
1886 |   255 |    4277 |    6055     506    6055 |    1013     506    1013 |    0.2   19.9    1.1
1887 |   255 |    4245 |    6025     507    6025 |    1014     507    1014 |    0.3   19.2    0.9
1888 |   255 |    4321 |    7085     508    7085 |    1016     508    1016 |    0.2   24.8    0.9
1889 |   254 |    4308 |    7076     507    7076 |    1013     507    1013 |    0.2   25.4    1.2
1890 |   255 |    4314 |    7072     507    7072 |    1014     507    1014 |    0.2   25.2    1.0
1891 |   255 |    4319 |    7085     507    7085 |    1015     507    1015 |    0.2   24.8    0.9
1892 |   254 |    4310 |    7076     507    7076 |    1015     507    1015 |    0.2   25.3    0.9
1893 |   255 |    2785 |    7088     508    7088 |    1015     508    1015 |    0.2   25.4    1.0
1894 |   255 |    3548 |    7083     508    7083 |    1015     508    1015 |    0.2   19.2    1.0
1895 |   255 |    4315 |    7083     507    7083 |    1014     507    1014 |    0.2   26.9    0.9
1896 |   255 |    4312 |    7073     507    7073 |    1015     507    1015 |    0.2   24.8    0.9
1897 |   255 |    2794 |    7088     507    7088 |    1014     507    1014 |    0.3   19.5    0.8
1898 |   255 |    4318 |    7087     508    7087 |    1015     508    1015 |    0.2   26.2    1.0
1899 |   254 |    4305 |    7081     507    7081 |    1014     507    1014 |    0.2   26.3    0.9
1900 |   255 |    4313 |    7077     507    7077 |    1014     507    1014 |    0.2   25.9    1.0
1901 |   255 |    4313 |    7084     507    7084 |    1015     507    1015 |    0.2   25.5    1.0
1902 |   255 |    4328 |    7086     508    7086 |    1017     508    1017 |    0.2   24.9    0.9
1903 |   255 |    2787 |    7087     508    7087 |    1016     508    1016 |    0.2   25.7    1.0
1904 |   255 |    4309 |    7069     508    7069 |    1017     508    1017 |    0.2   18.7    1.0
1905 |   255 |    3308 |    7095     508    7095 |    1017     508    1017 |    0.3   21.8    0.8
1906 |   252 |    4256 |    6028     505    6028 |    1010     505    1010 |    0.2   17.8    0.7
1907 |   255 |    4318 |    7085     507    7085 |    1013     507    1013 |    0.2   24.6    0.9
1908 |   255 |    4319 |    7087     507    7087 |    1015     507    1015 |    0.2   28.3    1.0
1909 |   255 |    4316 |    7083     508    7083 |    1016     508    1016 |    0.3   26.4    1.0
1910 |   254 |    4304 |    7077     506    7077 |    1013     506    1013 |    0.3   25.0    0.9
1911 |   255 |    2783 |    7088     507    7088 |    1014     507    1014 |    0.2   27.1    1.0
1912 |   253 |    4283 |    7055     505    7055 |    1011     505    1011 |    0.2   25.0    1.0
1913 |   254 |    4300 |    7066     506    7066 |    1015     507    1015 |    0.2   24.8    1.1
1914 |   255 |    4315 |    7082     507    7082 |    1014     507    1014 |    0.2   25.5    1.0
1915 |   255 |    4311 |    7077     507    7077 |    1014     507    1014 |    0.2   24.9    0.9
1916 |   255 |    4305 |    7088     507    7088 |    1015     507    1015 |    0.2   27.4    1.0
1917 |   255 |    4306 |    7080     507    7080 |    1014     507    1014 |    0.2   26.5    1.0
1918 |   255 |    4309 |    7082     507    7082 |    1015     507    1015 |    0.3   26.5    1.0
1919 |   255 |    4304 |    7065     506    7065 |    1012     506    1012 |    0.2   26.6    0.9
1920 |   255 |    4275 |    6049     506    6049 |    1013     506    1013 |    0.2   17.6    0.8
1921 |   254 |    4214 |    5999     505    5999 |    1012     505    1012 |    0.2   18.6    0.8
1922 |   254 |    4305 |    7072     507    7072 |    1014     507    1014 |    0.2   25.2    0.9
1923 |   255 |    2795 |    7081     508    7081 |    1017     508    1017 |    0.2   26.6    1.1
1924 |   255 |    4320 |    7086     507    7086 |    1015     507    1015 |    0.2   26.3    1.0
1925 |   255 |    4309 |    7081     507    7081 |    1015     507    1015 |    0.2   27.5    0.9
1926 |   255 |    3286 |    6073     507    6073 |    1015     508    1015 |    0.2   19.2    0.9
1927 |   254 |    4292 |    7070     506    7070 |    1012     506    1012 |    0.2   26.2    1.0
1928 |   254 |    4301 |    7078     506    7078 |    1013     507    1013 |    0.3   26.5    0.9
1929 |   255 |    4299 |    7067     506    7067 |    1012     506    1012 |    0.2   26.3    1.0
1930 |   255 |    4317 |    7085     508    7085 |    1015     508    1015 |    0.2   24.6    0.9
1931 |   255 |    4316 |    7089     508    7089 |    1016     508    1016 |    0.2   26.2    0.9
1932 |   254 |    4304 |    7081     507    7081 |    1014     507    1014 |    0.2   26.1    1.0
1933 |   255 |    4308 |    7070     507    7070 |    1013     507    1013 |    0.2   25.3    0.9
1934 |   254 |    4302 |    7078     507    7078 |    1014     507    1014 |    0.2   24.7    0.9
1935 |   252 |    3248 |    6034     505    6034 |    1010     505    1010 |    0.2   20.1    0.9
1936 |   255 |    4329 |    7094     509    7094 |    1017     509    1017 |    0.2   26.5    0.9
1937 |   255 |    3030 |    7084     506    7084 |    1015     507    1015 |    0.2   27.0    1.0
1938 |   255 |    3026 |    7081     508    7081 |    1015     508    1015 |    0.2   26.4    1.0
1939 |   253 |    4290 |    6063     506    6063 |    1011     506    1011 |    0.2   18.7    0.9
1940 |   255 |    4314 |    7081     507    7081 |    1014     507    1014 |    0.2   27.1    1.2
1941 |   255 |    4304 |    7070     506    7070 |    1012     506    1012 |    0.3   25.0    0.9
1942 |   255 |    4320 |    7088     508    7088 |    1015     508    1015 |    0.3   24.0    0.9
1943 |   255 |    4302 |    7082     507    7082 |    1014     507    1014 |    0.2   25.5    0.9
1944 |   255 |    4315 |    7074     508    7074 |    1015     508    1015 |    0.2   26.9    0.9
1945 |   255 |    3544 |    7082     507    7082 |    1015     507    1015 |    0.2   19.3    0.8
1946 |   254 |    4291 |    7063     506    7063 |    1011     506    1011 |    0.2   26.9    1.0
1947 |   254 |    4286 |    6064     506    6064 |    1013     506    1013 |    0.2   19.1    0.8
1948 |   255 |    4320 |    7091     507    7091 |    1015     507    1015 |    0.2   24.5    1.0
1949 |   253 |    3004 |    6039     505    6039 |    1011     505    1011 |    0.2   18.8    0.8
1950 |   255 |    3289 |    7082     507    7082 |    1014     507    1014 |    0.2   27.5    1.2
1951 |   254 |    4260 |    6034     505    6034 |    1012     505    1012 |    0.3   18.8    0.8
1952 |   255 |    4307 |    7079     507    7079 |    1015     507    1015 |    0.3   26.4    1.0
1953 |   254 |    4300 |    7069     506    7069 |    1012     506    1012 |    0.2   24.6    1.1
1954 |   255 |    3531 |    6072     506    6072 |    1013     506    1013 |    0.2   19.6    0.8
1955 |   255 |    4319 |    7083     508    7083 |    1016     508    1016 |    0.3   25.8    1.2
1956 |   255 |    3280 |    6073     506    6073 |    1013     506    1013 |    0.3   21.8    0.8
1957 |   255 |    4322 |    7083     508    7083 |    1016     508    1016 |    0.2   28.9    1.1
1958 |   255 |    4313 |    7076     506    7076 |    1015     507    1015 |    0.2   25.4    1.2
1959 |   255 |    4315 |    7086     508    7086 |    1015     508    1015 |    0.3   24.9    0.9
1960 |   255 |    4318 |    7070     508    7070 |    1016     508    1016 |    0.2   26.2    1.0
1961 |   255 |    4298 |    7077     506    7077 |    1012     506    1012 |    0.2   25.4    0.9
1962 |   255 |    3284 |    7078     506    7078 |    1013     506    1013 |    0.2   24.9    1.1
1963 |   255 |    4302 |    7082     507    7082 |    1014     507    1014 |    0.2   25.2    0.9
1964 |   255 |    4312 |    7082     507    7082 |    1013     506    1013 |    0.3   25.0    1.0
1965 |   255 |    4309 |    7080     506    7080 |    1014     507    1014 |    0.3   26.5    1.0
1966 |   255 |    4310 |    7077     507    7077 |    1013     507    1013 |    0.2   25.8    1.0
1967 |   255 |    4308 |    7068     507    7068 |    1014     507    1014 |    0.2   25.9    0.9
1968 |   255 |    4325 |    7092     508    7092 |    1017     508    1017 |    0.2   26.1    0.9
1969 |   255 |    4320 |    7082     508    7082 |    1016     508    1016 |    0.2   25.7    1.0
1970 |   255 |    4295 |    6075     507    6075 |    1014     507    1014 |    0.2   18.2    0.9
1971 |   255 |    4289 |    7034     506    7034 |    1014     506    1014 |    0.2   25.4    1.0
1972 |   255 |    4302 |    7079     507    7079 |    1013     507    1013 |    0.2   25.7    0.9
1973 |   255 |    4308 |    7084     507    7084 |    1014     507    1014 |    0.2   26.8    1.0
1974 |   254 |    4304 |    7077     506    7077 |    1013     506    1013 |    0.2   30.0    1.3
1975 |   255 |    4317 |    7091     507    7091 |    1015     507    1015 |    0.2   26.3    0.9
1976 |   255 |    4294 |    7071     506    7071 |    1013     506    1013 |    0.2   18.5    0.8
1977 |   255 |    4321 |    7076     508    7076 |    1016     508    1016 |    0.2   26.1    0.9
1978 |   255 |    4309 |    7069     507    7069 |    1014     507    1014 |    0.3   25.2    0.9
1979 |   254 |    4306 |    7073     507    7073 |    1013     507    1013 |    0.2   25.5    1.2
1980 |   255 |    4301 |    7076     507    7076 |    1013     507    1013 |    0.3   24.8    1.0
1981 |   255 |    4320 |    7081     508    7081 |    1016     508    1016 |    0.2   25.1    0.9
1982 |   255 |    3020 |    7085     507    7085 |    1015     507    1015 |    0.2   26.5    1.0
1983 |   255 |    4322 |    7078     509    7078 |    1017     509    1017 |    0.2   24.4    0.9
1984 |   254 |    4305 |    7079     507    7079 |    1013     507    1013 |    0.2   26.0    1.0
1985 |   255 |    3537 |    7076     507    7076 |    1015     507    1015 |    0.2   19.4    0.9
1986 |   255 |    4314 |    7087     508    7087 |    1016     508    1016 |    0.2   24.3    0.9
1987 |   255 |    4316 |    7088     508    7088 |    1015     508    1015 |    0.2   26.0    1.0
1988 |   255 |    4324 |    7091     508    7091 |    1015     508    1015 |    0.2   25.7    1.1
1989 |   255 |    3513 |    6050     506    6050 |    1012     506    1012 |    0.2   19.2    0.8
1990 |   255 |    4306 |    7084     507    7084 |    1013     507    1013 |    0.2   24.5    0.9
1991 |   255 |    3002 |    6033     506    6033 |    1014     506    1014 |    0.2   18.3    0.8
1992 |   255 |    4312 |    6077     508    6077 |    1015     508    1015 |    0.2   19.1    0.8
1993 |   255 |    4318 |    7075     508    7075 |    1015     508    1015 |    0.2   26.1    1.0
1994 |   255 |    4319 |    7081     508    7081 |    1017     508    1017 |    0.2   26.8    1.0
1995 |   255 |    4318 |    7086     508    7086 |    1015     508    1015 |    0.2   25.3    0.9
1996 |   253 |    4276 |    6044     505    6044 |    1011     505    1011 |    0.2   20.7    0.8
1997 |   255 |    4304 |    7063     506    7063 |    1013     506    1013 |    0.2   26.7    0.9
1998 |   255 |    4312 |    7092     507    7092 |    1015     507    1015 |    0.2   24.2    1.0
1999 |   255 |    4316 |    7081     508    7081 |    1016     508    1016 |    0.2   28.9    1.0
2000 |   255 |    4279 |    6055     506    6055 |    1012     506    1012 |    0.2   18.3    0.8
2001 |   255 |    3813 |    7082     509    7082 |    1018     509    1018 |    0.2   18.7    0.8
2002 |   255 |    4312 |    7075     508    7075 |    1017     508    1017 |    0.2   27.1    1.4
2003 |   251 |    4255 |    6023     505    6023 |    1010     505    1010 |    0.3   19.2    0.8
2004 |   255 |    4305 |    7074     506    7074 |    1013     506    1013 |    0.2   27.1    1.0
2005 |   255 |    4305 |    7087     507    7087 |    1014     507    1014 |    0.2   24.5    0.9
2006 |   255 |    4322 |    7095     508    7095 |    1016     508    1016 |    0.2   27.0    0.9
2007 |   254 |    3284 |    7064     506    7064 |    1013     507    1013 |    0.2   18.6    0.8
2008 |   255 |    4319 |    7077     508    7077 |    1016     508    1016 |    0.2   29.7    1.0
2009 |   255 |    4317 |    7087     507    7087 |    1015     507    1015 |    0.2   30.5    1.1
2010 |   255 |    3009 |    6040     506    6040 |    1013     506    1013 |    0.2   19.1    1.1
2011 |   255 |    4315 |    7083     507    7083 |    1015     507    1015 |    0.3   27.5    1.0
2012 |   254 |    3260 |    6044     505    6044 |    1011     505    1011 |    0.2   18.5    1.0
2013 |   255 |    4320 |    7086     507    7086 |    1015     507    1015 |    0.3   25.0    0.9
2014 |   255 |    4323 |    7086     508    7086 |    1016     508    1016 |    0.2   26.6    1.0
2015 |   255 |    4317 |    7086     508    7086 |    1016     508    1016 |    0.2   19.0    0.8
2016 |   255 |    4319 |    7090     507    7090 |    1015     508    1015 |    0.2   24.5    0.9
2017 |   255 |    4277 |    6055     506    6055 |    1012     506    1012 |    0.2   18.9    0.8
2018 |   254 |    4308 |    7079     508    7079 |    1015     508    1015 |    0.2   25.8    1.1
2019 |   255 |    4295 |    7059     505    7059 |    1012     505    1012 |    0.2   25.2    1.1
2020 |   255 |    4309 |    7082     507    7082 |    1014     507    1014 |    0.2   26.2    1.0
2021 |   255 |    4315 |    7077     507    7077 |    1013     507    1013 |    0.2   26.9    0.9
2022 |   255 |    4320 |    7086     508    7086 |    1016     508    1016 |    0.2   24.4    0.9
2023 |   255 |    4324 |    7086     508    7086 |    1016     508    1016 |    0.2   26.9    1.2
2024 |   255 |    4300 |    7082     507    7082 |    1014     507    1014 |    0.2   28.4    0.9
2025 |   255 |    4243 |    6022     506    6022 |    1013     506    1013 |    0.2   18.2    0.8
2026 |   254 |    4306 |    7082     507    7082 |    1014     507    1014 |    0.2   26.5    1.0
2027 |   255 |    4291 |    6068     506    6068 |    1012     506    1012 |    0.2   19.9    0.8
2028 |   255 |    4310 |    7085     507    7085 |    1014     507    1014 |    0.2   25.9    1.0
2029 |   255 |    4323 |    7092     508    7092 |    1016     508    1016 |    0.2   26.8    1.0
2030 |   255 |    4322 |    7088     508    7088 |    1016     508    1016 |    0.2   28.6    1.0
2031 |   255 |    4324 |    7081     509    7081 |    1018     509    1018 |    0.2   25.9    0.9
2032 |   255 |    4323 |    7081     508    7081 |    1017     508    1017 |    0.2   26.7    1.1
2033 |   255 |    4297 |    7059     506    7059 |    1012     506    1012 |    0.2   27.5    1.2
2034 |   255 |    4318 |    7095     507    7095 |    1015     507    1015 |    0.2   24.5    0.9
2035 |   255 |    4303 |    7055     508    7055 |    1017     508    1017 |    0.3   26.3    0.9
2036 |   255 |    3801 |    7093     507    7093 |    1015     507    1015 |    0.2   19.3    0.8
2037 |   255 |    3016 |    6060     507    6060 |    1013     507    1013 |    0.2   19.4    0.8
2038 |   255 |    4307 |    7067     506    7067 |    1013     506    1013 |    0.2   26.4    1.0
2039 |   255 |    4290 |    7068     506    7068 |    1013     507    1013 |    0.2   18.5    0.8
2040 |   255 |    4316 |    7087     507    7087 |    1015     508    1015 |    0.2   26.7    0.9
2041 |   255 |    4310 |    7067     506    7067 |    1013     506    1013 |    0.2   26.7    0.9
2042 |   253 |    4280 |    7063     506    7063 |    1011     505    1011 |    0.2   19.8    0.8
2043 |   254 |    4303 |    7069     506    7069 |    1012     506    1012 |    0.2   25.2    1.1
2044 |   255 |    4314 |    7082     507    7082 |    1015     507    1015 |    0.2   23.9    0.9
2045 |   255 |    4314 |    7092     507    7092 |    1015     507    1015 |    0.2   23.7    0.9
2046 |   255 |    3015 |    6062     507    6062 |    1013     506    1013 |    0.2   19.9    0.9
2047 |   254 |    4309 |    7082     507    7082 |    1013     507    1013 |    0.4   25.4    0.9
2048 |   255 |    4322 |    6087     507    6087 |    1015     507    1015 |    0.2   20.9    0.8
2049 |   255 |    3807 |    7088     507    7088 |    1015     507    1015 |    0.3   20.4    0.9
2050 |   255 |    4307 |    7062     507    7062 |    1014     507    1014 |    0.2   25.6    1.3
2051 |   255 |    4319 |    7083     507    7083 |    1015     507    1015 |    0.3   27.4    0.9
2052 |   255 |    2789 |    6087     508    6087 |    1016     508    1016 |    0.3   20.6    1.1
2053 |   255 |    4324 |    7094     508    7094 |    1016     508    1016 |    0.3   26.4    0.9
2054 |   254 |    4303 |    7077     506    7077 |    1013     507    1013 |    0.2   25.8    0.9
2055 |   255 |    4315 |    7089     507    7089 |    1015     507    1015 |    0.2   26.1    1.0
2056 |   255 |    2789 |    7074     506    7074 |    1013     506    1013 |    0.2   18.9    0.8
2057 |   255 |    4309 |    7072     506    7072 |    1014     506    1014 |    0.2   26.1    1.0
2058 |   255 |    4313 |    7077     507    7077 |    1013     507    1013 |    0.2   26.0    1.0
2059 |   255 |    4318 |    7092     507    7092 |    1015     507    1015 |    0.2   25.0    0.9
2060 |   255 |    4325 |    7095     507    7095 |    1015     507    1015 |    0.2   25.9    1.0
2061 |   255 |    4316 |    7082     508    7082 |    1016     508    1016 |    0.2   27.7    1.0
2062 |   254 |    3770 |    7029     507    7029 |    1015     507    1015 |    0.2   18.8    0.8
2063 |   255 |    4306 |    7080     507    7080 |    1015     507    1015 |    0.2   26.0    1.2
2064 |   254 |    4295 |    7073     506    7073 |    1013     506    1013 |    0.3   26.5    1.0
2065 |   255 |    4320 |    7090     507    7090 |    1015     507    1015 |    0.2   26.8    1.0
2066 |   255 |    4311 |    7082     506    7082 |    1013     507    1013 |    0.2   25.7    0.9
2067 |   255 |    4322 |    7092     508    7092 |    1015     507    1015 |    0.2   26.6    1.0
2068 |   255 |    4314 |    7072     507    7072 |    1015     507    1015 |    0.2   25.0    1.0
2069 |   254 |    4305 |    7076     508    7076 |    1015     508    1015 |    0.2   23.8    0.9
2070 |   255 |    4323 |    7089     508    7089 |    1015     508    1015 |    0.2   25.7    1.0
2071 |   255 |    4285 |    6062     506    6062 |    1013     506    1013 |    0.2   18.6    0.8
2072 |   255 |    4314 |    7074     507    7074 |    1014     507    1014 |    0.2   25.7    0.9
2073 |   253 |    4284 |    7051     505    7051 |    1011     505    1011 |    0.2   27.0    1.0
2074 |   255 |    4315 |    7089     507    7089 |    1014     507    1014 |    0.3   26.1    0.9
2075 |   254 |    3279 |    7076     506    7076 |    1012     506    1012 |    0.2   25.6    0.9
2076 |   255 |    3779 |    7072     506    7072 |    1013     506    1013 |    0.2   18.8    0.8
2077 |   255 |    4310 |    7082     508    7082 |    1016     508    1016 |    0.2   25.6    1.0
2078 |   255 |    4320 |    7082     507    7082 |    1015     508    1015 |    0.2   25.1    0.9
2079 |   255 |    4316 |    7084     507    7084 |    1015     507    1015 |    0.2   25.6    0.9
2080 |   255 |    4309 |    7081     506    7081 |    1013     506    1013 |    0.3   26.3    0.9
2081 |   254 |    4300 |    7075     506    7075 |    1012     506    1012 |    0.3   26.3    1.0
2082 |   254 |    4295 |    7061     506    7061 |    1012     506    1012 |    0.2   26.1    1.0
2083 |   254 |    4297 |    7073     506    7073 |    1013     506    1013 |    0.2   25.1    1.2
2084 |   255 |    4325 |    7095     508    7095 |    1016     508    1016 |    0.3   25.8    1.0
2085 |   255 |    4315 |    7079     507    7079 |    1014     507    1014 |    0.2   26.8    1.3
2086 |   255 |    4320 |    7083     508    7083 |    1018     508    1018 |    0.2   25.2    0.9
2087 |   255 |    2792 |    7089     508    7089 |    1016     508    1016 |    0.2   24.7    0.9
2088 |   255 |    4274 |    7054     506    7054 |    1013     506    1013 |    0.2   18.5    0.8
2089 |   255 |    4325 |    7095     508    7095 |    1015     508    1015 |    0.2   26.0    1.0
2090 |   255 |    4324 |    7094     508    7094 |    1016     508    1016 |    0.2   25.2    0.9
2091 |   253 |    2780 |    7013     508    7013 |    1018     509    1018 |    0.2   18.7    0.8
2092 |   255 |    4316 |    7075     507    7075 |    1014     507    1014 |    0.2   27.3    1.1
2093 |   255 |    4316 |    7085     508    7085 |    1016     508    1016 |    0.2   24.3    0.9
2094 |   255 |    4299 |    6077     506    6077 |    1013     507    1013 |    0.2   19.8    0.8
2095 |   255 |    4326 |    7082     510    7082 |    1019     510    1019 |    0.2   26.0    0.9
2096 |   254 |    4298 |    7074     506    7074 |    1012     506    1012 |    0.2   24.5    1.0
2097 |   255 |    4318 |    7091     508    7091 |    1015     508    1015 |    0.2   26.9    1.0
2098 |   255 |    4317 |    7094     508    7094 |    1015     508    1015 |    0.2   25.8    1.0
2099 |   255 |    4314 |    7085     507    7085 |    1014     507    1014 |    0.2   25.8    1.0
2100 |   255 |    4321 |    7082     507    7082 |    1015     507    1015 |    0.3   25.9    0.9
2101 |   255 |    4260 |    6032     506    6032 |    1014     506    1014 |    0.2   18.8    0.8
2102 |   255 |    2781 |    6078     507    6078 |    1014     507    1014 |    0.2   18.5    0.8
2103 |   255 |    4309 |    7085     507    7085 |    1014     507    1014 |    0.3   25.5    1.0
2104 |   255 |    4314 |    7075     508    7075 |    1016     508    1016 |    0.2   25.6    1.0
2105 |   255 |    4303 |    7084     507    7084 |    1014     507    1014 |    0.2   23.7    0.9
2106 |   255 |    4304 |    7070     506    7070 |    1012     506    1012 |    0.2   25.3    0.9
2107 |   254 |    4290 |    7070     506    7070 |    1011     506    1011 |    0.3   26.3    0.9
2108 |   253 |    4237 |    6013     505    6013 |    1011     505    1011 |    0.2   17.7    0.9
2109 |   254 |    4286 |    7055     505    7055 |    1011     505    1011 |    0.2   25.8    1.1
2110 |   255 |    3010 |    6041     506    6041 |    1013     506    1013 |    0.2   20.1    1.1
2111 |   255 |    3029 |    7077     508    7077 |    1016     508    1016 |    0.2   26.9    1.0
2112 |   254 |    2999 |    6047     505    6047 |    1011     505    1011 |    0.2   19.9    1.0
2113 |   255 |    4315 |    7074     507    7074 |    1015     507    1015 |    0.3   25.1    1.0
2114 |   255 |    4281 |    6057     507    6057 |    1014     507    1014 |    0.3   19.6    0.8
2115 |   255 |    4312 |    7083     507    7083 |    1014     507    1014 |    0.3   26.3    0.9
2116 |   255 |    4311 |    7083     508    7083 |    1015     508    1015 |    0.3   25.4    1.0
2117 |   255 |    4309 |    7070     507    7070 |    1013     507    1013 |    0.2   25.8    0.9
2118 |   255 |    4315 |    7082     507    7082 |    1015     507    1015 |    0.2   25.6    1.0
2119 |   255 |    4320 |    7093     507    7093 |    1016     507    1016 |    0.2   24.9    0.9
2120 |   255 |    4318 |    7074     507    7074 |    1014     507    1014 |    0.2   25.7    1.1
2121 |   255 |    4310 |    7070     507    7070 |    1013     507    1013 |    0.2   24.8    0.9
2122 |   255 |    4290 |    7059     507    7059 |    1015     507    1015 |    0.2   18.9    0.8
2123 |   254 |    4299 |    7073     506    7073 |    1013     507    1013 |    0.2   25.9    0.9
2124 |   255 |    4320 |    7089     507    7089 |    1015     508    1015 |    0.2   25.4    0.9
2125 |   255 |    4324 |    7096     508    7096 |    1016     508    1016 |    0.2   27.5    1.0
2126 |   255 |    4313 |    7088     507    7088 |    1015     507    1015 |    0.2   25.9    1.0
2127 |   255 |    4315 |    7089     507    7089 |    1015     507    1015 |    0.3   24.8    0.9
2128 |   254 |    4255 |    6977     505    6977 |    1012     505    1012 |    0.2   25.5    1.1
2129 |   255 |    4322 |    7095     507    7095 |    1015     507    1015 |    0.2   26.2    0.9
2130 |   254 |    4293 |    7071     507    7071 |    1015     507    1015 |    0.3   26.3    1.1
2131 |   255 |    3028 |    6079     507    6079 |    1014     507    1014 |    0.3   18.7    0.8
2132 |   255 |    4285 |    6063     507    6063 |    1013     507    1013 |    0.2   20.7    0.9
2133 |   255 |    4300 |    7043     507    7043 |    1017     507    1017 |    0.3   24.7    0.9
2134 |   255 |    4310 |    7082     507    7082 |    1014     507    1014 |    0.2   25.6    1.0
2135 |   252 |    4274 |    6049     505    6049 |    1010     505    1010 |    0.2   18.4    0.8
2136 |   254 |    4294 |    7060     506    7060 |    1012     506    1012 |    0.2   24.6    1.1
2137 |   254 |    4301 |    7070     506    7070 |    1014     506    1014 |    0.3   27.4    1.1
2138 |   255 |    4324 |    7087     508    7087 |    1017     508    1017 |    0.3   28.3    1.0
2139 |   255 |    4324 |    7094     508    7094 |    1016     508    1016 |    0.2   25.3    1.0
2140 |   255 |    4309 |    7084     507    7084 |    1014     507    1014 |    0.2   26.4    1.0
2141 |   255 |    4320 |    7085     507    7085 |    1014     507    1014 |    0.2   29.7    1.0
2142 |   255 |    4325 |    7088     508    7088 |    1016     508    1016 |    0.2   27.0    1.0
2143 |   255 |    4311 |    7086     507    7086 |    1015     507    1015 |    0.2   27.0    1.0
2144 |   251 |    4223 |    5999     505    5999 |    1010     505    1010 |    0.2   19.3    0.8
2145 |   255 |    2783 |    7086     507    7086 |    1014     507    1014 |    0.2   25.9    0.9
2146 |   253 |    4281 |    6060     506    6060 |    1011     506    1011 |    0.3   20.4    0.8
2147 |   255 |    4297 |    7078     506    7078 |    1013     506    1013 |    0.2   24.7    0.9
2148 |   254 |    2748 |    6013     506    6013 |    1012     506    1012 |    0.2   18.3    0.8
2149 |   254 |    4292 |    6067     506    6067 |    1013     506    1013 |    0.2   18.4    0.8
2150 |   255 |    4321 |    7089     508    7089 |    1016     508    1016 |    0.2   27.0    1.0
2151 |   255 |    3028 |    7085     508    7085 |    1015     508    1015 |    0.2   26.3    1.0
2152 |   255 |    4327 |    7098     508    7098 |    1015     508    1015 |    0.3   27.6    1.2
2153 |   255 |    4303 |    6067     506    6067 |    1012     506    1012 |    0.2   18.8    0.9
2154 |   255 |    4326 |    7099     508    7099 |    1016     508    1016 |    0.2   26.2    1.0
2155 |   255 |    2783 |    7081     507    7081 |    1015     507    1015 |    0.3   27.9    1.0
2156 |   255 |    4320 |    7095     508    7095 |    1016     508    1016 |    0.2   26.1    1.0
2157 |   255 |    2795 |    7086     509    7086 |    1017     509    1017 |    0.2   25.4    1.0
2158 |   254 |    4301 |    7077     506    7077 |    1013     506    1013 |    0.2   25.2    1.0
2159 |   255 |    2781 |    7082     507    7082 |    1016     507    1016 |    0.2   19.0    0.8
2160 |   255 |    4302 |    7068     506    7068 |    1012     506    1012 |    0.2   26.6    0.9
2161 |   255 |    4315 |    7089     507    7089 |    1015     507    1015 |    0.2   25.8    1.1
2162 |   255 |    4318 |    7095     507    7095 |    1015     507    1015 |    0.3   25.4    1.0
2163 |   255 |    4319 |    7082     508    7082 |    1016     508    1016 |    0.2   23.9    0.9
2164 |   255 |    4308 |    7074     507    7074 |    1015     507    1015 |    0.2   25.5    1.3
2165 |   254 |    4299 |    7073     507    7073 |    1013     507    1013 |    0.3   25.3    0.9
2166 |   255 |    3035 |    7087     507    7087 |    1015     507    1015 |    0.2   25.2    1.0
2167 |   251 |    4237 |    6981     506    6981 |    1012     506    1012 |    0.2   18.2    1.1
2168 |   255 |    4300 |    7080     507    7080 |    1014     507    1014 |    0.2   26.0    1.0
2169 |   255 |    4307 |    7079     506    7079 |    1013     507    1013 |    0.2   26.3    0.9
2170 |   252 |    2975 |    5961     505    5961 |    1010     505    1010 |    0.3   17.3    0.8
2171 |   255 |    4280 |    6056     506    6056 |    1013     506    1013 |    0.2   18.6    0.8
2172 |   255 |    4276 |    6060     506    6060 |    1013     506    1013 |    0.2   19.4    1.2
2173 |   255 |    3546 |    7087     508    7087 |    1016     508    1016 |    0.3   26.3    1.0
2174 |   255 |    4322 |    7091     509    7091 |    1018     509    1018 |    0.2   26.3    0.9
2175 |   255 |    4294 |    6069     507    6069 |    1014     507    1014 |    0.2   18.8    0.8
2176 |   255 |    4295 |    6071     506    6071 |    1013     506    1013 |    0.2   19.2    0.8
2177 |   255 |    3298 |    7094     508    7094 |    1016     508    1016 |    0.3   18.9    0.8
2178 |   253 |    4288 |    7064     506    7064 |    1011     506    1011 |    0.2   18.3    0.8
2179 |   255 |    3300 |    7090     507    7090 |    1014     507    1014 |    0.2   20.0    0.8
2180 |   255 |    4319 |    7091     507    7091 |    1015     508    1015 |    0.3   24.2    0.9
2181 |   254 |    4286 |    6061     506    6061 |    1012     506    1012 |    0.2   19.0    0.8
2182 |   254 |    4295 |    7059     507    7059 |    1015     507    1015 |    0.2   27.4    1.0
2183 |   255 |    4301 |    7057     506    7057 |    1013     506    1013 |    0.2   25.9    1.0
2184 |   255 |    4317 |    7080     507    7080 |    1014     507    1014 |    0.2   24.0    0.9
2185 |   255 |    4326 |    7092     508    7092 |    1015     508    1015 |    0.2   26.8    0.9
2186 |   255 |    3269 |    6057     506    6057 |    1013     506    1013 |    0.2   18.8    0.8
2187 |   255 |    4304 |    7080     507    7080 |    1014     507    1014 |    0.3   27.4    1.0
2188 |   255 |    4324 |    7082     508    7082 |    1017     508    1017 |    0.2   26.5    1.0
2189 |   255 |    4310 |    7067     507    7067 |    1013     507    1013 |    0.2   25.4    0.9
2190 |   254 |    4299 |    7072     506    7072 |    1013     506    1013 |    0.3   24.3    0.9
2191 |   255 |    4315 |    7078     508    7078 |    1016     508    1016 |    0.2   27.0    0.9
2192 |   255 |    3032 |    7083     508    7083 |    1015     508    1015 |    0.2   26.3    1.0
2193 |   254 |    2754 |    6029     505    6029 |    1011     505    1011 |    0.2   19.2    0.8
2194 |   255 |    4319 |    7089     507    7089 |    1015     507    1015 |    0.2   25.5    1.0
2195 |   255 |    2787 |    7089     508    7089 |    1015     508    1015 |    0.2   24.7    1.0
2196 |   254 |    4308 |    7084     507    7084 |    1013     507    1013 |    0.2   25.5    0.9
2197 |   255 |    4326 |    7093     508    7093 |    1016     508    1016 |    0.3   26.3    0.9
2198 |   255 |    4317 |    7088     508    7088 |    1015     508    1015 |    0.2   25.0    0.9
2199 |   253 |    4295 |    7069     506    7069 |    1012     506    1012 |    0.2   25.9    1.0
2200 |   255 |    3801 |    7082     507    7082 |    1014     507    1014 |    0.2   18.8    0.8
2201 |   253 |    4274 |    7033     505    7033 |    1011     505    1011 |    0.2   25.0    1.2
2202 |   255 |    4327 |    7096     508    7096 |    1017     508    1017 |    0.2   24.7    0.9
2203 |   255 |    4312 |    7067     508    7067 |    1016     508    1016 |    0.2   27.0    1.0
2204 |   255 |    3532 |    6070     507    6070 |    1014     507    1014 |    0.2   19.2    0.8
2205 |   254 |    4288 |    7054     505    7054 |    1011     505    1011 |    0.2   27.3    1.2
2206 |   255 |    4316 |    7083     507    7083 |    1015     507    1015 |    0.2   26.5    1.0
2207 |   255 |    4317 |    7085     507    7085 |    1015     508    1015 |    0.2   25.7    0.9
2208 |   255 |    4320 |    7092     508    7092 |    1015     508    1015 |    0.2   26.0    0.9
2209 |   255 |    4325 |    7078     509    7078 |    1018     509    1018 |    0.2   26.2    1.0
2210 |   255 |    4300 |    7075     506    7075 |    1013     507    1013 |    0.2   26.5    0.9
2211 |   255 |    4310 |    7083     507    7083 |    1015     507    1015 |    0.2   25.7    0.9
2212 |   255 |    4302 |    6078     507    6078 |    1014     507    1014 |    0.2   17.8    0.8
2213 |   254 |    4308 |    7075     507    7075 |    1014     507    1014 |    0.3   26.6    1.0
2214 |   255 |    4322 |    7091     508    7091 |    1015     508    1015 |    0.2   25.0    0.9
2215 |   255 |    4312 |    7080     508    7080 |    1015     508    1015 |    0.2   25.5    0.9
2216 |   255 |    4309 |    7074     507    7074 |    1015     507    1015 |    0.2   18.7    0.8
2217 |   255 |    4322 |    7093     507    7093 |    1015     507    1015 |    0.2   25.3    0.9
2218 |   254 |    4304 |    7081     506    7081 |    1014     506    1014 |    0.2   25.7    1.0
2219 |   254 |    4307 |    7082     507    7082 |    1013     507    1013 |    0.2   25.4    1.0
2220 |   254 |    4304 |    7066     507    7066 |    1015     507    1015 |    0.2   25.6    1.0
2221 |   255 |    2775 |    7071     506    7071 |    1014     506    1014 |    0.2   25.9    0.9
2222 |   255 |    4322 |    7086     508    7086 |    1016     508    1016 |    0.3   25.8    1.0
2223 |   255 |    4318 |    7089     508    7089 |    1017     508    1017 |    0.2   26.1    1.0
2224 |   253 |    4287 |    6061     505    6061 |    1010     505    1010 |    0.2   19.2    0.9
2225 |   255 |    4298 |    7054     507    7054 |    1015     507    1015 |    0.2   26.0    0.9
2226 |   254 |    4295 |    6069     506    6069 |    1012     506    1012 |    0.2   19.3    0.8
2227 |   255 |    4292 |    7047     506    7047 |    1012     506    1012 |    0.2   26.6    1.0
2228 |   255 |    4316 |    7076     508    7076 |    1017     508    1017 |    0.2   27.2    1.0
2229 |   254 |    4309 |    7079     506    7079 |    1014     507    1014 |    0.2   25.4    0.9
2230 |   255 |    2777 |    7081     507    7081 |    1014     507    1014 |    0.2   25.7    1.0
2231 |   255 |    4305 |    7070     506    7070 |    1013     506    1013 |    0.2   24.4    0.9
2232 |   255 |    4305 |    7081     507    7081 |    1014     507    1014 |    0.2   25.6    0.9
2233 |   255 |    4314 |    7069     508    7069 |    1015     508    1015 |    0.2   27.5    0.9
2234 |   255 |    4321 |    7082     509    7082 |    1018     509    1018 |    0.2   26.0    1.0
2235 |   252 |    4272 |    6043     505    6043 |    1010     505    1010 |    0.2   18.0    0.8
2236 |   253 |    4272 |    6050     505    6050 |    1010     505    1010 |    0.2   18.3    0.8
2237 |   254 |    4293 |    7070     505    7070 |    1012     506    1012 |    0.2   26.0    1.0
2238 |   255 |    4302 |    7067     506    7067 |    1013     506    1013 |    0.2   19.3    0.8
2239 |   255 |    4323 |    7092     508    7092 |    1016     508    1016 |    0.2   24.9    0.9
2240 |   255 |    3295 |    7090     508    7090 |    1015     508    1015 |    0.2   19.1    0.8
2241 |   254 |    4249 |    6028     506    6028 |    1012     506    1012 |    0.2   18.5    0.8
2242 |   255 |    4324 |    7098     508    7098 |    1015     508    1015 |    0.2   25.9    0.9
2243 |   254 |    4278 |    6058     506    6058 |    1013     506    1013 |    0.2   19.3    0.8
2244 |   252 |    4269 |    6037     505    6037 |    1010     505    1010 |    0.2   18.7    0.8
2245 |   255 |    4316 |    7088     507    7088 |    1015     507    1015 |    0.3   26.3    0.9
2246 |   255 |    4310 |    7086     507    7086 |    1014     507    1014 |    0.2   25.0    1.1
2247 |   255 |    4313 |    7077     507    7077 |    1014     507    1014 |    0.2   25.4    1.2
2248 |   255 |    4320 |    7090     507    7090 |    1015     507    1015 |    0.3   25.5    1.0
2249 |   255 |    4304 |    7072     506    7072 |    1013     506    1013 |    0.2   18.9    1.0
2250 |   255 |    4247 |    6025     506    6025 |    1013     506    1013 |    0.4   18.9    0.8
2251 |   255 |    3033 |    7088     507    7088 |    1015     507    1015 |    0.2   26.0    1.0
2252 |   254 |    4295 |    7063     506    7063 |    1012     506    1012 |    0.3   26.0    0.9
2253 |   255 |    4300 |    7060     506    7060 |    1013     506    1013 |    0.2   25.6    1.0
2254 |   255 |    2792 |    7083     508    7083 |    1017     508    1017 |    0.2   27.0    1.0
2255 |   255 |    4284 |    6058     507    6058 |    1014     507    1014 |    0.2   18.9    0.8
2256 |   254 |    4292 |    7057     507    7057 |    1014     507    1014 |    0.2   26.3    0.9
2257 |   254 |    4284 |    6065     506    6065 |    1012     506    1012 |    0.2   18.2    0.8
2258 |   255 |    4313 |    7084     507    7084 |    1014     507    1014 |    0.2   25.1    1.0
2259 |   255 |    4328 |    7097     507    7097 |    1015     508    1015 |    0.2   27.1    1.0
2260 |   255 |    4308 |    7068     506    7068 |    1013     506    1013 |    0.2   25.1    0.9
2261 |   255 |    2773 |    7064     506    7064 |    1013     507    1013 |    0.2   18.3    0.8
2262 |   254 |    4291 |    7067     506    7067 |    1011     506    1011 |    0.2   19.1    0.8
2263 |   255 |    4324 |    7090     508    7090 |    1016     508    1016 |    0.3   27.7    1.0
2264 |   254 |    4293 |    6067     506    6067 |    1012     506    1012 |    0.3   19.0    0.8
2265 |   255 |    4280 |    6054     506    6054 |    1013     506    1013 |    0.2   18.3    0.8
2266 |   255 |    4329 |    7088     509    7088 |    1017     509    1017 |    0.2   26.6    1.0
2267 |   255 |    4312 |    7093     508    7093 |    1015     508    1015 |    0.2   24.2    0.9
2268 |   255 |    4325 |    7084     509    7084 |    1017     509    1017 |    0.2   24.4    0.9
2269 |   255 |    4299 |    7079     506    7079 |    1013     506    1013 |    0.2   25.1    1.0
2270 |   255 |    4325 |    7093     508    7093 |    1015     508    1015 |    0.2   25.1    0.9
2271 |   252 |    4259 |    6023     505    6023 |    1010     505    1010 |    0.2   19.0    0.9
2272 |   254 |    3017 |    7081     506    7081 |    1013     506    1013 |    0.2   25.4    0.9
2273 |   254 |    4305 |    7075     506    7075 |    1013     506    1013 |    0.2   25.9    0.9
2274 |   255 |    4320 |    7089     507    7089 |    1015     507    1015 |    0.2   25.5    1.0
2275 |   253 |    4273 |    6053     505    6053 |    1010     505    1010 |    0.3   18.8    0.8
2276 |   255 |    4299 |    6073     507    6073 |    1014     507    1014 |    0.2   19.0    0.9
2277 |   255 |    4321 |    7084     508    7084 |    1016     508    1016 |    0.2   25.3    0.9
2278 |   254 |    4301 |    7062     506    7062 |    1012     506    1012 |    0.2   26.1    1.0
2279 |   254 |    4295 |    6069     506    6069 |    1013     506    1013 |    0.4   19.1    0.8
2280 |   255 |    4316 |    7078     509    7078 |    1019     509    1019 |    0.2   24.0    0.9
2281 |   255 |    4323 |    7089     508    7089 |    1017     508    1017 |    0.2   27.1    1.2
2282 |   255 |    4317 |    7073     508    7073 |    1016     508    1016 |    0.3   25.4    0.9
2283 |   255 |    4294 |    6071     506    6071 |    1013     506    1013 |    0.2   18.7    0.8
2284 |   255 |    4315 |    7079     507    7079 |    1013     507    1013 |    0.2   26.2    1.0
2285 |   255 |    4319 |    7083     508    7083 |    1015     508    1015 |    0.2   29.9    1.2
2286 |   255 |    4307 |    7075     506    7075 |    1013     506    1013 |    0.3   27.3    1.0
2287 |   254 |    4291 |    7058     505    7058 |    1012     505    1012 |    0.2   30.4    0.9
2288 |   255 |    3774 |    7068     508    7068 |    1016     508    1016 |    0.2   19.6    0.8
2289 |   255 |    2789 |    7085     508    7085 |    1016     508    1016 |    0.2   25.3    1.1
2290 |   255 |    3019 |    7079     506    7079 |    1013     506    1013 |    0.2   26.2    1.0
2291 |   254 |    4291 |    6065     506    6065 |    1012     506    1012 |    0.2   19.2    0.8
2292 |   255 |    4305 |    7067     506    7067 |    1013     506    1013 |    0.2   26.0    0.9
2293 |   252 |    4260 |    6032     505    6032 |    1010     505    1010 |    0.2   18.2    0.8
2294 |   255 |    4309 |    7085     507    7085 |    1014     507    1014 |    0.2   25.3    1.0
2295 |   255 |    4314 |    7081     507    7081 |    1013     507    1013 |    0.2   26.2    1.1
2296 |   255 |    3525 |    6060     507    6060 |    1014     507    1014 |    0.3   18.2    0.8
2297 |   255 |    4311 |    7070     507    7070 |    1014     507    1014 |    0.2   26.2    1.0
2298 |   255 |    3538 |    7063     508    7063 |    1016     508    1016 |    0.2   18.7    0.8
2299 |   255 |    4265 |    7020     509    7020 |    1017     509    1017 |    0.2   19.7    0.9
2300 |   255 |    4311 |    7078     507    7078 |    1016     507    1016 |    0.2   27.2    1.0
2301 |   255 |    4327 |    7088     508    7088 |    1016     508    1016 |    0.3   26.8    1.0
2302 |   255 |    4319 |    7086     507    7086 |    1015     508    1015 |    0.2   25.4    1.0
2303 |   255 |    4313 |    7087     507    7087 |    1015     507    1015 |    0.3   26.4    1.0
2304 |   253 |    2757 |    6044     505    6044 |    1010     505    1010 |    0.2   18.5    0.9
2305 |   255 |    4316 |    7081     508    7081 |    1016     508    1016 |    0.2   25.4    0.9
2306 |   255 |    2774 |    7074     506    7074 |    1013     506    1013 |    0.2   25.5    1.0
2307 |   254 |    4309 |    7076     507    7076 |    1014     507    1014 |    0.3   29.0    1.0
2308 |   254 |    4298 |    7073     506    7073 |    1013     506    1013 |    0.2   26.5    1.2
2309 |   255 |    4300 |    7049     506    7049 |    1013     506    1013 |    0.3   26.4    1.0
2310 |   254 |    2761 |    6046     506    6046 |    1012     506    1012 |    0.2   20.3    0.8
2311 |   254 |    3239 |    6006     505    6006 |    1012     506    1012 |    0.2   17.5    0.8
2312 |   255 |    4292 |    7035     505    7035 |    1013     505    1013 |    0.2   26.5    1.0
2313 |   254 |    4261 |    6037     506    6037 |    1012     506    1012 |    0.2   19.2    0.8
2314 |   255 |    4321 |    7084     508    7084 |    1016     508    1016 |    0.2   25.5    1.0
2315 |   255 |    4309 |    7075     506    7075 |    1013     506    1013 |    0.2   25.3    1.0
2316 |   255 |    4293 |    7065     507    7065 |    1015     507    1015 |    0.3   18.7    0.8
2317 |   254 |    4291 |    7051     505    7051 |    1012     505    1012 |    0.2   27.1    1.0
2318 |   254 |    4301 |    7075     506    7075 |    1012     506    1012 |    0.2   25.3    1.0
2319 |   253 |    4291 |    6065     506    6065 |    1011     506    1011 |    0.2   19.5    0.8
2320 |   254 |    4304 |    7075     506    7075 |    1012     506    1012 |    0.2   25.2    1.0
2321 |   255 |    3031 |    7086     508    7086 |    1015     508    1015 |    0.2   25.0    1.4
2322 |   254 |    4303 |    7073     507    7073 |    1014     507    1014 |    0.2   25.8    1.0
2323 |   254 |    4270 |    6047     506    6047 |    1012     506    1012 |    0.2   17.7    0.8
2324 |   255 |    4319 |    7082     507    7082 |    1016     507    1016 |    0.2   27.0    1.0
2325 |   255 |    4319 |    7083     507    7083 |    1016     507    1016 |    0.3   28.1    1.2
2326 |   255 |    4320 |    6084     508    6084 |    1016     508    1016 |    0.3   19.2    0.8
2327 |   255 |    4294 |    6066     507    6066 |    1014     507    1014 |    0.2   18.2    0.8
2328 |   255 |    3551 |    7086     508    7086 |    1016     508    1016 |    0.2   18.9    0.8
2329 |   254 |    4306 |    7079     507    7079 |    1014     507    1014 |    0.3   25.3    0.9
2330 |   255 |    4317 |    7088     507    7088 |    1015     507    1015 |    0.2   25.6    1.0
2331 |   255 |    4304 |    7082     507    7082 |    1014     507    1014 |    0.2   26.1    1.5
2332 |   255 |    4301 |    7057     506    7057 |    1013     506    1013 |    0.5   27.9    1.0
2333 |   254 |    3031 |    7070     507    7070 |    1014     507    1014 |    0.2   17.8    0.8
2334 |   255 |    4318 |    7085     507    7085 |    1015     508    1015 |    0.2   25.4    0.9
2335 |   255 |    4314 |    7081     507    7081 |    1014     507    1014 |    0.2   24.9    1.0
2336 |   255 |    4323 |    7085     508    7085 |    1016     508    1016 |    0.2   25.6    0.9
2337 |   255 |    3303 |    7097     507    7097 |    1015     508    1015 |    0.2   19.5    0.8
2338 |   255 |    4320 |    7086     507    7086 |    1014     507    1014 |    0.2   25.0    0.9
2339 |   255 |    4304 |    7083     507    7083 |    1014     507    1014 |    0.2   24.5    0.9
2340 |   255 |    4254 |    6028     507    6028 |    1014     507    1014 |    0.2   17.9    0.8
2341 |   255 |    4325 |    7094     508    7094 |    1015     508    1015 |    0.2   27.8    1.0
2342 |   255 |    3028 |    7092     508    7092 |    1016     508    1016 |    0.2   25.5    0.9
2343 |   255 |    4320 |    7089     507    7089 |    1015     507    1015 |    0.2   25.5    1.0
2344 |   255 |    4318 |    7087     507    7087 |    1015     507    1015 |    0.2   25.1    1.0
2345 |   255 |    4322 |    7092     507    7092 |    1015     507    1015 |    0.2   24.7    0.9
2346 |   255 |    4311 |    7088     507    7088 |    1015     507    1015 |    0.2   27.1    1.2
2347 |   254 |    4299 |    7074     507    7074 |    1013     507    1013 |    0.3   26.7    1.0
2348 |   255 |    4309 |    7072     507    7072 |    1014     507    1014 |    0.2   25.9    1.0
2349 |   255 |    4324 |    7092     508    7092 |    1016     508    1016 |    0.2   24.3    0.9
2350 |   255 |    4314 |    6079     507    6079 |    1014     507    1014 |    0.3   19.2    0.8
2351 |   254 |    4301 |    7081     507    7081 |    1014     507    1014 |    0.2   25.1    0.9
2352 |   255 |    4312 |    6076     507    6076 |    1013     507    1013 |    0.2   19.1    0.8
2353 |   255 |    3021 |    7080     507    7080 |    1015     507    1015 |    0.2   25.8    0.9
2354 |   255 |    4313 |    7089     508    7089 |    1016     508    1016 |    0.3   26.2    1.0
2355 |   255 |    4319 |    7088     508    7088 |    1015     508    1015 |    0.2   25.7    1.0
2356 |   255 |    4326 |    7095     508    7095 |    1017     508    1017 |    0.2   28.3    0.9
2357 |   255 |    4321 |    7068     508    7068 |    1017     508    1017 |    0.2   25.3    1.0
2358 |   255 |    4300 |    6076     507    6076 |    1013     507    1013 |    0.2   18.5    1.0
2359 |   255 |    4296 |    7048     505    7048 |    1013     505    1013 |    0.4   26.1    1.3
2360 |   255 |    4317 |    7084     507    7084 |    1013     507    1013 |    0.2   26.5    1.0
2361 |   254 |    3783 |    7044     506    7044 |    1012     506    1012 |    0.2   18.1    0.8
2362 |   255 |    4315 |    6081     508    6081 |    1015     507    1015 |    0.2   19.1    0.8
2363 |   255 |    4323 |    7090     507    7090 |    1016     508    1016 |    0.2   25.8    0.9
2364 |   255 |    4318 |    6086     508    6086 |    1015     508    1015 |    0.2   19.1    0.8
2365 |   255 |    4324 |    7095     507    7095 |    1015     507    1015 |    0.2   26.0    0.9
2366 |   254 |    4308 |    7078     507    7078 |    1014     507    1014 |    0.2   25.1    1.0
2367 |   254 |    4301 |    7067     507    7067 |    1014     507    1014 |    0.2   25.5    1.0
2368 |   255 |    4289 |    7068     506    7068 |    1013     506    1013 |    0.2   18.0    0.8
2369 |   255 |    4312 |    7078     508    7078 |    1016     508    1016 |    0.2   27.5    1.0
2370 |   255 |    4319 |    7079     507    7079 |    1015     508    1015 |    0.2   24.8    1.0
2371 |   255 |    4321 |    7086     508    7086 |    1016     508    1016 |    0.2   26.1    1.0
2372 |   254 |    4308 |    7079     507    7079 |    1014     507    1014 |    0.2   25.0    1.0
2373 |   255 |    4313 |    7090     507    7090 |    1015     507    1015 |    0.2   25.9    1.0
2374 |   255 |    4311 |    7079     507    7079 |    1013     507    1013 |    0.2   26.1    1.2
2375 |   255 |    4304 |    7079     506    7079 |    1013     507    1013 |    0.2   25.7    1.0
2376 |   254 |    4297 |    7069     506    7069 |    1013     506    1013 |    0.2   25.1    1.0
2377 |   255 |    4308 |    7078     507    7078 |    1015     507    1015 |    0.3   24.5    0.9
2378 |   255 |    4309 |    7075     507    7075 |    1014     507    1014 |    0.2   26.3    0.9
2379 |   255 |    3020 |    6074     506    6074 |    1013     507    1013 |    0.3   19.8    0.8
2380 |   255 |    4316 |    7077     507    7077 |    1014     507    1014 |    0.2   26.8    1.3
2381 |   255 |    3265 |    6058     506    6058 |    1012     506    1012 |    0.3   20.2    0.8
2382 |   255 |    3284 |    6071     507    6071 |    1014     507    1014 |    0.2   18.7    0.8
2383 |   255 |    4325 |    7093     508    7093 |    1016     508    1016 |    0.2   27.5    1.0
2384 |   255 |    4322 |    7077     509    7077 |    1017     509    1017 |    0.2   26.7    1.0
2385 |   255 |    4317 |    7096     507    7096 |    1015     507    1015 |    0.2   26.2    1.0
2386 |   254 |    4296 |    7068     506    7068 |    1012     506    1012 |    0.2   26.0    1.0
2387 |   255 |    4319 |    7090     508    7090 |    1015     508    1015 |    0.2   26.1    0.9
2388 |   255 |    2786 |    7088     507    7088 |    1014     507    1014 |    0.2   23.7    0.9
2389 |   255 |    4319 |    7090     508    7090 |    1016     508    1016 |    0.2   25.4    1.0
2390 |   255 |    4312 |    7079     507    7079 |    1014     507    1014 |    0.2   25.6    0.9
2391 |   255 |    2785 |    7084     507    7084 |    1015     507    1015 |    0.2   26.0    1.0
2392 |   255 |    4319 |    7092     507    7092 |    1015     507    1015 |    0.2   24.5    0.9
2393 |   253 |    4266 |    6039     506    6039 |    1011     506    1011 |    0.2   19.0    0.9
2394 |   255 |    4298 |    7077     507    7077 |    1014     507    1014 |    0.2   24.7    0.9
2395 |   255 |    4320 |    7089     508    7089 |    1016     508    1016 |    0.2   25.1    0.9
2396 |   255 |    4317 |    7082     507    7082 |    1014     507    1014 |    0.2   25.2    0.9
2397 |   255 |    4313 |    7077     507    7077 |    1013     507    1013 |    0.2   25.8    0.9
2398 |   255 |    4319 |    7081     508    7081 |    1015     508    1015 |    0.2   25.6    1.0
2399 |   255 |    4310 |    7078     506    7078 |    1013     506    1013 |    0.2   24.8    0.9
2400 |   255 |    4314 |    7085     507    7085 |    1015     507    1015 |    0.2   25.4    0.9
2401 |   255 |    4325 |    7100     508    7100 |    1016     508    1016 |    0.2   25.9    1.0
2402 |   255 |    4305 |    7067     506    7067 |    1013     506    1013 |    0.2   27.0    1.0
2403 |   255 |    4315 |    7085     507    7085 |    1015     507    1015 |    0.2   25.4    1.1
2404 |   255 |    4325 |    7096     508    7096 |    1016     508    1016 |    0.3   25.6    0.9
2405 |   255 |    4308 |    7074     506    7074 |    1012     506    1012 |    0.2   26.0    0.9
2406 |   255 |    4314 |    7089     507    7089 |    1015     507    1015 |    0.2   25.8    1.0
2407 |   255 |    2778 |    7079     507    7079 |    1014     507    1014 |    0.2   25.1    1.1
2408 |   255 |    4308 |    7077     507    7077 |    1015     508    1015 |    0.3   25.4    1.1
2409 |   255 |    4309 |    7080     507    7080 |    1015     507    1015 |    0.2   25.7    0.9
2410 |   254 |    4301 |    7067     507    7067 |    1014     507    1014 |    0.2   18.0    0.8
2411 |   255 |    4295 |    7052     509    7052 |    1018     509    1018 |    0.2   25.9    1.0
2412 |   255 |    4309 |    7064     506    7064 |    1014     506    1014 |    0.2   26.9    1.0
2413 |   255 |    4305 |    7061     506    7061 |    1013     506    1013 |    0.2   24.4    1.0
2414 |   255 |    4320 |    7089     507    7089 |    1015     507    1015 |    0.2   25.5    0.9
2415 |   255 |    4311 |    7071     507    7071 |    1013     507    1013 |    0.2   24.7    0.9
2416 |   255 |    4323 |    7095     508    7095 |    1016     508    1016 |    0.2   25.5    0.9
2417 |   255 |    4300 |    7055     506    7055 |    1012     506    1012 |    0.2   25.7    1.0
2418 |   255 |    4327 |    7097     508    7097 |    1016     508    1016 |    0.2   24.8    0.9
2419 |   255 |    4313 |    7078     506    7078 |    1014     506    1014 |    0.2   24.9    0.9
2420 |   255 |    4326 |    7097     508    7097 |    1016     508    1016 |    0.2   25.7    1.1
2421 |   255 |    4317 |    7089     508    7089 |    1015     508    1015 |    0.2   25.7    1.0
2422 |   255 |    4288 |    6067     507    6067 |    1013     507    1013 |    0.2   18.0    0.8
2423 |   254 |    3516 |    6050     505    6050 |    1012     506    1012 |    0.2   19.6    0.8
2424 |   255 |    4281 |    6060     506    6060 |    1013     506    1013 |    0.2   19.0    0.8
2425 |   255 |    4317 |    7086     507    7086 |    1014     507    1014 |    0.2   24.2    0.9
2426 |   255 |    4325 |    7088     508    7088 |    1016     508    1016 |    0.2   25.7    0.9
2427 |   255 |    4311 |    7077     507    7077 |    1014     507    1014 |    0.2   27.3    1.0
2428 |   255 |    4317 |    6081     507    6081 |    1014     507    1014 |    0.2   18.4    0.8
2429 |   253 |    2760 |    6047     506    6047 |    1011     506    1011 |    0.2   19.9    0.8
2430 |   255 |    4322 |    7095     508    7095 |    1015     508    1015 |    0.2   27.2    0.9
2431 |   255 |    4324 |    7094     508    7094 |    1015     508    1015 |    0.2   26.3    1.0
2432 |   255 |    2785 |    7082     508    7082 |    1017     508    1017 |    0.2   25.2    0.9
2433 |   255 |    3294 |    7053     509    7053 |    1018     509    1018 |    0.2   18.3    0.8
2434 |   255 |    4321 |    7088     508    7088 |    1016     508    1016 |    0.2   25.2    1.1
2435 |   255 |    4324 |    7093     508    7093 |    1016     508    1016 |    0.3   26.1    0.9
2436 |   255 |    2788 |    7083     508    7083 |    1015     508    1015 |    0.2   24.3    0.9
2437 |   255 |    4293 |    6069     507    6069 |    1013     507    1013 |    0.2   18.5    0.8
2438 |   255 |    4307 |    7081     506    7081 |    1014     507    1014 |    0.2   25.1    1.0
2439 |   255 |    4299 |    7081     507    7081 |    1013     507    1013 |    0.2   25.3    1.1
2440 |   254 |    4293 |    6069     506    6069 |    1012     506    1012 |    0.2   19.7    0.8
2441 |   255 |    4319 |    7084     508    7084 |    1016     508    1016 |    0.2   25.0    1.2
2442 |   254 |    4292 |    7055     506    7055 |    1013     506    1013 |    0.3   25.8    1.1
2443 |   255 |    4327 |    7089     508    7089 |    1017     508    1017 |    0.2   27.2    1.0
2444 |   255 |    3292 |    7082     507    7082 |    1015     507    1015 |    0.2   25.4    1.2
2445 |   255 |    3553 |    7089     508    7089 |    1016     508    1016 |    0.3   27.6    0.9
2446 |   254 |    3535 |    7073     507    7073 |    1014     507    1014 |    0.2   19.6    0.8
2447 |   255 |    3780 |    7060     508    7060 |    1015     508    1015 |    0.2   18.9    0.9
2448 |   255 |    2775 |    6070     507    6070 |    1013     507    1013 |    0.3   18.5    0.8
2449 |   255 |    2755 |    6034     506    6034 |    1013     506    1013 |    0.2   18.4    0.9
2450 |   255 |    4303 |    7079     507    7079 |    1015     507    1015 |    0.2   25.5    1.0
2451 |   255 |    4294 |    7037     506    7037 |    1013     506    1013 |    0.2   25.7    0.9
2452 |   255 |    4322 |    7091     508    7091 |    1016     508    1016 |    0.2   19.0    0.9
2453 |   255 |    4319 |    7084     508    7084 |    1016     508    1016 |    0.2   26.2    0.9
2454 |   254 |    4301 |    7076     506    7076 |    1013     506    1013 |    0.2   24.2    0.9
2455 |   255 |    3269 |    6059     506    6059 |    1012     506    1012 |    0.2   18.9    0.8
2456 |   255 |    4316 |    7084     507    7084 |    1014     507    1014 |    0.2   26.4    1.0
2457 |   255 |    3301 |    7086     508    7086 |    1016     508    1016 |    0.2   18.2    0.8
2458 |   255 |    4301 |    7051     506    7051 |    1013     506    1013 |    0.2   27.2    1.2
2459 |   255 |    4319 |    7089     508    7089 |    1015     508    1015 |    0.3   24.6    0.9
2460 |   255 |    4316 |    7089     508    7089 |    1015     508    1015 |    0.2   25.0    1.0
2461 |   255 |    4312 |    7074     506    7074 |    1013     506    1013 |    0.2   23.9    0.9
2462 |   255 |    4283 |    6059     506    6059 |    1013     506    1013 |    0.2   18.2    1.0
2463 |   255 |    4320 |    7086     507    7086 |    1014     507    1014 |    0.3   26.0    1.0
2464 |   255 |    3544 |    7068     506    7068 |    1015     507    1015 |    0.2   24.8    0.9
2465 |   253 |    3270 |    7048     506    7048 |    1013     506    1013 |    0.2   18.1    0.8
2466 |   255 |    2788 |    7074     507    7074 |    1015     507    1015 |    0.2   19.0    0.8
2467 |   255 |    4324 |    7090     508    7090 |    1016     508    1016 |    0.2   25.6    1.0
2468 |   255 |    4304 |    7073     507    7073 |    1014     507    1014 |    0.2   26.5    1.0
2469 |   255 |    3030 |    7083     507    7083 |    1015     507    1015 |    0.2   25.2    1.4
2470 |   255 |    4315 |    7074     507    7074 |    1014     507    1014 |    0.2   24.7    0.9
2471 |   255 |    3301 |    7066     508    7066 |    1017     508    1017 |    0.2   20.2    0.9
2472 |   254 |    3011 |    6044     506    6044 |    1012     506    1012 |    0.2   18.8    0.8
2473 |   255 |    4309 |    7071     506    7071 |    1013     506    1013 |    0.2   25.5    0.9
2474 |   254 |    4302 |    7072     506    7072 |    1012     506    1012 |    0.2   27.4    0.9
2475 |   255 |    4323 |    7093     508    7093 |    1015     508    1015 |    0.2   27.9    1.0
2476 |   255 |    4307 |    7084     507    7084 |    1014     507    1014 |    0.2   26.7    0.9
2477 |   255 |    3024 |    7078     506    7078 |    1013     506    1013 |    0.2   18.6    0.8
2478 |   253 |    4287 |    6062     505    6062 |    1011     505    1011 |    0.2   18.4    0.8
2479 |   255 |    4312 |    7074     507    7074 |    1014     507    1014 |    0.2   26.1    1.0
2480 |   255 |    4304 |    7075     506    7075 |    1012     506    1012 |    0.2   24.9    1.2
2481 |   255 |    4320 |    7094     507    7094 |    1016     508    1016 |    0.3   26.8    0.9
2482 |   255 |    4320 |    7091     509    7091 |    1017     509    1017 |    0.2   24.8    1.0
2483 |   255 |    3559 |    7066     509    7066 |    1019     509    1019 |    0.2   18.7    0.9
2484 |   255 |    4309 |    7066     506    7066 |    1013     506    1013 |    0.2   25.6    1.0
2485 |   255 |    4312 |    7081     507    7081 |    1013     507    1013 |    0.2   26.4    1.0
2486 |   255 |    2778 |    6073     507    6073 |    1014     507    1014 |    0.2   19.3    0.9
2487 |   255 |    4313 |    7087     508    7087 |    1015     508    1015 |    0.3   26.3    1.0
2488 |   254 |    4289 |    7047     508    7047 |    1016     508    1016 |    0.3   24.7    1.0
2489 |   255 |    4327 |    7097     508    7097 |    1016     508    1016 |    0.3   24.9    1.0
2490 |   255 |    4308 |    7083     507    7083 |    1015     507    1015 |    0.2   26.6    1.2
2491 |   254 |    4288 |    7052     505    7052 |    1012     505    1012 |    0.3   24.9    0.9
2492 |   255 |    4315 |    7081     508    7081 |    1016     508    1016 |    0.2   25.9    0.9
2493 |   255 |    4311 |    7075     508    7075 |    1016     508    1016 |    0.2   25.6    1.0
2494 |   255 |    2767 |    6051     506    6051 |    1013     506    1013 |    0.2   17.6    0.8
2495 |   255 |    4321 |    7090     507    7090 |    1014     507    1014 |    0.3   18.4    0.8
2496 |   255 |    4326 |    7097     508    7097 |    1016     508    1016 |    0.3   29.1    1.1
2497 |   255 |    4319 |    7085     508    7085 |    1016     508    1016 |    0.2   25.8    1.0
2498 |   255 |    4300 |    7052     506    7052 |    1013     506    1013 |    0.2   24.7    1.0
2499 |   253 |    3514 |    7039     506    7039 |    1012     506    1012 |    0.2   19.5    1.0
2500 |   255 |    3778 |    7069     506    7069 |    1013     506    1013 |    0.3   19.1    0.8
2501 |   252 |    4258 |    6036     505    6036 |    1010     505    1010 |    0.2   18.9    0.8
2502 |   255 |    2765 |    6055     506    6055 |    1013     506    1013 |    0.2   18.2    0.8
2503 |   255 |    2765 |    6057     506    6057 |    1014     506    1014 |    0.2   19.3    0.8
2504 |   255 |    4302 |    7048     506    7048 |    1014     506    1014 |    0.3   24.7    1.1
2505 |   255 |    4317 |    7081     508    7081 |    1015     508    1015 |    0.2   26.8    1.0
2506 |   254 |    4248 |    6025     505    6025 |    1012     505    1012 |    0.2   18.3    0.8
2507 |   255 |    4319 |    7082     507    7082 |    1015     507    1015 |    0.2   26.2    0.9
2508 |   255 |    4327 |    7091     508    7091 |    1017     508    1017 |    0.2   26.5    1.0
2509 |   253 |    3508 |    6046     505    6046 |    1011     505    1011 |    0.2   19.4    0.8
2510 |   255 |    4312 |    7079     507    7079 |    1015     507    1015 |    0.2   23.9    0.9
2511 |   255 |    4265 |    6044     506    6044 |    1013     506    1013 |    0.2   18.4    0.8
2512 |   255 |    4311 |    7063     508    7063 |    1016     508    1016 |    0.3   20.0    1.1
2513 |   255 |    4308 |    7087     507    7087 |    1014     507    1014 |    0.3   26.6    0.9
2514 |   255 |    4303 |    7070     506    7070 |    1013     506    1013 |    0.2   26.2    1.0
2515 |   255 |    4325 |    7088     508    7088 |    1017     508    1017 |    0.2   24.1    0.9
2516 |   255 |    3030 |    7083     507    7083 |    1014     507    1014 |    0.2   26.6    1.0
2517 |   255 |    4303 |    7060     506    7060 |    1013     506    1013 |    0.2   26.1    0.9
2518 |   254 |    3283 |    7043     508    7043 |    1015     508    1015 |    0.2   19.3    0.8
2519 |   255 |    4316 |    7082     508    7082 |    1016     508    1016 |    0.2   26.0    1.0
2520 |   255 |    3024 |    6071     507    6071 |    1014     507    1014 |    0.2   18.6    0.8
2521 |   255 |    4315 |    7079     510    7079 |    1021     510    1021 |    0.2   25.7    1.0
2522 |   255 |    4291 |    6069     507    6069 |    1014     507    1014 |    0.2   18.9    0.9
2523 |   255 |    4318 |    7094     508    7094 |    1015     508    1015 |    0.2   25.3    1.1
2524 |   255 |    4314 |    7079     507    7079 |    1015     507    1015 |    0.2   25.1    0.9
2525 |   255 |    2776 |    6075     507    6075 |    1013     507    1013 |    0.2   20.0    0.8
2526 |   255 |    4316 |    7091     507    7091 |    1015     507    1015 |    0.2   26.3    1.0
2527 |   255 |    4324 |    7090     508    7090 |    1016     508    1016 |    0.2   25.2    0.9
2528 |   254 |    4285 |    7051     505    7051 |    1011     505    1011 |    0.2   25.3    1.0
2529 |   255 |    4325 |    7093     507    7093 |    1015     508    1015 |    0.2   26.7    1.0
2530 |   255 |    4304 |    7073     506    7073 |    1012     506    1012 |    0.2   24.3    1.2
2531 |   255 |    2774 |    7076     506    7076 |    1013     506    1013 |    0.3   26.2    1.1
2532 |   255 |    4315 |    7076     507    7076 |    1015     507    1015 |    0.2   26.0    0.9
2533 |   255 |    3791 |    7051     506    7051 |    1013     506    1013 |    0.2   18.7    0.8
2534 |   255 |    4323 |    7094     508    7094 |    1016     508    1016 |    0.2   26.9    0.9
2535 |   255 |    4302 |    7061     506    7061 |    1013     506    1013 |    0.2   25.3    1.0
2536 |   255 |    4284 |    7020     506    7020 |    1013     506    1013 |    0.2   24.8    1.0
2537 |   255 |    4309 |    6080     507    6080 |    1014     507    1014 |    0.2   17.7    0.9
2538 |   255 |    4306 |    7071     506    7071 |    1013     506    1013 |    0.3   24.3    1.0
2539 |   255 |    4322 |    7086     507    7086 |    1015     508    1015 |    0.2   25.4    0.9
2540 |   254 |    4295 |    7067     506    7067 |    1012     506    1012 |    0.2   25.8    1.1
2541 |   255 |    4319 |    7089     507    7089 |    1015     507    1015 |    0.2   25.3    0.9
2542 |   255 |    4328 |    7090     508    7090 |    1017     508    1017 |    0.2   24.8    1.0
2543 |   255 |    3559 |    7078     508    7078 |    1017     509    1017 |    0.2   19.3    0.8
2544 |   255 |    3028 |    7086     508    7086 |    1015     508    1015 |    0.3   25.4    1.0
2545 |   255 |    4323 |    7091     508    7091 |    1016     508    1016 |    0.2   24.0    0.9
2546 |   255 |    4307 |    7078     506    7078 |    1013     506    1013 |    0.2   25.6    1.0
2547 |   255 |    4275 |    6053     506    6053 |    1012     506    1012 |    0.2   18.1    0.8
2548 |   255 |    4301 |    7082     507    7082 |    1014     507    1014 |    0.3   26.1    1.0
2549 |   255 |    4318 |    7086     508    7086 |    1016     508    1016 |    0.2   26.4    0.9
2550 |   254 |    4301 |    7067     506    7067 |    1012     506    1012 |    0.2   25.3    1.0
2551 |   255 |    3285 |    6075     507    6075 |    1013     507    1013 |    0.2   18.1    0.8
2552 |   254 |    4305 |    7075     506    7075 |    1013     506    1013 |    0.2   24.9    1.0
2553 |   255 |    4322 |    7092     507    7092 |    1016     507    1016 |    0.2   25.8    1.2
2554 |   255 |    3804 |    7077     506    7077 |    1013     506    1013 |    0.2   18.6    0.8
2555 |   255 |    3794 |    7069     507    7069 |    1013     507    1013 |    0.2   18.5    0.8
2556 |   255 |    4319 |    7091     508    7091 |    1015     508    1015 |    0.2   24.8    1.1
2557 |   255 |    4325 |    7094     508    7094 |    1016     508    1016 |    0.2   29.3    1.3
2558 |   255 |    3820 |    7072     509    7072 |    1019     509    1019 |    0.3   18.3    0.8
2559 |   255 |    3301 |    7085     507    7085 |    1015     507    1015 |    0.2   25.2    0.9
2560 |   255 |    4305 |    7065     506    7065 |    1013     506    1013 |    0.2   26.4    0.9
2561 |   255 |    4288 |    6061     507    6061 |    1015     507    1015 |    0.2   17.4    0.8
2562 |   255 |    4317 |    7080     507    7080 |    1015     507    1015 |    0.2   26.1    1.1
2563 |   254 |    4299 |    7058     506    7058 |    1015     506    1015 |    0.3   25.2    1.0
2564 |   255 |    4321 |    6085     507    6085 |    1015     507    1015 |    0.2   19.5    0.9
2565 |   255 |    3548 |    7082     507    7082 |    1014     507    1014 |    0.3   23.0    0.9
2566 |   255 |    3283 |    7069     507    7069 |    1016     507    1016 |    0.3   19.3    0.9
2567 |   255 |    4310 |    7087     507    7087 |    1015     507    1015 |    0.3   25.8    1.1
2568 |   255 |    4325 |    7090     508    7090 |    1016     508    1016 |    0.2   25.1    0.9
2569 |   255 |    4317 |    7087     507    7087 |    1014     507    1014 |    0.2   25.5    0.9
2570 |   255 |    4314 |    7084     508    7084 |    1015     508    1015 |    0.2   25.3    0.9
2571 |   255 |    4287 |    6065     506    6065 |    1013     506    1013 |    0.2   18.7    0.8
2572 |   255 |    4298 |    7055     506    7055 |    1013     506    1013 |    0.2   24.3    0.9
2573 |   255 |    3029 |    7077     507    7077 |    1015     507    1015 |    0.2   25.8    1.0
2574 |   255 |    2778 |    6070     507    6070 |    1013     507    1013 |    0.2   18.9    0.9
2575 |   255 |    3271 |    6070     507    6070 |    1013     507    1013 |    0.2   18.5    0.8
2576 |   254 |    2763 |    6059     506    6059 |    1012     506    1012 |    0.2   18.4    0.8
2577 |   255 |    3806 |    7095     508    7095 |    1015     508    1015 |    0.2   21.6    0.9
2578 |   254 |    4300 |    7077     506    7077 |    1013     506    1013 |    0.2   24.8    0.9
2579 |   255 |    4305 |    7075     507    7075 |    1014     507    1014 |    0.2   21.0    0.8
2580 |   255 |    3020 |    6058     506    6058 |    1013     506    1013 |    0.2   18.6    0.8
2581 |   254 |    4288 |    6065     506    6065 |    1011     506    1011 |    0.2   18.9    0.8
2582 |   253 |    2760 |    6047     505    6047 |    1011     505    1011 |    0.2   18.0    0.8
2583 |   255 |    4316 |    7074     508    7074 |    1015     508    1015 |    0.2   25.7    1.0
2584 |   254 |    4294 |    7054     506    7054 |    1012     506    1012 |    0.2   23.2    0.9
2585 |   255 |    2771 |    7077     506    7077 |    1013     506    1013 |    0.2   18.5    0.9
2586 |   253 |    4288 |    7062     506    7062 |    1013     506    1013 |    0.2   23.2    1.2
2587 |   255 |    4311 |    7080     507    7080 |    1015     507    1015 |    0.2   26.4    1.0
2588 |   254 |    4292 |    7054     505    7054 |    1012     505    1012 |    0.2   26.5    1.0
2589 |   255 |    4325 |    7094     508    7094 |    1016     508    1016 |    0.2   25.5    1.0
2590 |   255 |    4325 |    7097     507    7097 |    1016     508    1016 |    0.2   24.9    1.2
2591 |   255 |    4298 |    7047     506    7047 |    1013     506    1013 |    0.2   24.6    0.9
2592 |   255 |    4313 |    7089     507    7089 |    1014     507    1014 |    0.2   24.8    0.9
2593 |   254 |    4309 |    7082     507    7082 |    1013     507    1013 |    0.2   25.2    1.0
2594 |   255 |    4325 |    7088     509    7088 |    1017     509    1017 |    0.2   26.2    1.3
2595 |   255 |    4311 |    6075     507    6075 |    1013     507    1013 |    0.2   20.4    0.9
2596 |   255 |    4311 |    7082     506    7082 |    1014     507    1014 |    0.3   25.2    1.0
2597 |   255 |    4290 |    6069     507    6069 |    1013     507    1013 |    0.2   18.6    0.8
2598 |   255 |    4309 |    7077     506    7077 |    1013     506    1013 |    0.2   25.8    1.1
2599 |   254 |    4300 |    7068     506    7068 |    1013     506    1013 |    0.3   28.1    0.9
2600 |   255 |    4318 |    7079     508    7079 |    1017     508    1017 |    0.2   26.0    1.0
2601 |   255 |    4287 |    6060     507    6060 |    1014     507    1014 |    0.2   18.2    1.0
2602 |   255 |    4324 |    7089     508    7089 |    1016     508    1016 |    0.3   25.2    0.9
2603 |   255 |    4311 |    7077     508    7077 |    1015     508    1015 |    0.2   25.3    0.9
2604 |   253 |    4276 |    6053     505    6053 |    1011     505    1011 |    0.2   18.4    1.0
2605 |   255 |    4320 |    7091     507    7091 |    1015     507    1015 |    0.3   26.3    0.9
2606 |   255 |    4301 |    7073     508    7073 |    1015     508    1015 |    0.2   18.6    0.8
2607 |   255 |    4315 |    7081     508    7081 |    1015     508    1015 |    0.2   23.2    0.9
2608 |   255 |    4311 |    7082     507    7082 |    1015     507    1015 |    0.2   26.5    0.9
2609 |   255 |    4317 |    7087     507    7087 |    1015     507    1015 |    0.3   25.8    1.0
2610 |   255 |    4308 |    7082     507    7082 |    1015     507    1015 |    0.2   25.1    1.0
2611 |   254 |    4303 |    7077     506    7077 |    1013     506    1013 |    0.2   26.4    1.0
2612 |   255 |    4323 |    6087     508    6087 |    1016     508    1016 |    0.2   19.8    1.0
2613 |   255 |    4319 |    7086     508    7086 |    1016     508    1016 |    0.2   18.7    0.8
2614 |   255 |    2780 |    7080     508    7080 |    1015     508    1015 |    0.2   25.2    1.0
2615 |   255 |    3530 |    7051     507    7051 |    1015     507    1015 |    0.3   18.7    0.8
2616 |   255 |    3540 |    7084     508    7084 |    1017     508    1017 |    0.4   26.1    1.0
2617 |   255 |    4321 |    7087     508    7087 |    1016     508    1016 |    0.2   25.7    1.0
2618 |   255 |    4301 |    7074     507    7074 |    1014     507    1014 |    0.2   24.6    0.9
2619 |   255 |    3528 |    6069     506    6069 |    1013     506    1013 |    0.2   18.8    0.9
2620 |   255 |    4320 |    7072     508    7072 |    1016     508    1016 |    0.3   25.8    1.0
2621 |   255 |    4311 |    7071     506    7071 |    1013     506    1013 |    0.2   26.4    1.0
2622 |   255 |    4316 |    7089     508    7089 |    1017     508    1017 |    0.2   25.6    0.9
2623 |   255 |    4305 |    7081     507    7081 |    1014     507    1014 |    0.2   25.7    1.0
2624 |   255 |    4308 |    7061     507    7061 |    1014     507    1014 |    0.2   27.2    1.0
2625 |   255 |    4309 |    7083     507    7083 |    1014     507    1014 |    0.2   28.0    1.0
2626 |   253 |    4277 |    7042     505    7042 |    1011     505    1011 |    0.2   25.2    0.9
2627 |   255 |    4296 |    6073     507    6073 |    1013     507    1013 |    0.2   18.3    0.8
2628 |   255 |    4328 |    7097     508    7097 |    1016     508    1016 |    0.2   26.6    1.0
2629 |   255 |    4308 |    7084     506    7084 |    1015     507    1015 |    0.2   25.0    0.9
2630 |   255 |    4308 |    7079     507    7079 |    1014     507    1014 |    0.2   24.4    1.3
2631 |   255 |    4324 |    7092     508    7092 |    1016     508    1016 |    0.2   25.4    0.9
2632 |   255 |    3021 |    6060     506    6060 |    1013     506    1013 |    0.2   18.9    0.8
2633 |   255 |    4316 |    7075     508    7075 |    1015     508    1015 |    0.2   29.1    1.2
2634 |   255 |    4312 |    7076     510    7076 |    1021     510    1021 |    0.3   24.8    0.9
2635 |   254 |    4307 |    7083     507    7083 |    1014     507    1014 |    0.3   26.3    1.0
2636 |   255 |    4316 |    7081     507    7081 |    1015     507    1015 |    0.2   25.5    0.9
2637 |   253 |    3245 |    6027     505    6027 |    1011     506    1011 |    0.2   18.2    0.8
2638 |   255 |    4301 |    7068     506    7068 |    1012     506    1012 |    0.2   26.2    0.9
2639 |   255 |    4304 |    7064     506    7064 |    1013     506    1013 |    0.2   24.6    0.9
2640 |   255 |    4324 |    7096     508    7096 |    1016     508    1016 |    0.2   26.0    1.0
2641 |   255 |    4293 |    6073     507    6073 |    1013     507    1013 |    0.2   19.4    0.8
2642 |   255 |    4302 |    7072     506    7072 |    1015     508    1015 |    0.2   24.8    1.0
2643 |   255 |    4320 |    7084     508    7084 |    1016     508    1016 |    0.2   26.1    0.9
2644 |   253 |    3261 |    6055     505    6055 |    1010     505    1010 |    0.2   18.1    0.8
2645 |   255 |    4311 |    7080     508    7080 |    1016     508    1016 |    0.2   26.4    1.0
2646 |   255 |    4298 |    7069     507    7069 |    1014     507    1014 |    0.2   24.4    1.0
2647 |   255 |    4325 |    7088     508    7088 |    1016     508    1016 |    0.2   25.4    0.9
2648 |   252 |    3249 |    6028     505    6028 |    1010     505    1010 |    0.2   18.9    0.8
2649 |   255 |    4326 |    7089     508    7089 |    1017     508    1017 |    0.2   25.3    1.0
2650 |   254 |    4302 |    7075     506    7075 |    1012     506    1012 |    0.2   25.0    1.0
2651 |   255 |    4314 |    7083     507    7083 |    1014     507    1014 |    0.2   24.6    0.9
2652 |   255 |    4271 |    6049     507    6049 |    1013     507    1013 |    0.2   20.3    0.9
2653 |   254 |    3292 |    7083     507    7083 |    1014     507    1014 |    0.2   25.1    0.9
2654 |   255 |    4317 |    7085     507    7085 |    1014     507    1014 |    0.2   24.9    0.9
2655 |   254 |    3000 |    6018     506    6018 |    1012     506    1012 |    0.2   17.5    0.8
2656 |   255 |    3284 |    7078     506    7078 |    1013     507    1013 |    0.2   24.9    0.9
2657 |   255 |    3259 |    6050     506    6050 |    1012     506    1012 |    0.2   18.4    0.8
2658 |   255 |    4302 |    7057     505    7057 |    1013     506    1013 |    0.2   28.1    1.0
2659 |   255 |    4319 |    7085     507    7085 |    1015     507    1015 |    0.2   26.9    0.9
2660 |   255 |    2790 |    7085     508    7085 |    1017     508    1017 |    0.2   25.3    0.9
2661 |   255 |    4325 |    7093     508    7093 |    1016     508    1016 |    0.2   26.0    1.0
2662 |   255 |    4317 |    7097     508    7097 |    1015     508    1015 |    0.2   26.7    0.9
2663 |   255 |    4305 |    7083     507    7083 |    1014     507    1014 |    0.2   25.4    1.0
2664 |   255 |    4314 |    7085     507    7085 |    1015     507    1015 |    0.2   25.3    1.0
2665 |   255 |    4293 |    6070     506    6070 |    1013     506    1013 |    0.2   18.5    0.8
2666 |   255 |    4319 |    7089     507    7089 |    1015     507    1015 |    0.2   26.3    1.0
2667 |   254 |    4290 |    7066     506    7066 |    1011     506    1011 |    0.2   26.5    1.0
2668 |   255 |    3034 |    7090     508    7090 |    1016     508    1016 |    0.2   27.6    1.0
2669 |   255 |    4305 |    7080     507    7080 |    1014     507    1014 |    0.2   18.5    0.8
2670 |   255 |    4326 |    7095     508    7095 |    1016     508    1016 |    0.2   26.1    1.0
2671 |   253 |    4263 |    7008     505    7008 |    1011     506    1011 |    0.2   25.0    0.9
2672 |   255 |    4314 |    7085     507    7085 |    1015     507    1015 |    0.3   25.8    0.9
2673 |   254 |    4272 |    6047     506    6047 |    1012     506    1012 |    0.2   19.3    0.8
2674 |   252 |    4269 |    6040     505    6040 |    1010     505    1010 |    0.2   19.2    0.8
2675 |   255 |    4327 |    7088     508    7088 |    1016     508    1016 |    0.2   25.1    0.9
2676 |   255 |    4328 |    7096     508    7096 |    1017     508    1017 |    0.3   28.6    1.0
2677 |   254 |    4290 |    7072     506    7072 |    1012     506    1012 |    0.2   24.8    1.1
2678 |   254 |    2772 |    6065     506    6065 |    1012     506    1012 |    0.2   18.3    0.9
2679 |   253 |    4284 |    6057     505    6057 |    1011     505    1011 |    0.2   18.8    0.8
2680 |   255 |    4324 |    7087     507    7087 |    1015     508    1015 |    0.2   26.5    1.0
2681 |   254 |    3283 |    7054     507    7054 |    1014     507    1014 |    0.3   19.8    0.8
2682 |   255 |    4314 |    7087     507    7087 |    1015     507    1015 |    0.2   25.1    1.2
2683 |   255 |    3306 |    7079     509    7079 |    1018     509    1018 |    0.3   19.4    1.1
2684 |   255 |    4319 |    7087     508    7087 |    1016     508    1016 |    0.3   25.8    1.0
2685 |   254 |    4301 |    7072     507    7072 |    1014     507    1014 |    0.2   23.9    0.9
2686 |   254 |    4303 |    7077     507    7077 |    1014     507    1014 |    0.2   24.9    0.9
2687 |   254 |    4302 |    7075     506    7075 |    1013     506    1013 |    0.2   25.4    1.0
2688 |   254 |    4303 |    7077     506    7077 |    1012     506    1012 |    0.2   23.2    0.9
2689 |   255 |    4315 |    7076     508    7076 |    1016     508    1016 |    0.2   26.2    1.0
2690 |   255 |    4325 |    7094     508    7094 |    1015     508    1015 |    0.2   26.4    0.9
2691 |   255 |    4316 |    7074     508    7074 |    1016     508    1016 |    0.2   25.5    0.9
2692 |   254 |    4300 |    7074     506    7074 |    1013     506    1013 |    0.4   28.3    0.9
2693 |   255 |    4315 |    7094     508    7094 |    1015     507    1015 |    0.2   24.7    0.9
2694 |   253 |    4229 |    6006     506    6006 |    1011     506    1011 |    0.2   17.4    0.9
2695 |   255 |    4299 |    6077     507    6077 |    1014     507    1014 |    0.2   18.9    0.8
2696 |   255 |    4325 |    7097     508    7097 |    1015     508    1015 |    0.2   28.6    1.0
2697 |   255 |    4304 |    7082     507    7082 |    1015     507    1015 |    0.2   23.8    0.9
2698 |   255 |    4305 |    7078     506    7078 |    1012     506    1012 |    0.2   28.5    1.0
2699 |   254 |    4305 |    7069     507    7069 |    1014     507    1014 |    0.2   19.3    0.8
2700 |   255 |    2784 |    7081     507    7081 |    1015     507    1015 |    0.2   26.0    1.2
2701 |   255 |    4314 |    7081     507    7081 |    1014     507    1014 |    0.2   24.7    0.9
2702 |   255 |    4311 |    7080     507    7080 |    1013     507    1013 |    0.3   18.8    0.9
2703 |   255 |    3542 |    7080     507    7080 |    1014     507    1014 |    0.2   19.1    0.8
2704 |   255 |    4315 |    7082     507    7082 |    1014     507    1014 |    0.2   26.6    1.1
2705 |   254 |    3801 |    7073     506    7073 |    1013     506    1013 |    0.2   20.5    0.8
2706 |   255 |    4307 |    7071     506    7071 |    1013     507    1013 |    0.2   25.1    0.9
2707 |   255 |    4322 |    7085     508    7085 |    1016     508    1016 |    0.2   25.8    1.0
2708 |   253 |    4288 |    7063     506    7063 |    1013     506    1013 |    0.3   25.1    1.2
2709 |   252 |    4261 |    6033     505    6033 |    1010     505    1010 |    0.3   19.5    0.8
2710 |   255 |    4321 |    7084     508    7084 |    1016     508    1016 |    0.2   26.0    1.0
2711 |   255 |    4282 |    6061     506    6061 |    1013     506    1013 |    0.2   18.7    0.8
2712 |   255 |    4321 |    7087     507    7087 |    1016     507    1016 |    0.2   26.2    0.9
2713 |   255 |    4303 |    7053     506    7053 |    1014     506    1014 |    0.2   24.5    0.9
2714 |   255 |    3801 |    7092     508    7092 |    1016     508    1016 |    0.3   20.3    0.8
2715 |   255 |    4315 |    7081     507    7081 |    1013     507    1013 |    0.2   26.2    1.0
2716 |   254 |    4304 |    7075     507    7075 |    1013     507    1013 |    0.2   24.4    0.9
2717 |   255 |    4318 |    7072     508    7072 |    1016     508    1016 |    0.2   25.2    1.0
2718 |   254 |    4297 |    7070     506    7070 |    1012     506    1012 |    0.2   25.7    1.2
2719 |   253 |    4285 |    7058     505    7058 |    1011     506    1011 |    0.2   26.8    1.0
2720 |   255 |    4303 |    7079     507    7079 |    1014     507    1014 |    0.2   25.5    1.0
2721 |   255 |    4299 |    7079     507    7079 |    1013     507    1013 |    0.2   26.6    0.9
2722 |   255 |    3264 |    6044     507    6044 |    1013     507    1013 |    0.2   18.1    0.8
2723 |   255 |    4319 |    7081     507    7081 |    1015     507    1015 |    0.3   27.1    1.0
2724 |   254 |    4271 |    6053     506    6053 |    1012     506    1012 |    0.2   18.9    0.8
2725 |   254 |    4300 |    7069     506    7069 |    1012     506    1012 |    0.2   26.4    0.9
2726 |   254 |    4286 |    7057     505    7057 |    1011     506    1011 |    0.2   25.8    0.9
2727 |   255 |    3512 |    6051     506    6051 |    1013     506    1013 |    0.2   18.8    0.9
2728 |   255 |    4311 |    7087     507    7087 |    1014     507    1014 |    0.2   24.6    0.9
2729 |   255 |    4321 |    7096     507    7096 |    1015     507    1015 |    0.2   25.6    1.0
2730 |   255 |    2784 |    7085     507    7085 |    1015     507    1015 |    0.2   26.8    1.0
2731 |   255 |    4295 |    7064     506    7064 |    1013     506    1013 |    0.2   25.1    0.9
2732 |   255 |    4291 |    7077     506    7077 |    1013     506    1013 |    0.2   18.8    0.8
2733 |   250 |    4170 |    5935     505    5935 |    1010     505    1010 |    0.3   17.9    0.8
2734 |   255 |    4306 |    7078     507    7078 |    1014     507    1014 |    0.2   25.0    0.9
2735 |   254 |    4288 |    7041     505    7041 |    1012     505    1012 |    0.2   25.2    0.9
2736 |   255 |    4320 |    7088     508    7088 |    1016     508    1016 |    0.2   26.3    1.0
2737 |   255 |    4299 |    7079     506    7079 |    1013     507    1013 |    0.2   26.8    1.2
2738 |   255 |    2779 |    7082     507    7082 |    1015     507    1015 |    0.2   25.1    0.9
2739 |   255 |    4318 |    7091     507    7091 |    1014     507    1014 |    0.2   26.4    1.1
2740 |   255 |    4311 |    7082     507    7082 |    1015     507    1015 |    0.2   20.2    0.9
2741 |   255 |    4307 |    7071     506    7071 |    1013     506    1013 |    0.3   24.6    0.9
2742 |   255 |    2763 |    6060     506    6060 |    1013     506    1013 |    0.2   20.6    1.0
2743 |   255 |    4316 |    7076     507    7076 |    1015     508    1015 |    0.2   26.5    0.9
2744 |   255 |    4314 |    7087     507    7087 |    1014     507    1014 |    0.3   20.2    0.8
2745 |   254 |    4295 |    7067     506    7067 |    1014     506    1014 |    0.3   26.1    1.1
2746 |   254 |    4281 |    7047     505    7047 |    1011     505    1011 |    0.4   28.8    1.0
2747 |   255 |    4302 |    7079     507    7079 |    1015     507    1015 |    0.2   25.9    1.0
2748 |   255 |    4307 |    7085     507    7085 |    1013     507    1013 |    0.2   24.6    0.9
2749 |   254 |    2782 |    7076     507    7076 |    1014     507    1014 |    0.3   19.6    0.8
2750 |   255 |    4307 |    7071     506    7071 |    1013     506    1013 |    0.2   26.7    1.0
2751 |   255 |    4319 |    7079     509    7079 |    1017     509    1017 |    0.2   19.2    0.8
2752 |   252 |    4263 |    6035     505    6035 |    1010     505    1010 |    0.2   20.2    0.8
2753 |   255 |    3296 |    7082     507    7082 |    1014     507    1014 |    0.2   19.3    0.8
2754 |   255 |    3031 |    7058     507    7058 |    1015     507    1015 |    0.2   18.7    0.8
2755 |   255 |    4325 |    7099     508    7099 |    1016     508    1016 |    0.2   25.4    1.0
2756 |   255 |    4325 |    7094     508    7094 |    1015     508    1015 |    0.2   27.9    1.0
2757 |   255 |    4319 |    7085     508    7085 |    1016     508    1016 |    0.2   25.3    0.9
2758 |   255 |    4314 |    7072     507    7072 |    1014     507    1014 |    0.2   25.5    0.9
2759 |   253 |    4279 |    6051     505    6051 |    1010     505    1010 |    0.2   17.7    0.8
2760 |   255 |    4292 |    6069     507    6069 |    1014     507    1014 |    0.2   18.2    0.8
2761 |   255 |    2796 |    7072     509    7072 |    1018     509    1018 |    0.2   19.3    0.8
2762 |   255 |    2779 |    7072     506    7072 |    1013     506    1013 |    0.2   26.3    1.3
2763 |   255 |    4287 |    6064     506    6064 |    1013     506    1013 |    0.2   18.3    0.8
2764 |   255 |    4300 |    7081     506    7081 |    1013     506    1013 |    0.2   26.0    0.9
2765 |   255 |    4315 |    7088     507    7088 |    1015     507    1015 |    0.3   24.8    0.9
2766 |   255 |    2777 |    7075     506    7075 |    1014     507    1014 |    0.2   26.1    0.9
2767 |   255 |    4294 |    7056     506    7056 |    1012     506    1012 |    0.2   25.6    1.0
2768 |   255 |    4310 |    7085     507    7085 |    1014     507    1014 |    0.2   26.3    0.9
2769 |   255 |    4323 |    7090     508    7090 |    1015     508    1015 |    0.2   27.5    1.0
2770 |   255 |    4321 |    7088     508    7088 |    1016     508    1016 |    0.2   26.1    1.0
2771 |   255 |    4312 |    7081     507    7081 |    1015     507    1015 |    0.2   25.6    1.0
2772 |   255 |    4321 |    7093     508    7093 |    1015     508    1015 |    0.2   26.4    1.0
2773 |   255 |    4317 |    7077     508    7077 |    1016     508    1016 |    0.2   25.5    1.0
2774 |   255 |    4321 |    7086     508    7086 |    1015     508    1015 |    0.2   27.0    1.0
2775 |   255 |    3287 |    7041     507    7041 |    1014     507    1014 |    0.2   20.8    0.9
2776 |   255 |    4318 |    7090     507    7090 |    1014     507    1014 |    0.3   26.4    1.0
2777 |   252 |    4273 |    6042     505    6042 |    1010     505    1010 |    0.2   18.5    0.8
2778 |   255 |    4300 |    7083     507    7083 |    1014     507    1014 |    0.2   26.2    0.9
2779 |   255 |    4322 |    7093     508    7093 |    1016     508    1016 |    0.2   19.5    0.8
2780 |   255 |    4313 |    7072     507    7072 |    1015     507    1015 |    0.2   27.0    1.0
2781 |   254 |    3003 |    6015     506    6015 |    1012     506    1012 |    0.2   18.2    0.8
2782 |   255 |    4308 |    7066     506    7066 |    1013     506    1013 |    0.2   25.7    0.9
2783 |   252 |    4253 |    6022     506    6022 |    1012     506    1012 |    0.2   18.2    0.8
2784 |   255 |    4306 |    7067     506    7067 |    1013     506    1013 |    0.2   25.4    1.0
2785 |   254 |    4293 |    6068     506    6068 |    1012     506    1012 |    0.2   18.7    0.8
2786 |   255 |    4317 |    7086     508    7086 |    1016     508    1016 |    0.2   26.7    0.9
2787 |   255 |    4300 |    7082     507    7082 |    1013     507    1013 |    0.2   26.0    1.0
2788 |   254 |    4298 |    7077     506    7077 |    1013     506    1013 |    0.2   24.8    0.9
2789 |   255 |    3293 |    7061     509    7061 |    1017     509    1017 |    0.2   19.5    0.8
2790 |   255 |    4310 |    7074     507    7074 |    1014     507    1014 |    0.2   26.8    1.0
2791 |   255 |    4318 |    7072     507    7072 |    1015     507    1015 |    0.3   25.1    1.0
2792 |   255 |    4323 |    7093     508    7093 |    1016     508    1016 |    0.2   25.8    1.0
2793 |   255 |    4301 |    7078     507    7078 |    1013     506    1013 |    0.2   25.7    1.0
2794 |   255 |    4309 |    7068     506    7068 |    1013     506    1013 |    0.2   25.1    0.9
2795 |   254 |    4298 |    7062     505    7062 |    1012     506    1012 |    0.2   25.1    1.0
2796 |   254 |    4284 |    6062     506    6062 |    1012     506    1012 |    0.2   19.8    1.1
2797 |   254 |    4296 |    6070     507    6070 |    1013     507    1013 |    0.3   19.6    1.0
2798 |   255 |    4308 |    7084     507    7084 |    1014     507    1014 |    0.3   25.7    1.0
2799 |   255 |    4322 |    7093     507    7093 |    1015     507    1015 |    0.2   27.4    1.0
2800 |   255 |    4324 |    7090     508    7090 |    1016     508    1016 |    0.2   26.3    1.0
2801 |   255 |    4317 |    7079     508    7079 |    1017     508    1017 |    0.2   25.5    1.1
2802 |   253 |    4279 |    6052     508    6052 |    1015     508    1015 |    0.3   18.2    0.8
2803 |   254 |    4291 |    6066     506    6066 |    1011     506    1011 |    0.2   19.5    0.8
2804 |   255 |    3529 |    6071     507    6071 |    1014     507    1014 |    0.2   18.4    0.8
2805 |   255 |    2775 |    6073     507    6073 |    1013     507    1013 |    0.2   18.2    0.8
2806 |   255 |    4326 |    7094     508    7094 |    1015     508    1015 |    0.2   28.4    0.9
2807 |   255 |    4305 |    7083     507    7083 |    1014     507    1014 |    0.2   26.8    1.0
2808 |   254 |    3242 |    6035     506    6035 |    1012     506    1012 |    0.2   17.8    0.8
2809 |   255 |    4319 |    7078     507    7078 |    1015     507    1015 |    0.2   25.7    0.9
2810 |   254 |    4304 |    7069     506    7069 |    1013     506    1013 |    0.2   26.3    1.0
2811 |   255 |    4320 |    7089     508    7089 |    1016     508    1016 |    0.2   24.4    1.0
2812 |   254 |    3024 |    6068     506    6068 |    1013     506    1013 |    0.3   18.6    0.8
2813 |   254 |    4296 |    7053     509    7053 |    1019     509    1019 |    0.2   26.0    1.3
2814 |   254 |    4255 |    6033     505    6033 |    1012     505    1012 |    0.2   18.8    0.8
2815 |   255 |    4327 |    7102     508    7102 |    1016     508    1016 |    0.2   26.2    1.0
2816 |   255 |    4311 |    7082     507    7082 |    1014     507    1014 |    0.2   26.9    1.0
2817 |   253 |    4290 |    7067     505    7067 |    1011     506    1011 |    0.2   25.3    0.9
2818 |   255 |    4310 |    7084     507    7084 |    1014     507    1014 |    0.2   26.0    1.0
2819 |   255 |    3247 |    7009     507    7009 |    1015     507    1015 |    0.2   18.6    0.8
2820 |   255 |    4316 |    7084     507    7084 |    1014     507    1014 |    0.3   25.9    1.0
2821 |   255 |    4312 |    7077     507    7077 |    1013     507    1013 |    0.2   27.4    0.9
2822 |   255 |    4319 |    7090     508    7090 |    1015     508    1015 |    0.2   25.8    0.9
2823 |   254 |    4287 |    7061     505    7061 |    1011     505    1011 |    0.2   23.7    0.9
2824 |   255 |    3539 |    7080     507    7080 |    1014     507    1014 |    0.2   18.3    1.0
2825 |   254 |    4286 |    6062     506    6062 |    1013     506    1013 |    0.3   20.4    0.9
2826 |   255 |    4324 |    7081     508    7081 |    1017     509    1017 |    0.3   25.3    1.0
2827 |   255 |    4322 |    7095     508    7095 |    1016     508    1016 |    0.2   25.6    1.1
2828 |   255 |    4302 |    7074     508    7074 |    1018     508    1018 |    0.2   25.0    1.0
2829 |   255 |    4309 |    7077     507    7077 |    1016     508    1016 |    0.2   18.6    0.8
2830 |   255 |    4311 |    7078     507    7078 |    1015     508    1015 |    0.2   23.2    1.0
2831 |   255 |    4321 |    7088     508    7088 |    1016     508    1016 |    0.2   26.7    1.0
2832 |   255 |    4317 |    7091     507    7091 |    1015     507    1015 |    0.2   26.5    1.0
2833 |   255 |    3281 |    7082     506    7082 |    1013     506    1013 |    0.2   25.1    0.9
2834 |   254 |    4297 |    7070     506    7070 |    1012     506    1012 |    0.2   24.7    0.9
2835 |   255 |    4297 |    7061     506    7061 |    1012     506    1012 |    0.2   25.2    1.0
2836 |   255 |    4296 |    7055     506    7055 |    1013     506    1013 |    0.2   24.5    0.9
2837 |   255 |    3037 |    7079     509    7079 |    1017     509    1017 |    0.2   19.5    0.8
2838 |   254 |    2770 |    6061     506    6061 |    1013     506    1013 |    0.2   19.2    0.8
2839 |   255 |    4310 |    7051     507    7051 |    1017     507    1017 |    0.2   25.4    0.9
2840 |   255 |    4321 |    7088     507    7088 |    1015     507    1015 |    0.2   25.4    0.9
2841 |   255 |    4317 |    7084     507    7084 |    1015     508    1015 |    0.2   25.6    1.0
2842 |   255 |    4319 |    7091     508    7091 |    1015     508    1015 |    0.3   26.0    1.0
2843 |   255 |    4320 |    7082     508    7082 |    1017     508    1017 |    0.2   25.4    1.0
2844 |   254 |    2775 |    7076     506    7076 |    1013     506    1013 |    0.2   24.8    1.0
2845 |   255 |    4304 |    7082     507    7082 |    1014     507    1014 |    0.2   25.6    1.0
2846 |   254 |    3274 |    7037     507    7037 |    1014     507    1014 |    0.2   18.7    0.9
2847 |   255 |    4311 |    7087     507    7087 |    1015     507    1015 |    0.3   27.4    0.9
2848 |   254 |    4291 |    7060     505    7060 |    1011     505    1011 |    0.2   24.7    0.9
2849 |   254 |    4298 |    7066     506    7066 |    1012     506    1012 |    0.2   25.5    0.9
2850 |   255 |    4315 |    7080     507    7080 |    1015     507    1015 |    0.2   25.5    0.9
2851 |   255 |    4314 |    7084     507    7084 |    1013     507    1013 |    0.2   26.2    1.0
2852 |   255 |    4318 |    7085     507    7085 |    1014     507    1014 |    0.2   24.9    1.0
2853 |   255 |    4321 |    7086     508    7086 |    1015     508    1015 |    0.2   24.1    0.9
2854 |   255 |    2762 |    6029     506    6029 |    1013     506    1013 |    0.2   17.3    0.9
2855 |   255 |    4308 |    7072     507    7072 |    1013     507    1013 |    0.2   25.7    1.0
2856 |   255 |    4316 |    7091     507    7091 |    1015     507    1015 |    0.2   25.8    0.9
2857 |   255 |    4320 |    7086     507    7086 |    1015     508    1015 |    0.2   25.8    1.0
2858 |   255 |    4322 |    7089     507    7089 |    1015     507    1015 |    0.2   24.8    1.0
2859 |   255 |    4316 |    7079     507    7079 |    1015     507    1015 |    0.2   24.9    1.0
2860 |   255 |    4316 |    7062     511    7062 |    1021     511    1021 |    0.2   18.6    1.1
2861 |   255 |    4299 |    7059     508    7059 |    1015     508    1015 |    0.2   24.8    0.9
2862 |   255 |    4316 |    7061     508    7061 |    1015     508    1015 |    0.2   24.9    1.0
2863 |   255 |    4323 |    7088     508    7088 |    1015     508    1015 |    0.2   24.3    1.0
2864 |   255 |    4319 |    7075     508    7075 |    1016     508    1016 |    0.2   25.5    5.1
2865 |   255 |    4321 |    7080     507    7080 |    1014     507    1014 |    0.4   28.8    0.9
2866 |   255 |    4303 |    7070     507    7070 |    1016     508    1016 |    0.2   24.7    1.0
2867 |   255 |    4320 |    6086     508    6086 |    1015     507    1015 |    0.2   19.2    1.1
2868 |   255 |    4295 |    7044     506    7044 |    1013     506    1013 |    0.3   25.5    1.0
2869 |   255 |    4303 |    7065     509    7065 |    1017     509    1017 |    0.2   24.9    0.9
2870 |   255 |    3302 |    7094     508    7094 |    1015     508    1015 |    0.2   19.4    0.8
2871 |   255 |    4316 |    7080     506    7080 |    1014     506    1014 |    0.2   25.4    1.0
2872 |   255 |    4319 |    7084     508    7084 |    1016     508    1016 |    0.2   25.5    1.0
2873 |   255 |    4310 |    7071     508    7071 |    1015     508    1015 |    0.2   26.6    0.9
2874 |   255 |    3013 |    6061     506    6061 |    1012     506    1012 |    0.2   17.8    0.8
2875 |   255 |    4302 |    7057     506    7057 |    1014     506    1014 |    0.4   26.3    1.0
2876 |   254 |    4299 |    7067     506    7067 |    1013     506    1013 |    0.2   24.2    1.0
2877 |   255 |    4298 |    6076     507    6076 |    1013     507    1013 |    0.2   19.3    0.8
2878 |   254 |    4270 |    7018     505    7018 |    1012     505    1012 |    0.2   25.4    1.0
2879 |   254 |    4284 |    6063     506    6063 |    1011     506    1011 |    0.2   18.9    0.8
2880 |   253 |    4284 |    6051     506    6051 |    1013     506    1013 |    0.3   18.3    0.8
2881 |   254 |    3289 |    7066     507    7066 |    1013     507    1013 |    0.2   20.0    0.8
2882 |   255 |    4308 |    7081     507    7081 |    1014     507    1014 |    0.2   25.4    1.0
2883 |   253 |    3510 |    6054     505    6054 |    1010     505    1010 |    0.2   17.7    0.8
2884 |   255 |    4309 |    7086     507    7086 |    1014     507    1014 |    0.2   25.4    1.0
2885 |   255 |    4321 |    7087     508    7087 |    1016     508    1016 |    0.2   25.5    0.9
2886 |   255 |    4313 |    7080     507    7080 |    1014     507    1014 |    0.2   23.6    0.9
2887 |   254 |    4300 |    7069     506    7069 |    1012     506    1012 |    0.2   24.7    1.0
2888 |   255 |    4300 |    7071     508    7071 |    1015     508    1015 |    0.2   19.3    0.8
2889 |   255 |    4318 |    7073     507    7073 |    1015     507    1015 |    0.2   24.8    1.0
2890 |   255 |    3292 |    7083     507    7083 |    1015     507    1015 |    0.3   25.1    0.9
2891 |   254 |    4298 |    7080     506    7080 |    1013     506    1013 |    0.2   26.3    1.2
2892 |   255 |    4317 |    7082     507    7082 |    1015     508    1015 |    0.3   25.1    0.9
2893 |   255 |    3540 |    7077     507    7077 |    1015     507    1015 |    0.2   26.7    1.1
2894 |   255 |    4312 |    7082     507    7082 |    1014     507    1014 |    0.2   25.1    0.9
2895 |   255 |    4317 |    7091     507    7091 |    1014     507    1014 |    0.2   25.9    1.0
2896 |   254 |    4288 |    6064     506    6064 |    1011     506    1011 |    0.2   20.2    0.9
2897 |   254 |    4300 |    7070     506    7070 |    1013     506    1013 |    0.2   26.7    1.1
2898 |   255 |    3799 |    7075     508    7075 |    1016     508    1016 |    0.3   20.3    0.8
2899 |   254 |    4292 |    6068     506    6068 |    1012     506    1012 |    0.2   18.1    0.8
2900 |   253 |    3028 |    7015     508    7015 |    1016     507    1016 |    0.2   19.0    0.8
2901 |   253 |    4284 |    7063     506    7063 |    1011     505    1011 |    0.2   18.8    1.1
2902 |   255 |    4314 |    7082     508    7082 |    1016     508    1016 |    0.3   25.1    0.9
2903 |   255 |    4314 |    7076     506    7076 |    1013     506    1013 |    0.2   24.6    1.0
2904 |   255 |    3810 |    7090     507    7090 |    1014     507    1014 |    0.2   19.7    0.8
2905 |   255 |    4321 |    7087     507    7087 |    1015     507    1015 |    0.2   25.7    1.2
2906 |   255 |    4307 |    7082     507    7082 |    1014     507    1014 |    0.2   26.0    1.0
2907 |   255 |    4313 |    7075     507    7075 |    1013     507    1013 |    0.2   25.7    1.0
2908 |   255 |    4311 |    7087     507    7087 |    1014     507    1014 |    0.2   25.0    0.9
2909 |   255 |    4320 |    7067     505    7067 |    1016     507    1016 |    0.2   25.6    0.9
2910 |   254 |    4307 |    7078     506    7078 |    1013     506    1013 |    0.2   24.6    0.9
2911 |   255 |    3011 |    6044     506    6044 |    1013     506    1013 |    0.2   18.9    0.8
2912 |   255 |    4307 |    7062     507    7062 |    1013     507    1013 |    0.2   25.5    0.9
2913 |   255 |    4291 |    7049     506    7049 |    1012     506    1012 |    0.3   26.0    0.9
2914 |   254 |    4305 |    7079     507    7079 |    1013     507    1013 |    0.2   25.0    1.0
2915 |   254 |    4296 |    7069     506    7069 |    1014     506    1014 |    0.2   25.0    0.9
2916 |   255 |    4314 |    7086     507    7086 |    1015     507    1015 |    0.2   25.3    1.0
2917 |   255 |    4325 |    7083     508    7083 |    1016     508    1016 |    0.2   25.1    1.3
2918 |   255 |    4317 |    7087     507    7087 |    1015     507    1015 |    0.2   27.8    1.0
2919 |   255 |    4318 |    7074     507    7074 |    1014     507    1014 |    0.2   26.3    1.1
2920 |   255 |    4313 |    7071     507    7071 |    1015     507    1015 |    0.2   26.0    1.0
2921 |   255 |    4320 |    7089     507    7089 |    1014     507    1014 |    0.2   24.8    0.9
2922 |   255 |    4285 |    6065     507    6065 |    1014     507    1014 |    0.2   17.6    0.8
2923 |   255 |    3805 |    7076     508    7076 |    1016     508    1016 |    0.2   19.1    0.8
2924 |   255 |    4293 |    6070     507    6070 |    1014     507    1014 |    0.2   18.0    0.8
2925 |   255 |    4305 |    7084     506    7084 |    1014     506    1014 |    0.2   25.2    1.0
2926 |   255 |    4319 |    7089     507    7089 |    1015     507    1015 |    0.2   24.5    0.9
2927 |   255 |    4285 |    7057     507    7057 |    1015     507    1015 |    0.2   18.5    0.8
2928 |   254 |    4283 |    6059     506    6059 |    1012     506    1012 |    0.2   19.0    0.8
2929 |   255 |    4312 |    7074     508    7074 |    1015     508    1015 |    0.2   26.5    1.0
2930 |   254 |    4302 |    7074     506    7074 |    1013     506    1013 |    0.4   24.6    1.0
2931 |   255 |    4316 |    7078     507    7078 |    1013     507    1013 |    0.2   23.9    0.9
2932 |   255 |    4325 |    7090     507    7090 |    1015     507    1015 |    0.2   25.7    0.9
2933 |   254 |    4304 |    7076     506    7076 |    1013     506    1013 |    0.2   26.7    0.9
2934 |   255 |    3292 |    7016     509    7016 |    1018     509    1018 |    0.2   19.6    1.0
2935 |   254 |    4302 |    7070     506    7070 |    1012     506    1012 |    0.2   25.3    1.0
2936 |   254 |    4293 |    7057     506    7057 |    1012     506    1012 |    0.2   25.3    1.0
2937 |   254 |    4291 |    7066     506    7066 |    1011     506    1011 |    0.2   25.6    1.2
2938 |   255 |    3764 |    6048     506    6048 |    1013     506    1013 |    0.5   18.6    0.8
2939 |   255 |    4316 |    7079     507    7079 |    1015     507    1015 |    0.2   26.3    0.9
2940 |   255 |    4310 |    7077     506    7077 |    1013     507    1013 |    0.2   24.6    0.9
2941 |   255 |    4318 |    7082     507    7082 |    1015     507    1015 |    0.2   26.4    1.0
2942 |   254 |    4301 |    7072     507    7072 |    1013     507    1013 |    0.2   27.9    1.0
2943 |   255 |    4313 |    7074     507    7074 |    1015     507    1015 |    0.2   26.2    1.0
2944 |   254 |    3279 |    7053     506    7053 |    1012     506    1012 |    0.3   18.3    0.8
2945 |   255 |    4304 |    7081     508    7081 |    1015     508    1015 |    0.2   26.9    1.0
2946 |   255 |    4289 |    6067     507    6067 |    1014     507    1014 |    0.2   18.2    0.9
2947 |   255 |    4324 |    7094     508    7094 |    1016     508    1016 |    0.2   25.3    1.3
2948 |   255 |    4316 |    7084     507    7084 |    1014     507    1014 |    0.3   26.1    1.0
2949 |   255 |    4320 |    7089     508    7089 |    1015     508    1015 |    0.2   25.6    0.9
2950 |   254 |    4300 |    7077     507    7077 |    1013     507    1013 |    0.2   26.0    1.0
2951 |   255 |    4323 |    7095     508    7095 |    1015     508    1015 |    0.2   25.1    0.9
2952 |   255 |    4318 |    7089     507    7089 |    1015     507    1015 |    0.2   25.5    1.0
2953 |   255 |    4307 |    7076     507    7076 |    1013     507    1013 |    0.2   25.7    0.9
2954 |   255 |    4326 |    7094     508    7094 |    1016     508    1016 |    0.2   24.2    0.9
2955 |   255 |    4329 |    7094     508    7094 |    1016     508    1016 |    0.2   26.4    1.0
2956 |   253 |    3515 |    7033     506    7033 |    1014     506    1014 |    0.2   19.5    0.8
2957 |   255 |    4315 |    7075     508    7075 |    1016     508    1016 |    0.2   26.3    1.0
2958 |   254 |    4305 |    7072     506    7072 |    1015     507    1015 |    0.2   25.3    1.0
2959 |   255 |    4316 |    7088     507    7088 |    1015     507    1015 |    0.2   26.0    0.9
2960 |   255 |    4313 |    7082     508    7082 |    1016     508    1016 |    0.2   25.7    1.0
2961 |   255 |    4313 |    7086     507    7086 |    1015     507    1015 |    0.2   25.4    1.0
2962 |   254 |    3014 |    6060     506    6060 |    1012     506    1012 |    0.2   18.7    0.8
2963 |   255 |    4322 |    7092     508    7092 |    1016     508    1016 |    0.3   25.8    1.0
2964 |   255 |    4310 |    7080     507    7080 |    1015     507    1015 |    0.2   25.9    0.9
2965 |   255 |    3790 |    7093     508    7093 |    1015     508    1015 |    0.2   25.7    1.4
2966 |   255 |    4313 |    7081     507    7081 |    1014     507    1014 |    0.2   26.7    1.0
2967 |   254 |    4271 |    7045     505    7045 |    1011     505    1011 |    0.2   18.5    1.0
2968 |   255 |    4314 |    7069     507    7069 |    1014     507    1014 |    0.3   25.6    1.3
2969 |   254 |    4297 |    7057     506    7057 |    1012     506    1012 |    0.3   25.3    1.0
2970 |   255 |    2772 |    6065     506    6065 |    1013     506    1013 |    0.2   18.9    0.9
2971 |   255 |    4302 |    7079     507    7079 |    1014     507    1014 |    0.2   24.5    0.9
2972 |   255 |    4318 |    7076     507    7076 |    1015     507    1015 |    0.2   24.8    0.9
2973 |   254 |    4308 |    7077     506    7077 |    1013     506    1013 |    0.2   26.1    0.9
2974 |   254 |    4307 |    7079     507    7079 |    1013     507    1013 |    0.2   26.6    1.2
2975 |   255 |    4294 |    6072     507    6072 |    1013     507    1013 |    0.3   18.8    0.8
2976 |   254 |    3258 |    6057     505    6057 |    1012     505    1012 |    0.2   17.4    0.9
2977 |   255 |    4303 |    7061     506    7061 |    1013     506    1013 |    0.2   25.3    1.0
2978 |   255 |    4310 |    7075     506    7075 |    1013     506    1013 |    0.2   24.9    1.0
2979 |   255 |    4317 |    7088     507    7088 |    1015     507    1015 |    0.2   25.1    0.9
2980 |   255 |    4321 |    7095     508    7095 |    1016     508    1016 |    0.2   25.8    1.0
2981 |   254 |    4300 |    7076     506    7076 |    1012     506    1012 |    0.2   27.7    1.0
2982 |   255 |    3289 |    7069     507    7069 |    1013     507    1013 |    0.2   19.3    0.9
2983 |   255 |    3528 |    6072     506    6072 |    1013     507    1013 |    0.3   18.7    0.8
2984 |   255 |    4315 |    7085     507    7085 |    1015     507    1015 |    0.2   25.5    1.1
2985 |   255 |    2772 |    6063     507    6063 |    1013     507    1013 |    0.3   18.0    0.8
2986 |   255 |    4306 |    7086     508    7086 |    1016     508    1016 |    0.2   25.4    0.9
2987 |   255 |    4299 |    7077     506    7077 |    1014     507    1014 |    0.2   25.8    0.9
2988 |   255 |    4300 |    7073     506    7073 |    1014     507    1014 |    0.2   25.6    1.0
2989 |   255 |    3289 |    7085     507    7085 |    1014     507    1014 |    0.2   24.8    0.9
2990 |   255 |    4314 |    7087     507    7087 |    1015     507    1015 |    0.2   25.2    1.0
2991 |   255 |    4312 |    7076     507    7076 |    1013     507    1013 |    0.2   25.6    1.0
2992 |   255 |    4308 |    7072     506    7072 |    1013     506    1013 |    0.2   26.4    1.0
2993 |   254 |    2780 |    7080     507    7080 |    1013     507    1013 |    0.2   26.7    1.0
2994 |   253 |    4256 |    6014     505    6014 |    1010     505    1010 |    0.3   18.1    0.8
2995 |   254 |    4308 |    7083     507    7083 |    1014     507    1014 |    0.2   25.6    0.9
2996 |   254 |    4292 |    6067     506    6067 |    1012     506    1012 |    0.2   18.5    0.9
2997 |   254 |    4296 |    7072     506    7072 |    1013     506    1013 |    0.3   24.9    1.0
2998 |   254 |    4292 |    7060     506    7060 |    1011     506    1011 |    0.2   25.9    0.9
2999 |   255 |    4325 |    7093     508    7093 |    1016     508    1016 |    0.2   25.9    1.3
3000 |   255 |    4314 |    7089     507    7089 |    1015     507    1015 |    0.2   27.0    1.4
3001 |   255 |    2763 |    6050     506    6050 |    1013     506    1013 |    0.3   18.5    0.8
3002 |   255 |    4308 |    7077     506    7077 |    1013     506    1013 |    0.2   25.3    1.1
3003 |   255 |    4325 |    7097     508    7097 |    1016     508    1016 |    0.2   24.9    1.2
3004 |   255 |    4284 |    6060     506    6060 |    1013     506    1013 |    0.3   19.7    0.9
3005 |   255 |    4309 |    7074     507    7074 |    1014     507    1014 |    0.2   25.0    0.9
3006 |   254 |    4296 |    7073     506    7073 |    1012     506    1012 |    0.2   25.6    1.0
3007 |   255 |    4316 |    7089     507    7089 |    1014     507    1014 |    0.2   26.4    0.9
3008 |   255 |    4321 |    7093     507    7093 |    1015     507    1015 |    0.2   25.5    1.1
3009 |   255 |    4323 |    7096     508    7096 |    1016     508    1016 |    0.3   25.8    1.2
3010 |   255 |    2782 |    7073     507    7073 |    1014     507    1014 |    0.3   25.9    1.0
3011 |   255 |    2789 |    7086     508    7086 |    1016     508    1016 |    0.2   26.9    1.0
3012 |   254 |    4298 |    7075     506    7075 |    1013     506    1013 |    0.2   27.4    1.1
3013 |   255 |    4290 |    6064     507    6064 |    1014     507    1014 |    0.2   18.3    0.8
3014 |   255 |    4318 |    7084     507    7084 |    1014     507    1014 |    0.2   24.4    0.9
3015 |   255 |    3292 |    7080     507    7080 |    1014     507    1014 |    0.3   26.0    0.9
3016 |   255 |    4287 |    6068     506    6068 |    1013     506    1013 |    0.2   17.6    0.8
3017 |   255 |    4319 |    7086     507    7086 |    1014     507    1014 |    0.2   24.5    0.9
3018 |   254 |    4289 |    6063     506    6063 |    1013     506    1013 |    0.2   18.9    0.8
3019 |   254 |    4293 |    7065     505    7065 |    1013     507    1013 |    0.2   26.5    1.2
3020 |   255 |    4298 |    7062     506    7062 |    1013     506    1013 |    0.2   25.8    1.0
3021 |   255 |    4312 |    7082     507    7082 |    1014     507    1014 |    0.2   26.2    1.0
3022 |   255 |    4304 |    7084     507    7084 |    1014     507    1014 |    0.3   25.6    0.9
3023 |   255 |    4307 |    7074     506    7074 |    1013     506    1013 |    0.2   26.5    0.9
3024 |   255 |    4310 |    7072     506    7072 |    1013     506    1013 |    0.2   25.1    0.9
3025 |   254 |    4290 |    7054     506    7054 |    1014     506    1014 |    0.2   18.6    0.8
3026 |   255 |    4323 |    7096     508    7096 |    1015     508    1015 |    0.2   27.4    1.1
3027 |   255 |    4319 |    7089     508    7089 |    1017     508    1017 |    0.2   26.8    1.0
3028 |   255 |    4322 |    7096     508    7096 |    1017     508    1017 |    0.4   26.7    1.0
3029 |   255 |    4318 |    7081     508    7081 |    1016     508    1016 |    0.2   24.7    0.9
3030 |   252 |    2744 |    6017     505    6017 |    1010     505    1010 |    0.3   17.8    0.8
3031 |   253 |    4273 |    6047     505    6047 |    1011     505    1011 |    0.2   18.7    0.8
3032 |   254 |    4302 |    7076     506    7076 |    1012     506    1012 |    0.2   26.0    0.9
3033 |   255 |    4294 |    7043     506    7043 |    1013     506    1013 |    0.2   25.6    0.9
3034 |   255 |    4302 |    7054     506    7054 |    1013     506    1013 |    0.2   25.7    1.1
3035 |   254 |    4304 |    7073     507    7073 |    1014     507    1014 |    0.2   25.5    1.0
3036 |   255 |    4304 |    7075     507    7075 |    1015     507    1015 |    0.2   25.6    1.0
3037 |   255 |    4302 |    7062     506    7062 |    1013     506    1013 |    0.2   25.1    1.1
3038 |   255 |    3025 |    7076     508    7076 |    1016     508    1016 |    0.3   24.6    0.9
3039 |   255 |    4314 |    7075     507    7075 |    1015     507    1015 |    0.2   27.0    1.0
3040 |   255 |    4313 |    7084     507    7084 |    1014     507    1014 |    0.2   25.1    1.0
3041 |   255 |    4326 |    7088     508    7088 |    1017     508    1017 |    0.2   24.4    0.9
3042 |   252 |    4266 |    6032     505    6032 |    1010     505    1010 |    0.2   18.0    0.8
3043 |   255 |    4292 |    6069     506    6069 |    1013     507    1013 |    0.2   18.4    0.8
3044 |   255 |    4311 |    7085     507    7085 |    1015     507    1015 |    0.2   25.9    0.9
3045 |   255 |    4302 |    7086     507    7086 |    1014     507    1014 |    0.2   25.2    1.2
3046 |   255 |    4324 |    7085     508    7085 |    1016     508    1016 |    0.3   25.1    0.9
3047 |   255 |    4311 |    7066     507    7066 |    1014     507    1014 |    0.3   25.8    1.0
3048 |   255 |    4313 |    7080     508    7080 |    1015     508    1015 |    0.2   26.1    0.9
3049 |   255 |    4243 |    6022     506    6022 |    1012     506    1012 |    0.2   17.8    0.8
3050 |   255 |    3013 |    7082     507    7082 |    1014     507    1014 |    0.2   24.9    0.9
3051 |   254 |    4292 |    7066     506    7066 |    1012     506    1012 |    0.2   26.0    1.0
3052 |   255 |    4325 |    7090     508    7090 |    1017     508    1017 |    0.2   26.5    1.0
3053 |   254 |    4306 |    7076     507    7076 |    1014     507    1014 |    0.2   25.7    0.9
3054 |   255 |    4315 |    7083     507    7083 |    1015     507    1015 |    0.2   26.0    1.0
3055 |   251 |    2975 |    5983     505    5983 |    1010     505    1010 |    0.2   19.4    1.0
3056 |   255 |    4313 |    7083     507    7083 |    1014     507    1014 |    0.3   26.8    0.9
3057 |   255 |    4325 |    7082     508    7082 |    1017     509    1017 |    0.2   25.2    1.2
3058 |   254 |    4288 |    7052     505    7052 |    1011     505    1011 |    0.3   25.5    1.0
3059 |   255 |    4287 |    6061     507    6061 |    1014     507    1014 |    0.3   18.8    0.8
3060 |   255 |    2789 |    7094     508    7094 |    1016     508    1016 |    0.2   27.0    1.0
3061 |   254 |    4289 |    7055     506    7055 |    1011     506    1011 |    0.2   25.5    1.0
3062 |   255 |    4262 |    6040     506    6040 |    1013     506    1013 |    0.2   19.0    0.8
3063 |   255 |    4303 |    7070     509    7070 |    1018     509    1018 |    0.3   17.6    0.9
3064 |   255 |    2781 |    7078     507    7078 |    1014     507    1014 |    0.2   29.3    1.0
3065 |   255 |    4312 |    7084     508    7084 |    1017     508    1017 |    0.2   27.4    0.9
3066 |   255 |    2774 |    6065     506    6065 |    1013     506    1013 |    0.2   18.6    0.8
3067 |   255 |    4311 |    7086     507    7086 |    1014     507    1014 |    0.2   19.5    0.9
3068 |   254 |    4303 |    7070     507    7070 |    1013     507    1013 |    0.2   25.1    1.0
3069 |   255 |    4321 |    7088     507    7088 |    1015     507    1015 |    0.2   25.5    0.9
3070 |   255 |    3759 |    7013     507    7013 |    1015     507    1015 |    0.2   19.5    0.9
3071 |   254 |    4300 |    7067     506    7067 |    1014     506    1014 |    0.2   19.4    0.8
3072 |   255 |    4318 |    7094     507    7094 |    1015     507    1015 |    0.3   24.9    1.2
3073 |   255 |    4309 |    7079     507    7079 |    1014     507    1014 |    0.2   26.5    0.9
3074 |   255 |    4320 |    6086     507    6086 |    1015     507    1015 |    0.2   18.7    0.8
3075 |   254 |    4268 |    7024     505    7024 |    1011     505    1011 |    0.2   24.5    0.9
3076 |   255 |    3554 |    7029     511    7029 |    1023     511    1023 |    0.3   18.6    0.8
3077 |   255 |    4322 |    7084     507    7084 |    1015     507    1015 |    0.2   27.5    1.0
3078 |   253 |    4272 |    6042     508    6042 |    1016     508    1016 |    0.2   19.3    0.8
3079 |   254 |    4277 |    7039     505    7039 |    1011     505    1011 |    0.3   25.3    1.0
3080 |   255 |    4299 |    6076     507    6076 |    1014     507    1014 |    0.2   18.7    0.8
3081 |   255 |    2784 |    7089     508    7089 |    1015     508    1015 |    0.2   27.4    1.0
3082 |   255 |    2795 |    7092     508    7092 |    1016     508    1016 |    0.2   24.8    0.9
3083 |   254 |    4293 |    7056     505    7056 |    1012     505    1012 |    0.2   25.9    1.0
3084 |   254 |    4298 |    7071     506    7071 |    1011     506    1011 |    0.2   27.4    0.9
3085 |   255 |    4311 |    7078     508    7078 |    1016     508    1016 |    0.2   25.5    0.9
3086 |   255 |    3559 |    7047     510    7047 |    1020     510    1020 |    0.2   19.5    0.8
3087 |   255 |    3289 |    7082     508    7082 |    1015     508    1015 |    0.2   24.9    1.0
3088 |   255 |    4310 |    7081     509    7081 |    1017     509    1017 |    0.2   25.5    0.9
3089 |   255 |    4309 |    7085     507    7085 |    1014     507    1014 |    0.4   26.4    0.9
3090 |   254 |    3027 |    7054     506    7054 |    1014     506    1014 |    0.2   19.3    0.9
3091 |   255 |    3537 |    7071     507    7071 |    1013     507    1013 |    0.2   18.9    0.8
3092 |   255 |    3549 |    7071     508    7071 |    1016     508    1016 |    0.2   18.7    0.8
3093 |   255 |    4301 |    7083     507    7083 |    1014     507    1014 |    0.2   24.5    0.9
3094 |   255 |    4289 |    6068     506    6068 |    1013     506    1013 |    0.2   18.8    0.8
3095 |   253 |    4254 |    6033     505    6033 |    1011     505    1011 |    0.2   19.2    0.8
3096 |   255 |    4318 |    7089     508    7089 |    1015     508    1015 |    0.2   24.4    0.9
3097 |   255 |    4325 |    7096     508    7096 |    1016     508    1016 |    0.2   26.3    1.0
3098 |   255 |    4303 |    6077     507    6077 |    1014     507    1014 |    0.2   18.7    0.9
3099 |   254 |    4258 |    6033     506    6033 |    1012     506    1012 |    0.2   18.7    0.8
3100 |   253 |    4282 |    6052     505    6052 |    1011     505    1011 |    0.2   18.1    0.8
3101 |   254 |    4302 |    7076     506    7076 |    1012     506    1012 |    0.2   28.7    1.2
3102 |   253 |    4274 |    6043     506    6043 |    1013     506    1013 |    0.4   18.6    1.2
3103 |   255 |    4313 |    7085     507    7085 |    1014     507    1014 |    0.2   26.2    1.2
3104 |   254 |    4286 |    6062     506    6062 |    1012     506    1012 |    0.3   18.8    0.8
3105 |   255 |    4310 |    7078     508    7078 |    1015     508    1015 |    0.3   27.7    1.1
3106 |   254 |    4290 |    7058     507    7058 |    1014     507    1014 |    0.2   18.2    0.8
3107 |   255 |    2790 |    7070     509    7070 |    1018     509    1018 |    0.2   18.8    0.8
3108 |   255 |    4312 |    7063     505    7063 |    1015     508    1015 |    0.2   25.0    0.9
3109 |   255 |    4327 |    7090     508    7090 |    1016     508    1016 |    0.2   25.6    0.9
3110 |   254 |    4297 |    7066     505    7066 |    1013     507    1013 |    0.2   25.3    1.0
3111 |   255 |    4297 |    7069     508    7069 |    1016     508    1016 |    0.3   18.8    0.9
3112 |   254 |    4293 |    7069     506    7069 |    1012     506    1012 |    0.2   24.6    0.9
3113 |   255 |    4311 |    7082     507    7082 |    1015     507    1015 |    0.2   19.1    0.8
3114 |   255 |    4278 |    6056     506    6056 |    1013     506    1013 |    0.3   18.0    0.9
3115 |   255 |    4305 |    7057     507    7057 |    1014     507    1014 |    0.2   24.6    0.9
3116 |   255 |    4285 |    6058     506    6058 |    1013     506    1013 |    0.3   18.2    0.8
3117 |   254 |    2757 |    6044     506    6044 |    1011     506    1011 |    0.2   19.6    0.8
3118 |   255 |    4312 |    7081     507    7081 |    1014     507    1014 |    0.2   25.5    0.9
3119 |   255 |    4321 |    7092     507    7092 |    1015     507    1015 |    0.2   25.7    1.0
3120 |   255 |    4322 |    7091     508    7091 |    1015     508    1015 |    0.2   25.0    0.9
3121 |   255 |    4326 |    7090     508    7090 |    1016     508    1016 |    0.2   24.8    1.2
3122 |   255 |    3036 |    7090     508    7090 |    1016     508    1016 |    0.2   24.6    1.0
3123 |   254 |    4298 |    7072     506    7072 |    1012     506    1012 |    0.2   27.3    1.0
3124 |   254 |    4284 |    7049     505    7049 |    1011     505    1011 |    0.3   25.5    1.0
3125 |   254 |    4312 |    7084     506    7084 |    1014     507    1014 |    0.2   25.5    0.9
3126 |   252 |    4258 |    6024     505    6024 |    1010     505    1010 |    0.3   18.9    0.8
3127 |   255 |    4312 |    7082     507    7082 |    1014     507    1014 |    0.3   28.8    1.0
3128 |   255 |    4315 |    7088     507    7088 |    1014     507    1014 |    0.2   25.8    0.9
3129 |   254 |    4258 |    6033     505    6033 |    1011     505    1011 |    0.2   18.7    0.8
3130 |   254 |    4289 |    6065     506    6065 |    1012     506    1012 |    0.2   18.8    0.8
3131 |   254 |    4280 |    6057     506    6057 |    1012     506    1012 |    0.2   20.8    0.9
3132 |   254 |    4286 |    6063     506    6063 |    1012     506    1012 |    0.2   18.5    0.8
3133 |   255 |    4302 |    7061     507    7061 |    1013     507    1013 |    0.4   26.1    1.1
3134 |   254 |    2778 |    7066     507    7066 |    1014     507    1014 |    0.2   20.0    0.8
3135 |   255 |    4304 |    7076     507    7076 |    1015     507    1015 |    0.2   26.0    0.9
3136 |   255 |    4298 |    7053     507    7053 |    1015     507    1015 |    0.3   24.5    0.9
3137 |   255 |    4305 |    7076     507    7076 |    1017     507    1017 |    0.2   26.1    1.0
3138 |   255 |    4290 |    6066     506    6066 |    1013     506    1013 |    0.2   18.8    0.8
3139 |   253 |    4291 |    7069     506    7069 |    1012     506    1012 |    0.2   24.4    0.9
3140 |   255 |    3546 |    7072     507    7072 |    1015     507    1015 |    0.2   18.7    0.8
3141 |   254 |    4304 |    7074     507    7074 |    1014     507    1014 |    0.2   25.7    1.2
3142 |   255 |    4309 |    7065     507    7065 |    1014     507    1014 |    0.2   26.2    0.9
3143 |   255 |    4306 |    7081     507    7081 |    1013     507    1013 |    0.2   24.7    0.9
3144 |   255 |    4318 |    7072     508    7072 |    1016     508    1016 |    0.2   24.4    0.9
3145 |   254 |    3791 |    7058     506    7058 |    1012     506    1012 |    0.2   18.6    0.8
3146 |   255 |    4313 |    7080     507    7080 |    1015     507    1015 |    0.2   19.6    0.8
3147 |   255 |    4327 |    7093     508    7093 |    1016     508    1016 |    0.2   25.9    1.1
3148 |   255 |    3024 |    7085     507    7085 |    1015     507    1015 |    0.2   26.6    1.0
3149 |   255 |    4323 |    7076     506    7076 |    1017     508    1017 |    0.2   25.1    1.0
3150 |   254 |    4307 |    7079     507    7079 |    1013     507    1013 |    0.3   24.9    0.9
3151 |   255 |    4313 |    7073     507    7073 |    1015     507    1015 |    0.2   27.4    1.2
3152 |   255 |    4301 |    6076     507    6076 |    1013     507    1013 |    0.3   19.3    0.8
3153 |   255 |    4303 |    7081     507    7081 |    1014     507    1014 |    0.2   26.2    0.9
3154 |   255 |    4308 |    7057     506    7057 |    1014     506    1014 |    0.2   32.5    1.0
3155 |   255 |    4315 |    7083     507    7083 |    1014     507    1014 |    0.3   27.4    0.9
3156 |   255 |    4326 |    7094     508    7094 |    1015     508    1015 |    0.2   25.0    1.0
3157 |   255 |    4309 |    7085     507    7085 |    1014     507    1014 |    0.2   25.7    0.9
3158 |   255 |    4327 |    7095     508    7095 |    1016     508    1016 |    0.3   26.9    1.0
3159 |   255 |    4322 |    7095     507    7095 |    1015     507    1015 |    0.2   25.2    1.0
3160 |   255 |    4315 |    7082     507    7082 |    1015     507    1015 |    0.2   25.2    0.9
3161 |   255 |    4315 |    7081     507    7081 |    1016     507    1016 |    0.2   24.6    0.9
3162 |   255 |    4304 |    7072     507    7072 |    1015     507    1015 |    0.2   19.2    0.8
3163 |   255 |    4313 |    7070     506    7070 |    1013     506    1013 |    0.2   25.5    0.9
3164 |   255 |    4313 |    7085     507    7085 |    1014     507    1014 |    0.2   27.3    1.0
3165 |   255 |    4321 |    7090     508    7090 |    1016     508    1016 |    0.2   25.2    0.9
3166 |   255 |    4311 |    7071     507    7071 |    1014     507    1014 |    0.2   25.9    0.9
3167 |   255 |    4313 |    7077     507    7077 |    1014     507    1014 |    0.2   25.4    0.9
3168 |   255 |    4326 |    7093     508    7093 |    1015     508    1015 |    0.2   19.7    0.9
3169 |   255 |    4277 |    6056     506    6056 |    1013     506    1013 |    0.2   18.5    0.8
3170 |   255 |    3028 |    7083     507    7083 |    1014     507    1014 |    0.2   26.3    0.9
3171 |   254 |    4294 |    7074     506    7074 |    1012     506    1012 |    0.2   25.6    1.0
3172 |   255 |    3021 |    7074     507    7074 |    1014     507    1014 |    0.2   26.2    1.1
3173 |   255 |    4321 |    6084     507    6084 |    1015     507    1015 |    0.3   19.6    0.9
3174 |   255 |    4316 |    7090     507    7090 |    1015     507    1015 |    0.2   25.1    1.0
3175 |   254 |    4304 |    7081     506    7081 |    1014     507    1014 |    0.2   27.8    1.0
3176 |   255 |    3023 |    6060     507    6060 |    1013     507    1013 |    0.2   19.4    0.8
3177 |   255 |    4314 |    7084     507    7084 |    1015     508    1015 |    0.2   24.9    0.9
3178 |   255 |    4290 |    6072     506    6072 |    1013     507    1013 |    0.2   18.9    0.8
3179 |   255 |    4309 |    7084     507    7084 |    1014     507    1014 |    0.2   27.0    1.0
3180 |   254 |    4306 |    7078     507    7078 |    1013     507    1013 |    0.2   24.7    1.0
3181 |   255 |    4289 |    6071     506    6071 |    1014     506    1014 |    0.2   18.0    0.9
3182 |   255 |    4321 |    7084     507    7084 |    1015     507    1015 |    0.2   26.7    1.0
3183 |   254 |    4298 |    7072     506    7072 |    1014     507    1014 |    0.2   24.8    0.9
3184 |   254 |    4285 |    7039     508    7039 |    1018     508    1018 |    0.2   25.1    0.9
3185 |   255 |    4321 |    7085     507    7085 |    1014     507    1014 |    0.2   25.0    0.9
3186 |   254 |    4311 |    7078     508    7078 |    1015     508    1015 |    0.2   29.9    1.0
3187 |   255 |    3036 |    7088     507    7088 |    1015     507    1015 |    0.2   24.8    0.9
3188 |   254 |    4298 |    7061     506    7061 |    1012     506    1012 |    0.2   24.6    0.9
3189 |   254 |    4280 |    6056     505    6056 |    1012     506    1012 |    0.3   19.6    1.0
3190 |   255 |    4295 |    6071     507    6071 |    1013     507    1013 |    0.3   19.1    1.0
3191 |   254 |    3017 |    6054     506    6054 |    1012     506    1012 |    0.3   19.0    0.9
3192 |   255 |    4323 |    7083     507    7083 |    1016     508    1016 |    0.2   24.1    0.9
3193 |   255 |    4309 |    7082     507    7082 |    1015     507    1015 |    0.2   26.1    0.9
3194 |   255 |    4314 |    7089     507    7089 |    1015     507    1015 |    0.2   25.5    1.0
3195 |   255 |    4320 |    7093     508    7093 |    1016     508    1016 |    0.2   26.7    0.9
3196 |   255 |    4307 |    7057     506    7057 |    1014     506    1014 |    0.2   25.3    1.0
3197 |   254 |    4293 |    7078     506    7078 |    1012     506    1012 |    0.2   24.8    1.0
3198 |   255 |    4314 |    7082     507    7082 |    1015     507    1015 |    0.2   25.0    0.9
3199 |   252 |    4221 |    5994     505    5994 |    1010     505    1010 |    0.2   18.2    0.8
3200 |   255 |    2786 |    7084     508    7084 |    1015     508    1015 |    0.2   24.7    0.9
3201 |   254 |    4294 |    7063     507    7063 |    1015     507    1015 |    0.3   19.3    0.9
3202 |   255 |    4317 |    7080     507    7080 |    1015     507    1015 |    0.2   24.9    1.0
3203 |   255 |    3804 |    7079     508    7079 |    1016     508    1016 |    0.2   18.9    0.8
3204 |   255 |    4310 |    7083     506    7083 |    1015     507    1015 |    0.2   25.9    0.9
3205 |   255 |    4294 |    6068     507    6068 |    1014     507    1014 |    0.2   19.4    0.8
3206 |   254 |    4297 |    7073     506    7073 |    1012     506    1012 |    0.2   25.2    0.9
3207 |   254 |    4310 |    7082     507    7082 |    1014     507    1014 |    0.2   26.4    1.2
3208 |   254 |    3293 |    7067     507    7067 |    1015     507    1015 |    0.3   20.3    0.8
3209 |   255 |    4315 |    7085     508    7085 |    1016     508    1016 |    0.3   26.5    1.0
3210 |   255 |    4312 |    7073     507    7073 |    1014     507    1014 |    0.2   26.4    1.2
3211 |   255 |    3801 |    7076     506    7076 |    1013     506    1013 |    0.3   20.6    0.8
3212 |   255 |    3802 |    7079     508    7079 |    1016     508    1016 |    0.3   19.6    0.8
3213 |   255 |    4316 |    7071     507    7071 |    1015     507    1015 |    0.2   25.0    0.9
3214 |   255 |    4327 |    7088     509    7088 |    1017     509    1017 |    0.2   25.0    1.0
3215 |   254 |    4306 |    7076     507    7076 |    1014     507    1014 |    0.2   26.4    1.0
3216 |   254 |    4306 |    7064     508    7064 |    1018     508    1018 |    0.2   25.6    1.3
3217 |   255 |    4314 |    7082     508    7082 |    1016     508    1016 |    0.3   27.6    1.0
3218 |   255 |    4310 |    7083     508    7083 |    1016     508    1016 |    0.2   26.2    0.9
3219 |   255 |    3033 |    7092     507    7092 |    1015     508    1015 |    0.2   26.0    1.0
3220 |   255 |    4324 |    7091     508    7091 |    1016     508    1016 |    0.2   25.2    1.0
3221 |   254 |    4288 |    6063     505    6063 |    1012     506    1012 |    0.2   18.1    0.8
3222 |   251 |    4252 |    6025     505    6025 |    1010     505    1010 |    0.2   17.5    0.8
3223 |   255 |    4307 |    7080     507    7080 |    1014     507    1014 |    0.2   27.9    0.9
3224 |   254 |    4287 |    6063     506    6063 |    1012     506    1012 |    0.2   20.2    0.8
3225 |   255 |    4318 |    7085     508    7085 |    1015     508    1015 |    0.2   25.9    0.9
3226 |   255 |    3795 |    7067     508    7067 |    1015     508    1015 |    0.2   20.4    0.8
3227 |   255 |    2792 |    7095     507    7095 |    1015     507    1015 |    0.2   19.7    0.8
3228 |   255 |    3027 |    6073     507    6073 |    1013     507    1013 |    0.2   19.1    0.9
3229 |   255 |    4294 |    7077     506    7077 |    1013     506    1013 |    0.2   18.8    0.8
3230 |   255 |    4320 |    7089     507    7089 |    1015     507    1015 |    0.2   24.8    1.0
3231 |   254 |    4295 |    7070     507    7070 |    1014     507    1014 |    0.2   27.4    1.3
3232 |   255 |    3021 |    6068     507    6068 |    1013     507    1013 |    0.3   19.0    0.9
3233 |   255 |    3016 |    6049     506    6049 |    1014     506    1014 |    0.3   17.9    0.8
3234 |   255 |    4315 |    7090     508    7090 |    1016     508    1016 |    0.2   26.0    0.9
3235 |   255 |    4315 |    7076     506    7076 |    1013     506    1013 |    0.2   25.5    0.9
3236 |   254 |    3762 |    6054     506    6054 |    1012     506    1012 |    0.2   17.8    1.0
3237 |   255 |    4323 |    7092     508    7092 |    1016     508    1016 |    0.3   27.0    1.0
3238 |   255 |    3284 |    7059     508    7059 |    1017     508    1017 |    0.2   19.1    0.9
3239 |   255 |    4327 |    7085     508    7085 |    1017     508    1017 |    0.2   25.5    1.1
3240 |   255 |    3283 |    7066     508    7066 |    1015     508    1015 |    0.3   17.9    0.8
3241 |   255 |    4316 |    7083     508    7083 |    1015     508    1015 |    0.2   27.1    1.0
3242 |   253 |    4291 |    7065     506    7065 |    1013     506    1013 |    0.2   24.7    0.9
3243 |   254 |    4296 |    7069     506    7069 |    1012     506    1012 |    0.2   25.2    1.0
3244 |   255 |    4316 |    7078     508    7078 |    1016     508    1016 |    0.2   24.0    1.1
3245 |   255 |    2769 |    6056     506    6056 |    1013     506    1013 |    0.3   17.9    0.8
3246 |   255 |    4326 |    7091     509    7091 |    1017     509    1017 |    0.2   25.1    0.9
3247 |   255 |    2786 |    7078     506    7078 |    1014     507    1014 |    0.2   25.3    0.9
3248 |   255 |    4318 |    7089     507    7089 |    1014     507    1014 |    0.2   26.9    1.0
3249 |   255 |    4319 |    7076     508    7076 |    1017     508    1017 |    0.2   26.6    1.0
3250 |   255 |    4325 |    7084     508    7084 |    1016     508    1016 |    0.2   24.9    0.9
3251 |   255 |    4307 |    7080     507    7080 |    1013     507    1013 |    0.3   25.4    0.9
3252 |   255 |    3793 |    7063     507    7063 |    1016     507    1016 |    0.2   19.8    1.0
3253 |   254 |    4301 |    7079     507    7079 |    1014     507    1014 |    0.3   25.2    0.9
3254 |   254 |    4285 |    7035     508    7035 |    1016     508    1016 |    0.2   19.2    0.8
3255 |   255 |    4326 |    7095     508    7095 |    1016     508    1016 |    0.2   25.7    1.0
3256 |   255 |    4322 |    7090     507    7090 |    1015     507    1015 |    0.2   26.3    1.0
3257 |   255 |    4314 |    7082     507    7082 |    1015     508    1015 |    0.2   25.9    1.0
3258 |   255 |    3544 |    7089     508    7089 |    1015     507    1015 |    0.2   19.5    0.9
3259 |   255 |    4306 |    7084     507    7084 |    1014     507    1014 |    0.2   26.5    0.9
3260 |   255 |    4295 |    6072     506    6072 |    1014     507    1014 |    0.2   18.8    0.8
3261 |   255 |    4305 |    7061     506    7061 |    1013     506    1013 |    0.2   26.9    1.0
3262 |   255 |    4317 |    7077     507    7077 |    1016     508    1016 |    0.2   25.1    0.9
3263 |   255 |    3285 |    7079     506    7079 |    1014     507    1014 |    0.2   23.9    0.9
3264 |   255 |    3264 |    6053     506    6053 |    1013     506    1013 |    0.2   17.9    0.9
3265 |   255 |    4325 |    7093     508    7093 |    1017     508    1017 |    0.2   25.0    1.0
3266 |   254 |    4291 |    6065     506    6065 |    1012     506    1012 |    0.2   18.1    0.8
3267 |   255 |    4325 |    7095     508    7095 |    1016     508    1016 |    0.3   26.3    0.9
3268 |   254 |    4304 |    7076     506    7076 |    1013     506    1013 |    0.2   25.0    0.9
3269 |   255 |    4312 |    7069     509    7069 |    1018     509    1018 |    0.2   26.2    1.0
3270 |   254 |    4295 |    7067     506    7067 |    1012     506    1012 |    0.2   24.9    0.9
3271 |   255 |    4307 |    7073     506    7073 |    1013     506    1013 |    0.2   25.1    0.9
3272 |   255 |    3035 |    7080     507    7080 |    1016     507    1016 |    0.2   26.4    1.1
3273 |   255 |    4317 |    7083     507    7083 |    1014     507    1014 |    0.2   19.7    0.8
3274 |   255 |    4305 |    7080     506    7080 |    1014     507    1014 |    0.3   24.2    0.9
3275 |   254 |    4304 |    7074     506    7074 |    1013     506    1013 |    0.2   26.1    1.0
3276 |   255 |    4326 |    7096     508    7096 |    1016     508    1016 |    0.2   26.0    1.0
3277 |   255 |    4319 |    7083     507    7083 |    1014     507    1014 |    0.2   26.5    1.0
3278 |   255 |    4325 |    7092     507    7092 |    1015     507    1015 |    0.2   25.2    0.9
3279 |   255 |    4321 |    7092     508    7092 |    1015     508    1015 |    0.2   25.8    1.2
3280 |   255 |    4307 |    6079     508    6079 |    1015     508    1015 |    0.3   18.4    0.8
3281 |   253 |    4291 |    7063     506    7063 |    1011     506    1011 |    0.2   25.4    0.9
3282 |   255 |    4319 |    7091     507    7091 |    1015     507    1015 |    0.3   25.3    0.9
3283 |   253 |    4285 |    7056     505    7056 |    1011     505    1011 |    0.2   25.5    0.9
3284 |   255 |    3549 |    7076     508    7076 |    1017     508    1017 |    0.2   19.9    1.2
3285 |   255 |    4310 |    7083     507    7083 |    1013     507    1013 |    0.3   24.5    1.0
3286 |   255 |    4325 |    7078     509    7078 |    1017     509    1017 |    0.2   24.9    1.0
3287 |   255 |    4311 |    7086     507    7086 |    1016     507    1016 |    0.3   23.6    0.9
3288 |   254 |    4300 |    7069     506    7069 |    1013     506    1013 |    0.2   24.7    0.9
3289 |   255 |    4311 |    7081     507    7081 |    1014     507    1014 |    0.2   25.6    1.0
3290 |   255 |    4300 |    7083     507    7083 |    1014     507    1014 |    0.2   25.6    0.9
3291 |   255 |    4296 |    6075     507    6075 |    1013     507    1013 |    0.2   18.4    0.9
3292 |   254 |    4303 |    7069     509    7069 |    1018     509    1018 |    0.3   24.1    1.0
3293 |   255 |    4321 |    7080     508    7080 |    1017     508    1017 |    0.2   18.5    0.8
3294 |   255 |    2791 |    7091     508    7091 |    1016     508    1016 |    0.2   28.6    0.9
3295 |   255 |    4304 |    7079     507    7079 |    1014     507    1014 |    0.2   26.5    1.0
3296 |   255 |    2773 |    6071     506    6071 |    1013     506    1013 |    0.2   19.2    0.8
3297 |   255 |    3035 |    7094     508    7094 |    1015     508    1015 |    0.2   25.8    1.0
3298 |   255 |    4314 |    7084     507    7084 |    1014     507    1014 |    0.3   24.9    0.9
3299 |   254 |    4294 |    7065     506    7065 |    1011     506    1011 |    0.3   25.9    1.0
3300 |   255 |    4298 |    7082     507    7082 |    1014     507    1014 |    0.2   25.7    1.0
3301 |   255 |    4312 |    7067     507    7067 |    1014     507    1014 |    0.2   26.4    1.0
3302 |   255 |    4304 |    7075     507    7075 |    1013     507    1013 |    0.2   20.0    0.9
3303 |   255 |    4309 |    7072     507    7072 |    1014     507    1014 |    0.2   26.2    1.0
3304 |   254 |    3287 |    7065     506    7065 |    1014     506    1014 |    0.2   18.9    0.8
3305 |   254 |    3536 |    7078     507    7078 |    1014     507    1014 |    0.2   25.2    1.0
3306 |   255 |    4319 |    7093     507    7093 |    1015     507    1015 |    0.2   27.4    1.0
3307 |   255 |    4311 |    7084     507    7084 |    1015     507    1015 |    0.3   25.7    0.9
3308 |   254 |    4293 |    7071     507    7071 |    1014     507    1014 |    0.3   25.2    1.4
3309 |   254 |    4285 |    7054     505    7054 |    1011     505    1011 |    0.2   24.9    1.0
3310 |   255 |    4309 |    7076     507    7076 |    1013     507    1013 |    0.2   25.4    1.1
3311 |   255 |    4305 |    7067     507    7067 |    1013     507    1013 |    0.3   27.3    1.0
3312 |   255 |    4302 |    7072     506    7072 |    1012     506    1012 |    0.2   25.6    0.9
3313 |   255 |    4314 |    7078     508    7078 |    1015     508    1015 |    0.2   26.3    1.0
3314 |   255 |    4324 |    7077     508    7077 |    1017     508    1017 |    0.2   25.7    1.0
3315 |   253 |    2750 |    6028     505    6028 |    1010     505    1010 |    0.2   18.6    0.8
3316 |   255 |    4274 |    6053     506    6053 |    1013     506    1013 |    0.2   18.7    0.8
3317 |   255 |    4317 |    7077     507    7077 |    1015     508    1015 |    0.2   24.8    1.0
3318 |   255 |    4302 |    7069     506    7069 |    1012     506    1012 |    0.2   25.1    1.0
3319 |   251 |    4250 |    6018     505    6018 |    1010     505    1010 |    0.2   17.8    0.8
3320 |   255 |    4303 |    7062     507    7062 |    1013     507    1013 |    0.2   25.6    0.9
3321 |   255 |    4314 |    7086     507    7086 |    1015     508    1015 |    0.3   25.6    1.0
3322 |   255 |    2769 |    6054     507    6054 |    1014     507    1014 |    0.3   19.2    0.8
3323 |   255 |    4323 |    7086     508    7086 |    1016     508    1016 |    0.2   26.4    1.0
3324 |   254 |    4279 |    6055     506    6055 |    1012     506    1012 |    0.2   18.3    0.8
3325 |   255 |    3294 |    7093     508    7093 |    1016     508    1016 |    0.2   26.8    1.0
3326 |   255 |    4321 |    7082     508    7082 |    1016     508    1016 |    0.2   27.2    1.0
3327 |   255 |    4314 |    7083     507    7083 |    1015     507    1015 |    0.2   26.8    1.0
3328 |   255 |    4242 |    6018     506    6018 |    1013     506    1013 |    0.2   18.3    0.8
3329 |   255 |    4310 |    7080     507    7080 |    1015     507    1015 |    0.2   24.8    0.9
3330 |   255 |    4311 |    7076     506    7076 |    1013     506    1013 |    0.3   26.1    1.0
3331 |   255 |    4309 |    7085     507    7085 |    1015     507    1015 |    0.2   24.7    0.9
3332 |   255 |    4326 |    7083     508    7083 |    1016     508    1016 |    0.2   26.0    1.0
3333 |   253 |    3014 |    6054     505    6054 |    1011     505    1011 |    0.2   18.8    0.8
3334 |   255 |    4321 |    7085     508    7085 |    1016     508    1016 |    0.2   25.1    1.0
3335 |   254 |    4290 |    7065     506    7065 |    1011     506    1011 |    0.2   24.6    0.9
3336 |   255 |    4305 |    7069     506    7069 |    1013     506    1013 |    0.2   24.5    1.0
3337 |   253 |    4278 |    6048     505    6048 |    1011     505    1011 |    0.2   18.4    0.8
3338 |   255 |    4326 |    7093     508    7093 |    1016     508    1016 |    0.3   25.2    0.9
3339 |   255 |    4277 |    6051     506    6051 |    1013     506    1013 |    0.2   18.4    0.8
3340 |   254 |    4270 |    6047     506    6047 |    1012     506    1012 |    0.2   17.6    0.9
3341 |   255 |    4314 |    7082     507    7082 |    1014     507    1014 |    0.2   26.7    1.0
3342 |   254 |    4274 |    6049     506    6049 |    1012     506    1012 |    0.2   18.7    0.8
3343 |   254 |    3012 |    7073     507    7073 |    1013     507    1013 |    0.2   26.0    0.9
3344 |   255 |    4280 |    6059     506    6059 |    1013     506    1013 |    0.2   19.8    0.8
3345 |   255 |    3551 |    7088     507    7088 |    1014     507    1014 |    0.4   20.0    0.8
3346 |   253 |    4292 |    7070     506    7070 |    1011     506    1011 |    0.2   24.2    0.9
3347 |   253 |    4280 |    6051     505    6051 |    1010     505    1010 |    0.2   19.2    0.8
3348 |   254 |    4302 |    7067     506    7067 |    1012     506    1012 |    0.2   27.1    1.0
3349 |   255 |    4310 |    7087     507    7087 |    1014     507    1014 |    0.2   26.0    0.9
3350 |   254 |    4293 |    6069     506    6069 |    1013     506    1013 |    0.2   19.5    0.9
3351 |   255 |    4301 |    7081     506    7081 |    1014     506    1014 |    0.2   28.6    0.9
3352 |   254 |    4280 |    7039     505    7039 |    1011     505    1011 |    0.2   24.5    0.9
3353 |   255 |    4320 |    7080     508    7080 |    1015     508    1015 |    0.2   25.4    1.0
3354 |   255 |    4318 |    7083     507    7083 |    1014     507    1014 |    0.2   28.0    1.0
3355 |   255 |    4311 |    7085     507    7085 |    1014     507    1014 |    0.2   26.1    1.0
3356 |   255 |    4324 |    7078     509    7078 |    1019     509    1019 |    0.2   24.4    1.0
3357 |   255 |    4285 |    6060     507    6060 |    1013     507    1013 |    0.2   20.2    1.1
3358 |   255 |    4312 |    7085     507    7085 |    1014     507    1014 |    0.3   25.6    1.0
3359 |   255 |    3303 |    7096     508    7096 |    1016     508    1016 |    0.2   18.7    0.8
3360 |   255 |    4317 |    7073     508    7073 |    1015     507    1015 |    0.2   25.0    0.9
3361 |   254 |    4281 |    7053     505    7053 |    1011     505    1011 |    0.2   24.6    0.9
3362 |   255 |    4318 |    7083     507    7083 |    1014     507    1014 |    0.2   25.1    1.2
3363 |   255 |    4306 |    7078     507    7078 |    1013     507    1013 |    0.2   25.4    1.0
3364 |   255 |    2790 |    7090     508    7090 |    1015     508    1015 |    0.2   26.1    1.0
3365 |   255 |    3007 |    6052     506    6052 |    1015     507    1015 |    0.2   18.2    0.8
3366 |   254 |    3519 |    7046     507    7046 |    1014     507    1014 |    0.2   18.5    1.1
3367 |   255 |    4302 |    6074     507    6074 |    1014     507    1014 |    0.4   18.9    0.9
3368 |   254 |    3801 |    7035     508    7035 |    1016     508    1016 |    0.2   18.1    0.9
3369 |   255 |    3542 |    7088     507    7088 |    1014     507    1014 |    0.2   26.8    1.0
3370 |   255 |    4313 |    7082     508    7082 |    1017     508    1017 |    0.3   25.0    0.9
3371 |   255 |    3275 |    6058     507    6058 |    1014     507    1014 |    0.2   19.6    0.8
3372 |   255 |    4318 |    7081     508    7081 |    1016     508    1016 |    0.2   24.6    0.9
3373 |   255 |    4324 |    7094     508    7094 |    1016     508    1016 |    0.2   25.9    1.0
3374 |   255 |    3281 |    7058     508    7058 |    1016     508    1016 |    0.2   19.2    0.8
3375 |   254 |    2759 |    6032     506    6032 |    1012     506    1012 |    0.3   18.4    0.9
3376 |   255 |    3302 |    7090     508    7090 |    1016     508    1016 |    0.2   26.0    1.0
3377 |   255 |    4305 |    7060     506    7060 |    1013     506    1013 |    0.3   27.2    1.0
3378 |   255 |    3298 |    7085     507    7085 |    1014     507    1014 |    0.2   17.8    1.0
3379 |   254 |    4300 |    7075     506    7075 |    1013     507    1013 |    0.2   25.1    0.9
3380 |   255 |    4311 |    7089     507    7089 |    1015     507    1015 |    0.2   28.6    1.0
3381 |   255 |    3552 |    7080     507    7080 |    1017     508    1017 |    0.2   20.4    1.1
3382 |   255 |    4323 |    7091     508    7091 |    1016     508    1016 |    0.3   25.2    1.0
3383 |   254 |    3014 |    6061     506    6061 |    1012     506    1012 |    0.2   20.8    0.9
3384 |   255 |    4320 |    7082     508    7082 |    1015     508    1015 |    0.2   25.4    0.9
3385 |   255 |    4313 |    7086     507    7086 |    1013     507    1013 |    0.2   27.5    0.9
3386 |   255 |    4297 |    6073     507    6073 |    1014     507    1014 |    0.2   18.5    0.8
3387 |   253 |    3237 |    6017     505    6017 |    1011     505    1011 |    0.2   17.7    0.8
3388 |   255 |    4310 |    7090     508    7090 |    1016     508    1016 |    0.2   25.4    1.2
3389 |   255 |    4297 |    6072     506    6072 |    1013     506    1013 |    0.3   19.6    0.8
3390 |   255 |    4319 |    7085     507    7085 |    1014     507    1014 |    0.3   26.1    1.0
3391 |   255 |    4309 |    7085     507    7085 |    1015     507    1015 |    0.3   25.8    0.9
3392 |   255 |    4300 |    7062     507    7062 |    1014     507    1014 |    0.2   19.0    0.9
3393 |   255 |    4286 |    7029     508    7029 |    1015     508    1015 |    0.2   25.2    1.0
3394 |   255 |    4312 |    7088     507    7088 |    1014     507    1014 |    0.2   25.7    1.2
3395 |   255 |    2775 |    6071     506    6071 |    1013     507    1013 |    0.3   19.5    0.9
3396 |   255 |    4319 |    7093     508    7093 |    1017     508    1017 |    0.2   27.2    0.9
3397 |   255 |    3811 |    7070     509    7070 |    1019     509    1019 |    0.2   18.5    0.8
3398 |   255 |    4311 |    7074     506    7074 |    1013     506    1013 |    0.2   25.8    0.9
3399 |   255 |    4321 |    7089     508    7089 |    1016     508    1016 |    0.2   25.1    0.9
3400 |   255 |    4325 |    7091     508    7091 |    1016     508    1016 |    0.2   24.9    1.0
3401 |   254 |    2758 |    6036     506    6036 |    1013     506    1013 |    0.2   18.7    0.8
3402 |   255 |    4307 |    7077     507    7077 |    1014     507    1014 |    0.2   26.6    1.0
3403 |   254 |    4300 |    7063     506    7063 |    1012     506    1012 |    0.2   24.9    0.9
3404 |   255 |    4289 |    6066     507    6066 |    1013     506    1013 |    0.2   18.9    0.8
3405 |   255 |    4312 |    7084     508    7084 |    1015     508    1015 |    0.2   26.4    0.9
3406 |   255 |    4325 |    7098     508    7098 |    1015     508    1015 |    0.2   26.2    1.0
3407 |   255 |    4317 |    7087     508    7087 |    1015     508    1015 |    0.2   26.6    1.0
3408 |   255 |    4304 |    7066     507    7066 |    1015     507    1015 |    0.2   25.3    0.9
3409 |   255 |    4316 |    7070     507    7070 |    1015     507    1015 |    0.2   24.9    0.9
3410 |   255 |    4311 |    7086     507    7086 |    1013     507    1013 |    0.3   25.2    1.0
3411 |   253 |    4283 |    7053     505    7053 |    1010     505    1010 |    0.2   27.4    0.9
3412 |   255 |    4296 |    7042     509    7042 |    1021     509    1021 |    0.4   25.1    1.0
3413 |   255 |    4320 |    7094     507    7094 |    1015     508    1015 |    0.2   24.8    0.9
3414 |   255 |    4321 |    7083     508    7083 |    1016     508    1016 |    0.2   25.6    0.9
3415 |   255 |    4319 |    7087     507    7087 |    1015     507    1015 |    0.2   26.0    1.0
3416 |   255 |    4318 |    7081     508    7081 |    1016     508    1016 |    0.2   26.7    0.9
3417 |   255 |    4322 |    7093     507    7093 |    1015     508    1015 |    0.2   24.9    0.9
3418 |   255 |    4322 |    7094     508    7094 |    1015     508    1015 |    0.2   25.9    1.0
3419 |   255 |    4317 |    7079     508    7079 |    1017     508    1017 |    0.2   26.7    1.0
3420 |   255 |    4300 |    7052     509    7052 |    1018     509    1018 |    0.2   21.6    0.9
3421 |   255 |    4319 |    7089     509    7089 |    1018     509    1018 |    0.3   25.8    1.0
3422 |   255 |    4326 |    7094     507    7094 |    1015     507    1015 |    0.2   25.3    1.0
3423 |   254 |    4296 |    7073     506    7073 |    1012     506    1012 |    0.2   24.9    0.9
3424 |   255 |    4324 |    7082     508    7082 |    1017     508    1017 |    0.2   26.1    0.9
3425 |   255 |    4328 |    7087     508    7087 |    1018     508    1018 |    0.2   25.7    1.0
3426 |   255 |    4313 |    7081     506    7081 |    1013     506    1013 |    0.2   25.7    1.0
3427 |   255 |    2775 |    6073     507    6073 |    1013     507    1013 |    0.2   18.3    0.8
3428 |   255 |    4327 |    7088     509    7088 |    1018     509    1018 |    0.2   25.6    1.0
3429 |   255 |    2786 |    7083     507    7083 |    1015     507    1015 |    0.2   25.8    1.0
3430 |   255 |    4311 |    7071     507    7071 |    1013     507    1013 |    0.3   26.3    1.0
3431 |   255 |    4290 |    6065     506    6065 |    1013     506    1013 |    0.2   19.8    0.8
3432 |   255 |    4299 |    7079     506    7079 |    1013     506    1013 |    0.2   25.9    1.0
3433 |   254 |    3285 |    7073     507    7073 |    1014     507    1014 |    0.2   25.1    0.9
3434 |   255 |    4309 |    7078     507    7078 |    1015     507    1015 |    0.2   29.9    1.4
3435 |   255 |    3807 |    7085     507    7085 |    1014     507    1014 |    0.4   22.2    0.8
3436 |   255 |    4314 |    7082     508    7082 |    1016     508    1016 |    0.2   25.1    0.9
3437 |   255 |    4315 |    7073     507    7073 |    1014     507    1014 |    0.2   26.8    0.9
3438 |   255 |    4322 |    7091     507    7091 |    1015     507    1015 |    0.2   29.1    1.0
3439 |   254 |    4256 |    6029     505    6029 |    1012     505    1012 |    0.2   17.8    0.8
3440 |   255 |    3287 |    7072     506    7072 |    1013     506    1013 |    0.3   18.7    0.8
3441 |   255 |    3028 |    6082     507    6082 |    1014     507    1014 |    0.2   19.5    0.8
3442 |   254 |    4311 |    7078     507    7078 |    1014     507    1014 |    0.2   25.7    0.9
3443 |   255 |    2776 |    6069     507    6069 |    1013     507    1013 |    0.2   18.9    0.8
3444 |   254 |    4294 |    7068     506    7068 |    1012     506    1012 |    0.3   24.6    0.9
3445 |   253 |    4269 |    6043     505    6043 |    1010     505    1010 |    0.2   17.7    0.8
3446 |   255 |    4319 |    7089     507    7089 |    1015     507    1015 |    0.2   26.0    0.9
3447 |   254 |    2776 |    7074     506    7074 |    1013     506    1013 |    0.2   25.2    0.9
3448 |   254 |    4303 |    7082     506    7082 |    1013     506    1013 |    0.2   27.2    1.0
3449 |   254 |    4297 |    7071     506    7071 |    1012     506    1012 |    0.2   26.1    1.0
3450 |   255 |    4315 |    7087     507    7087 |    1016     508    1016 |    0.2   27.3    0.9
3451 |   255 |    4313 |    7073     507    7073 |    1014     507    1014 |    0.2   28.1    0.9
3452 |   251 |    4251 |    6019     505    6019 |    1010     505    1010 |    0.2   18.5    0.8
3453 |   255 |    4312 |    7083     507    7083 |    1015     507    1015 |    0.2   26.7    0.9
3454 |   255 |    4325 |    7090     508    7090 |    1017     508    1017 |    0.2   25.8    0.9
3455 |   255 |    4327 |    7094     508    7094 |    1016     508    1016 |    0.2   25.5    0.9
3456 |   254 |    3785 |    7033     507    7033 |    1016     507    1016 |    0.2   19.3    0.8
3457 |   255 |    4281 |    7019     505    7019 |    1013     505    1013 |    0.2   25.6    1.3
3458 |   255 |    4302 |    7055     506    7055 |    1013     506    1013 |    0.3   26.1    1.2
3459 |   255 |    2799 |    7085     508    7085 |    1016     508    1016 |    0.2   21.6    0.8
3460 |   255 |    4304 |    6079     507    6079 |    1014     507    1014 |    0.2   19.2    0.9
3461 |   255 |    2772 |    6072     507    6072 |    1013     507    1013 |    0.2   20.0    0.9
3462 |   255 |    4322 |    7088     507    7088 |    1016     507    1016 |    0.2   25.8    0.9
3463 |   255 |    4324 |    7084     508    7084 |    1015     508    1015 |    0.2   24.5    1.2
3464 |   255 |    4287 |    6064     507    6064 |    1014     507    1014 |    0.3   18.8    0.8
3465 |   254 |    2771 |    6066     506    6066 |    1012     506    1012 |    0.3   19.0    0.8
3466 |   254 |    4302 |    7075     506    7075 |    1013     506    1013 |    0.2   25.8    0.9
3467 |   255 |    4309 |    7081     507    7081 |    1014     507    1014 |    0.2   25.7    1.0
3468 |   255 |    4294 |    6071     506    6071 |    1013     507    1013 |    0.2   18.6    0.8
3469 |   255 |    4312 |    7077     507    7077 |    1014     507    1014 |    0.2   26.7    1.0
3470 |   255 |    4319 |    7074     508    7074 |    1016     508    1016 |    0.2   25.4    1.1
3471 |   255 |    4317 |    7083     507    7083 |    1014     507    1014 |    0.2   25.5    1.0
3472 |   255 |    4312 |    7089     507    7089 |    1014     507    1014 |    0.2   25.3    0.9
3473 |   255 |    4274 |    6056     506    6056 |    1013     506    1013 |    0.2   21.3    0.8
3474 |   255 |    4311 |    7070     506    7070 |    1013     506    1013 |    0.2   24.6    0.9
3475 |   255 |    4316 |    7090     508    7090 |    1015     508    1015 |    0.2   24.8    1.0
3476 |   255 |    4326 |    7091     509    7091 |    1017     509    1017 |    0.2   25.5    0.9
3477 |   255 |    3020 |    7072     506    7072 |    1013     506    1013 |    0.2   25.1    1.0
3478 |   255 |    4315 |    7081     507    7081 |    1014     507    1014 |    0.2   25.2    0.9
3479 |   255 |    4318 |    7086     508    7086 |    1015     508    1015 |    0.2   26.8    1.1
3480 |   255 |    4317 |    7085     507    7085 |    1015     507    1015 |    0.3   24.2    0.9
3481 |   252 |    4266 |    6041     505    6041 |    1010     505    1010 |    0.2   18.7    0.8
3482 |   255 |    4316 |    7084     507    7084 |    1015     507    1015 |    0.2   25.4    1.0
3483 |   255 |    3295 |    7093     508    7093 |    1016     508    1016 |    0.2   19.8    0.8
3484 |   254 |    4304 |    7072     507    7072 |    1014     507    1014 |    0.2   26.1    1.0
3485 |   255 |    4311 |    7083     507    7083 |    1014     507    1014 |    0.2   25.3    1.0
3486 |   255 |    2755 |    6037     506    6037 |    1013     506    1013 |    0.2   18.4    0.8
3487 |   254 |    4308 |    7069     508    7069 |    1015     508    1015 |    0.2   25.8    1.0
3488 |   254 |    4297 |    7068     506    7068 |    1012     506    1012 |    0.2   25.8    1.0
3489 |   255 |    4310 |    7071     510    7071 |    1022     510    1022 |    0.2   23.8    0.9
3490 |   255 |    4310 |    7088     507    7088 |    1014     507    1014 |    0.2   25.6    1.0
3491 |   255 |    4327 |    7082     509    7082 |    1018     509    1018 |    0.3   29.9    1.0
3492 |   255 |    4321 |    7094     508    7094 |    1015     508    1015 |    0.3   25.8    0.9
3493 |   255 |    4314 |    7082     508    7082 |    1016     508    1016 |    0.2   25.4    1.0
3494 |   255 |    3040 |    7060     508    7060 |    1015     508    1015 |    0.2   18.5    0.8
3495 |   255 |    4312 |    6084     507    6084 |    1015     507    1015 |    0.2   18.3    1.1
3496 |   255 |    4312 |    7080     507    7080 |    1015     507    1015 |    0.2   25.8    0.9
3497 |   255 |    4326 |    7083     509    7083 |    1018     509    1018 |    0.2   24.5    0.9
3498 |   254 |    4294 |    7071     506    7071 |    1013     507    1013 |    0.2   25.1    1.0
3499 |   254 |    4302 |    7069     506    7069 |    1013     506    1013 |    0.2   25.1    0.9
3500 |   255 |    4310 |    7084     507    7084 |    1014     507    1014 |    0.2   26.1    1.3
3501 |   255 |    4327 |    7098     508    7098 |    1016     508    1016 |    0.3   26.6    1.0
3502 |   255 |    4318 |    7089     508    7089 |    1015     507    1015 |    0.2   25.5    0.9
3503 |   254 |    4297 |    7064     505    7064 |    1013     507    1013 |    0.2   25.7    1.0
3504 |   254 |    4310 |    7081     507    7081 |    1015     507    1015 |    0.2   18.9    0.8
3505 |   255 |    4319 |    7094     508    7094 |    1015     508    1015 |    0.2   25.3    1.0
3506 |   255 |    4327 |    7090     508    7090 |    1016     508    1016 |    0.2   24.4    0.9
3507 |   255 |    3290 |    7070     507    7070 |    1015     508    1015 |    0.3   20.5    0.9
3508 |   253 |    4285 |    7059     505    7059 |    1010     505    1010 |    0.2   26.9    0.9
3509 |   255 |    4311 |    7084     507    7084 |    1015     507    1015 |    0.2   25.3    1.1
3510 |   255 |    2765 |    6063     506    6063 |    1013     506    1013 |    0.4   18.0    0.8
3511 |   255 |    3255 |    6034     507    6034 |    1014     507    1014 |    0.2   18.3    0.8
3512 |   255 |    4257 |    6039     507    6039 |    1013     507    1013 |    0.2   18.7    0.8
3513 |   254 |    2774 |    6071     506    6071 |    1013     506    1013 |    0.2   19.0    1.0
3514 |   255 |    4308 |    7075     508    7075 |    1015     508    1015 |    0.2   28.0    0.9
3515 |   255 |    4326 |    7096     508    7096 |    1016     508    1016 |    0.2   24.5    1.0
3516 |   253 |    4282 |    6056     506    6056 |    1011     506    1011 |    0.2   17.9    0.8
3517 |   255 |    4310 |    7072     506    7072 |    1013     506    1013 |    0.2   26.8    0.9
3518 |   255 |    4321 |    7095     507    7095 |    1015     508    1015 |    0.2   25.1    1.0
3519 |   255 |    4286 |    7068     506    7068 |    1013     506    1013 |    0.2   18.9    0.8
3520 |   254 |    4299 |    7071     507    7071 |    1014     507    1014 |    0.2   26.3    0.9
3521 |   254 |    4285 |    7037     505    7037 |    1012     505    1012 |    0.2   25.5    1.0
3522 |   254 |    3277 |    7069     506    7069 |    1012     506    1012 |    0.2   26.4    0.9
3523 |   255 |    4311 |    7078     508    7078 |    1017     508    1017 |    0.2   29.3    1.0
3524 |   255 |    3802 |    7096     509    7096 |    1017     509    1017 |    0.2   19.3    1.2
3525 |   255 |    3295 |    7079     508    7079 |    1015     508    1015 |    0.2   19.0    0.8
3526 |   255 |    3295 |    7080     508    7080 |    1016     508    1016 |    0.2   18.8    0.8
3527 |   254 |    4293 |    7050     508    7050 |    1016     508    1016 |    0.2   17.6    0.9
3528 |   253 |    4278 |    6055     506    6055 |    1011     506    1011 |    0.3   18.3    0.8
3529 |   255 |    4278 |    6053     506    6053 |    1014     506    1014 |    0.2   19.3    0.8
3530 |   255 |    4309 |    7079     506    7079 |    1014     507    1014 |    0.3   25.9    1.1
3531 |   255 |    3290 |    7076     508    7076 |    1016     508    1016 |    0.2   19.8    0.8
3532 |   255 |    4305 |    7063     507    7063 |    1014     507    1014 |    0.2   24.8    1.0
3533 |   255 |    4282 |    7065     506    7065 |    1013     506    1013 |    0.3   17.8    0.8
3534 |   253 |    4288 |    6062     506    6062 |    1011     506    1011 |    0.2   17.9    0.8
3535 |   255 |    4316 |    7080     508    7080 |    1015     508    1015 |    0.2   25.1    1.0
3536 |   253 |    4241 |    6015     505    6015 |    1011     505    1011 |    0.2   18.6    1.1
3537 |   254 |    4292 |    6067     506    6067 |    1012     506    1012 |    0.3   22.1    0.8
3538 |   255 |    4315 |    7085     508    7085 |    1015     508    1015 |    0.3   24.8    0.9
3539 |   255 |    3291 |    7073     506    7073 |    1013     506    1013 |    0.2   18.7    0.8
3540 |   255 |    3024 |    6063     507    6063 |    1014     507    1014 |    0.2   18.0    0.8
3541 |   255 |    4325 |    7094     507    7094 |    1015     507    1015 |    0.2   26.0    1.0
3542 |   255 |    2780 |    7087     507    7087 |    1014     507    1014 |    0.2   24.6    0.9
3543 |   255 |    4311 |    7081     508    7081 |    1016     508    1016 |    0.2   25.4    1.0
3544 |   255 |    4305 |    7082     507    7082 |    1015     507    1015 |    0.2   25.5    1.0
3545 |   255 |    4311 |    7076     507    7076 |    1014     507    1014 |    0.2   25.5    1.0
3546 |   255 |    4315 |    7078     506    7078 |    1013     506    1013 |    0.2   26.2    1.2
3547 |   255 |    3031 |    7088     508    7088 |    1015     508    1015 |    0.3   25.3    1.2
3548 |   255 |    4315 |    7078     507    7078 |    1015     507    1015 |    0.3   25.2    1.0
3549 |   255 |    3047 |    7070     508    7070 |    1017     508    1017 |    0.2   18.6    0.8
3550 |   255 |    4324 |    7094     508    7094 |    1016     508    1016 |    0.2   27.7    1.0
3551 |   253 |    3779 |    7043     507    7043 |    1014     507    1014 |    0.2   19.3    0.8
3552 |   255 |    4262 |    6039     506    6039 |    1013     506    1013 |    0.2   18.4    0.8
3553 |   255 |    4312 |    7071     508    7071 |    1015     508    1015 |    0.3   25.4    1.0
3554 |   255 |    4313 |    7083     507    7083 |    1014     507    1014 |    0.2   25.5    0.9
3555 |   255 |    4309 |    7078     507    7078 |    1013     507    1013 |    0.2   25.2    0.9
3556 |   255 |    3799 |    7071     508    7071 |    1016     508    1016 |    0.2   19.4    0.9
3557 |   255 |    4301 |    7080     506    7080 |    1014     507    1014 |    0.3   24.4    0.9
3558 |   255 |    3272 |    7046     508    7046 |    1017     508    1017 |    0.2   18.9    0.8
3559 |   252 |    4265 |    6036     505    6036 |    1010     505    1010 |    0.2   18.4    0.8
3560 |   254 |    4309 |    7079     507    7079 |    1014     507    1014 |    0.2   25.5    1.0
3561 |   255 |    3271 |    6055     506    6055 |    1013     506    1013 |    0.2   18.4    0.8
3562 |   255 |    4316 |    7089     507    7089 |    1015     507    1015 |    0.2   25.9    1.0
3563 |   255 |    4312 |    7077     507    7077 |    1014     507    1014 |    0.2   24.7    1.0
3564 |   255 |    4311 |    7086     508    7086 |    1015     508    1015 |    0.2   25.8    0.9
3565 |   255 |    4313 |    7084     508    7084 |    1015     508    1015 |    0.2   25.5    1.0
3566 |   255 |    4290 |    6068     507    6068 |    1013     507    1013 |    0.2   18.9    0.8
3567 |   255 |    4316 |    7083     507    7083 |    1015     507    1015 |    0.2   26.4    1.0
3568 |   255 |    3282 |    7082     507    7082 |    1014     507    1014 |    0.2   24.9    1.0
3569 |   255 |    4323 |    7085     507    7085 |    1016     508    1016 |    0.2   27.6    1.2
3570 |   255 |    4311 |    7086     508    7086 |    1015     508    1015 |    0.3   27.5    1.0
3571 |   255 |    4316 |    7089     508    7089 |    1015     508    1015 |    0.2   25.4    1.0
3572 |   255 |    3028 |    7080     507    7080 |    1014     507    1014 |    0.3   25.1    0.9
3573 |   254 |    4306 |    7071     507    7071 |    1014     507    1014 |    0.2   24.7    0.9
3574 |   255 |    4327 |    7093     508    7093 |    1016     508    1016 |    0.2   25.0    1.0
3575 |   255 |    4314 |    7080     508    7080 |    1016     508    1016 |    0.2   26.2    1.0
3576 |   255 |    4319 |    7085     507    7085 |    1015     508    1015 |    0.2   27.1    1.1
3577 |   255 |    3012 |    6062     507    6062 |    1013     507    1013 |    0.3   20.7    1.0
3578 |   255 |    4313 |    7087     507    7087 |    1015     507    1015 |    0.3   26.1    0.9
3579 |   255 |    2736 |    5980     506    5980 |    1013     506    1013 |    0.2   17.2    0.8
3580 |   255 |    4301 |    7062     506    7062 |    1013     506    1013 |    0.2   26.7    1.0
3581 |   255 |    4325 |    7087     508    7087 |    1016     508    1016 |    0.2   25.7    1.0
3582 |   255 |    4327 |    7093     508    7093 |    1016     508    1016 |    0.2   25.8    1.0
3583 |   255 |    4302 |    7080     507    7080 |    1014     507    1014 |    0.2   25.3    0.9
3584 |   255 |    4294 |    7038     506    7038 |    1013     506    1013 |    0.2   25.5    1.0
3585 |   255 |    4322 |    7091     507    7091 |    1015     507    1015 |    0.2   25.3    0.9
3586 |   255 |    3283 |    7080     506    7080 |    1013     507    1013 |    0.2   26.1    0.9
3587 |   255 |    4317 |    7079     508    7079 |    1015     508    1015 |    0.2   25.8    1.0
3588 |   255 |    4302 |    7086     507    7086 |    1014     507    1014 |    0.2   25.3    1.0
3589 |   254 |    4299 |    7068     506    7068 |    1012     506    1012 |    0.2   25.0    0.9
3590 |   255 |    4294 |    6071     506    6071 |    1013     506    1013 |    0.2   18.7    0.8
3591 |   255 |    4312 |    7084     507    7084 |    1014     507    1014 |    0.4   25.8    1.0
3592 |   255 |    4298 |    7054     506    7054 |    1013     506    1013 |    0.2   25.1    0.9
3593 |   254 |    3019 |    6050     506    6050 |    1012     506    1012 |    0.2   18.8    0.9
3594 |   254 |    4298 |    7075     506    7075 |    1013     506    1013 |    0.2   26.2    0.9
3595 |   255 |    3556 |    7099     508    7099 |    1016     508    1016 |    0.3   19.3    0.8
3596 |   254 |    4291 |    6066     505    6066 |    1012     506    1012 |    0.2   18.5    0.8
3597 |   253 |    4289 |    7067     506    7067 |    1012     506    1012 |    0.2   26.2    1.2
3598 |   253 |    4293 |    7068     506    7068 |    1012     506    1012 |    0.4   26.3    0.9
3599 |   255 |    4307 |    7083     507    7083 |    1015     507    1015 |    0.2   26.1    1.0
3600 |   255 |    4316 |    7086     507    7086 |    1014     507    1014 |    0.2   24.7    0.9
3601 |   255 |    4325 |    7092     508    7092 |    1016     508    1016 |    0.2   24.8    1.0
3602 |   255 |    4315 |    7083     508    7083 |    1016     508    1016 |    0.2   25.2    1.1
3603 |   255 |    4322 |    7095     507    7095 |    1015     507    1015 |    0.2   26.3    0.9
3604 |   254 |    2762 |    6038     505    6038 |    1011     505    1011 |    0.2   18.6    0.8
3605 |   255 |    4314 |    7081     507    7081 |    1015     507    1015 |    0.2   25.2    0.9
3606 |   255 |    4317 |    7089     508    7089 |    1015     508    1015 |    0.2   27.1    0.9
3607 |   255 |    4314 |    7083     507    7083 |    1014     507    1014 |    0.2   26.2    0.9
3608 |   255 |    4300 |    7081     506    7081 |    1013     507    1013 |    0.3   26.9    1.0
3609 |   253 |    4283 |    7064     506    7064 |    1011     506    1011 |    0.2   19.2    0.8
3610 |   254 |    4304 |    7072     506    7072 |    1014     507    1014 |    0.2   25.1    0.9
3611 |   255 |    4316 |    7075     508    7075 |    1015     508    1015 |    0.2   26.7    1.0
3612 |   255 |    3797 |    7082     507    7082 |    1016     508    1016 |    0.2   20.5    0.8
3613 |   252 |    2754 |    6035     505    6035 |    1010     505    1010 |    0.2   17.7    0.8
3614 |   255 |    4291 |    7022     507    7022 |    1014     507    1014 |    0.2   24.1    1.4
3615 |   255 |    4322 |    7090     508    7090 |    1016     508    1016 |    0.3   27.5    1.0
3616 |   254 |    4293 |    6070     506    6070 |    1013     506    1013 |    0.2   18.4    0.8
3617 |   255 |    4266 |    6046     506    6046 |    1013     506    1013 |    0.2   17.8    0.8
3618 |   255 |    4320 |    7088     507    7088 |    1015     507    1015 |    0.2   26.7    0.9
3619 |   255 |    4320 |    7085     508    7085 |    1015     508    1015 |    0.2   24.6    0.9
3620 |   252 |    4259 |    6028     505    6028 |    1010     505    1010 |    0.2   19.0    1.0
3621 |   254 |    2766 |    6063     506    6063 |    1013     506    1013 |    0.3   17.8    0.8
3622 |   254 |    4287 |    7048     505    7048 |    1012     505    1012 |    0.2   25.5    0.9
3623 |   255 |    4325 |    7091     508    7091 |    1016     508    1016 |    0.3   25.8    0.9
3624 |   255 |    4315 |    7080     507    7080 |    1014     507    1014 |    0.2   26.2    1.0
3625 |   254 |    3532 |    7068     507    7068 |    1013     507    1013 |    0.2   19.6    0.8
3626 |   255 |    4298 |    7058     507    7058 |    1014     507    1014 |    0.2   26.2    0.9
3627 |   255 |    4316 |    7078     507    7078 |    1016     507    1016 |    0.2   24.5    1.0
3628 |   254 |    4283 |    7036     505    7036 |    1012     505    1012 |    0.2   25.5    1.0
3629 |   255 |    4309 |    7081     507    7081 |    1015     507    1015 |    0.2   24.9    1.0
3630 |   255 |    2779 |    7078     507    7078 |    1014     507    1014 |    0.2   24.8    0.9
3631 |   255 |    4309 |    7084     507    7084 |    1014     507    1014 |    0.2   26.5    0.9
3632 |   255 |    4300 |    7064     506    7064 |    1013     506    1013 |    0.3   25.0    0.9
3633 |   254 |    4288 |    7070     506    7070 |    1013     506    1013 |    0.2   25.8    0.9
3634 |   255 |    4318 |    7093     508    7093 |    1015     508    1015 |    0.2   25.1    1.0
3635 |   255 |    4321 |    7084     508    7084 |    1016     508    1016 |    0.3   25.6    0.9
3636 |   255 |    4303 |    7056     506    7056 |    1013     506    1013 |    0.2   25.7    0.9
3637 |   255 |    3033 |    7075     508    7075 |    1017     508    1017 |    0.2   25.8    1.2
3638 |   255 |    4323 |    7089     507    7089 |    1015     507    1015 |    0.3   27.3    1.0
3639 |   255 |    4323 |    7096     508    7096 |    1015     508    1015 |    0.2   26.4    1.0
3640 |   255 |    4322 |    7085     508    7085 |    1015     508    1015 |    0.2   26.3    0.9
3641 |   255 |    4320 |    7086     508    7086 |    1017     508    1017 |    0.2   26.0    0.9
3642 |   254 |    4309 |    7079     507    7079 |    1014     507    1014 |    0.2   25.6    0.9
3643 |   255 |    4307 |    7077     508    7077 |    1016     508    1016 |    0.2   25.1    1.0
3644 |   255 |    4313 |    7075     507    7075 |    1015     507    1015 |    0.2   25.6    1.0
3645 |   255 |    4295 |    7022     505    7022 |    1015     505    1015 |    0.2   26.2    1.0
3646 |   253 |    3253 |    6034     505    6034 |    1010     505    1010 |    0.2   17.5    0.9
3647 |   255 |    4306 |    7068     507    7068 |    1013     507    1013 |    0.2   25.5    1.0
3648 |   255 |    4323 |    7090     508    7090 |    1016     508    1016 |    0.2   25.3    1.0
3649 |   255 |    3289 |    7065     508    7065 |    1016     508    1016 |    0.2   19.8    0.8
3650 |   254 |    4287 |    6062     506    6062 |    1011     506    1011 |    0.2   18.5    0.8
3651 |   255 |    4326 |    7096     508    7096 |    1016     508    1016 |    0.2   25.1    1.1
3652 |   255 |    4326 |    7094     508    7094 |    1016     508    1016 |    0.3   24.7    1.0
3653 |   254 |    3241 |    6015     506    6015 |    1012     506    1012 |    0.2   18.5    0.8
3654 |   255 |    4311 |    7076     506    7076 |    1013     506    1013 |    0.2   25.3    1.0
3655 |   255 |    4319 |    7080     508    7080 |    1017     508    1017 |    0.2   26.4    0.9
3656 |   255 |    4317 |    7083     507    7083 |    1014     507    1014 |    0.2   26.2    1.0
3657 |   255 |    4313 |    7076     508    7076 |    1015     507    1015 |    0.3   24.8    0.9
3658 |   255 |    3020 |    7080     507    7080 |    1013     507    1013 |    0.2   25.5    0.9
3659 |   255 |    4322 |    7087     508    7087 |    1017     508    1017 |    0.3   24.9    1.0
3660 |   255 |    4310 |    7086     507    7086 |    1014     507    1014 |    0.2   25.4    1.0
3661 |   255 |    4324 |    7095     508    7095 |    1016     508    1016 |    0.2   28.1    1.0
3662 |   255 |    4320 |    7094     507    7094 |    1016     508    1016 |    0.2   25.0    0.9
3663 |   255 |    4324 |    7090     509    7090 |    1018     509    1018 |    0.3   25.9    1.0
3664 |   255 |    4316 |    7083     507    7083 |    1013     507    1013 |    0.2   24.0    0.9
3665 |   254 |    4306 |    7075     507    7075 |    1014     507    1014 |    0.2   26.2    1.5
3666 |   254 |    4283 |    7034     507    7034 |    1016     507    1016 |    0.2   24.7    1.0
3667 |   255 |    4299 |    7057     506    7057 |    1012     506    1012 |    0.2   24.9    0.9
3668 |   253 |    2755 |    6031     505    6031 |    1011     505    1011 |    0.2   17.9    0.8
3669 |   255 |    4303 |    7065     506    7065 |    1013     506    1013 |    0.2   25.4    0.9
3670 |   255 |    2758 |    6048     506    6048 |    1013     506    1013 |    0.2   18.6    0.8
3671 |   254 |    4306 |    7071     506    7071 |    1015     507    1015 |    0.2   25.2    1.0
3672 |   255 |    4314 |    7074     507    7074 |    1015     507    1015 |    0.2   24.5    0.9
3673 |   255 |    4326 |    7091     508    7091 |    1016     508    1016 |    0.2   25.7    1.1
3674 |   255 |    4315 |    7093     508    7093 |    1015     508    1015 |    0.2   25.1    1.2
3675 |   255 |    4309 |    7083     506    7083 |    1015     507    1015 |    0.3   25.7    1.0
3676 |   255 |    3023 |    7083     508    7083 |    1015     508    1015 |    0.2   25.2    1.0
3677 |   255 |    4302 |    7082     507    7082 |    1014     507    1014 |    0.2   26.0    1.0
3678 |   254 |    4294 |    7065     505    7065 |    1011     505    1011 |    0.2   25.0    0.9
3679 |   255 |    4301 |    7059     507    7059 |    1015     507    1015 |    0.2   24.3    0.9
3680 |   255 |    4326 |    7090     508    7090 |    1016     508    1016 |    0.2   25.4    0.9
3681 |   255 |    4292 |    7049     507    7049 |    1015     507    1015 |    0.2   25.9    1.0
3682 |   254 |    4303 |    7072     506    7072 |    1012     506    1012 |    0.2   26.3    0.9
3683 |   255 |    4301 |    7080     507    7080 |    1014     507    1014 |    0.2   28.3    1.0
3684 |   255 |    4316 |    6082     507    6082 |    1014     507    1014 |    0.2   18.7    0.8
3685 |   255 |    4270 |    6045     506    6045 |    1013     506    1013 |    0.2   18.6    0.8
3686 |   255 |    4316 |    7078     507    7078 |    1014     506    1014 |    0.2   25.4    1.0
3687 |   255 |    4324 |    7092     508    7092 |    1016     508    1016 |    0.2   26.4    0.9
3688 |   255 |    3554 |    7097     507    7097 |    1016     507    1016 |    0.2   18.2    0.8
3689 |   254 |    4288 |    7052     505    7052 |    1012     505    1012 |    0.2   24.9    1.0
3690 |   255 |    2777 |    6070     507    6070 |    1014     507    1014 |    0.2   19.0    0.8
3691 |   255 |    4311 |    7083     508    7083 |    1015     508    1015 |    0.2   24.7    0.9
3692 |   255 |    4323 |    7086     508    7086 |    1016     508    1016 |    0.2   26.6    1.0
3693 |   255 |    3025 |    6072     506    6072 |    1013     507    1013 |    0.2   18.7    0.8
3694 |   255 |    2781 |    6078     507    6078 |    1014     507    1014 |    0.2   18.0    0.8
3695 |   254 |    4288 |    7049     505    7049 |    1012     505    1012 |    0.2   26.4    1.0
3696 |   255 |    4324 |    7092     508    7092 |    1016     508    1016 |    0.3   26.7    1.0
3697 |   254 |    4284 |    6058     508    6058 |    1017     508    1017 |    0.2   19.6    0.8
3698 |   253 |    4288 |    7065     506    7065 |    1011     506    1011 |    0.2   19.7    0.8
3699 |   255 |    4328 |    7095     508    7095 |    1016     508    1016 |    0.2   26.8    0.9
3700 |   255 |    4311 |    7083     507    7083 |    1015     507    1015 |    0.2   25.6    0.9
3701 |   255 |    3799 |    7081     507    7081 |    1015     508    1015 |    0.3   18.5    0.8
3702 |   254 |    4303 |    7079     507    7079 |    1013     507    1013 |    0.2   24.4    0.9
3703 |   253 |    4259 |    6038     506    6038 |    1011     506    1011 |    0.2   18.7    0.9
3704 |   254 |    4288 |    7066     507    7066 |    1014     507    1014 |    0.2   25.7    1.0
3705 |   255 |    4311 |    7084     507    7084 |    1015     508    1015 |    0.2   25.3    0.9
3706 |   255 |    4312 |    7080     507    7080 |    1014     507    1014 |    0.2   29.4    0.9
3707 |   255 |    4298 |    6076     507    6076 |    1014     507    1014 |    0.2   19.6    0.8
3708 |   254 |    4274 |    7014     509    7014 |    1020     509    1020 |    0.2   24.4    0.9
3709 |   254 |    2776 |    7076     507    7076 |    1013     507    1013 |    0.2   26.2    1.0
3710 |   255 |    4307 |    7074     507    7074 |    1015     507    1015 |    0.2   25.7    0.9
3711 |   255 |    4329 |    7097     508    7097 |    1016     508    1016 |    0.2   25.2    1.2
3712 |   255 |    4321 |    7090     508    7090 |    1017     508    1017 |    0.3   26.7    1.2
3713 |   255 |    4326 |    7092     508    7092 |    1016     508    1016 |    0.3   26.0    0.9
3714 |   255 |    4312 |    7075     507    7075 |    1013     507    1013 |    0.2   26.4    1.0
3715 |   255 |    4316 |    7095     507    7095 |    1016     508    1016 |    0.2   25.5    1.0
3716 |   255 |    3532 |    6076     507    6076 |    1013     507    1013 |    0.2   18.8    0.9
3717 |   253 |    3015 |    7067     505    7067 |    1012     506    1012 |    0.2   27.7    1.0
3718 |   255 |    4314 |    7084     508    7084 |    1015     507    1015 |    0.3   24.8    1.0
3719 |   255 |    3041 |    7091     508    7091 |    1016     508    1016 |    0.2   19.3    1.0
3720 |   254 |    3280 |    7053     506    7053 |    1013     506    1013 |    0.3   19.7    0.9
3721 |   254 |    4287 |    6065     506    6065 |    1012     506    1012 |    0.2   18.5    0.8
3722 |   255 |    4294 |    6072     506    6072 |    1013     506    1013 |    0.2   18.5    0.8
3723 |   255 |    4322 |    7091     507    7091 |    1015     507    1015 |    0.2   28.1    1.1
3724 |   255 |    4309 |    7079     506    7079 |    1013     506    1013 |    0.3   28.1    1.0
3725 |   252 |    4272 |    6043     505    6043 |    1010     505    1010 |    0.3   18.5    0.8
3726 |   255 |    4299 |    7076     506    7076 |    1013     506    1013 |    0.2   25.5    0.9
3727 |   255 |    3309 |    7072     510    7072 |    1020     510    1020 |    0.2   18.6    0.9
3728 |   255 |    4289 |    7033     506    7033 |    1013     506    1013 |    0.2   24.3    1.2
3729 |   255 |    4322 |    7097     508    7097 |    1015     508    1015 |    0.2   25.2    0.9
3730 |   255 |    4309 |    7072     507    7072 |    1014     507    1014 |    0.2   25.3    1.0
3731 |   255 |    4311 |    7086     507    7086 |    1014     507    1014 |    0.2   24.6    1.0
3732 |   255 |    4320 |    7091     507    7091 |    1015     507    1015 |    0.2   25.3    1.0
3733 |   255 |    4324 |    7091     508    7091 |    1015     507    1015 |    0.2   25.7    1.0
3734 |   255 |    3531 |    7063     506    7063 |    1012     506    1012 |    0.2   19.2    0.9
3735 |   254 |    4295 |    7073     506    7073 |    1013     507    1013 |    0.2   24.9    0.9
3736 |   255 |    4325 |    7092     508    7092 |    1017     508    1017 |    0.2   25.5    0.9
3737 |   255 |    2768 |    6066     507    6066 |    1013     507    1013 |    0.2   19.2    0.8
3738 |   255 |    4316 |    7075     508    7075 |    1016     508    1016 |    0.2   26.4    1.0
3739 |   255 |    4310 |    7073     507    7073 |    1014     507    1014 |    0.2   25.4    1.2
3740 |   255 |    4322 |    7086     508    7086 |    1017     508    1017 |    0.2   27.8    0.9
3741 |   255 |    4309 |    7083     508    7083 |    1016     508    1016 |    0.2   24.9    1.0
3742 |   254 |    4308 |    7071     506    7071 |    1015     508    1015 |    0.2   25.4    0.9
3743 |   254 |    4291 |    7061     505    7061 |    1011     505    1011 |    0.2   27.0    1.3
3744 |   254 |    4251 |    6024     506    6024 |    1013     506    1013 |    0.2   18.4    0.8
3745 |   255 |    3001 |    6041     507    6041 |    1013     507    1013 |    0.3   18.9    0.8
3746 |   255 |    4308 |    7077     507    7077 |    1015     507    1015 |    0.2   29.5    0.9
3747 |   254 |    4293 |    7060     507    7060 |    1014     507    1014 |    0.2   25.6    1.2
3748 |   255 |    4317 |    7079     507    7079 |    1014     507    1014 |    0.3   25.1    1.0
3749 |   255 |    4323 |    7084     508    7084 |    1016     508    1016 |    0.2   27.5    1.3
3750 |   255 |    3293 |    7087     507    7087 |    1015     507    1015 |    0.3   25.5    1.0
3751 |   255 |    4303 |    7071     506    7071 |    1012     506    1012 |    0.2   25.5    1.0
3752 |   255 |    3020 |    6068     507    6068 |    1013     507    1013 |    0.2   19.3    1.1
3753 |   255 |    4274 |    6047     506    6047 |    1013     506    1013 |    0.3   18.6    0.8
3754 |   255 |    4316 |    7090     507    7090 |    1015     507    1015 |    0.2   24.7    0.9
3755 |   255 |    4321 |    7096     508    7096 |    1016     508    1016 |    0.2   26.5    0.9
3756 |   255 |    2792 |    7094     508    7094 |    1016     508    1016 |    0.2   25.5    1.1
3757 |   255 |    4303 |    7075     506    7075 |    1014     507    1014 |    0.2   25.8    1.1
3758 |   255 |    4319 |    6082     508    6082 |    1016     508    1016 |    0.3   19.8    0.8
3759 |   255 |    4316 |    7082     508    7082 |    1016     508    1016 |    0.3   25.3    0.9
3760 |   255 |    4322 |    7092     507    7092 |    1015     508    1015 |    0.2   25.4    1.0
3761 |   255 |    4324 |    7096     507    7096 |    1015     507    1015 |    0.3   20.1    0.9
3762 |   255 |    4294 |    7049     505    7049 |    1012     505    1012 |    0.2   26.6    0.9
3763 |   255 |    4237 |    6977     508    6977 |    1018     508    1018 |    0.2   18.3    0.8
3764 |   255 |    4313 |    7090     507    7090 |    1015     507    1015 |    0.2   25.5    1.1
3765 |   253 |    4251 |    6022     510    6022 |    1019     510    1019 |    0.3   17.3    0.8
3766 |   255 |    3543 |    7074     506    7074 |    1013     506    1013 |    0.2   19.4    0.8
3767 |   255 |    4318 |    7071     507    7071 |    1015     507    1015 |    0.2   25.6    1.3
3768 |   255 |    4317 |    7085     507    7085 |    1014     507    1014 |    0.3   26.9    0.9
3769 |   254 |    4291 |    7057     505    7057 |    1011     505    1011 |    0.2   25.8    1.3
3770 |   254 |    4298 |    7071     505    7071 |    1011     506    1011 |    0.3   26.0    1.0
3771 |   255 |    4321 |    7085     507    7085 |    1014     507    1014 |    0.2   26.8    0.9
3772 |   253 |    4267 |    6029     505    6029 |    1010     505    1010 |    0.2   18.2    0.8
3773 |   255 |    4328 |    7088     509    7088 |    1018     509    1018 |    0.2   25.0    0.9
3774 |   254 |    4300 |    7066     508    7066 |    1017     508    1017 |    0.2   25.8    1.2
3775 |   255 |    4314 |    7083     507    7083 |    1014     507    1014 |    0.2   25.1    0.9
3776 |   255 |    4309 |    7071     506    7071 |    1013     506    1013 |    0.2   25.8    0.9
3777 |   255 |    4317 |    7076     508    7076 |    1016     508    1016 |    0.2   24.8    1.0
3778 |   255 |    4308 |    7076     506    7076 |    1014     507    1014 |    0.2   25.1    0.9
3779 |   255 |    4321 |    7091     507    7091 |    1015     508    1015 |    0.2   25.5    1.1
3780 |   255 |    4318 |    7092     507    7092 |    1015     508    1015 |    0.3   25.5    1.0
3781 |   255 |    4313 |    7072     508    7072 |    1015     508    1015 |    0.2   25.2    1.2
3782 |   255 |    4306 |    7068     507    7068 |    1014     507    1014 |    0.2   24.8    0.9
3783 |   255 |    2779 |    7076     506    7076 |    1014     506    1014 |    0.2   25.0    0.9
3784 |   255 |    4318 |    7078     507    7078 |    1014     507    1014 |    0.2   25.2    0.9
3785 |   254 |    4300 |    7079     506    7079 |    1013     506    1013 |    0.4   25.6    1.0
3786 |   254 |    2770 |    7071     506    7071 |    1012     506    1012 |    0.2   25.9    0.9
3787 |   255 |    3261 |    6043     506    6043 |    1012     506    1012 |    0.2   18.5    0.8
3788 |   255 |    4323 |    7099     508    7099 |    1016     508    1016 |    0.2   25.7    1.2
3789 |   255 |    2778 |    7082     507    7082 |    1014     507    1014 |    0.3   27.1    1.0
3790 |   255 |    4305 |    7074     507    7074 |    1013     507    1013 |    0.2   25.4    0.9
3791 |   255 |    2784 |    7080     508    7080 |    1016     508    1016 |    0.2   26.1    1.0
3792 |   255 |    4318 |    7085     507    7085 |    1015     507    1015 |    0.4   25.8    0.9
3793 |   255 |    2763 |    6045     506    6045 |    1013     506    1013 |    0.2   18.6    0.8
3794 |   255 |    3007 |    6067     506    6067 |    1012     506    1012 |    0.2   18.7    0.8
3795 |   255 |    4321 |    7090     507    7090 |    1015     508    1015 |    0.2   26.4    1.0
3796 |   255 |    4318 |    6086     507    6086 |    1015     508    1015 |    0.2   18.2    1.0
3797 |   255 |    4298 |    6076     507    6076 |    1014     507    1014 |    0.2   19.3    0.8
3798 |   255 |    3528 |    6073     507    6073 |    1013     507    1013 |    0.2   19.4    1.1
3799 |   255 |    4303 |    7073     506    7073 |    1014     507    1014 |    0.3   24.6    0.9
3800 |   255 |    4287 |    6064     506    6064 |    1013     506    1013 |    0.2   19.7    0.8
3801 |   255 |    4308 |    7081     507    7081 |    1014     507    1014 |    0.2   25.6    0.9
3802 |   255 |    4312 |    7076     507    7076 |    1015     507    1015 |    0.2   25.0    0.9
3803 |   255 |    4305 |    7077     507    7077 |    1015     507    1015 |    0.3   24.7    0.9
3804 |   255 |    3295 |    7083     508    7083 |    1015     508    1015 |    0.2   18.3    0.8
3805 |   255 |    4309 |    7082     507    7082 |    1015     507    1015 |    0.2   25.4    0.9
3806 |   254 |    3016 |    6056     505    6056 |    1012     506    1012 |    0.2   19.1    0.9
3807 |   255 |    4311 |    7071     507    7071 |    1014     507    1014 |    0.2   25.3    1.0
3808 |   255 |    4315 |    7085     507    7085 |    1014     507    1014 |    0.2   26.5    1.0
3809 |   255 |    4322 |    7073     509    7073 |    1017     509    1017 |    0.3   24.9    0.9
3810 |   254 |    4299 |    7059     506    7059 |    1013     506    1013 |    0.2   26.2    1.0
3811 |   254 |    4305 |    7073     506    7073 |    1013     506    1013 |    0.2   25.4    1.0
3812 |   255 |    4323 |    7093     507    7093 |    1015     507    1015 |    0.2   26.1    0.9
3813 |   255 |    4320 |    7087     507    7087 |    1015     507    1015 |    0.2   24.2    1.0
3814 |   254 |    2763 |    6054     506    6054 |    1013     506    1013 |    0.2   19.1    0.8
3815 |   255 |    4287 |    6062     506    6062 |    1013     506    1013 |    0.2   20.5    0.8
3816 |   254 |    2761 |    6052     506    6052 |    1012     506    1012 |    0.2   18.4    0.8
3817 |   254 |    3510 |    7028     507    7028 |    1014     507    1014 |    0.2   18.2    0.8
3818 |   255 |    4302 |    7069     506    7069 |    1013     506    1013 |    0.2   25.1    0.9
3819 |   255 |    4326 |    7097     507    7097 |    1015     507    1015 |    0.2   25.3    1.0
3820 |   255 |    4316 |    7080     507    7080 |    1014     507    1014 |    0.2   25.6    1.0
3821 |   255 |    4316 |    7091     508    7091 |    1015     508    1015 |    0.3   26.4    0.9
3822 |   255 |    4322 |    7081     509    7081 |    1017     509    1017 |    0.4   25.3    1.0
3823 |   255 |    4319 |    7094     508    7094 |    1015     508    1015 |    0.2   25.5    0.9
3824 |   254 |    4269 |    7016     505    7016 |    1011     505    1011 |    0.2   24.4    0.9
3825 |   255 |    4278 |    7007     506    7007 |    1013     506    1013 |    0.2   23.9    1.4
3826 |   255 |    4316 |    7092     507    7092 |    1015     508    1015 |    0.3   25.8    1.0
3827 |   255 |    4302 |    7048     506    7048 |    1014     506    1014 |    0.2   27.7    1.0
3828 |   255 |    3012 |    7075     508    7075 |    1015     508    1015 |    0.2   25.0    0.9
3829 |   255 |    3303 |    7094     508    7094 |    1016     508    1016 |    0.2   18.6    0.8
3830 |   253 |    4269 |    6033     505    6033 |    1010     505    1010 |    0.2   18.6    0.8
3831 |   255 |    4323 |    7074     509    7074 |    1018     509    1018 |    0.2   25.7    0.9
3832 |   255 |    4308 |    7087     507    7087 |    1014     507    1014 |    0.2   24.2    1.0
3833 |   254 |    4300 |    7069     506    7069 |    1013     506    1013 |    0.2   25.8    1.0
3834 |   255 |    3027 |    6074     507    6074 |    1014     507    1014 |    0.2   19.6    0.8
3835 |   255 |    4319 |    7090     507    7090 |    1014     507    1014 |    0.2   24.5    1.0
3836 |   255 |    4321 |    7098     507    7098 |    1015     508    1015 |    0.2   26.8    1.0
3837 |   255 |    2771 |    6062     507    6062 |    1013     507    1013 |    0.2   18.5    0.8
3838 |   254 |    3288 |    7037     509    7037 |    1018     509    1018 |    0.2   20.5    0.8
3839 |   255 |    4312 |    7083     508    7083 |    1016     508    1016 |    0.2   26.5    1.0
3840 |   255 |    4317 |    7085     507    7085 |    1013     507    1013 |    0.2   26.1    0.9
3841 |   254 |    4298 |    7072     506    7072 |    1012     506    1012 |    0.2   28.8    1.0
3842 |   254 |    4308 |    7081     507    7081 |    1014     507    1014 |    0.2   26.6    1.0
3843 |   255 |    4310 |    7082     507    7082 |    1015     507    1015 |    0.3   25.2    1.1
3844 |   255 |    4289 |    7032     505    7032 |    1013     505    1013 |    0.2   26.0    1.0
3845 |   254 |    4299 |    7066     506    7066 |    1012     506    1012 |    0.2   24.8    0.9
3846 |   255 |    3036 |    7090     508    7090 |    1015     508    1015 |    0.2   25.7    1.0
3847 |   255 |    4294 |    7043     506    7043 |    1013     506    1013 |    0.2   24.5    0.9
3848 |   255 |    4310 |    7084     507    7084 |    1014     507    1014 |    0.2   26.6    1.0
3849 |   255 |    4305 |    7084     506    7084 |    1014     507    1014 |    0.3   27.9    0.9
3850 |   255 |    3033 |    7074     509    7074 |    1018     509    1018 |    0.2   26.2    0.9
3851 |   255 |    3272 |    7056     507    7056 |    1013     506    1013 |    0.2   18.0    0.8
3852 |   253 |    4266 |    7012     505    7012 |    1011     505    1011 |    0.2   25.9    1.2
3853 |   255 |    4312 |    7074     507    7074 |    1014     507    1014 |    0.3   25.9    0.9
3854 |   255 |    4328 |    7091     508    7091 |    1016     508    1016 |    0.2   26.7    1.0
3855 |   255 |    3022 |    6061     506    6061 |    1013     506    1013 |    0.2   18.8    0.8
3856 |   253 |    4262 |    6020     505    6020 |    1011     505    1011 |    0.2   18.1    0.9
3857 |   255 |    4308 |    7081     507    7081 |    1014     507    1014 |    0.2   25.1    0.9
3858 |   255 |    4323 |    7094     508    7094 |    1016     508    1016 |    0.2   24.5    0.9
3859 |   255 |    4324 |    7089     507    7089 |    1015     507    1015 |    0.2   26.2    1.0
3860 |   255 |    4322 |    7087     508    7087 |    1017     508    1017 |    0.2   26.1    1.0
3861 |   255 |    4308 |    7073     506    7073 |    1013     506    1013 |    0.3   26.5    0.9
3862 |   255 |    4313 |    7080     507    7080 |    1014     507    1014 |    0.2   26.1    1.1
3863 |   255 |    4308 |    7081     507    7081 |    1015     507    1015 |    0.3   25.5    0.9
3864 |   255 |    4317 |    7082     507    7082 |    1015     507    1015 |    0.2   26.3    1.0
3865 |   255 |    4303 |    7079     507    7079 |    1014     507    1014 |    0.2   24.3    0.9
3866 |   253 |    4288 |    6064     506    6064 |    1011     506    1011 |    0.2   18.9    0.8
3867 |   255 |    4307 |    7073     506    7073 |    1015     507    1015 |    0.2   25.6    0.9
3868 |   255 |    3547 |    7056     509    7056 |    1018     509    1018 |    0.2   19.5    0.8
3869 |   255 |    4317 |    7087     508    7087 |    1015     508    1015 |    0.2   25.8    0.9
3870 |   254 |    4305 |    7074     506    7074 |    1014     507    1014 |    0.2   25.6    1.0
3871 |   255 |    4314 |    7085     508    7085 |    1015     508    1015 |    0.2   25.0    0.9
3872 |   254 |    3021 |    6061     506    6061 |    1012     506    1012 |    0.2   18.9    0.9
3873 |   254 |    4275 |    7027     505    7027 |    1011     505    1011 |    0.3   25.1    0.9
3874 |   255 |    4319 |    7092     508    7092 |    1015     508    1015 |    0.2   25.7    1.1
3875 |   253 |    4225 |    6000     505    6000 |    1010     505    1010 |    0.2   17.6    0.8
3876 |   255 |    4292 |    7052     506    7052 |    1012     506    1012 |    0.2   24.5    0.9
3877 |   254 |    4293 |    6068     506    6068 |    1012     506    1012 |    0.2   19.2    0.8
3878 |   251 |    4256 |    6025     505    6025 |    1010     505    1010 |    0.2   18.2    0.8
3879 |   255 |    4302 |    7078     506    7078 |    1014     507    1014 |    0.2   25.8    1.2
3880 |   255 |    4320 |    7085     507    7085 |    1014     507    1014 |    0.2   29.4    0.9
3881 |   255 |    2791 |    6085     508    6085 |    1016     508    1016 |    0.2   19.1    0.8
3882 |   254 |    4306 |    7073     507    7073 |    1014     507    1014 |    0.2   25.9    0.9
3883 |   255 |    3547 |    7075     507    7075 |    1014     507    1014 |    0.2   18.9    0.8
3884 |   255 |    4314 |    7083     507    7083 |    1014     507    1014 |    0.2   26.0    0.9
3885 |   255 |    4306 |    7072     506    7072 |    1013     506    1013 |    0.2   25.9    0.9
3886 |   255 |    4327 |    7092     508    7092 |    1017     508    1017 |    0.2   25.5    1.2
3887 |   254 |    4303 |    7069     507    7069 |    1014     507    1014 |    0.2   24.5    1.0
3888 |   255 |    4321 |    7087     508    7087 |    1017     508    1017 |    0.2   25.2    0.9
3889 |   255 |    4296 |    7057     506    7057 |    1013     506    1013 |    0.2   26.0    0.9
3890 |   255 |    3486 |    5998     507    5998 |    1014     507    1014 |    0.2   18.4    1.0
3891 |   255 |    4326 |    7092     509    7092 |    1017     508    1017 |    0.3   26.4    0.9
3892 |   255 |    4311 |    7083     507    7083 |    1015     507    1015 |    0.2   26.8    1.0
3893 |   254 |    3276 |    6067     506    6067 |    1012     506    1012 |    0.3   19.4    0.8
3894 |   255 |    4309 |    7075     507    7075 |    1013     507    1013 |    0.2   26.3    1.0
3895 |   255 |    4312 |    7073     507    7073 |    1014     507    1014 |    0.3   27.8    1.1
3896 |   252 |    4272 |    6040     507    6040 |    1015     507    1015 |    0.2   19.5    0.8
3897 |   255 |    4308 |    6076     507    6076 |    1013     507    1013 |    0.2   18.5    1.0
3898 |   255 |    4326 |    7098     508    7098 |    1015     508    1015 |    0.2   25.8    1.0
3899 |   254 |    4303 |    7076     507    7076 |    1014     507    1014 |    0.2   25.4    1.0
3900 |   254 |    4286 |    6060     505    6060 |    1012     506    1012 |    0.2   19.2    0.9
3901 |   255 |    4318 |    7088     507    7088 |    1014     507    1014 |    0.2   27.0    1.0
3902 |   255 |    4260 |    6040     506    6040 |    1013     506    1013 |    0.2   18.8    0.8
3903 |   255 |    4324 |    7095     507    7095 |    1015     507    1015 |    0.2   25.9    0.9
3904 |   255 |    3006 |    6031     506    6031 |    1013     506    1013 |    0.2   18.7    0.8
3905 |   255 |    2767 |    6052     506    6052 |    1012     506    1012 |    0.2   19.0    0.8
3906 |   255 |    4313 |    7078     508    7078 |    1016     508    1016 |    0.2   24.9    1.1
3907 |   255 |    4314 |    7081     507    7081 |    1013     507    1013 |    0.3   28.1    1.0
3908 |   254 |    2766 |    6054     506    6054 |    1012     506    1012 |    0.2   19.3    0.9
3909 |   255 |    4309 |    7062     507    7062 |    1014     507    1014 |    0.2   27.8    1.2
3910 |   255 |    4300 |    7075     506    7075 |    1014     507    1014 |    0.3   27.6    1.0
3911 |   255 |    3290 |    7065     508    7065 |    1015     508    1015 |    0.2   19.0    0.8
3912 |   255 |    4316 |    7084     507    7084 |    1015     508    1015 |    0.2   26.1    1.0
3913 |   255 |    4290 |    7058     507    7058 |    1015     507    1015 |    0.3   19.6    0.8
3914 |   255 |    4319 |    7095     508    7095 |    1016     508    1016 |    0.2   24.4    1.0
3915 |   255 |    4305 |    7058     506    7058 |    1014     506    1014 |    0.2   23.6    0.9
3916 |   254 |    4312 |    7078     508    7078 |    1015     508    1015 |    0.2   26.7    0.9
3917 |   255 |    2761 |    6045     507    6045 |    1014     507    1014 |    0.2   18.1    0.8
3918 |   255 |    4308 |    6074     507    6074 |    1013     507    1013 |    0.2   19.9    0.8
3919 |   254 |    4274 |    6050     505    6050 |    1012     505    1012 |    0.2   18.1    1.1
3920 |   255 |    4314 |    7090     507    7090 |    1015     507    1015 |    0.2   26.5    1.0
3921 |   255 |    2770 |    6062     506    6062 |    1013     506    1013 |    0.2   18.5    0.8
3922 |   255 |    4310 |    7090     507    7090 |    1014     507    1014 |    0.2   28.5    1.0
3923 |   254 |    4286 |    7057     505    7057 |    1011     505    1011 |    0.2   27.3    0.9
3924 |   255 |    4311 |    7091     507    7091 |    1015     508    1015 |    0.2   25.5    1.1
3925 |   255 |    4308 |    7072     506    7072 |    1013     507    1013 |    0.3   25.8    1.1
3926 |   255 |    3546 |    7073     507    7073 |    1016     507    1016 |    0.2   19.3    0.9
3927 |   255 |    4296 |    6071     507    6071 |    1014     507    1014 |    0.2   17.6    0.8
3928 |   255 |    2780 |    7083     507    7083 |    1014     507    1014 |    0.2   25.8    0.9
3929 |   255 |    2786 |    7089     508    7089 |    1016     508    1016 |    0.2   25.6    1.0
3930 |   253 |    4284 |    6062     506    6062 |    1011     506    1011 |    0.2   18.1    0.9
3931 |   255 |    4320 |    7087     508    7087 |    1016     508    1016 |    0.2   25.1    1.1
3932 |   254 |    2757 |    6030     506    6030 |    1012     506    1012 |    0.2   18.3    0.8
3933 |   255 |    4308 |    7085     507    7085 |    1014     507    1014 |    0.2   26.5    1.0
3934 |   255 |    4311 |    7080     507    7080 |    1014     507    1014 |    0.2   25.9    1.0
3935 |   255 |    3020 |    6062     506    6062 |    1013     506    1013 |    0.2   18.9    0.8
3936 |   255 |    4316 |    7075     508    7075 |    1015     508    1015 |    0.2   25.1    1.0
3937 |   255 |    3034 |    7087     507    7087 |    1015     508    1015 |    0.2   25.1    1.1
3938 |   255 |    4307 |    7056     508    7056 |    1016     508    1016 |    0.2   26.2    1.0
3939 |   255 |    4318 |    7089     508    7089 |    1015     508    1015 |    0.2   25.5    1.0
3940 |   255 |    4327 |    7087     508    7087 |    1017     508    1017 |    0.2   26.1    1.2
3941 |   255 |    3286 |    7060     508    7060 |    1015     508    1015 |    0.3   19.4    0.9
3942 |   254 |    4312 |    7084     507    7084 |    1014     507    1014 |    0.2   27.7    1.0
3943 |   252 |    2982 |    5987     505    5987 |    1010     505    1010 |    0.2   17.0    0.7
3944 |   255 |    4319 |    7078     508    7078 |    1016     508    1016 |    0.2   24.9    1.0
3945 |   254 |    4278 |    7041     505    7041 |    1011     505    1011 |    0.2   24.4    0.9
3946 |   254 |    3541 |    7074     508    7074 |    1015     508    1015 |    0.2   25.7    0.9
3947 |   255 |    4314 |    7083     508    7083 |    1015     508    1015 |    0.2   24.6    0.9
3948 |   255 |    3299 |    7087     507    7087 |    1015     508    1015 |    0.2   24.8    1.0
3949 |   255 |    4315 |    7079     507    7079 |    1014     507    1014 |    0.2   24.6    1.0
3950 |   255 |    4313 |    7088     507    7088 |    1015     507    1015 |    0.2   25.4    1.0
3951 |   255 |    2787 |    7082     508    7082 |    1016     508    1016 |    0.2   26.6    1.1
3952 |   255 |    3806 |    7059     508    7059 |    1017     508    1017 |    0.3   18.9    0.8
3953 |   255 |    4303 |    7066     506    7066 |    1013     506    1013 |    0.2   23.9    1.0
3954 |   255 |    4283 |    6056     507    6056 |    1014     507    1014 |    0.2   18.7    0.8
3955 |   255 |    4299 |    7078     507    7078 |    1014     507    1014 |    0.2   26.0    1.0
3956 |   253 |    3000 |    7036     507    7036 |    1015     507    1015 |    0.2   18.3    0.8
3957 |   255 |    2784 |    7083     508    7083 |    1015     508    1015 |    0.2   26.7    1.0
3958 |   254 |    3017 |    6061     506    6061 |    1012     506    1012 |    0.2   19.0    0.8
3959 |   255 |    4324 |    7083     508    7083 |    1016     508    1016 |    0.2   25.6    1.0
3960 |   254 |    4288 |    6064     506    6064 |    1012     506    1012 |    0.2   18.7    1.0
3961 |   254 |    4290 |    7053     505    7053 |    1012     505    1012 |    0.2   25.1    1.0
3962 |   255 |    4327 |    7094     508    7094 |    1017     508    1017 |    0.2   25.1    0.9
3963 |   255 |    2794 |    7088     507    7088 |    1015     507    1015 |    0.2   19.3    0.8
3964 |   255 |    4321 |    7082     508    7082 |    1017     508    1017 |    0.2   26.0    1.0
3965 |   255 |    4302 |    7067     506    7067 |    1012     506    1012 |    0.2   25.7    0.9
3966 |   255 |    4312 |    6078     507    6078 |    1014     507    1014 |    0.2   19.0    0.8
3967 |   255 |    4320 |    7095     507    7095 |    1015     507    1015 |    0.2   27.3    1.0
3968 |   253 |    4271 |    7036     506    7036 |    1013     506    1013 |    0.2   26.0    0.9
3969 |   255 |    4318 |    7085     507    7085 |    1015     507    1015 |    0.2   25.5    1.0
3970 |   254 |    4282 |    7045     505    7045 |    1011     505    1011 |    0.2   26.7    1.0
3971 |   255 |    4320 |    7093     507    7093 |    1015     507    1015 |    0.2   24.8    1.0
3972 |   255 |    3303 |    7081     508    7081 |    1017     508    1017 |    0.3   17.7    0.8
3973 |   254 |    4303 |    6073     506    6073 |    1013     506    1013 |    0.2   19.0    0.9
3974 |   255 |    4311 |    7078     507    7078 |    1015     507    1015 |    0.2   25.1    0.9
3975 |   255 |    4299 |    7081     507    7081 |    1013     507    1013 |    0.2   26.0    1.2
3976 |   255 |    4310 |    7075     506    7075 |    1013     506    1013 |    0.3   27.4    0.9
3977 |   255 |    4319 |    7079     508    7079 |    1015     508    1015 |    0.2   25.2    0.9
3978 |   255 |    4315 |    7085     507    7085 |    1015     507    1015 |    0.2   25.2    1.0
3979 |   255 |    2801 |    7067     508    7067 |    1021     509    1021 |    0.2   19.0    0.8
3980 |   254 |    4286 |    7040     506    7040 |    1014     506    1014 |    0.2   24.3    0.9
3981 |   255 |    4322 |    7093     508    7093 |    1015     508    1015 |    0.2   27.2    1.0
3982 |   255 |    2791 |    7093     507    7093 |    1015     508    1015 |    0.3   26.7    1.0
3983 |   255 |    3271 |    7070     506    7070 |    1013     506    1013 |    0.2   23.9    0.9
3984 |   254 |    4294 |    7073     506    7073 |    1013     506    1013 |    0.2   25.1    1.0
3985 |   253 |    4276 |    6048     505    6048 |    1010     505    1010 |    0.2   18.4    0.9
3986 |   255 |    4287 |    6062     506    6062 |    1013     506    1013 |    0.3   18.2    0.8
3987 |   254 |    3271 |    6068     506    6068 |    1012     506    1012 |    0.2   17.6    0.8
3988 |   255 |    4315 |    7089     507    7089 |    1015     507    1015 |    0.2   26.4    1.0
3989 |   255 |    4308 |    7083     507    7083 |    1014     507    1014 |    0.2   27.7    1.3
3990 |   255 |    4321 |    7086     508    7086 |    1017     509    1017 |    0.3   27.5    0.9
3991 |   254 |    2994 |    6013     506    6013 |    1012     506    1012 |    0.2   18.0    0.8
3992 |   254 |    4299 |    7071     506    7071 |    1013     506    1013 |    0.2   25.0    1.2
3993 |   255 |    3282 |    7054     506    7054 |    1012     506    1012 |    0.3   18.2    0.8
3994 |   255 |    4300 |    7078     506    7078 |    1015     507    1015 |    0.2   24.2    0.9
3995 |   255 |    3282 |    7074     506    7074 |    1012     506    1012 |    0.2   19.8    0.8
3996 |   254 |    4285 |    6052     505    6052 |    1011     505    1011 |    0.2   18.8    1.0
3997 |   255 |    3012 |    6060     507    6060 |    1013     506    1013 |    0.2   18.5    0.8
3998 |   255 |    4285 |    7028     505    7028 |    1013     505    1013 |    0.2   24.8    1.0
3999 |   255 |    4311 |    7081     506    7081 |    1013     506    1013 |    0.2   26.1    1.3
4000 |   255 |    3282 |    7058     508    7058 |    1017     508    1017 |    0.2   18.9    0.8
4001 |   255 |    4314 |    7076     508    7076 |    1015     508    1015 |    0.2   25.2    1.2
4002 |   255 |    4324 |    7091     507    7091 |    1016     507    1016 |    0.2   25.3    1.0
4003 |   255 |    4318 |    7077     508    7077 |    1015     508    1015 |    0.2   24.6    1.0
4004 |   254 |    4299 |    7071     506    7071 |    1013     506    1013 |    0.2   25.5    1.0
4005 |   255 |    3295 |    7048     509    7048 |    1018     509    1018 |    0.2   18.6    0.8
4006 |   255 |    4289 |    6066     507    6066 |    1013     507    1013 |    0.2   19.4    0.8
4007 |   255 |    4327 |    7096     508    7096 |    1016     508    1016 |    0.2   27.8    1.3
4008 |   252 |    4267 |    6037     505    6037 |    1010     505    1010 |    0.3   21.6    0.9
4009 |   255 |    4298 |    7080     507    7080 |    1013     506    1013 |    0.2   18.6    0.8
4010 |   255 |    2792 |    7085     509    7085 |    1017     509    1017 |    0.2   25.8    1.1
4011 |   254 |    4285 |    7048     509    7048 |    1018     509    1018 |    0.2   24.6    0.9
4012 |   255 |    2784 |    7082     507    7082 |    1014     507    1014 |    0.2   25.2    1.0
4013 |   255 |    3010 |    7051     506    7051 |    1012     506    1012 |    0.2   19.6    0.8
4014 |   255 |    4323 |    7071     508    7071 |    1016     508    1016 |    0.2   26.0    1.2
4015 |   255 |    4311 |    7079     507    7079 |    1014     507    1014 |    0.3   26.5    0.9
4016 |   255 |    4295 |    6074     507    6074 |    1013     507    1013 |    0.2   18.2    0.8
4017 |   254 |    4310 |    7082     507    7082 |    1014     507    1014 |    0.2   25.1    1.0
4018 |   255 |    3299 |    7089     509    7089 |    1017     509    1017 |    0.3   26.8    0.9
4019 |   255 |    4311 |    7074     508    7074 |    1017     508    1017 |    0.2   19.7    0.9
4020 |   255 |    4292 |    6068     507    6068 |    1013     507    1013 |    0.2   19.4    0.8
4021 |   255 |    4327 |    7092     508    7092 |    1016     508    1016 |    0.2   26.2    0.9
4022 |   254 |    4301 |    7077     506    7077 |    1012     506    1012 |    0.2   26.4    1.2
4023 |   255 |    3032 |    7055     508    7055 |    1015     508    1015 |    0.4   18.8    0.8
4024 |   255 |    4319 |    7074     507    7074 |    1015     507    1015 |    0.2   26.8    0.9
4025 |   255 |    3529 |    7048     507    7048 |    1014     507    1014 |    0.2   19.2    0.8
4026 |   254 |    4298 |    7072     507    7072 |    1014     507    1014 |    0.2   25.5    1.0
4027 |   255 |    4324 |    7091     508    7091 |    1016     508    1016 |    0.2   26.3    1.0
4028 |   254 |    4298 |    6072     506    6072 |    1012     506    1012 |    0.2   19.6    0.8
4029 |   254 |    4312 |    7081     507    7081 |    1014     507    1014 |    0.2   25.9    0.9
4030 |   255 |    2774 |    6071     507    6071 |    1013     506    1013 |    0.2   19.7    0.8
4031 |   255 |    4316 |    7084     507    7084 |    1016     507    1016 |    0.2   25.7    1.0
4032 |   255 |    4324 |    7088     508    7088 |    1016     508    1016 |    0.3   25.3    0.9
4033 |   253 |    3004 |    6032     505    6032 |    1010     505    1010 |    0.2   20.0    1.0
4034 |   254 |    4272 |    7004     505    7004 |    1012     506    1012 |    0.2   27.1    1.3
4035 |   255 |    4325 |    7080     509    7080 |    1017     509    1017 |    0.2   26.4    1.0
4036 |   255 |    4316 |    7076     507    7076 |    1014     507    1014 |    0.3   24.7    0.9
4037 |   255 |    4320 |    7083     508    7083 |    1016     508    1016 |    0.2   25.3    0.9
4038 |   255 |    3008 |    6043     506    6043 |    1013     507    1013 |    0.2   20.0    0.8
4039 |   255 |    4319 |    7080     508    7080 |    1017     508    1017 |    0.2   26.2    0.9
4040 |   255 |    4318 |    7073     509    7073 |    1017     509    1017 |    0.2   25.1    1.0
4041 |   255 |    4294 |    7077     507    7077 |    1013     506    1013 |    0.2   25.4    1.3
4042 |   254 |    2777 |    7075     506    7075 |    1013     506    1013 |    0.3   25.8    1.0
4043 |   255 |    4326 |    7090     508    7090 |    1016     508    1016 |    0.2   25.5    1.0
4044 |   255 |    4311 |    7083     508    7083 |    1017     508    1017 |    0.2   27.3    1.0
4045 |   255 |    4308 |    7072     506    7072 |    1013     506    1013 |    0.2   24.6    0.9
4046 |   254 |    4304 |    7079     507    7079 |    1014     507    1014 |    0.2   25.5    1.0
4047 |   255 |    4322 |    7093     507    7093 |    1015     507    1015 |    0.2   26.0    0.9
4048 |   255 |    4305 |    7075     507    7075 |    1014     507    1014 |    0.2   26.0    1.0
4049 |   254 |    4294 |    7059     507    7059 |    1014     507    1014 |    0.2   19.4    0.8
4050 |   255 |    4319 |    7093     508    7093 |    1015     508    1015 |    0.2   26.7    1.0
4051 |   254 |    4309 |    7073     507    7073 |    1014     507    1014 |    0.2   25.7    1.0
4052 |   255 |    4308 |    7088     507    7088 |    1014     507    1014 |    0.2   25.7    1.1
4053 |   254 |    4294 |    7074     507    7074 |    1013     507    1013 |    0.3   25.6    0.9
4054 |   255 |    4313 |    7071     507    7071 |    1014     507    1014 |    0.2   25.0    1.0
4055 |   254 |    4308 |    7079     506    7079 |    1014     506    1014 |    0.3   25.1    1.2
4056 |   255 |    4324 |    7093     508    7093 |    1016     508    1016 |    0.3   26.4    1.0
4057 |   255 |    3271 |    6065     506    6065 |    1012     506    1012 |    0.2   18.4    0.9
4058 |   255 |    4318 |    7082     507    7082 |    1014     507    1014 |    0.2   25.6    1.0
4059 |   255 |    4292 |    7043     506    7043 |    1012     506    1012 |    0.2   27.0    1.0
4060 |   255 |    4318 |    7093     508    7093 |    1015     508    1015 |    0.2   25.9    1.0
4061 |   255 |    4315 |    7089     507    7089 |    1014     507    1014 |    0.2   26.2    1.0
4062 |   254 |    4276 |    6051     506    6051 |    1012     506    1012 |    0.2   19.5    0.9
4063 |   254 |    4296 |    7067     506    7067 |    1012     506    1012 |    0.2   25.9    0.9
4064 |   255 |    2783 |    7078     507    7078 |    1014     507    1014 |    0.2   27.3    0.9
4065 |   254 |    4300 |    7071     506    7071 |    1012     506    1012 |    0.2   25.6    0.9
4066 |   255 |    4282 |    6060     506    6060 |    1013     506    1013 |    0.2   18.2    0.8
4067 |   254 |    4258 |    6999     505    6999 |    1012     505    1012 |    0.2   24.8    0.9
4068 |   255 |    4320 |    7083     507    7083 |    1015     507    1015 |    0.2   26.6    1.0
4069 |   255 |    4320 |    7091     508    7091 |    1015     508    1015 |    0.2   25.5    0.9
4070 |   255 |    4313 |    7080     507    7080 |    1014     507    1014 |    0.2   25.8    1.0
4071 |   255 |    4322 |    7082     508    7082 |    1016     508    1016 |    0.2   24.9    0.9
4072 |   255 |    4302 |    6075     507    6075 |    1014     507    1014 |    0.2   18.0    0.8
4073 |   255 |    4305 |    7076     506    7076 |    1013     506    1013 |    0.2   26.0    1.0
4074 |   254 |    3000 |    6021     506    6021 |    1012     506    1012 |    0.2   19.3    0.8
4075 |   255 |    4316 |    7079     508    7079 |    1017     508    1017 |    0.2   25.0    1.0
4076 |   255 |    4302 |    7081     507    7081 |    1015     507    1015 |    0.2   26.2    1.0
4077 |   255 |    4323 |    7090     507    7090 |    1015     507    1015 |    0.2   26.3    1.0
4078 |   255 |    4318 |    7084     507    7084 |    1014     507    1014 |    0.2   24.8    1.0
4079 |   255 |    4321 |    7080     508    7080 |    1016     508    1016 |    0.2   26.1    0.9
4080 |   255 |    4251 |    6026     506    6026 |    1013     506    1013 |    0.2   17.7    0.8
4081 |   255 |    4306 |    7080     507    7080 |    1015     507    1015 |    0.2   24.0    0.9
4082 |   255 |    4285 |    6035     506    6035 |    1012     506    1012 |    0.2   18.8    0.8
4083 |   255 |    4301 |    7068     507    7068 |    1013     507    1013 |    0.2   25.5    0.9
4084 |   255 |    4302 |    7070     506    7070 |    1012     506    1012 |    0.2   25.6    1.0
4085 |   254 |    3012 |    6065     506    6065 |    1012     506    1012 |    0.2   19.0    1.0
4086 |   255 |    4316 |    7083     507    7083 |    1014     507    1014 |    0.2   25.4    1.0
4087 |   255 |    4319 |    7086     507    7086 |    1014     507    1014 |    0.2   25.4    1.0
4088 |   255 |    4308 |    7079     507    7079 |    1014     507    1014 |    0.3   25.7    0.9
4089 |   255 |    4311 |    7083     508    7083 |    1015     508    1015 |    0.2   26.7    0.9
4090 |   255 |    3033 |    7084     507    7084 |    1015     508    1015 |    0.2   25.5    1.0
4091 |   253 |    4279 |    7043     506    7043 |    1012     506    1012 |    0.2   19.4    0.8
4092 |   255 |    4319 |    7090     508    7090 |    1015     508    1015 |    0.2   27.2    1.0
4093 |   255 |    4316 |    7088     507    7088 |    1014     507    1014 |    0.2   25.3    0.9
4094 |   255 |    4309 |    7076     506    7076 |    1014     506    1014 |    0.2   25.9    1.0
4095 |   252 |    2756 |    6046     505    6046 |    1010     505    1010 |    0.2   19.1    0.8
4096 |   255 |    4311 |    7082     507    7082 |    1014     507    1014 |    0.2   25.5    1.0
4097 |   255 |    4308 |    7072     506    7072 |    1013     506    1013 |    0.2   24.8    0.9
4098 |   255 |    4309 |    7067     506    7067 |    1013     506    1013 |    0.2   26.0    1.0
4099 |   255 |    2777 |    7077     507    7077 |    1014     507    1014 |    0.3   26.5    0.9
4100 |   255 |    3273 |    6061     507    6061 |    1013     507    1013 |    0.2   18.2    0.9
4101 |   255 |    4323 |    7089     508    7089 |    1017     508    1017 |    0.3   32.3    1.3
4102 |   253 |    4285 |    6060     505    6060 |    1010     505    1010 |    0.3   20.3    0.8
4103 |   255 |    3548 |    7077     507    7077 |    1015     507    1015 |    0.2   19.6    0.8
4104 |   255 |    4317 |    7095     507    7095 |    1015     507    1015 |    0.2   24.5    0.9
4105 |   255 |    4315 |    7086     508    7086 |    1016     508    1016 |    0.2   27.3    1.2
4106 |   255 |    4296 |    7040     506    7040 |    1013     506    1013 |    0.3   24.8    0.9
4107 |   255 |    3018 |    6063     506    6063 |    1013     506    1013 |    0.2   19.4    0.8
4108 |   255 |    4314 |    7078     507    7078 |    1014     507    1014 |    0.2   27.1    1.2
4109 |   255 |    4328 |    7100     507    7100 |    1015     508    1015 |    0.3   25.9    1.0
4110 |   255 |    4319 |    7091     507    7091 |    1015     507    1015 |    0.2   25.5    1.1
4111 |   254 |    4297 |    7073     506    7073 |    1012     506    1012 |    0.2   27.8    1.0
4112 |   254 |    4302 |    7070     506    7070 |    1014     507    1014 |    0.2   25.0    0.9
4113 |   255 |    4320 |    7083     508    7083 |    1016     508    1016 |    0.2   27.4    0.9
4114 |   254 |    4282 |    7042     506    7042 |    1014     506    1014 |    0.2   26.5    0.9
4115 |   255 |    4315 |    7087     508    7087 |    1017     508    1017 |    0.2   25.4    0.9
4116 |   255 |    4311 |    7071     507    7071 |    1013     507    1013 |    0.2   26.5    1.0
4117 |   255 |    3023 |    6058     507    6058 |    1013     507    1013 |    0.2   18.2    0.8
4118 |   255 |    4321 |    7091     507    7091 |    1014     507    1014 |    0.2   26.1    0.9
4119 |   255 |    4308 |    6075     507    6075 |    1016     507    1016 |    0.3   18.9    0.8
4120 |   255 |    4300 |    6074     507    6074 |    1014     507    1014 |    0.2   18.6    0.8
4121 |   255 |    4325 |    7083     509    7083 |    1018     509    1018 |    0.2   25.3    0.9
4122 |   254 |    3790 |    7055     507    7055 |    1014     507    1014 |    0.2   19.0    0.9
4123 |   255 |    4313 |    7081     508    7081 |    1016     508    1016 |    0.2   26.1    1.0
4124 |   255 |    4316 |    7089     507    7089 |    1015     507    1015 |    0.2   28.3    0.9
4125 |   255 |    2770 |    6063     506    6063 |    1013     506    1013 |    0.2   19.6    0.8
4126 |   255 |    4310 |    7085     507    7085 |    1014     507    1014 |    0.3   26.8    1.0
4127 |   253 |    4269 |    7033     505    7033 |    1011     505    1011 |    0.2   25.5    1.0
4128 |   255 |    4324 |    7090     508    7090 |    1017     508    1017 |    0.2   25.3    1.0
4129 |   255 |    4309 |    7067     507    7067 |    1014     507    1014 |    0.2   27.4    1.0
4130 |   255 |    4316 |    7079     508    7079 |    1016     508    1016 |    0.3   25.6    1.0
4131 |   255 |    3029 |    7085     507    7085 |    1014     507    1014 |    0.2   25.4    0.9
4132 |   255 |    3027 |    7081     508    7081 |    1015     508    1015 |    0.2   27.6    0.9
4133 |   255 |    4290 |    7043     506    7043 |    1012     505    1012 |    0.2   23.8    0.9
4134 |   255 |    4315 |    7092     508    7092 |    1015     508    1015 |    0.2   26.6    1.0
4135 |   255 |    4282 |    6067     506    6067 |    1012     506    1012 |    0.2   19.7    0.8
4136 |   255 |    4316 |    7081     509    7081 |    1018     509    1018 |    0.2   24.9    1.0
4137 |   255 |    4309 |    7075     506    7075 |    1013     506    1013 |    0.2   25.9    0.9
4138 |   255 |    4312 |    7081     507    7081 |    1015     507    1015 |    0.2   25.2    0.9
4139 |   253 |    4260 |    6035     505    6035 |    1011     505    1011 |    0.2   18.3    0.8
4140 |   253 |    4281 |    6053     505    6053 |    1011     505    1011 |    0.2   18.6    0.8
4141 |   255 |    3016 |    7074     506    7074 |    1014     507    1014 |    0.2   25.5    0.9
4142 |   255 |    3275 |    6057     507    6057 |    1014     507    1014 |    0.2   19.4    0.8
4143 |   255 |    4318 |    7080     508    7080 |    1016     508    1016 |    0.2   25.4    1.0
4144 |   255 |    4321 |    7092     507    7092 |    1015     508    1015 |    0.2   26.7    1.0
4145 |   255 |    4304 |    7062     506    7062 |    1013     506    1013 |    0.2   25.9    1.0
4146 |   255 |    4302 |    7081     506    7081 |    1014     507    1014 |    0.2   25.0    1.2
4147 |   255 |    4307 |    7071     506    7071 |    1013     506    1013 |    0.3   26.7    0.9
4148 |   255 |    4317 |    7077     508    7077 |    1017     508    1017 |    0.2   25.9    1.0
4149 |   255 |    4319 |    7094     508    7094 |    1016     508    1016 |    0.2   25.7    1.0
4150 |   255 |    4302 |    7074     507    7074 |    1013     507    1013 |    0.2   25.7    0.9
4151 |   254 |    4303 |    7071     506    7071 |    1013     506    1013 |    0.2   24.9    0.9
4152 |   255 |    4320 |    7083     508    7083 |    1016     508    1016 |    0.2   26.9    1.0
4153 |   255 |    4312 |    7071     507    7071 |    1015     507    1015 |    0.2   26.9    1.0
4154 |   255 |    4307 |    7071     506    7071 |    1013     506    1013 |    0.2   25.6    0.9
4155 |   255 |    4310 |    7084     508    7084 |    1016     508    1016 |    0.2   26.4    1.0
4156 |   255 |    4303 |    7052     506    7052 |    1014     506    1014 |    0.2   26.7    1.0
4157 |   255 |    4320 |    7093     507    7093 |    1015     507    1015 |    0.2   25.7    1.0
4158 |   255 |    4317 |    7079     506    7079 |    1016     508    1016 |    0.2   24.6    0.9
4159 |   255 |    4313 |    7084     507    7084 |    1015     507    1015 |    0.3   25.9    0.9
4160 |   255 |    3292 |    7084     507    7084 |    1015     508    1015 |    0.2   20.1    0.8
4161 |   254 |    4291 |    7059     505    7059 |    1012     505    1012 |    0.2   26.5    1.0
4162 |   253 |    4291 |    7067     505    7067 |    1011     505    1011 |    0.2   24.9    0.9
4163 |   255 |    4313 |    7080     507    7080 |    1014     507    1014 |    0.2   26.2    1.0
4164 |   255 |    4309 |    7078     507    7078 |    1014     507    1014 |    0.2   25.0    0.9
4165 |   255 |    3557 |    7073     509    7073 |    1017     509    1017 |    0.2   18.1    0.8
4166 |   255 |    4307 |    7077     506    7077 |    1014     507    1014 |    0.2   24.4    0.9
4167 |   255 |    4314 |    7089     507    7089 |    1015     507    1015 |    0.2   26.2    1.1
4168 |   253 |    4288 |    7064     506    7064 |    1011     506    1011 |    0.2   27.2    1.0
4169 |   254 |    4301 |    7068     506    7068 |    1012     506    1012 |    0.2   25.2    0.9
4170 |   255 |    4320 |    7082     508    7082 |    1016     508    1016 |    0.2   25.1    0.9
4171 |   255 |    4292 |    6070     507    6070 |    1013     507    1013 |    0.3   18.3    0.8
4172 |   255 |    4314 |    7088     507    7088 |    1014     507    1014 |    0.2   25.0    1.0
4173 |   254 |    3533 |    7077     507    7077 |    1014     507    1014 |    0.2   25.0    1.0
4174 |   255 |    3543 |    7081     507    7081 |    1014     507    1014 |    0.2   26.2    0.9
4175 |   254 |    3020 |    6061     506    6061 |    1012     506    1012 |    0.2   21.4    1.0
4176 |   255 |    4312 |    7084     507    7084 |    1014     507    1014 |    0.3   25.0    0.9
4177 |   255 |    4305 |    7079     507    7079 |    1014     507    1014 |    0.2   26.5    1.0
4178 |   254 |    4305 |    7069     508    7069 |    1017     508    1017 |    0.2   25.4    0.9
4179 |   255 |    4320 |    6087     508    6087 |    1015     508    1015 |    0.2   19.8    0.8
4180 |   255 |    4313 |    7074     507    7074 |    1013     507    1013 |    0.2   27.9    1.0
4181 |   255 |    4314 |    7082     506    7082 |    1013     506    1013 |    0.3   29.6    0.9
4182 |   254 |    4285 |    6056     506    6056 |    1011     506    1011 |    0.3   18.8    0.8
4183 |   255 |    4306 |    7083     507    7083 |    1014     507    1014 |    0.2   27.7    1.0
4184 |   252 |    4270 |    6039     505    6039 |    1010     505    1010 |    0.2   19.0    0.8
4185 |   255 |    4300 |    7073     506    7073 |    1014     507    1014 |    0.2   26.3    1.1
4186 |   255 |    4328 |    7097     508    7097 |    1015     508    1015 |    0.3   27.6    1.2
4187 |   255 |    3017 |    6061     506    6061 |    1013     507    1013 |    0.3   19.3    0.8
4188 |   255 |    4321 |    7084     508    7084 |    1016     508    1016 |    0.2   26.8    1.0
4189 |   255 |    4306 |    7080     507    7080 |    1014     507    1014 |    0.2   30.6    1.5
4190 |   255 |    4303 |    7081     507    7081 |    1013     507    1013 |    0.3   29.3    1.0
4191 |   255 |    4313 |    7087     507    7087 |    1015     508    1015 |    0.2   26.6    1.0
4192 |   255 |    4316 |    7079     507    7079 |    1015     508    1015 |    0.3   26.1    1.1
4193 |   255 |    4319 |    7084     507    7084 |    1015     507    1015 |    0.3   26.4    0.9
4194 |   255 |    2785 |    7087     507    7087 |    1015     507    1015 |    0.2   26.2    1.0
4195 |   255 |    4302 |    7067     505    7067 |    1012     505    1012 |    0.2   27.4    1.2
4196 |   255 |    4303 |    7085     507    7085 |    1014     507    1014 |    0.3   27.1    1.0
4197 |   254 |    2793 |    7064     507    7064 |    1016     507    1016 |    0.2   19.7    0.8
4198 |   254 |    3787 |    7053     506    7053 |    1012     506    1012 |    0.3   18.8    1.1
4199 |   255 |    4305 |    7082     507    7082 |    1015     507    1015 |    0.3   28.4    0.9
4200 |   255 |    4293 |    6067     507    6067 |    1014     507    1014 |    0.2   18.9    0.8
4201 |   255 |    4288 |    6062     508    6062 |    1017     508    1017 |    0.2   21.8    0.9
4202 |   255 |    4323 |    6085     509    6085 |    1017     509    1017 |    0.3   22.1    1.1
4203 |   255 |    3280 |    7079     506    7079 |    1013     507    1013 |    0.3   27.6    1.0
4204 |   254 |    4307 |    7078     507    7078 |    1014     507    1014 |    0.2   30.6    1.0
4205 |   255 |    4288 |    6068     506    6068 |    1013     507    1013 |    0.2   21.0    0.8
4206 |   255 |    4316 |    7088     507    7088 |    1015     507    1015 |    0.2   26.4    1.0
4207 |   255 |    4318 |    7086     507    7086 |    1015     507    1015 |    0.2   28.3    1.1
4208 |   255 |    4320 |    7079     508    7079 |    1016     508    1016 |    0.2   28.5    1.3
4209 |   255 |    4314 |    7086     507    7086 |    1014     507    1014 |    0.3   26.8    1.1
4210 |   254 |    4303 |    7070     507    7070 |    1013     507    1013 |    0.2   27.8    0.9
4211 |   255 |    4321 |    7094     508    7094 |    1015     508    1015 |    0.2   27.7    1.0
4212 |   253 |    4290 |    7070     505    7070 |    1011     506    1011 |    0.2   28.4    1.4
4213 |   253 |    4289 |    6060     506    6060 |    1011     506    1011 |    0.3   19.5    0.8
4214 |   255 |    4323 |    7090     508    7090 |    1015     508    1015 |    0.3   26.1    1.0
4215 |   255 |    4306 |    7070     506    7070 |    1013     506    1013 |    0.2   27.4    1.1
4216 |   255 |    4312 |    7080     507    7080 |    1014     507    1014 |    0.2   25.9    1.4
4217 |   254 |    4306 |    7075     507    7075 |    1014     507    1014 |    0.4   26.6    1.3
4218 |   255 |    4300 |    7082     506    7082 |    1013     506    1013 |    0.5   30.6    1.0
4219 |   255 |    4321 |    7083     508    7083 |    1016     508    1016 |    0.2   26.5    0.9
4220 |   254 |    2781 |    7080     507    7080 |    1014     507    1014 |    0.2   26.2    1.1
4221 |   255 |    4317 |    7086     508    7086 |    1017     508    1017 |    0.3   26.2    1.1
4222 |   255 |    2746 |    6015     506    6015 |    1012     506    1012 |    0.2   18.7    0.8
4223 |   255 |    4314 |    7078     507    7078 |    1013     507    1013 |    0.2   25.2    0.9
4224 |   254 |    4298 |    7073     506    7073 |    1013     506    1013 |    0.2   29.4    1.2
4225 |   255 |    4314 |    7074     508    7074 |    1016     508    1016 |    0.3   29.4    1.0
4226 |   253 |    4292 |    7068     506    7068 |    1012     506    1012 |    0.3   25.2    1.0
4227 |   255 |    4308 |    7064     506    7064 |    1014     506    1014 |    0.2   25.4    0.9
4228 |   254 |    3018 |    7075     507    7075 |    1013     507    1013 |    0.3   25.1    0.9
4229 |   255 |    2774 |    7081     507    7081 |    1013     507    1013 |    0.2   23.6    0.9
4230 |   255 |    2771 |    6065     507    6065 |    1014     507    1014 |    0.2   20.0    0.8
4231 |   255 |    3539 |    7081     507    7081 |    1014     507    1014 |    0.2   26.0    0.9
4232 |   253 |    4278 |    7045     505    7045 |    1011     505    1011 |    0.2   25.0    0.9
4233 |   255 |    3545 |    7083     507    7083 |    1015     507    1015 |    0.2   18.6    0.8
4234 |   255 |    4294 |    7042     506    7042 |    1013     506    1013 |    0.2   25.7    1.0
4235 |   255 |    4301 |    7048     507    7048 |    1015     507    1015 |    0.3   24.8    1.0
4236 |   254 |    4292 |    7068     505    7068 |    1012     506    1012 |    0.2   26.8    1.0
4237 |   255 |    4328 |    7086     508    7086 |    1018     508    1018 |    0.2   24.9    0.9
4238 |   255 |    4305 |    7066     506    7066 |    1013     506    1013 |    0.2   25.9    1.0
4239 |   255 |    4323 |    7091     508    7091 |    1016     508    1016 |    0.2   27.0    1.0
4240 |   255 |    4318 |    7089     507    7089 |    1014     507    1014 |    0.2   27.1    1.0
4241 |   254 |    4302 |    7073     506    7073 |    1012     506    1012 |    0.2   26.5    1.0
4242 |   255 |    4281 |    6055     507    6055 |    1014     507    1014 |    0.3   20.0    1.1
4243 |   255 |    2782 |    7085     507    7085 |    1014     507    1014 |    0.3   25.0    0.9
4244 |   255 |    4302 |    7063     507    7063 |    1015     507    1015 |    0.2   23.9    1.0
4245 |   255 |    4317 |    7068     508    7068 |    1017     508    1017 |    0.3   20.8    0.8
4246 |   255 |    4292 |    7035     508    7035 |    1015     508    1015 |    0.3   24.6    1.0
4247 |   255 |    3815 |    7078     508    7078 |    1017     508    1017 |    0.2   18.4    0.8
4248 |   255 |    4306 |    7085     507    7085 |    1014     506    1014 |    0.2   25.4    0.9
4249 |   254 |    4300 |    7074     506    7074 |    1013     506    1013 |    0.2   25.9    0.9
4250 |   255 |    3286 |    7085     507    7085 |    1014     507    1014 |    0.2   25.8    0.9
4251 |   255 |    2760 |    6038     506    6038 |    1013     506    1013 |    0.2   19.2    1.0
4252 |   255 |    4293 |    7043     505    7043 |    1012     505    1012 |    0.3   25.7    1.0
4253 |   254 |    3014 |    6062     506    6062 |    1012     506    1012 |    0.2   19.3    1.0
4254 |   255 |    4291 |    6065     507    6065 |    1013     507    1013 |    0.2   18.6    0.8
4255 |   255 |    4314 |    7085     507    7085 |    1015     508    1015 |    0.2   25.1    0.9
4256 |   255 |    4327 |    7097     508    7097 |    1016     508    1016 |    0.2   25.8    1.0
4257 |   254 |    4292 |    7049     506    7049 |    1013     506    1013 |    0.2   25.2    1.0
4258 |   255 |    2780 |    7082     507    7082 |    1013     507    1013 |    0.3   25.9    0.9
4259 |   255 |    2787 |    7088     508    7088 |    1015     508    1015 |    0.2   25.1    0.9
4260 |   255 |    4291 |    6061     506    6061 |    1012     506    1012 |    0.2   17.9    0.8
4261 |   255 |    4303 |    7077     507    7077 |    1014     506    1014 |    0.2   27.3    1.0
4262 |   255 |    4310 |    7079     507    7079 |    1014     507    1014 |    0.2   29.0    1.0
4263 |   255 |    4305 |    7082     507    7082 |    1014     507    1014 |    0.3   24.3    0.9
4264 |   255 |    4308 |    7084     507    7084 |    1015     507    1015 |    0.2   27.1    1.2
4265 |   255 |    4310 |    7076     509    7076 |    1017     509    1017 |    0.3   27.1    1.0
4266 |   255 |    4317 |    7083     507    7083 |    1015     507    1015 |    0.3   28.4    1.3
4267 |   255 |    4302 |    7063     506    7063 |    1013     506    1013 |    0.3   31.4    1.2
4268 |   255 |    3267 |    6060     507    6060 |    1013     507    1013 |    0.7   20.3    1.0
4269 |   255 |    4325 |    7091     509    7091 |    1018     509    1018 |    0.2   27.5    1.1
4270 |   254 |    2779 |    7082     507    7082 |    1014     507    1014 |    0.2   28.3    1.0
4271 |   254 |    2986 |    5991     506    5991 |    1011     506    1011 |    0.2   19.9    0.9
4272 |   254 |    4286 |    6063     507    6063 |    1014     507    1014 |    0.3   20.0    0.9
4273 |   255 |    4317 |    7076     507    7076 |    1015     507    1015 |    0.2   27.4    1.1
4274 |   255 |    4310 |    7089     507    7089 |    1014     507    1014 |    0.3   29.6    1.1
4275 |   255 |    3295 |    7085     508    7085 |    1015     508    1015 |    0.3   20.7    0.9
4276 |   255 |    4322 |    7096     508    7096 |    1015     508    1015 |    0.3   27.6    1.0
4277 |   255 |    3053 |    7092     508    7092 |    1017     509    1017 |    0.3   21.2    0.9
4278 |   255 |    4325 |    7085     508    7085 |    1017     508    1017 |    0.2   26.2    1.0
4279 |   255 |    4316 |    7082     507    7082 |    1013     507    1013 |    0.2   27.0    1.0
4280 |   254 |    4301 |    7077     506    7077 |    1013     506    1013 |    0.2   25.8    0.9
4281 |   255 |    4313 |    7091     507    7091 |    1015     507    1015 |    0.2   26.7    1.0
4282 |   255 |    2772 |    6064     506    6064 |    1013     506    1013 |    0.2   20.0    0.9
4283 |   255 |    4319 |    7081     506    7081 |    1014     506    1014 |    0.2   27.3    0.9
4284 |   255 |    4306 |    7069     506    7069 |    1013     506    1013 |    0.2   27.4    1.0
4285 |   255 |    4304 |    7078     507    7078 |    1014     507    1014 |    0.3   27.2    1.0
4286 |   255 |    4309 |    7082     507    7082 |    1014     507    1014 |    0.2   26.4    1.0
4287 |   254 |    4297 |    6072     506    6072 |    1012     506    1012 |    0.2   19.4    0.8
4288 |   253 |    4267 |    6038     505    6038 |    1010     505    1010 |    0.2   17.9    0.8
4289 |   255 |    4316 |    7082     507    7082 |    1013     507    1013 |    0.2   25.7    1.0
4290 |   255 |    4321 |    7095     508    7095 |    1015     508    1015 |    0.2   19.4    0.8
4291 |   254 |    2775 |    6067     507    6067 |    1013     507    1013 |    0.2   18.5    0.9
4292 |   255 |    4284 |    6063     506    6063 |    1012     506    1012 |    0.3   18.8    0.8
4293 |   255 |    4323 |    7081     508    7081 |    1017     508    1017 |    0.2   25.5    0.9
4294 |   255 |    3045 |    7074     508    7074 |    1016     508    1016 |    0.2   19.2    0.8
4295 |   255 |    4318 |    7083     507    7083 |    1015     507    1015 |    0.2   26.4    1.0
4296 |   255 |    4286 |    6061     506    6061 |    1013     506    1013 |    0.2   23.0    0.8
4297 |   253 |    4285 |    7057     505    7057 |    1010     505    1010 |    0.2   25.6    0.9
4298 |   255 |    4308 |    7091     507    7091 |    1014     507    1014 |    0.2   27.2    1.0
4299 |   255 |    4299 |    7041     511    7041 |    1021     510    1021 |    0.2   18.6    0.8
4300 |   255 |    4318 |    7087     507    7087 |    1014     507    1014 |    0.2   26.6    1.0
4301 |   255 |    4288 |    6067     506    6067 |    1013     506    1013 |    0.2   18.3    0.8
4302 |   255 |    4317 |    7095     507    7095 |    1015     507    1015 |    0.2   19.7    0.8
4303 |   255 |    4321 |    7089     508    7089 |    1016     508    1016 |    0.3   25.6    0.9
4304 |   255 |    4304 |    7062     507    7062 |    1015     507    1015 |    0.2   20.6    0.8
4305 |   254 |    4306 |    7081     507    7081 |    1013     507    1013 |    0.2   25.6    1.0
4306 |   255 |    4305 |    7062     506    7062 |    1013     506    1013 |    0.2   25.3    1.0
4307 |   255 |    4308 |    7076     506    7076 |    1013     506    1013 |    0.3   25.5    1.0
4308 |   255 |    4321 |    7095     508    7095 |    1015     508    1015 |    0.2   27.2    1.2
4309 |   254 |    4299 |    7078     506    7078 |    1013     506    1013 |    0.2   25.1    0.9
4310 |   255 |    3305 |    7090     508    7090 |    1017     508    1017 |    0.2   18.4    0.8
4311 |   254 |    4286 |    7063     506    7063 |    1013     506    1013 |    0.2   25.2    0.9
4312 |   255 |    4290 |    7028     506    7028 |    1014     506    1014 |    0.2   24.7    0.9
4313 |   255 |    2781 |    7078     507    7078 |    1014     507    1014 |    0.3   27.6    1.0
4314 |   254 |    2782 |    7074     507    7074 |    1014     507    1014 |    0.2   28.9    1.4
4315 |   255 |    4310 |    7070     506    7070 |    1013     506    1013 |    0.3   24.7    0.9
4316 |   255 |    4324 |    7088     508    7088 |    1016     508    1016 |    0.2   25.5    1.0
4317 |   255 |    4316 |    7087     508    7087 |    1015     508    1015 |    0.2   25.5    1.1
4318 |   255 |    3009 |    6053     506    6053 |    1013     507    1013 |    0.2   17.7    0.8
4319 |   255 |    4301 |    7084     507    7084 |    1013     507    1013 |    0.2   26.0    1.0
4320 |   255 |    3024 |    7084     508    7084 |    1015     508    1015 |    0.2   25.4    1.0
4321 |   255 |    3545 |    7080     506    7080 |    1013     506    1013 |    0.2   19.0    0.8
4322 |   255 |    3300 |    7095     508    7095 |    1016     508    1016 |    0.3   19.7    0.8
4323 |   254 |    4308 |    7079     507    7079 |    1013     507    1013 |    0.2   25.1    1.0
4324 |   255 |    4316 |    7082     508    7082 |    1015     508    1015 |    0.2   27.7    1.0
4325 |   255 |    4321 |    7080     508    7080 |    1017     508    1017 |    0.2   25.3    1.0
4326 |   255 |    4290 |    6066     506    6066 |    1014     506    1014 |    0.2   18.2    0.8
4327 |   254 |    4265 |    6041     506    6041 |    1012     506    1012 |    0.2   18.8    0.8
4328 |   255 |    3284 |    7078     506    7078 |    1014     507    1014 |    0.2   26.9    0.9
4329 |   255 |    4300 |    6076     507    6076 |    1015     507    1015 |    0.2   19.3    0.9
4330 |   255 |    4280 |    6059     506    6059 |    1013     506    1013 |    0.2   18.4    0.8
4331 |   255 |    4327 |    7095     508    7095 |    1016     508    1016 |    0.3   26.2    0.9
4332 |   255 |    3546 |    7056     509    7056 |    1019     509    1019 |    0.2   21.5    0.8
4333 |   255 |    4299 |    7078     506    7078 |    1013     506    1013 |    0.2   25.8    1.0
4334 |   255 |    4314 |    7083     507    7083 |    1014     507    1014 |    0.2   18.9    0.8
4335 |   255 |    4306 |    7084     507    7084 |    1014     507    1014 |    0.2   24.8    1.0
4336 |   255 |    4316 |    7080     508    7080 |    1017     508    1017 |    0.2   25.9    1.2
4337 |   255 |    3036 |    7085     508    7085 |    1016     508    1016 |    0.3   26.4    1.0
4338 |   255 |    4309 |    7076     506    7076 |    1014     507    1014 |    0.2   25.5    0.9
4339 |   254 |    4307 |    7071     507    7071 |    1014     507    1014 |    0.2   25.2    0.9
4340 |   254 |    3492 |    6016     505    6016 |    1012     505    1012 |    0.2   19.4    0.8
4341 |   255 |    4324 |    7093     507    7093 |    1016     507    1016 |    0.2   26.0    0.9
4342 |   254 |    4286 |    6059     506    6059 |    1012     506    1012 |    0.2   20.3    0.8
4343 |   255 |    4280 |    6055     506    6055 |    1013     506    1013 |    0.2   20.2    0.8
4344 |   255 |    4319 |    7084     508    7084 |    1017     508    1017 |    0.2   25.6    0.9
4345 |   255 |    4293 |    7073     506    7073 |    1013     506    1013 |    0.2   18.7    0.8
4346 |   254 |    4297 |    6072     506    6072 |    1013     506    1013 |    0.2   19.7    0.8
4347 |   254 |    4298 |    7075     506    7075 |    1013     506    1013 |    0.2   25.9    1.0
4348 |   253 |    2774 |    7055     506    7055 |    1014     506    1014 |    0.2   19.4    0.8
4349 |   255 |    3024 |    7083     507    7083 |    1014     507    1014 |    0.2   26.1    1.0
4350 |   254 |    4311 |    7076     508    7076 |    1015     508    1015 |    0.2   26.9    1.0
4351 |   255 |    4317 |    7089     508    7089 |    1015     507    1015 |    0.2   25.1    1.2
4352 |   255 |    4285 |    7066     506    7066 |    1013     506    1013 |    0.2   17.7    0.8
4353 |   255 |    4297 |    7050     505    7050 |    1013     505    1013 |    0.2   24.8    0.9
4354 |   255 |    4299 |    7071     508    7071 |    1016     508    1016 |    0.2   19.8    0.8
4355 |   255 |    4309 |    7073     508    7073 |    1016     508    1016 |    0.2   23.4    0.9
4356 |   255 |    4311 |    7075     507    7075 |    1013     507    1013 |    0.2   19.8    0.9
4357 |   255 |    4317 |    7090     508    7090 |    1015     508    1015 |    0.2   24.5    0.9
4358 |   255 |    3273 |    6055     506    6055 |    1014     506    1014 |    0.2   19.8    0.8
4359 |   255 |    4317 |    7085     507    7085 |    1014     507    1014 |    0.2   27.0    1.0
4360 |   254 |    3808 |    7046     508    7046 |    1017     509    1017 |    0.3   19.8    0.9
4361 |   255 |    4305 |    7071     506    7071 |    1013     506    1013 |    0.2   25.5    0.9
4362 |   253 |    4290 |    6063     506    6063 |    1011     506    1011 |    0.2   19.2    0.8
4363 |   255 |    4318 |    7087     507    7087 |    1015     507    1015 |    0.2   26.2    1.0
4364 |   255 |    4329 |    7090     508    7090 |    1017     508    1017 |    0.2   25.8    0.9
4365 |   255 |    3808 |    7090     507    7090 |    1014     507    1014 |    0.2   25.4    1.1
4366 |   255 |    4314 |    7077     508    7077 |    1016     508    1016 |    0.2   25.5    1.0
4367 |   255 |    4316 |    7091     508    7091 |    1015     508    1015 |    0.2   27.0    1.0
4368 |   255 |    4292 |    7045     506    7045 |    1012     506    1012 |    0.2   26.3    1.0
4369 |   255 |    4311 |    7086     507    7086 |    1015     507    1015 |    0.2   25.1    1.0
4370 |   255 |    4316 |    6082     507    6082 |    1015     507    1015 |    0.2   19.0    0.8
4371 |   254 |    3294 |    7075     507    7075 |    1015     507    1015 |    0.2   19.9    0.8
4372 |   255 |    4309 |    7082     507    7082 |    1014     507    1014 |    0.2   25.9    0.9
4373 |   255 |    4296 |    6073     506    6073 |    1013     506    1013 |    0.2   18.1    0.8
4374 |   255 |    4297 |    7078     507    7078 |    1014     507    1014 |    0.2   25.1    1.0
4375 |   255 |    4313 |    7079     507    7079 |    1013     507    1013 |    0.2   24.9    0.9
4376 |   255 |    4316 |    7079     507    7079 |    1014     507    1014 |    0.3   26.5    0.9
4377 |   255 |    2785 |    7083     507    7083 |    1015     507    1015 |    0.2   24.8    0.9
4378 |   254 |    4309 |    7081     506    7081 |    1014     507    1014 |    0.2   24.2    0.9
4379 |   255 |    3278 |    6073     506    6073 |    1013     506    1013 |    0.2   19.2    0.9
4380 |   255 |    4308 |    7081     507    7081 |    1014     507    1014 |    0.2   25.3    0.9
4381 |   255 |    3286 |    7078     506    7078 |    1014     506    1014 |    0.3   25.3    1.0
4382 |   253 |    4279 |    6057     506    6057 |    1013     506    1013 |    0.3   18.4    0.8
4383 |   254 |    4287 |    7056     506    7056 |    1011     506    1011 |    0.2   25.5    0.9
4384 |   255 |    4315 |    7082     507    7082 |    1015     507    1015 |    0.2   24.1    1.4
4385 |   255 |    3295 |    7090     508    7090 |    1015     508    1015 |    0.2   20.9    1.1
4386 |   255 |    2765 |    6055     506    6055 |    1013     506    1013 |    0.3   18.9    0.8
4387 |   255 |    4311 |    7072     508    7072 |    1015     508    1015 |    0.2   25.5    1.0
4388 |   255 |    4261 |    6043     506    6043 |    1012     506    1012 |    0.3   19.4    0.8
4389 |   254 |    4301 |    7073     506    7073 |    1013     506    1013 |    0.2   24.0    0.9
4390 |   254 |    4300 |    7081     507    7081 |    1013     507    1013 |    0.2   24.8    1.2
4391 |   255 |    4324 |    7085     508    7085 |    1016     508    1016 |    0.3   27.6    1.1
4392 |   254 |    4282 |    7032     506    7032 |    1015     506    1015 |    0.3   25.7    0.9
4393 |   255 |    4322 |    7085     507    7085 |    1014     507    1014 |    0.2   26.2    1.0
4394 |   255 |    3289 |    7079     508    7079 |    1015     508    1015 |    0.2   18.5    0.8
4395 |   255 |    4322 |    7095     508    7095 |    1015     508    1015 |    0.2   24.7    1.0
4396 |   255 |    4315 |    6087     508    6087 |    1015     508    1015 |    0.2   18.5    0.8
4397 |   255 |    4320 |    7086     507    7086 |    1015     507    1015 |    0.2   25.1    1.1
4398 |   255 |    4313 |    7087     507    7087 |    1015     508    1015 |    0.2   27.2    1.0
4399 |   255 |    4312 |    7085     507    7085 |    1014     507    1014 |    0.2   25.9    0.9
4400 |   255 |    4310 |    7074     506    7074 |    1013     506    1013 |    0.2   26.0    1.0
4401 |   255 |    4314 |    7089     508    7089 |    1015     507    1015 |    0.2   26.9    0.9
4402 |   255 |    4323 |    7094     508    7094 |    1016     508    1016 |    0.2   25.3    0.9
4403 |   255 |    4308 |    7081     507    7081 |    1013     507    1013 |    0.2   25.9    1.0
4404 |   255 |    2785 |    7080     508    7080 |    1016     508    1016 |    0.3   24.9    1.0
4405 |   254 |    4311 |    7078     508    7078 |    1015     508    1015 |    0.2   24.9    0.9
4406 |   255 |    4304 |    7073     506    7073 |    1013     506    1013 |    0.2   26.7    1.0
4407 |   255 |    4315 |    7081     507    7081 |    1014     507    1014 |    0.2   25.1    0.9
4408 |   255 |    4320 |    7088     507    7088 |    1015     507    1015 |    0.2   25.7    1.2
4409 |   255 |    4314 |    7090     507    7090 |    1014     507    1014 |    0.2   25.2    0.9
4410 |   254 |    4301 |    7081     507    7081 |    1014     507    1014 |    0.2   27.9    1.0
4411 |   255 |    4318 |    7095     507    7095 |    1015     507    1015 |    0.2   26.6    0.9
4412 |   255 |    4307 |    7085     507    7085 |    1015     507    1015 |    0.2   27.0    1.0
4413 |   255 |    4304 |    7070     506    7070 |    1012     506    1012 |    0.2   25.3    0.9
4414 |   255 |    4304 |    7079     507    7079 |    1013     507    1013 |    0.3   26.0    0.9
4415 |   254 |    4290 |    6066     506    6066 |    1013     506    1013 |    0.2   18.7    0.9
4416 |   255 |    4327 |    7094     508    7094 |    1017     508    1017 |    0.2   27.1    1.0
4417 |   255 |    2784 |    7058     507    7058 |    1015     507    1015 |    0.2   18.5    0.9
4418 |   255 |    4288 |    7031     506    7031 |    1013     506    1013 |    0.2   24.9    0.9
4419 |   253 |    4289 |    7066     505    7066 |    1011     506    1011 |    0.2   27.6    0.9
4420 |   253 |    4288 |    7066     505    7066 |    1012     506    1012 |    0.2   24.9    0.9
4421 |   254 |    4276 |    6049     506    6049 |    1013     506    1013 |    0.2   17.8    0.8
4422 |   255 |    4308 |    7087     507    7087 |    1014     507    1014 |    0.2   25.1    1.1
4423 |   255 |    3549 |    7088     506    7088 |    1014     506    1014 |    0.2   25.3    1.0
4424 |   255 |    3289 |    7079     507    7079 |    1015     507    1015 |    0.2   25.1    1.0
4425 |   254 |    4300 |    7065     507    7065 |    1016     507    1016 |    0.2   25.7    1.0
4426 |   255 |    4308 |    7079     508    7079 |    1016     508    1016 |    0.3   25.1    1.0
4427 |   255 |    4309 |    7071     507    7071 |    1014     507    1014 |    0.2   26.2    0.9
4428 |   255 |    4311 |    7085     507    7085 |    1015     507    1015 |    0.2   25.3    1.0
4429 |   254 |    4302 |    7071     506    7071 |    1012     506    1012 |    0.2   25.9    0.9
4430 |   255 |    3028 |    7079     508    7079 |    1015     508    1015 |    0.2   28.2    1.0
4431 |   255 |    4322 |    7083     508    7083 |    1017     508    1017 |    0.2   19.2    0.9
4432 |   255 |    4310 |    7082     506    7082 |    1013     506    1013 |    0.2   24.5    0.9
4433 |   254 |    4300 |    7061     506    7061 |    1012     506    1012 |    0.2   25.8    1.0
4434 |   255 |    3297 |    7094     507    7094 |    1015     508    1015 |    0.2   18.1    0.8
4435 |   255 |    4316 |    7095     507    7095 |    1015     507    1015 |    0.2   25.9    1.0
4436 |   255 |    4320 |    7079     508    7079 |    1015     508    1015 |    0.2   24.7    1.0
4437 |   255 |    3034 |    7076     509    7076 |    1017     509    1017 |    0.2   25.8    1.0
4438 |   254 |    3259 |    6046     506    6046 |    1012     506    1012 |    0.2   18.3    0.9
4439 |   255 |    4315 |    7082     508    7082 |    1016     508    1016 |    0.2   25.2    1.0
4440 |   254 |    4280 |    7037     506    7037 |    1014     506    1014 |    0.2   25.6    0.9
4441 |   255 |    4313 |    7080     507    7080 |    1015     507    1015 |    0.2   25.6    0.9
4442 |   255 |    4323 |    7097     507    7097 |    1016     507    1016 |    0.2   28.1    1.0
4443 |   255 |    3021 |    7080     506    7080 |    1015     507    1015 |    0.2   25.0    0.9
4444 |   255 |    4304 |    7056     506    7056 |    1014     506    1014 |    0.2   25.3    0.9
4445 |   253 |    2746 |    6023     506    6023 |    1011     505    1011 |    0.2   20.3    0.9
4446 |   254 |    4294 |    7068     505    7068 |    1013     506    1013 |    0.2   27.8    0.9
4447 |   255 |    4328 |    7090     507    7090 |    1016     508    1016 |    0.2   25.4    1.0
4448 |   255 |    4324 |    7094     508    7094 |    1016     508    1016 |    0.2   25.1    1.1
4449 |   254 |    4297 |    6069     506    6069 |    1012     506    1012 |    0.2   19.5    0.9
4450 |   254 |    3007 |    6036     506    6036 |    1012     506    1012 |    0.3   19.3    0.8
4451 |   255 |    4311 |    7078     507    7078 |    1014     507    1014 |    0.3   26.6    0.9
4452 |   255 |    3787 |    7078     507    7078 |    1014     507    1014 |    0.2   19.1    0.8
4453 |   255 |    4326 |    7096     508    7096 |    1016     508    1016 |    0.2   26.3    1.0
4454 |   254 |    4291 |    7049     505    7049 |    1013     505    1013 |    0.2   24.5    0.9
4455 |   255 |    4268 |    6045     506    6045 |    1013     506    1013 |    0.2   19.0    1.0
4456 |   255 |    4325 |    7095     508    7095 |    1016     508    1016 |    0.3   25.6    1.1
4457 |   255 |    4312 |    7082     507    7082 |    1015     507    1015 |    0.2   25.3    1.0
4458 |   255 |    4317 |    7079     507    7079 |    1015     507    1015 |    0.2   25.0    0.9
4459 |   252 |    3000 |    6035     505    6035 |    1010     505    1010 |    0.2   18.2    0.8
4460 |   255 |    4302 |    7061     506    7061 |    1013     506    1013 |    0.2   25.4    1.0
4461 |   255 |    4308 |    7073     507    7073 |    1013     507    1013 |    0.2   25.1    0.9
4462 |   255 |    4326 |    7093     508    7093 |    1016     508    1016 |    0.2   26.6    1.2
4463 |   253 |    3518 |    6061     505    6061 |    1011     505    1011 |    0.3   19.2    0.8
4464 |   255 |    4309 |    7078     507    7078 |    1014     507    1014 |    0.2   25.0    0.9
4465 |   255 |    4313 |    7086     507    7086 |    1015     507    1015 |    0.3   18.9    0.8
4466 |   255 |    4296 |    7062     508    7062 |    1017     508    1017 |    0.2   25.0    0.9
4467 |   255 |    4307 |    7067     506    7067 |    1013     507    1013 |    0.2   25.3    0.9
4468 |   255 |    4324 |    7087     509    7087 |    1017     509    1017 |    0.2   25.4    0.9
4469 |   255 |    4317 |    7083     508    7083 |    1016     508    1016 |    0.2   24.5    0.9
4470 |   255 |    4314 |    7087     507    7087 |    1014     507    1014 |    0.2   25.7    1.0
4471 |   255 |    4293 |    6070     506    6070 |    1012     506    1012 |    0.2   18.5    0.8
4472 |   255 |    4324 |    7088     509    7088 |    1017     508    1017 |    0.2   25.5    1.0
4473 |   253 |    4251 |    7020     506    7020 |    1011     505    1011 |    0.2   17.2    0.9
4474 |   254 |    4304 |    7063     507    7063 |    1015     507    1015 |    0.2   22.2    0.8
4475 |   255 |    4312 |    7079     507    7079 |    1015     507    1015 |    0.5   25.8    0.9
4476 |   255 |    4306 |    7066     506    7066 |    1013     506    1013 |    0.2   25.1    1.0
4477 |   255 |    4304 |    7064     506    7064 |    1013     506    1013 |    0.2   27.5    1.0
4478 |   255 |    4304 |    7065     506    7065 |    1013     506    1013 |    0.2   25.0    1.0
4479 |   255 |    4308 |    7087     507    7087 |    1014     507    1014 |    0.3   25.2    0.9
4480 |   253 |    4257 |    6032     506    6032 |    1011     506    1011 |    0.2   20.7    1.2
4481 |   255 |    4318 |    7083     507    7083 |    1015     507    1015 |    0.2   25.1    0.9
4482 |   255 |    4324 |    7080     508    7080 |    1017     508    1017 |    0.2   26.6    1.0
4483 |   253 |    4277 |    7055     505    7055 |    1010     505    1010 |    0.2   18.8    0.8
4484 |   254 |    4294 |    7067     506    7067 |    1012     506    1012 |    0.2   27.7    0.9
4485 |   255 |    4313 |    7082     507    7082 |    1013     507    1013 |    0.2   24.4    0.9
4486 |   255 |    4320 |    7086     508    7086 |    1015     508    1015 |    0.2   24.4    0.9
4487 |   255 |    4313 |    7095     508    7095 |    1015     508    1015 |    0.2   25.1    0.9
4488 |   254 |    4309 |    7080     507    7080 |    1014     507    1014 |    0.2   25.8    1.0
4489 |   255 |    4312 |    7081     507    7081 |    1013     507    1013 |    0.2   19.3    0.8
4490 |   255 |    4325 |    7087     508    7087 |    1016     508    1016 |    0.2   25.9    0.9
4491 |   252 |    4267 |    6036     505    6036 |    1010     505    1010 |    0.2   19.6    0.8
4492 |   255 |    4317 |    7093     507    7093 |    1015     507    1015 |    0.2   25.5    0.9
4493 |   255 |    4320 |    6085     507    6085 |    1015     507    1015 |    0.2   18.1    0.8
4494 |   250 |    3200 |    5957     505    5957 |    1010     505    1010 |    0.2   18.2    0.8
4495 |   254 |    4290 |    7055     505    7055 |    1011     505    1011 |    0.2   25.2    1.0
4496 |   255 |    4312 |    7079     507    7079 |    1014     507    1014 |    0.2   25.8    1.0
4497 |   255 |    4303 |    7064     506    7064 |    1013     506    1013 |    0.2   25.4    0.9
4498 |   255 |    4299 |    6071     507    6071 |    1014     507    1014 |    0.2   19.3    0.8
4499 |   254 |    3013 |    6068     506    6068 |    1013     506    1013 |    0.2   19.6    1.1
4500 |   255 |    3023 |    7076     508    7076 |    1016     508    1016 |    0.3   27.7    0.9
4501 |   255 |    4314 |    7083     507    7083 |    1016     507    1016 |    0.2   25.1    1.0
4502 |   255 |    4321 |    7076     508    7076 |    1017     508    1017 |    0.2   18.9    0.8
4503 |   253 |    4283 |    6059     505    6059 |    1011     505    1011 |    0.2   18.9    0.8
4504 |   255 |    4324 |    7085     507    7085 |    1016     508    1016 |    0.2   24.8    0.9
4505 |   255 |    4310 |    7078     506    7078 |    1013     506    1013 |    0.2   27.2    0.9
4506 |   255 |    4305 |    7080     506    7080 |    1014     507    1014 |    0.2   25.4    0.9
4507 |   253 |    4285 |    6056     507    6056 |    1015     507    1015 |    0.2   18.2    0.8
4508 |   253 |    4285 |    7064     506    7064 |    1011     505    1011 |    0.2   26.3    0.9
4509 |   255 |    3771 |    6059     506    6059 |    1013     506    1013 |    0.2   19.6    0.8
4510 |   255 |    4296 |    7039     506    7039 |    1014     506    1014 |    0.2   26.9    0.9
4511 |   255 |    3024 |    7082     507    7082 |    1014     507    1014 |    0.2   25.0    0.9
4512 |   255 |    4255 |    6968     508    6968 |    1018     508    1018 |    0.2   23.3    0.9
4513 |   255 |    4326 |    7098     508    7098 |    1016     508    1016 |    0.2   25.4    0.9
4514 |   255 |    4316 |    7076     508    7076 |    1016     508    1016 |    0.2   24.4    1.0
4515 |   254 |    3023 |    7082     507    7082 |    1015     507    1015 |    0.2   25.5    1.1
4516 |   254 |    4288 |    7061     505    7061 |    1011     505    1011 |    0.3   25.6    1.0
4517 |   255 |    4312 |    7083     507    7083 |    1014     507    1014 |    0.2   26.7    1.0
4518 |   254 |    3252 |    6051     505    6051 |    1012     506    1012 |    0.2   18.2    0.8
4519 |   255 |    4296 |    7074     507    7074 |    1015     507    1015 |    0.2   27.0    1.0
4520 |   255 |    4307 |    7083     507    7083 |    1014     507    1014 |    0.2   24.7    0.9
4521 |   255 |    4322 |    7085     508    7085 |    1016     508    1016 |    0.2   24.7    0.9
4522 |   255 |    4308 |    7080     507    7080 |    1014     507    1014 |    0.2   26.2    1.1
4523 |   254 |    2773 |    7034     508    7034 |    1017     508    1017 |    0.3   17.7    0.8
4524 |   254 |    2788 |    7071     507    7071 |    1014     507    1014 |    0.2   18.4    0.8
4525 |   255 |    4310 |    6078     507    6078 |    1015     507    1015 |    0.4   18.7    0.8
4526 |   255 |    4286 |    7016     507    7016 |    1015     507    1015 |    0.3   26.5    1.0
4527 |   255 |    4318 |    7084     508    7084 |    1016     508    1016 |    0.3   25.2    0.9
4528 |   255 |    4322 |    7085     508    7085 |    1016     508    1016 |    0.2   25.1    1.0
4529 |   255 |    4317 |    7094     507    7094 |    1015     508    1015 |    0.2   27.6    1.0
4530 |   255 |    4318 |    7073     509    7073 |    1019     509    1019 |    0.2   23.7    0.9
4531 |   255 |    4314 |    7074     507    7074 |    1015     507    1015 |    0.2   25.9    1.0
4532 |   255 |    4325 |    7092     508    7092 |    1015     508    1015 |    0.2   27.1    1.0
4533 |   255 |    4273 |    7027     508    7027 |    1017     508    1017 |    0.2   18.8    0.8
4534 |   255 |    4326 |    7093     508    7093 |    1016     508    1016 |    0.2   24.9    0.9
4535 |   255 |    4316 |    7089     508    7089 |    1015     508    1015 |    0.2   19.1    0.8
4536 |   255 |    4324 |    7094     508    7094 |    1015     508    1015 |    0.2   25.5    0.9
4537 |   255 |    4325 |    7091     507    7091 |    1015     507    1015 |    0.2   25.0    0.9
4538 |   255 |    4312 |    7080     507    7080 |    1014     507    1014 |    0.3   25.2    0.9
4539 |   255 |    4313 |    7090     508    7090 |    1016     508    1016 |    0.2   26.4    1.0
4540 |   255 |    4313 |    7084     507    7084 |    1014     507    1014 |    0.2   24.6    1.2
4541 |   255 |    4312 |    7087     507    7087 |    1015     507    1015 |    0.3   26.5    0.9
4542 |   254 |    4293 |    7063     505    7063 |    1011     505    1011 |    0.2   25.2    1.0
4543 |   255 |    4310 |    7085     507    7085 |    1014     507    1014 |    0.2   24.1    0.9
4544 |   255 |    4315 |    7072     508    7072 |    1016     508    1016 |    0.2   24.1    0.9
4545 |   254 |    2777 |    7068     505    7068 |    1014     507    1014 |    0.2   24.4    1.0
4546 |   255 |    4325 |    7097     508    7097 |    1016     508    1016 |    0.2   26.0    1.0
4547 |   255 |    4310 |    7085     507    7085 |    1015     507    1015 |    0.2   26.0    1.0
4548 |   255 |    2768 |    6043     506    6043 |    1013     506    1013 |    0.2   18.7    0.8
4549 |   254 |    4308 |    7075     507    7075 |    1014     507    1014 |    0.2   29.2    1.0
4550 |   255 |    4309 |    7086     507    7086 |    1014     507    1014 |    0.2   29.4    1.0
4551 |   255 |    4324 |    7099     508    7099 |    1015     508    1015 |    0.2   27.5    1.3
4552 |   255 |    4310 |    7084     507    7084 |    1015     507    1015 |    0.2   26.9    0.9
4553 |   255 |    4313 |    7077     506    7077 |    1013     507    1013 |    0.2   26.4    0.9
4554 |   255 |    4311 |    7073     507    7073 |    1014     507    1014 |    0.2   25.2    1.0
4555 |   255 |    4285 |    6063     506    6063 |    1012     506    1012 |    0.2   18.4    0.9
4556 |   255 |    4322 |    7093     508    7093 |    1015     508    1015 |    0.2   24.9    1.0
4557 |   255 |    4306 |    7073     507    7073 |    1013     507    1013 |    0.2   28.3    1.3
4558 |   255 |    4318 |    7086     507    7086 |    1015     508    1015 |    0.3   30.7    1.5
4559 |   253 |    3006 |    7043     505    7043 |    1011     505    1011 |    0.2   19.6    1.0
4560 |   255 |    4324 |    7095     508    7095 |    1015     508    1015 |    0.2   26.3    1.0
4561 |   255 |    4305 |    7070     506    7070 |    1013     506    1013 |    0.3   19.3    1.0
4562 |   255 |    4305 |    7085     507    7085 |    1014     507    1014 |    0.3   26.7    1.0
4563 |   255 |    3280 |    7063     507    7063 |    1014     507    1014 |    0.2   24.7    0.9
4564 |   254 |    4311 |    7081     507    7081 |    1015     507    1015 |    0.2   25.4    0.9
4565 |   255 |    3545 |    7078     508    7078 |    1015     507    1015 |    0.2   18.7    0.8
4566 |   252 |    4243 |    6015     505    6015 |    1010     505    1010 |    0.2   18.4    0.8
4567 |   255 |    4313 |    7075     506    7075 |    1014     506    1014 |    0.2   26.1    0.9
4568 |   255 |    4277 |    7019     506    7019 |    1013     506    1013 |    0.4   24.7    0.9
4569 |   252 |    3184 |    5929     505    5929 |    1010     505    1010 |    0.2   17.0    0.8
4570 |   255 |    2766 |    6044     507    6044 |    1015     507    1015 |    0.2   18.4    0.8
4571 |   255 |    2761 |    6057     507    6057 |    1014     507    1014 |    0.2   19.2    0.8
4572 |   254 |    2768 |    7060     505    7060 |    1011     505    1011 |    0.2   18.9    0.8
4573 |   255 |    4302 |    7055     507    7055 |    1016     507    1016 |    0.3   25.9    1.0
4574 |   255 |    4312 |    7074     507    7074 |    1014     507    1014 |    0.2   23.9    0.9
4575 |   255 |    4317 |    7090     507    7090 |    1015     507    1015 |    0.2   27.5    1.0
4576 |   255 |    4305 |    7068     508    7068 |    1016     508    1016 |    0.2   25.8    1.1
4577 |   255 |    4311 |    7079     506    7079 |    1013     506    1013 |    0.2   24.3    1.0
4578 |   255 |    4324 |    7090     508    7090 |    1016     508    1016 |    0.2   29.0    1.0
4579 |   254 |    3772 |    7048     506    7048 |    1014     506    1014 |    0.2   18.4    0.8
4580 |   255 |    4316 |    7080     507    7080 |    1013     507    1013 |    0.2   25.4    1.0
4581 |   255 |    3031 |    7083     506    7083 |    1015     507    1015 |    0.2   29.2    1.2
4582 |   255 |    3544 |    7077     508    7077 |    1016     508    1016 |    0.4   20.3    0.8
4583 |   255 |    4309 |    7072     510    7072 |    1021     510    1021 |    0.2   24.4    0.9
4584 |   255 |    4321 |    7089     508    7089 |    1016     508    1016 |    0.2   25.0    0.9
4585 |   255 |    4307 |    7059     507    7059 |    1014     507    1014 |    0.2   24.5    0.9
4586 |   255 |    4312 |    7084     507    7084 |    1014     507    1014 |    0.2   25.3    1.0
4587 |   255 |    4305 |    7075     507    7075 |    1014     507    1014 |    0.2   23.7    1.0
4588 |   254 |    4291 |    7064     506    7064 |    1011     506    1011 |    0.2   25.6    0.9
4589 |   255 |    4311 |    7082     507    7082 |    1015     507    1015 |    0.2   26.1    1.1
4590 |   254 |    4299 |    7070     506    7070 |    1012     506    1012 |    0.2   25.9    1.1
4591 |   255 |    4317 |    7077     508    7077 |    1016     508    1016 |    0.3   26.4    1.1
4592 |   255 |    4317 |    7094     507    7094 |    1015     507    1015 |    0.2   25.0    0.9
4593 |   255 |    4290 |    7076     506    7076 |    1013     506    1013 |    0.2   19.3    0.8
4594 |   255 |    3808 |    7096     508    7096 |    1016     508    1016 |    0.2   25.1    0.9
4595 |   255 |    3546 |    7082     507    7082 |    1014     507    1014 |    0.2   18.3    0.8
4596 |   255 |    4322 |    7080     509    7080 |    1018     509    1018 |    0.2   26.5    1.0
4597 |   255 |    4313 |    7072     507    7072 |    1014     507    1014 |    0.2   25.1    1.0
4598 |   255 |    4298 |    7056     505    7056 |    1013     505    1013 |    0.2   24.0    0.9
4599 |   255 |    4323 |    7078     509    7078 |    1018     509    1018 |    0.2   25.7    0.9
4600 |   255 |    4310 |    7083     507    7083 |    1015     507    1015 |    0.2   26.0    0.9
4601 |   255 |    4312 |    7077     507    7077 |    1015     507    1015 |    0.2   25.7    1.1
4602 |   255 |    4314 |    7073     506    7073 |    1013     506    1013 |    0.2   25.6    1.2
4603 |   255 |    3029 |    7076     508    7076 |    1015     508    1015 |    0.3   25.6    1.0
4604 |   255 |    4270 |    6045     506    6045 |    1013     506    1013 |    0.2   18.5    0.8
4605 |   255 |    4320 |    7086     507    7086 |    1015     507    1015 |    0.2   26.4    1.0
4606 |   254 |    3789 |    7069     507    7069 |    1014     507    1014 |    0.2   18.3    0.8
4607 |   253 |    3252 |    7040     506    7040 |    1011     505    1011 |    0.2   18.9    0.8
4608 |   255 |    3538 |    7074     509    7074 |    1018     509    1018 |    0.2   18.5    0.8
4609 |   255 |    4310 |    7075     507    7075 |    1013     507    1013 |    0.2   26.1    0.9
4610 |   255 |    4326 |    7093     509    7093 |    1017     509    1017 |    0.2   26.2    1.1
4611 |   255 |    4324 |    7089     508    7089 |    1016     508    1016 |    0.2   25.6    1.0
4612 |   255 |    4326 |    7099     507    7099 |    1015     508    1015 |    0.2   27.9    1.0
4613 |   255 |    4309 |    7084     507    7084 |    1015     507    1015 |    0.2   26.2    1.1
4614 |   254 |    4297 |    7069     506    7069 |    1013     506    1013 |    0.2   24.4    1.0
4615 |   255 |    4319 |    7087     508    7087 |    1015     508    1015 |    0.2   27.0    0.9
4616 |   255 |    4315 |    7085     507    7085 |    1015     507    1015 |    0.2   26.2    0.9
4617 |   255 |    4310 |    7087     507    7087 |    1014     507    1014 |    0.2   25.9    1.0
4618 |   254 |    3025 |    7075     507    7075 |    1014     507    1014 |    0.2   24.3    0.9
4619 |   254 |    4311 |    7071     506    7071 |    1015     507    1015 |    0.2   26.3    1.0
4620 |   255 |    4324 |    7086     509    7086 |    1017     509    1017 |    0.2   26.7    0.9
4621 |   254 |    4303 |    7073     507    7073 |    1013     507    1013 |    0.3   26.1    1.0
4622 |   254 |    4280 |    7036     505    7036 |    1011     505    1011 |    0.2   26.0    1.0
4623 |   255 |    4307 |    7082     508    7082 |    1015     508    1015 |    0.2   24.7    0.9
4624 |   255 |    4318 |    7087     508    7087 |    1015     508    1015 |    0.2   27.4    0.9
4625 |   255 |    4308 |    7074     506    7074 |    1013     506    1013 |    0.2   25.0    1.0
4626 |   254 |    3783 |    7049     506    7049 |    1012     506    1012 |    0.2   19.5    0.8
4627 |   255 |    4317 |    7083     508    7083 |    1015     508    1015 |    0.2   26.7    1.2
4628 |   255 |    4320 |    7090     507    7090 |    1015     507    1015 |    0.3   26.4    1.0
4629 |   255 |    4312 |    7080     507    7080 |    1014     507    1014 |    0.3   25.2    1.0
4630 |   255 |    3303 |    7090     507    7090 |    1016     507    1016 |    0.3   20.0    0.9
4631 |   255 |    4308 |    7077     507    7077 |    1016     507    1016 |    0.2   24.0    1.0
4632 |   255 |    4326 |    7096     508    7096 |    1016     508    1016 |    0.3   25.8    1.0
4633 |   255 |    4297 |    7075     505    7075 |    1012     506    1012 |    0.2   24.0    1.3
4634 |   255 |    4318 |    7084     507    7084 |    1015     508    1015 |    0.2   26.8    0.9
4635 |   255 |    4310 |    7067     506    7067 |    1013     506    1013 |    0.2   25.3    1.0
4636 |   254 |    4303 |    7076     506    7076 |    1013     506    1013 |    0.2   26.0    1.0
4637 |   254 |    4299 |    7075     507    7075 |    1013     507    1013 |    0.2   25.3    1.0
4638 |   255 |    2771 |    6061     507    6061 |    1014     507    1014 |    0.2   20.3    0.8
4639 |   255 |    4288 |    6066     506    6066 |    1013     506    1013 |    0.2   18.8    0.9
4640 |   255 |    4304 |    7067     506    7067 |    1013     506    1013 |    0.2   26.0    0.9
4641 |   255 |    4307 |    7079     507    7079 |    1014     507    1014 |    0.2   25.1    1.0
4642 |   255 |    4318 |    7088     507    7088 |    1015     507    1015 |    0.2   27.8    1.2
4643 |   255 |    2765 |    6063     506    6063 |    1013     506    1013 |    0.2   18.0    0.8
4644 |   255 |    3500 |    6020     507    6020 |    1013     507    1013 |    0.2   18.5    0.8
4645 |   255 |    4309 |    7067     506    7067 |    1013     506    1013 |    0.2   24.9    0.9
4646 |   255 |    4328 |    7094     508    7094 |    1016     508    1016 |    0.2   24.9    1.0
4647 |   255 |    4324 |    7095     508    7095 |    1016     508    1016 |    0.3   26.3    1.0
4648 |   255 |    2792 |    7091     508    7091 |    1016     508    1016 |    0.2   24.4    0.9
4649 |   253 |    4271 |    6045     505    6045 |    1010     505    1010 |    0.2   18.2    0.8
4650 |   255 |    4327 |    7098     508    7098 |    1015     508    1015 |    0.2   25.5    1.0
4651 |   255 |    4298 |    7083     507    7083 |    1013     507    1013 |    0.2   25.3    1.0
4652 |   255 |    3801 |    7046     510    7046 |    1020     510    1020 |    0.2   19.7    0.9
4653 |   255 |    4315 |    7079     507    7079 |    1014     507    1014 |    0.2   24.3    0.9
4654 |   255 |    4290 |    7040     508    7040 |    1017     508    1017 |    0.2   23.2    0.9
4655 |   254 |    4293 |    7062     506    7062 |    1012     506    1012 |    0.2   24.9    1.0
4656 |   255 |    4305 |    7058     508    7058 |    1015     508    1015 |    0.2   23.7    0.9
4657 |   254 |    4288 |    7052     508    7052 |    1015     508    1015 |    0.2   18.4    0.8
4658 |   255 |    4318 |    7081     507    7081 |    1015     507    1015 |    0.2   27.7    0.9
4659 |   255 |    3005 |    6058     506    6058 |    1013     506    1013 |    0.2   18.2    0.8
4660 |   255 |    4308 |    7081     507    7081 |    1015     507    1015 |    0.2   27.2    1.0
4661 |   254 |    3249 |    6057     506    6057 |    1012     506    1012 |    0.2   18.1    1.1
4662 |   255 |    3534 |    7089     507    7089 |    1016     508    1016 |    0.2   18.8    0.9
4663 |   255 |    4324 |    7091     508    7091 |    1016     508    1016 |    0.2   25.1    1.1
4664 |   255 |    4318 |    7081     507    7081 |    1014     507    1014 |    0.2   26.6    1.0
4665 |   255 |    4302 |    7078     507    7078 |    1014     507    1014 |    0.2   28.3    1.0
4666 |   255 |    4302 |    7080     507    7080 |    1014     507    1014 |    0.2   25.4    1.0
4667 |   254 |    4294 |    7056     505    7056 |    1012     506    1012 |    0.2   24.5    0.9
4668 |   255 |    4312 |    7073     506    7073 |    1015     507    1015 |    0.2   25.8    0.9
4669 |   255 |    4320 |    7076     508    7076 |    1016     508    1016 |    0.2   24.5    1.0
4670 |   255 |    4310 |    7083     507    7083 |    1015     507    1015 |    0.2   25.7    0.9
4671 |   255 |    4316 |    7081     507    7081 |    1015     507    1015 |    0.4   25.6    1.0
4672 |   255 |    3532 |    7067     507    7067 |    1015     507    1015 |    0.2   18.9    0.8
4673 |   255 |    2771 |    6058     507    6058 |    1014     507    1014 |    0.2   18.7    0.8
4674 |   255 |    4309 |    7066     510    7066 |    1022     510    1022 |    0.2   25.3    0.9
4675 |   255 |    4316 |    7085     507    7085 |    1015     507    1015 |    0.2   25.0    0.9
4676 |   255 |    4327 |    7096     508    7096 |    1016     508    1016 |    0.2   25.9    1.0
4677 |   255 |    4318 |    7086     508    7086 |    1015     508    1015 |    0.2   24.6    1.0
4678 |   254 |    4290 |    7067     506    7067 |    1012     506    1012 |    0.2   18.5    0.8
4679 |   255 |    4313 |    7089     507    7089 |    1014     507    1014 |    0.2   25.7    0.9
4680 |   254 |    3282 |    7063     506    7063 |    1013     506    1013 |    0.2   20.8    0.8
4681 |   254 |    4300 |    6064     506    6064 |    1012     506    1012 |    0.2   18.0    0.8
4682 |   255 |    4276 |    6050     506    6050 |    1013     506    1013 |    0.2   19.4    0.8
4683 |   255 |    4322 |    7092     507    7092 |    1015     507    1015 |    0.2   25.8    1.0
4684 |   255 |    4323 |    7097     508    7097 |    1016     508    1016 |    0.2   22.5    0.9
4685 |   255 |    4311 |    7076     507    7076 |    1014     507    1014 |    0.2   25.9    0.9
4686 |   255 |    4315 |    7084     508    7084 |    1016     508    1016 |    0.2   26.4    1.0
4687 |   255 |    3030 |    6084     507    6084 |    1015     507    1015 |    0.2   20.0    0.8
4688 |   255 |    4302 |    7078     507    7078 |    1015     508    1015 |    0.2   26.9    0.9
4689 |   255 |    4312 |    6075     507    6075 |    1014     507    1014 |    0.2   18.7    0.8
4690 |   255 |    4307 |    7066     506    7066 |    1013     506    1013 |    0.2   25.0    1.1
4691 |   255 |    4318 |    7085     507    7085 |    1014     507    1014 |    0.2   25.2    1.0
4692 |   254 |    4300 |    7075     507    7075 |    1013     507    1013 |    0.2   25.0    0.9
4693 |   254 |    4293 |    7072     506    7072 |    1012     506    1012 |    0.2   25.6    0.9
4694 |   254 |    4284 |    7066     506    7066 |    1012     506    1012 |    0.2   18.2    0.8
4695 |   255 |    4318 |    7085     507    7085 |    1015     507    1015 |    0.2   26.3    0.9
4696 |   253 |    4292 |    7068     505    7068 |    1012     506    1012 |    0.2   25.6    1.0
4697 |   255 |    4285 |    7030     509    7030 |    1019     509    1019 |    0.2   19.0    1.0
4698 |   255 |    4268 |    6998     506    6998 |    1012     506    1012 |    0.3   26.3    1.2
4699 |   253 |    4274 |    6044     505    6044 |    1010     505    1010 |    0.3   18.4    0.8
4700 |   255 |    4294 |    6068     507    6068 |    1014     507    1014 |    0.2   18.7    0.8
4701 |   255 |    4296 |    6068     508    6068 |    1015     508    1015 |    0.2   18.6    0.8
4702 |   255 |    4315 |    7079     508    7079 |    1015     508    1015 |    0.2   24.7    0.9
4703 |   255 |    4305 |    7082     507    7082 |    1015     507    1015 |    0.2   27.7    0.9
4704 |   255 |    4326 |    7087     508    7087 |    1016     508    1016 |    0.2   25.5    0.9
4705 |   255 |    4318 |    7082     507    7082 |    1015     507    1015 |    0.2   25.2    0.9
4706 |   255 |    4317 |    6084     507    6084 |    1014     507    1014 |    0.2   20.4    0.8
4707 |   255 |    4316 |    7083     508    7083 |    1015     508    1015 |    0.2   26.2    1.1
4708 |   255 |    4320 |    7083     507    7083 |    1015     508    1015 |    0.2   25.2    1.2
4709 |   255 |    4296 |    7051     506    7051 |    1013     506    1013 |    0.3   25.6    1.0
4710 |   255 |    4312 |    7077     507    7077 |    1015     507    1015 |    0.2   27.2    0.9
4711 |   255 |    4312 |    7070     508    7070 |    1016     508    1016 |    0.4   24.9    0.9
4712 |   255 |    4296 |    7076     506    7076 |    1013     506    1013 |    0.2   25.5    0.9
4713 |   255 |    4312 |    7083     507    7083 |    1014     507    1014 |    0.2   26.5    1.0
4714 |   255 |    4317 |    7077     508    7077 |    1015     508    1015 |    0.2   25.0    1.1
4715 |   255 |    4323 |    7093     508    7093 |    1016     508    1016 |    0.2   25.0    1.0
4716 |   255 |    4311 |    7077     507    7077 |    1013     507    1013 |    0.2   25.0    0.9
4717 |   255 |    3520 |    6064     506    6064 |    1013     506    1013 |    0.2   19.0    0.8
4718 |   253 |    4254 |    7008     507    7008 |    1015     507    1015 |    0.2   19.4    0.9
4719 |   255 |    4316 |    7087     507    7087 |    1015     507    1015 |    0.2   25.8    0.9
4720 |   255 |    4314 |    7088     507    7088 |    1015     507    1015 |    0.2   25.0    1.0
4721 |   255 |    4325 |    7096     508    7096 |    1016     508    1016 |    0.2   26.6    1.0
4722 |   255 |    4271 |    6047     506    6047 |    1012     506    1012 |    0.2   18.4    0.8
4723 |   255 |    3014 |    6060     507    6060 |    1013     506    1013 |    0.2   17.6    0.8
4724 |   254 |    3272 |    7049     507    7049 |    1014     507    1014 |    0.2   19.2    0.8
4725 |   255 |    2799 |    7095     508    7095 |    1015     508    1015 |    0.2   19.5    0.8
4726 |   255 |    4323 |    7084     508    7084 |    1016     508    1016 |    0.2   24.9    1.0
4727 |   255 |    4316 |    7091     507    7091 |    1015     507    1015 |    0.2   25.4    0.9
4728 |   255 |    4318 |    7084     508    7084 |    1017     508    1017 |    0.2   24.2    0.9
4729 |   254 |    2775 |    7079     507    7079 |    1015     507    1015 |    0.2   24.5    0.9
4730 |   255 |    4322 |    7088     508    7088 |    1016     508    1016 |    0.2   26.0    0.9
4731 |   253 |    4270 |    6045     505    6045 |    1010     505    1010 |    0.2   18.0    0.8
4732 |   254 |    4291 |    7060     506    7060 |    1013     506    1013 |    0.2   25.3    1.0
4733 |   255 |    4279 |    7061     506    7061 |    1013     506    1013 |    0.2   19.4    0.8
4734 |   255 |    4327 |    7095     508    7095 |    1016     508    1016 |    0.2   25.9    1.0
4735 |   255 |    4265 |    7039     506    7039 |    1012     506    1012 |    0.2   17.9    0.8
4736 |   255 |    4302 |    7052     507    7052 |    1014     507    1014 |    0.2   25.5    0.9
4737 |   255 |    3005 |    7032     506    7032 |    1013     506    1013 |    0.2   19.8    0.8
4738 |   255 |    4316 |    7085     507    7085 |    1015     507    1015 |    0.2   26.7    0.9
4739 |   255 |    4327 |    7100     508    7100 |    1016     508    1016 |    0.2   27.3    1.0
4740 |   254 |    2767 |    6059     506    6059 |    1012     506    1012 |    0.2   17.9    0.8
4741 |   254 |    4283 |    7049     507    7049 |    1014     507    1014 |    0.2   21.3    0.9
4742 |   253 |    4287 |    6062     506    6062 |    1012     506    1012 |    0.2   19.0    0.8
4743 |   255 |    3008 |    6031     507    6031 |    1013     507    1013 |    0.2   18.7    0.8
4744 |   255 |    3558 |    7076     509    7076 |    1018     509    1018 |    0.2   18.9    0.8
4745 |   255 |    4321 |    7085     508    7085 |    1016     508    1016 |    0.2   26.8    1.0
4746 |   254 |    4271 |    7046     505    7046 |    1012     505    1012 |    0.2   18.9    0.9
4747 |   255 |    4302 |    7068     506    7068 |    1012     506    1012 |    0.2   25.0    0.9
4748 |   255 |    4319 |    7084     507    7084 |    1015     507    1015 |    0.2   26.7    1.0
4749 |   255 |    4315 |    7091     508    7091 |    1016     508    1016 |    0.2   25.8    0.9
4750 |   255 |    4300 |    7053     506    7053 |    1014     506    1014 |    0.2   25.5    1.0
4751 |   255 |    4317 |    7089     508    7089 |    1015     508    1015 |    0.2   25.7    0.9
4752 |   255 |    4323 |    7074     506    7074 |    1017     508    1017 |    0.2   27.7    1.0
4753 |   254 |    4295 |    7062     506    7062 |    1013     506    1013 |    0.2   24.4    1.0
4754 |   254 |    4307 |    7072     507    7072 |    1013     507    1013 |    0.2   27.2    1.0
4755 |   255 |    4314 |    7085     507    7085 |    1015     507    1015 |    0.2   25.3    1.0
4756 |   253 |    4284 |    6061     506    6061 |    1011     506    1011 |    0.2   18.4    0.8
4757 |   253 |    3803 |    7023     509    7023 |    1018     509    1018 |    0.2   19.8    0.8
4758 |   255 |    2791 |    7085     508    7085 |    1015     508    1015 |    0.2   26.0    0.9
4759 |   255 |    2783 |    7090     507    7090 |    1014     507    1014 |    0.2   26.4    1.0
4760 |   255 |    3298 |    7074     508    7074 |    1016     508    1016 |    0.2   19.2    0.9
4761 |   255 |    4256 |    6038     506    6038 |    1013     506    1013 |    0.2   18.3    0.8
4762 |   254 |    4287 |    6063     506    6063 |    1012     506    1012 |    0.2   19.9    0.8
4763 |   255 |    4301 |    7071     506    7071 |    1013     506    1013 |    0.2   25.1    0.9
4764 |   255 |    4286 |    6063     506    6063 |    1013     506    1013 |    0.2   19.4    0.8
4765 |   255 |    4294 |    7061     505    7061 |    1012     506    1012 |    0.2   24.1    0.9
4766 |   255 |    4325 |    7083     509    7083 |    1017     509    1017 |    0.3   26.1    1.0
4767 |   255 |    4326 |    7090     509    7090 |    1017     509    1017 |    0.2   23.8    0.9
4768 |   255 |    3011 |    6035     506    6035 |    1013     506    1013 |    0.2   18.1    0.8
4769 |   255 |    4321 |    7083     509    7083 |    1019     509    1019 |    0.2   25.1    1.1
4770 |   255 |    4303 |    7067     506    7067 |    1012     506    1012 |    0.3   24.7    0.9
4771 |   255 |    4313 |    7083     507    7083 |    1015     507    1015 |    0.2   25.8    0.9
4772 |   254 |    3006 |    6059     505    6059 |    1012     506    1012 |    0.2   19.1    0.9
4773 |   253 |    4286 |    7056     505    7056 |    1011     505    1011 |    0.2   25.6    1.0
4774 |   255 |    4308 |    7062     506    7062 |    1014     506    1014 |    0.2   27.4    0.9
4775 |   255 |    4311 |    7086     507    7086 |    1014     507    1014 |    0.2   25.1    1.0
4776 |   255 |    4307 |    7079     508    7079 |    1016     508    1016 |    0.2   25.7    1.1
4777 |   254 |    4291 |    6066     505    6066 |    1011     505    1011 |    0.2   19.1    0.8
4778 |   254 |    4302 |    7072     506    7072 |    1012     506    1012 |    0.2   27.2    1.0
4779 |   255 |    4313 |    7080     507    7080 |    1015     507    1015 |    0.2   25.1    1.0
4780 |   255 |    4322 |    7093     507    7093 |    1015     507    1015 |    0.2   24.5    0.9
4781 |   255 |    4316 |    7085     507    7085 |    1014     507    1014 |    0.2   26.8    0.9
4782 |   255 |    4311 |    7087     507    7087 |    1015     507    1015 |    0.2   25.3    1.1
4783 |   255 |    4323 |    7094     507    7094 |    1016     508    1016 |    0.3   25.1    1.4
4784 |   255 |    4317 |    7079     508    7079 |    1017     508    1017 |    0.2   25.0    0.9
4785 |   255 |    4315 |    7089     507    7089 |    1015     507    1015 |    0.2   26.1    0.9
4786 |   255 |    4309 |    7072     507    7072 |    1015     507    1015 |    0.2   19.5    0.8
4787 |   255 |    4293 |    6071     507    6071 |    1013     506    1013 |    0.2   18.4    0.9
4788 |   255 |    4318 |    7083     508    7083 |    1016     508    1016 |    0.2   24.5    0.9
4789 |   255 |    3251 |    6020     506    6020 |    1013     506    1013 |    0.2   18.7    0.8
4790 |   254 |    4298 |    6068     506    6068 |    1012     506    1012 |    0.2   18.9    0.8
4791 |   254 |    4299 |    7070     505    7070 |    1014     507    1014 |    0.2   26.6    0.9
4792 |   255 |    2780 |    6077     507    6077 |    1015     508    1015 |    0.2   18.7    0.9
4793 |   255 |    4314 |    7088     508    7088 |    1016     508    1016 |    0.2   25.8    1.0
4794 |   255 |    4308 |    7083     508    7083 |    1015     508    1015 |    0.2   24.7    1.0
4795 |   255 |    4321 |    7092     508    7092 |    1015     508    1015 |    0.2   25.1    1.0
4796 |   255 |    4315 |    7090     507    7090 |    1014     507    1014 |    0.2   24.2    0.9
4797 |   255 |    4323 |    7087     507    7087 |    1016     508    1016 |    0.2   26.5    1.0
4798 |   255 |    4297 |    7043     506    7043 |    1013     506    1013 |    0.3   25.0    1.0
4799 |   254 |    4303 |    7074     507    7074 |    1013     506    1013 |    0.2   26.5    1.0
4800 |   254 |    3536 |    7063     507    7063 |    1015     507    1015 |    0.2   18.9    0.8
4801 |   255 |    4324 |    7096     508    7096 |    1015     508    1015 |    0.2   25.1    0.9
4802 |   255 |    3282 |    7081     507    7081 |    1014     507    1014 |    0.2   25.3    0.9
4803 |   255 |    4324 |    7091     508    7091 |    1015     508    1015 |    0.2   25.4    1.0
4804 |   254 |    4292 |    7040     505    7040 |    1013     505    1013 |    0.2   25.2    1.0
4805 |   255 |    3028 |    7086     507    7086 |    1015     507    1015 |    0.4   24.8    0.9
4806 |   255 |    4222 |    6007     506    6007 |    1013     506    1013 |    0.2   17.9    0.8
4807 |   255 |    2798 |    7094     508    7094 |    1016     508    1016 |    0.2   19.1    0.9
4808 |   254 |    4286 |    7072     506    7072 |    1012     506    1012 |    0.3   24.8    0.9
4809 |   255 |    2780 |    7083     507    7083 |    1014     507    1014 |    0.2   25.3    1.0
4810 |   255 |    4316 |    7093     508    7093 |    1015     508    1015 |    0.2   24.9    1.0
4811 |   255 |    4316 |    7080     508    7080 |    1015     508    1015 |    0.3   24.7    0.9
4812 |   254 |    4288 |    7054     506    7054 |    1012     506    1012 |    0.2   25.4    1.3
4813 |   255 |    4323 |    7087     507    7087 |    1015     507    1015 |    0.3   26.6    1.0
4814 |   255 |    4317 |    7091     507    7091 |    1015     508    1015 |    0.2   26.3    1.0
4815 |   255 |    4322 |    7085     509    7085 |    1017     509    1017 |    0.2   25.4    1.0
4816 |   255 |    2778 |    6071     506    6071 |    1013     506    1013 |    0.2   19.1    0.8
4817 |   255 |    4325 |    7090     508    7090 |    1017     508    1017 |    0.2   24.7    0.9
4818 |   255 |    4315 |    7082     507    7082 |    1014     507    1014 |    0.3   25.6    1.0
4819 |   255 |    4306 |    7047     506    7047 |    1014     506    1014 |    0.3   24.7    1.0
4820 |   255 |    4320 |    7080     507    7080 |    1014     507    1014 |    0.3   24.8    0.9
4821 |   248 |    4185 |    5943     506    5943 |    1012     506    1012 |    0.2   17.8    1.0
4822 |   255 |    4318 |    7073     508    7073 |    1016     508    1016 |    0.3   25.2    0.9
4823 |   255 |    4282 |    7064     506    7064 |    1013     506    1013 |    0.2   18.7    0.8
4824 |   254 |    4308 |    7075     507    7075 |    1014     507    1014 |    0.2   18.3    0.8
4825 |   255 |    4302 |    7078     507    7078 |    1014     507    1014 |    0.3   25.2    1.0
4826 |   255 |    4321 |    7094     507    7094 |    1015     507    1015 |    0.2   26.6    0.9
4827 |   255 |    4316 |    7087     507    7087 |    1014     507    1014 |    0.2   24.9    0.9
4828 |   255 |    2779 |    7085     507    7085 |    1014     507    1014 |    0.3   26.0    0.9
4829 |   255 |    3035 |    7082     509    7082 |    1017     509    1017 |    0.2   24.8    1.0
4830 |   255 |    3025 |    7081     507    7081 |    1014     507    1014 |    0.2   28.1    1.0
4831 |   255 |    4296 |    7047     505    7047 |    1013     505    1013 |    0.2   24.9    1.0
4832 |   255 |    3508 |    6042     506    6042 |    1013     506    1013 |    0.2   18.5    0.8
4833 |   255 |    3004 |    6034     507    6034 |    1013     507    1013 |    0.2   17.8    0.8
4834 |   254 |    4287 |    7051     505    7051 |    1012     505    1012 |    0.2   27.4    0.9
4835 |   255 |    4319 |    7092     508    7092 |    1015     508    1015 |    0.2   19.9    0.8
4836 |   255 |    4318 |    7064     507    7064 |    1016     507    1016 |    0.2   26.4    1.2
4837 |   255 |    4309 |    7079     506    7079 |    1013     506    1013 |    0.3   31.1    1.0
4838 |   254 |    3513 |    6048     505    6048 |    1012     505    1012 |    0.2   17.9    0.8
4839 |   255 |    4316 |    7069     508    7069 |    1015     508    1015 |    0.2   25.9    0.9
4840 |   255 |    4301 |    6075     507    6075 |    1014     507    1014 |    0.2   20.3    1.0
4841 |   254 |    4277 |    6054     506    6054 |    1012     506    1012 |    0.2   19.5    0.8
4842 |   255 |    3298 |    7094     508    7094 |    1017     508    1017 |    0.4   24.4    0.9
4843 |   255 |    4307 |    7079     507    7079 |    1014     507    1014 |    0.2   25.6    0.9
4844 |   255 |    4315 |    7091     507    7091 |    1014     507    1014 |    0.2   25.9    0.9
4845 |   253 |    4278 |    6051     505    6051 |    1010     505    1010 |    0.2   18.0    0.8
4846 |   255 |    4307 |    7083     507    7083 |    1014     507    1014 |    0.2   27.7    1.0
4847 |   255 |    4307 |    7071     506    7071 |    1013     506    1013 |    0.2   24.8    0.9
4848 |   255 |    4247 |    6024     506    6024 |    1013     506    1013 |    0.2   19.0    0.8
4849 |   255 |    4320 |    7085     507    7085 |    1015     507    1015 |    0.2   27.2    1.3
4850 |   255 |    4322 |    7094     507    7094 |    1015     507    1015 |    0.2   25.8    1.0
4851 |   255 |    4326 |    7091     508    7091 |    1017     508    1017 |    0.2   27.1    1.0
4852 |   255 |    4316 |    7078     507    7078 |    1014     507    1014 |    0.3   26.2    1.0
4853 |   255 |    4315 |    7075     506    7075 |    1013     506    1013 |    0.2   26.0    0.9
4854 |   255 |    4312 |    7083     507    7083 |    1015     507    1015 |    0.2   25.3    1.0
4855 |   253 |    3269 |    7049     506    7049 |    1013     506    1013 |    0.2   19.9    0.8
4856 |   254 |    4302 |    7071     506    7071 |    1012     506    1012 |    0.2   26.1    1.0
4857 |   255 |    4327 |    7100     508    7100 |    1016     508    1016 |    0.2   24.7    0.9
4858 |   253 |    4280 |    6053     505    6053 |    1011     505    1011 |    0.2   20.0    0.8
4859 |   255 |    4312 |    7081     507    7081 |    1015     507    1015 |    0.3   25.7    0.9
4860 |   255 |    4305 |    7086     507    7086 |    1014     507    1014 |    0.2   24.6    1.0
4861 |   255 |    4302 |    7056     506    7056 |    1014     506    1014 |    0.2   25.1    0.9
4862 |   255 |    4319 |    7086     508    7086 |    1016     508    1016 |    0.2   25.9    0.9
4863 |   255 |    4307 |    7077     507    7077 |    1013     507    1013 |    0.2   24.6    0.9
4864 |   255 |    4317 |    7087     507    7087 |    1014     507    1014 |    0.2   26.1    1.1
4865 |   255 |    4325 |    7082     508    7082 |    1017     508    1017 |    0.3   26.5    1.0
4866 |   255 |    4303 |    7069     506    7069 |    1012     506    1012 |    0.2   25.4    1.1
4867 |   255 |    4325 |    7091     508    7091 |    1015     508    1015 |    0.3   26.0    1.0
4868 |   255 |    2759 |    6055     506    6055 |    1013     506    1013 |    0.2   18.1    0.8
4869 |   254 |    3292 |    7073     506    7073 |    1014     506    1014 |    0.2   18.8    0.8
4870 |   255 |    3032 |    7080     508    7080 |    1017     508    1017 |    0.2   26.3    0.9
4871 |   255 |    4315 |    7085     508    7085 |    1016     508    1016 |    0.2   27.2    1.0
4872 |   255 |    4281 |    6063     506    6063 |    1013     506    1013 |    0.2   18.1    0.8
4873 |   255 |    4313 |    7088     507    7088 |    1015     507    1015 |    0.2   25.1    0.9
4874 |   254 |    3022 |    7071     507    7071 |    1015     507    1015 |    0.2   25.5    1.1
4875 |   255 |    4307 |    7060     508    7060 |    1016     508    1016 |    0.2   24.8    0.9
4876 |   255 |    4323 |    7095     508    7095 |    1016     508    1016 |    0.2   28.8    1.4
4877 |   254 |    3293 |    7062     508    7062 |    1017     508    1017 |    0.3   22.4    0.8
4878 |   255 |    4322 |    7083     508    7083 |    1017     509    1017 |    0.2   24.6    0.9
4879 |   255 |    4325 |    7090     508    7090 |    1017     508    1017 |    0.2   25.5    1.1
4880 |   255 |    4323 |    7091     508    7091 |    1016     508    1016 |    0.2   27.2    1.2
4881 |   255 |    4302 |    7065     506    7065 |    1013     506    1013 |    0.3   26.2    1.0
4882 |   255 |    4319 |    7088     507    7088 |    1014     507    1014 |    0.2   26.3    1.3
4883 |   255 |    4324 |    7098     508    7098 |    1016     508    1016 |    0.3   25.9    1.1
4884 |   255 |    2781 |    7085     507    7085 |    1014     507    1014 |    0.2   23.0    0.9
4885 |   255 |    4300 |    7059     506    7059 |    1013     506    1013 |    0.2   26.3    0.9
4886 |   255 |    4321 |    7090     507    7090 |    1014     507    1014 |    0.2   26.6    0.9
4887 |   254 |    4285 |    7042     505    7042 |    1012     505    1012 |    0.2   25.6    1.2
4888 |   255 |    4323 |    7074     509    7074 |    1018     509    1018 |    0.2   27.8    1.1
4889 |   254 |    4289 |    7065     506    7065 |    1011     506    1011 |    0.2   25.0    0.9
4890 |   253 |    4285 |    6063     506    6063 |    1011     506    1011 |    0.2   18.5    1.0
4891 |   255 |    4317 |    7083     507    7083 |    1014     507    1014 |    0.3   25.4    0.9
4892 |   255 |    4328 |    7095     509    7095 |    1017     509    1017 |    0.2   26.1    0.9
4893 |   255 |    4316 |    7083     507    7083 |    1014     507    1014 |    0.3   24.7    0.9
4894 |   255 |    4315 |    7089     508    7089 |    1015     508    1015 |    0.2   25.7    1.0
4895 |   254 |    4283 |    7034     506    7034 |    1013     506    1013 |    0.3   26.2    0.9
4896 |   254 |    3277 |    6061     506    6061 |    1012     506    1012 |    0.2   19.2    0.9
4897 |   255 |    4311 |    7085     507    7085 |    1014     507    1014 |    0.2   28.5    1.2
4898 |   255 |    3543 |    7083     508    7083 |    1015     508    1015 |    0.3   26.9    0.9
4899 |   255 |    4319 |    7089     507    7089 |    1015     507    1015 |    0.2   19.2    0.8
4900 |   255 |    4285 |    6063     506    6063 |    1012     506    1012 |    0.2   18.4    0.8
4901 |   255 |    4312 |    7081     506    7081 |    1013     506    1013 |    0.2   26.2    1.0
4902 |   255 |    4311 |    7077     506    7077 |    1013     507    1013 |    0.2   26.1    1.0
4903 |   255 |    4320 |    7088     508    7088 |    1015     508    1015 |    0.2   26.2    1.0
4904 |   254 |    3776 |    6067     506    6067 |    1013     507    1013 |    0.2   18.5    0.8
4905 |   255 |    4291 |    6071     507    6071 |    1014     507    1014 |    0.3   19.0    0.8
4906 |   254 |    4298 |    7054     507    7054 |    1014     507    1014 |    0.2   19.5    0.9
4907 |   255 |    4304 |    7062     506    7062 |    1013     506    1013 |    0.2   25.9    0.9
4908 |   255 |    4310 |    7077     507    7077 |    1014     507    1014 |    0.2   25.4    0.9
4909 |   255 |    4314 |    7082     507    7082 |    1014     507    1014 |    0.2   25.9    1.0
4910 |   255 |    4310 |    7076     506    7076 |    1013     506    1013 |    0.2   25.1    0.9
4911 |   254 |    4301 |    7067     506    7067 |    1012     506    1012 |    0.2   25.1    1.0
4912 |   255 |    4299 |    7056     506    7056 |    1012     506    1012 |    0.2   24.4    0.9
4913 |   255 |    3545 |    7084     507    7084 |    1014     507    1014 |    0.2   19.4    0.8
4914 |   255 |    3549 |    7081     507    7081 |    1014     507    1014 |    0.2   18.3    0.8
4915 |   255 |    2783 |    7086     507    7086 |    1014     507    1014 |    0.2   26.1    1.0
4916 |   253 |    4229 |    6002     506    6002 |    1011     506    1011 |    0.2   17.8    0.8
4917 |   255 |    4322 |    7086     507    7086 |    1015     508    1015 |    0.2   28.2    0.9
4918 |   255 |    2758 |    6027     506    6027 |    1013     506    1013 |    0.2   20.2    0.8
4919 |   255 |    4313 |    7073     507    7073 |    1016     507    1016 |    0.2   25.2    1.1
4920 |   255 |    4301 |    7075     507    7075 |    1013     506    1013 |    0.2   25.4    0.9
4921 |   254 |    4292 |    6068     506    6068 |    1012     506    1012 |    0.2   18.1    0.8
4922 |   255 |    4310 |    7086     507    7086 |    1015     507    1015 |    0.2   25.3    1.0
4923 |   255 |    4315 |    7078     507    7078 |    1015     508    1015 |    0.2   26.1    0.9
4924 |   255 |    4318 |    7084     508    7084 |    1016     508    1016 |    0.2   25.8    1.0
4925 |   255 |    4323 |    7082     508    7082 |    1016     508    1016 |    0.2   25.0    1.1
4926 |   254 |    4287 |    6060     506    6060 |    1012     506    1012 |    0.3   18.2    0.8
4927 |   255 |    4305 |    7078     507    7078 |    1014     507    1014 |    0.2   25.5    0.9
4928 |   255 |    3551 |    7074     508    7074 |    1017     508    1017 |    0.2   19.4    0.8
4929 |   253 |    4284 |    6058     505    6058 |    1011     505    1011 |    0.2   18.5    0.8
4930 |   254 |    4234 |    6008     505    6008 |    1012     505    1012 |    0.2   19.6    0.8
4931 |   255 |    4314 |    7082     507    7082 |    1015     507    1015 |    0.2   26.2    1.0
4932 |   255 |    2781 |    7062     507    7062 |    1014     507    1014 |    0.2   19.1    0.8
4933 |   255 |    3279 |    7080     507    7080 |    1014     507    1014 |    0.2   24.7    1.1
4934 |   255 |    4254 |    6033     506    6033 |    1013     506    1013 |    0.2   18.2    0.8
4935 |   255 |    4320 |    7092     507    7092 |    1015     507    1015 |    0.2   25.7    1.0
4936 |   255 |    4311 |    7081     508    7081 |    1015     508    1015 |    0.2   19.1    0.8
4937 |   255 |    4300 |    7062     506    7062 |    1013     506    1013 |    0.2   26.1    1.2
4938 |   255 |    4320 |    7077     507    7077 |    1015     507    1015 |    0.2   25.8    1.0
4939 |   254 |    4291 |    7062     506    7062 |    1012     506    1012 |    0.2   25.1    1.0
4940 |   253 |    4287 |    7066     505    7066 |    1011     505    1011 |    0.2   25.4    0.9
4941 |   255 |    2784 |    7077     507    7077 |    1015     507    1015 |    0.2   25.8    0.9
4942 |   254 |    4281 |    7050     505    7050 |    1012     505    1012 |    0.2   23.6    0.9
4943 |   255 |    4307 |    6066     506    6066 |    1013     506    1013 |    0.2   18.9    0.8
4944 |   255 |    4286 |    6065     507    6065 |    1014     507    1014 |    0.2   18.2    0.9
4945 |   254 |    4304 |    7071     507    7071 |    1013     507    1013 |    0.2   24.7    0.9
4946 |   255 |    4316 |    7085     507    7085 |    1015     507    1015 |    0.2   25.7    0.9
4947 |   255 |    3536 |    7085     506    7085 |    1014     506    1014 |    0.2   24.7    0.9
4948 |   255 |    4321 |    7085     508    7085 |    1016     508    1016 |    0.2   25.2    1.0
4949 |   253 |    3279 |    7025     508    7025 |    1017     508    1017 |    0.3   18.7    0.9
4950 |   255 |    4314 |    7087     507    7087 |    1015     507    1015 |    0.2   25.9    1.0
4951 |   255 |    4310 |    7072     507    7072 |    1015     507    1015 |    0.3   24.9    1.0
4952 |   255 |    4321 |    7090     507    7090 |    1015     508    1015 |    0.2   27.0    1.0
4953 |   255 |    4323 |    7093     508    7093 |    1015     508    1015 |    0.2   26.9    0.9
4954 |   255 |    3268 |    7080     507    7080 |    1014     507    1014 |    0.2   25.9    1.0
4955 |   255 |    4325 |    7095     507    7095 |    1015     507    1015 |    0.2   27.1    1.0
4956 |   251 |    4224 |    5995     505    5995 |    1010     505    1010 |    0.2   17.5    0.8
4957 |   255 |    2788 |    7082     508    7082 |    1017     508    1017 |    0.2   23.8    0.9
4958 |   255 |    4316 |    7087     507    7087 |    1015     507    1015 |    0.2   25.2    0.9
4959 |   255 |    4322 |    7088     508    7088 |    1018     508    1018 |    0.2   26.0    0.9
4960 |   255 |    2782 |    7083     507    7083 |    1014     507    1014 |    0.2   24.9    1.0
4961 |   253 |    4285 |    6061     505    6061 |    1011     505    1011 |    0.2   19.5    1.1
4962 |   255 |    4324 |    7094     508    7094 |    1016     508    1016 |    0.2   25.6    1.0
4963 |   255 |    4321 |    7089     508    7089 |    1016     508    1016 |    0.2   25.2    0.9
4964 |   255 |    4313 |    7086     507    7086 |    1015     507    1015 |    0.2   24.4    0.9
4965 |   255 |    4321 |    7073     508    7073 |    1017     508    1017 |    0.2   25.3    1.0
4966 |   255 |    4314 |    7076     507    7076 |    1014     507    1014 |    0.2   25.6    0.9
4967 |   253 |    4290 |    7066     506    7066 |    1011     506    1011 |    0.2   24.4    0.9
4968 |   255 |    4313 |    7076     507    7076 |    1015     507    1015 |    0.2   25.9    1.1
4969 |   254 |    4300 |    7074     507    7074 |    1013     507    1013 |    0.3   25.5    1.0
4970 |   254 |    4300 |    7070     506    7070 |    1012     506    1012 |    0.2   26.0    0.9
4971 |   253 |    4281 |    6058     506    6058 |    1011     506    1011 |    0.2   18.3    0.8
4972 |   253 |    4290 |    6066     506    6066 |    1012     506    1012 |    0.2   18.0    1.0
4973 |   253 |    4270 |    7025     506    7025 |    1011     506    1011 |    0.3   25.0    0.9
4974 |   254 |    4301 |    7073     507    7073 |    1013     507    1013 |    0.2   26.2    1.1
4975 |   255 |    4317 |    7091     507    7091 |    1014     507    1014 |    0.2   25.1    0.9
4976 |   255 |    4326 |    7093     508    7093 |    1015     508    1015 |    0.2   25.8    1.0
4977 |   255 |    4312 |    7088     507    7088 |    1014     507    1014 |    0.2   25.1    1.0
4978 |   255 |    2776 |    6074     507    6074 |    1014     507    1014 |    0.2   17.9    0.8
4979 |   255 |    4323 |    7094     508    7094 |    1015     508    1015 |    0.2   26.0    1.3
4980 |   255 |    3297 |    7087     507    7087 |    1015     507    1015 |    0.3   22.0    0.9
4981 |   254 |    4287 |    6061     506    6061 |    1012     506    1012 |    0.3   18.4    0.8
4982 |   252 |    4271 |    6045     505    6045 |    1010     505    1010 |    0.2   18.9    0.8
4983 |   255 |    4312 |    7068     507    7068 |    1017     507    1017 |    0.2   25.8    1.3
4984 |   255 |    4315 |    7082     507    7082 |    1014     507    1014 |    0.2   26.1    1.0
4985 |   254 |    3014 |    6045     506    6045 |    1012     506    1012 |    0.2   18.1    0.8
4986 |   255 |    3025 |    7088     507    7088 |    1015     507    1015 |    0.2   25.0    0.9
4987 |   255 |    4289 |    7049     506    7049 |    1012     506    1012 |    0.2   25.6    0.9
4988 |   255 |    4305 |    7054     507    7054 |    1014     507    1014 |    0.2   25.6    1.0
4989 |   253 |    4268 |    6037     505    6037 |    1010     505    1010 |    0.2   17.7    0.8
4990 |   255 |    4322 |    7085     507    7085 |    1016     508    1016 |    0.2   25.8    1.0
4991 |   254 |    3281 |    7059     507    7059 |    1015     507    1015 |    0.2   18.3    0.8
4992 |   254 |    4292 |    7058     507    7058 |    1014     507    1014 |    0.2   18.6    0.8
4993 |   255 |    4323 |    7094     508    7094 |    1015     508    1015 |    0.2   25.9    0.9
4994 |   255 |    4316 |    7086     508    7086 |    1016     508    1016 |    0.2   27.3    0.9
4995 |   255 |    4300 |    7063     506    7063 |    1013     506    1013 |    0.2   24.9    1.0
4996 |   255 |    3299 |    7088     508    7088 |    1016     508    1016 |    0.3   24.2    0.9
4997 |   255 |    4294 |    7078     506    7078 |    1013     506    1013 |    0.2   19.3    0.8
4998 |   255 |    4313 |    7075     507    7075 |    1015     507    1015 |    0.2   25.3    1.0
4999 |   255 |    4311 |    7082     507    7082 |    1015     507    1015 |    0.2   30.4    1.2
5000 |   255 |    4322 |    7090     507    7090 |    1016     508    1016 |    0.2   24.5    0.9
5001 |   255 |    4318 |    7084     508    7084 |    1016     508    1016 |    0.2   25.8    1.0
5002 |   255 |    4324 |    7094     507    7094 |    1015     508    1015 |    0.3   26.2    0.9
5003 |   255 |    4305 |    7080     507    7080 |    1014     507    1014 |    0.2   25.4    1.0
5004 |   254 |    4306 |    7072     507    7072 |    1014     507    1014 |    0.2   25.4    0.9
5005 |   255 |    4317 |    7081     506    7081 |    1013     506    1013 |    0.2   25.6    1.1
5006 |   255 |    4320 |    7083     507    7083 |    1014     507    1014 |    0.2   24.9    0.9
5007 |   255 |    4321 |    7091     507    7091 |    1016     507    1016 |    0.3   25.8    0.9
5008 |   255 |    4314 |    7088     507    7088 |    1015     507    1015 |    0.2   27.2    1.2
5009 |   255 |    4324 |    7089     508    7089 |    1016     508    1016 |    0.3   24.8    0.9
5010 |   255 |    4316 |    7087     508    7087 |    1016     508    1016 |    0.2   25.7    1.0
5011 |   255 |    4314 |    7082     507    7082 |    1015     507    1015 |    0.2   25.0    0.9
5012 |   255 |    4323 |    7095     508    7095 |    1016     508    1016 |    0.2   25.8    1.0
5013 |   255 |    4327 |    7096     507    7096 |    1015     508    1015 |    0.2   26.8    1.0
5014 |   255 |    4323 |    7094     507    7094 |    1015     507    1015 |    0.2   26.1    1.0
5015 |   255 |    3288 |    7068     507    7068 |    1015     507    1015 |    0.2   19.4    0.8
5016 |   255 |    4319 |    7090     507    7090 |    1015     507    1015 |    0.2   25.9    1.0
5017 |   255 |    4315 |    7081     507    7081 |    1014     507    1014 |    0.3   25.6    0.9
5018 |   255 |    3561 |    7077     508    7077 |    1018     508    1018 |    0.2   19.6    0.8
5019 |   255 |    4321 |    7082     507    7082 |    1014     507    1014 |    0.2   24.6    1.2
5020 |   255 |    4328 |    7088     509    7088 |    1017     509    1017 |    0.2   25.4    0.9
5021 |   255 |    4313 |    7068     507    7068 |    1014     507    1014 |    0.2   26.7    0.9
5022 |   255 |    4311 |    7078     507    7078 |    1013     507    1013 |    0.2   25.6    1.0
5023 |   255 |    3028 |    7084     508    7084 |    1016     508    1016 |    0.2   27.2    1.1
5024 |   255 |    2781 |    7083     507    7083 |    1014     507    1014 |    0.2   25.1    1.0
5025 |   254 |    4292 |    6066     507    6066 |    1013     507    1013 |    0.2   18.4    1.0
5026 |   255 |    4322 |    7081     507    7081 |    1017     508    1017 |    0.4   20.3    0.9
5027 |   254 |    4295 |    7057     506    7057 |    1012     506    1012 |    0.2   24.2    1.0
5028 |   255 |    3508 |    6042     506    6042 |    1012     506    1012 |    0.2   18.2    0.8
5029 |   254 |    3005 |    6040     506    6040 |    1012     506    1012 |    0.2   18.1    1.0
5030 |   253 |    4287 |    6061     506    6061 |    1011     506    1011 |    0.2   19.3    0.9
5031 |   255 |    4315 |    7083     507    7083 |    1015     507    1015 |    0.2   26.1    1.0
5032 |   255 |    4308 |    7077     508    7077 |    1016     508    1016 |    0.3   25.7    0.9
5033 |   255 |    4315 |    7087     507    7087 |    1014     507    1014 |    0.2   25.5    0.9
5034 |   254 |    4308 |    7080     507    7080 |    1013     507    1013 |    0.2   25.8    1.0
5035 |   255 |    4325 |    7092     509    7092 |    1017     509    1017 |    0.2   25.4    0.9
5036 |   255 |    4311 |    7079     508    7079 |    1016     508    1016 |    0.2   24.7    0.9
5037 |   255 |    4298 |    7033     505    7033 |    1015     505    1015 |    0.2   24.7    0.9
5038 |   254 |    4309 |    7076     507    7076 |    1014     507    1014 |    0.2   25.2    0.9
5039 |   254 |    3006 |    6029     505    6029 |    1012     505    1012 |    0.2   19.2    1.1
5040 |   255 |    4297 |    7043     506    7043 |    1013     506    1013 |    0.3   26.7    0.9
5041 |   254 |    4289 |    7043     506    7043 |    1013     506    1013 |    0.2   24.2    0.9
5042 |   255 |    4317 |    7082     507    7082 |    1015     507    1015 |    0.2   26.2    1.2
5043 |   255 |    4319 |    7088     507    7088 |    1015     507    1015 |    0.3   25.8    1.1
5044 |   255 |    4326 |    7092     509    7092 |    1017     509    1017 |    0.2   25.9    1.0
5045 |   255 |    4289 |    7075     507    7075 |    1015     507    1015 |    0.3   24.0    0.9
5046 |   254 |    4281 |    6057     506    6057 |    1012     506    1012 |    0.2   18.0    1.1
5047 |   255 |    4302 |    7051     505    7051 |    1014     506    1014 |    0.3   24.2    0.9
5048 |   255 |    4319 |    7088     507    7088 |    1015     508    1015 |    0.2   26.4    1.0
5049 |   254 |    3494 |    6014     505    6014 |    1012     505    1012 |    0.2   18.7    0.8
5050 |   255 |    4321 |    7091     508    7091 |    1015     508    1015 |    0.2   26.4    1.0
5051 |   254 |    4304 |    7061     505    7061 |    1014     507    1014 |    0.2   25.3    1.1
5052 |   255 |    4318 |    7089     507    7089 |    1015     507    1015 |    0.3   25.4    1.0
5053 |   255 |    4318 |    7081     507    7081 |    1015     507    1015 |    0.2   24.9    0.9
5054 |   254 |    4292 |    7070     506    7070 |    1012     506    1012 |    0.2   25.5    0.9
5055 |   255 |    4309 |    7071     507    7071 |    1013     507    1013 |    0.2   24.5    0.9
5056 |   255 |    4247 |    6029     506    6029 |    1013     506    1013 |    0.2   17.8    0.8
5057 |   255 |    2785 |    7083     507    7083 |    1015     507    1015 |    0.2   29.2    1.3
5058 |   255 |    4322 |    7089     507    7089 |    1015     507    1015 |    0.3   26.4    1.2
5059 |   254 |    4292 |    7060     505    7060 |    1011     505    1011 |    0.3   24.4    0.9
5060 |   255 |    4321 |    7085     508    7085 |    1016     508    1016 |    0.2   24.8    0.9
5061 |   255 |    4307 |    7083     507    7083 |    1014     507    1014 |    0.3   28.9    0.9
5062 |   255 |    2769 |    6064     507    6064 |    1013     507    1013 |    0.2   19.6    0.8
5063 |   255 |    4321 |    7083     508    7083 |    1015     508    1015 |    0.2   25.3    0.9
5064 |   255 |    2775 |    6064     506    6064 |    1013     507    1013 |    0.2   21.4    0.9
5065 |   255 |    3285 |    7093     508    7093 |    1016     508    1016 |    0.2   27.4    1.2
5066 |   253 |    4273 |    6048     505    6048 |    1011     505    1011 |    0.3   20.7    0.9
5067 |   254 |    4306 |    7078     507    7078 |    1014     507    1014 |    0.2   26.2    0.9
5068 |   255 |    4285 |    6064     507    6064 |    1013     506    1013 |    0.3   18.7    0.8
5069 |   255 |    2769 |    6063     506    6063 |    1013     506    1013 |    0.2   18.5    0.8
5070 |   255 |    4328 |    7098     508    7098 |    1016     508    1016 |    0.2   25.6    0.9
5071 |   255 |    4321 |    7091     508    7091 |    1016     508    1016 |    0.2   27.5    1.0
5072 |   255 |    3297 |    7076     508    7076 |    1016     508    1016 |    0.2   18.3    0.8
5073 |   255 |    3032 |    7084     507    7084 |    1014     507    1014 |    0.2   25.2    0.9
5074 |   255 |    4309 |    7076     506    7076 |    1013     506    1013 |    0.2   25.6    1.1
5075 |   255 |    2783 |    7081     508    7081 |    1015     508    1015 |    0.3   25.2    0.9
5076 |   255 |    4310 |    7080     508    7080 |    1017     508    1017 |    0.2   18.9    0.8
5077 |   253 |    4284 |    6058     505    6058 |    1010     505    1010 |    0.2   18.4    0.8
5078 |   255 |    4321 |    7101     508    7101 |    1016     508    1016 |    0.2   26.2    1.0
5079 |   254 |    4287 |    7060     505    7060 |    1011     505    1011 |    0.2   24.1    1.2
5080 |   255 |    4314 |    7082     507    7082 |    1015     507    1015 |    0.2   26.4    1.0
5081 |   255 |    4317 |    7088     508    7088 |    1015     508    1015 |    0.2   27.7    0.9
5082 |   255 |    4308 |    7082     507    7082 |    1014     507    1014 |    0.2   25.7    0.9
5083 |   255 |    2776 |    6066     506    6066 |    1013     506    1013 |    0.2   18.9    0.8
5084 |   255 |    4308 |    7078     507    7078 |    1015     508    1015 |    0.2   24.6    0.9
5085 |   255 |    4315 |    7078     506    7078 |    1014     507    1014 |    0.2   26.6    1.0
5086 |   255 |    4297 |    6072     506    6072 |    1012     506    1012 |    0.2   20.9    0.8
5087 |   255 |    4307 |    7067     508    7067 |    1016     508    1016 |    0.3   18.6    0.8
5088 |   255 |    4322 |    7090     507    7090 |    1015     508    1015 |    0.2   26.2    1.0
5089 |   253 |    4256 |    6034     505    6034 |    1010     505    1010 |    0.4   18.4    0.8
5090 |   255 |    4288 |    6068     507    6068 |    1013     507    1013 |    0.2   20.6    0.8
5091 |   255 |    4314 |    7087     507    7087 |    1015     507    1015 |    0.2   26.1    0.9
5092 |   255 |    4315 |    7088     507    7088 |    1015     507    1015 |    0.2   28.4    1.0
5093 |   254 |    4281 |    6063     506    6063 |    1012     506    1012 |    0.2   18.8    0.8
5094 |   255 |    3540 |    7082     507    7082 |    1014     507    1014 |    0.2   19.5    0.8
5095 |   255 |    4283 |    6061     507    6061 |    1013     507    1013 |    0.2   19.2    0.8
5096 |   255 |    4265 |    6046     506    6046 |    1013     506    1013 |    0.2   19.1    0.8
5097 |   255 |    3286 |    7081     507    7081 |    1014     507    1014 |    0.2   28.0    1.0
5098 |   255 |    4325 |    7087     508    7087 |    1017     508    1017 |    0.2   25.6    0.9
5099 |   255 |    4320 |    7087     508    7087 |    1016     508    1016 |    0.2   25.5    1.0
5100 |   253 |    4283 |    6058     506    6058 |    1011     506    1011 |    0.2   18.2    0.8
5101 |   255 |    4312 |    7087     507    7087 |    1015     507    1015 |    0.2   26.0    0.9
5102 |   255 |    3250 |    6029     506    6029 |    1013     506    1013 |    0.2   19.2    0.8
5103 |   255 |    4316 |    7070     508    7070 |    1015     508    1015 |    0.2   26.8    0.9
5104 |   254 |    3533 |    7055     506    7055 |    1013     506    1013 |    0.2   19.6    0.8
5105 |   252 |    4258 |    6021     507    6021 |    1014     507    1014 |    0.2   17.7    0.8
5106 |   255 |    4304 |    7060     507    7060 |    1014     507    1014 |    0.2   26.0    1.0
5107 |   255 |    3555 |    7094     507    7094 |    1015     508    1015 |    0.2   20.1    0.9
5108 |   254 |    4289 |    7054     507    7054 |    1015     507    1015 |    0.2   24.5    1.0
5109 |   255 |    4301 |    7082     507    7082 |    1013     507    1013 |    0.2   24.5    0.9
5110 |   255 |    3268 |    7057     507    7057 |    1015     507    1015 |    0.2   18.3    1.0
5111 |   255 |    3538 |    7070     506    7070 |    1013     506    1013 |    0.3   18.8    0.8
5112 |   255 |    4315 |    7089     507    7089 |    1015     508    1015 |    0.2   25.7    1.1
5113 |   255 |    4325 |    7092     507    7092 |    1015     507    1015 |    0.3   25.2    1.0
5114 |   255 |    4304 |    7044     507    7044 |    1015     507    1015 |    0.2   24.5    0.9
5115 |   255 |    4277 |    6056     506    6056 |    1014     507    1014 |    0.2   18.9    0.8
5116 |   255 |    4313 |    7086     507    7086 |    1014     507    1014 |    0.2   27.0    1.0
5117 |   255 |    3279 |    6069     507    6069 |    1015     507    1015 |    0.2   18.0    0.8
5118 |   255 |    4314 |    7073     509    7073 |    1018     509    1018 |    0.3   25.6    1.0
5119 |   255 |    4319 |    7089     507    7089 |    1015     508    1015 |    0.3   25.6    1.2
5120 |   255 |    4321 |    7084     508    7084 |    1016     508    1016 |    0.3   27.1    1.0
5121 |   255 |    4240 |    6019     506    6019 |    1013     506    1013 |    0.2   18.5    1.0
5122 |   255 |    4318 |    7083     508    7083 |    1015     508    1015 |    0.3   24.5    0.9
5123 |   255 |    4325 |    7093     508    7093 |    1016     508    1016 |    0.2   25.9    0.9
5124 |   254 |    4291 |    7053     506    7053 |    1012     506    1012 |    0.2   24.9    0.9
5125 |   255 |    4316 |    7086     507    7086 |    1014     507    1014 |    0.2   26.1    1.0
5126 |   255 |    4317 |    7069     509    7069 |    1019     509    1019 |    0.2   21.6    0.8
5127 |   255 |    3807 |    7071     509    7071 |    1018     509    1018 |    0.2   18.5    0.8
5128 |   255 |    4319 |    6086     507    6086 |    1015     507    1015 |    0.2   20.3    1.0
5129 |   255 |    4316 |    7078     507    7078 |    1013     507    1013 |    0.3   25.6    1.0
5130 |   255 |    4316 |    7085     508    7085 |    1015     508    1015 |    0.2   25.5    1.0
5131 |   255 |    4321 |    7092     507    7092 |    1015     508    1015 |    0.2   25.0    1.0
5132 |   255 |    4320 |    7094     508    7094 |    1016     508    1016 |    0.2   25.5    1.0
5133 |   252 |    4252 |    6025     505    6025 |    1010     505    1010 |    0.2   17.7    0.8
5134 |   255 |    4304 |    7081     507    7081 |    1014     507    1014 |    0.2   26.9    1.0
5135 |   254 |    3246 |    7002     507    7002 |    1015     507    1015 |    0.3   18.6    0.8
5136 |   255 |    4311 |    7081     507    7081 |    1015     507    1015 |    0.2   26.5    1.0
5137 |   255 |    4311 |    7079     507    7079 |    1014     507    1014 |    0.2   25.9    1.0
5138 |   254 |    4292 |    7037     505    7037 |    1013     506    1013 |    0.2   24.7    1.0
5139 |   254 |    2756 |    7050     505    7050 |    1011     505    1011 |    0.2   18.2    0.8
5140 |   255 |    4316 |    7078     507    7078 |    1015     507    1015 |    0.2   25.3    0.9
5141 |   255 |    3300 |    7090     507    7090 |    1015     507    1015 |    0.2   19.1    0.8
5142 |   255 |    4299 |    6072     507    6072 |    1014     507    1014 |    0.2   18.6    0.8
5143 |   255 |    3026 |    7089     508    7089 |    1015     508    1015 |    0.2   25.0    0.9
5144 |   254 |    4292 |    7068     507    7068 |    1015     507    1015 |    0.4   25.4    0.9
5145 |   255 |    4324 |    7092     508    7092 |    1016     508    1016 |    0.3   26.3    0.9
5146 |   255 |    4313 |    7084     507    7084 |    1014     507    1014 |    0.2   25.5    0.9
5147 |   255 |    4314 |    7082     508    7082 |    1015     508    1015 |    0.2   25.2    1.1
5148 |   255 |    4298 |    7079     507    7079 |    1014     507    1014 |    0.3   25.4    0.9
5149 |   255 |    4295 |    7032     507    7032 |    1014     507    1014 |    0.2   25.7    1.1
5150 |   255 |    3029 |    7083     508    7083 |    1016     508    1016 |    0.2   25.8    0.9
5151 |   254 |    4296 |    7065     505    7065 |    1011     505    1011 |    0.2   26.0    1.0
5152 |   255 |    4309 |    7082     507    7082 |    1015     508    1015 |    0.2   25.7    1.0
5153 |   255 |    4304 |    7078     506    7078 |    1014     507    1014 |    0.2   26.1    0.9
5154 |   254 |    3529 |    7057     506    7057 |    1014     506    1014 |    0.2   19.7    0.8
5155 |   255 |    4304 |    7078     507    7078 |    1014     507    1014 |    0.2   25.2    0.9
5156 |   255 |    4314 |    7084     508    7084 |    1015     508    1015 |    0.2   27.3    0.9
5157 |   255 |    3283 |    7025     509    7025 |    1019     509    1019 |    0.2   20.7    1.1
5158 |   255 |    4321 |    7085     508    7085 |    1017     508    1017 |    0.3   25.8    0.9
5159 |   255 |    4311 |    7081     506    7081 |    1013     506    1013 |    0.2   28.0    1.0
5160 |   255 |    4313 |    7093     507    7093 |    1015     508    1015 |    0.2   25.9    1.0
5161 |   255 |    4328 |    7086     508    7086 |    1018     509    1018 |    0.2   24.3    0.9
5162 |   255 |    4286 |    7027     505    7027 |    1013     505    1013 |    0.2   25.0    0.9
5163 |   255 |    4315 |    7073     507    7073 |    1015     507    1015 |    0.2   26.0    1.0
5164 |   254 |    4301 |    7073     506    7073 |    1013     506    1013 |    0.3   25.3    0.9
5165 |   255 |    4308 |    7072     509    7072 |    1017     509    1017 |    0.3   27.2    1.0
5166 |   255 |    4319 |    7083     508    7083 |    1016     508    1016 |    0.2   25.6    0.9
5167 |   255 |    4307 |    7063     507    7063 |    1016     507    1016 |    0.2   24.9    0.9
5168 |   255 |    4320 |    7086     507    7086 |    1015     507    1015 |    0.2   25.4    0.9
5169 |   255 |    4300 |    7080     507    7080 |    1013     506    1013 |    0.2   25.4    1.0
5170 |   255 |    4317 |    7091     507    7091 |    1015     507    1015 |    0.2   30.0    1.4
5171 |   255 |    4320 |    7081     508    7081 |    1017     508    1017 |    0.4   27.2    1.1
5172 |   255 |    4326 |    7094     508    7094 |    1016     508    1016 |    0.2   25.7    0.9
5173 |   255 |    4322 |    7084     508    7084 |    1017     508    1017 |    0.2   26.1    1.3
5174 |   255 |    4311 |    7076     507    7076 |    1013     507    1013 |    0.3   28.5    0.9
5175 |   253 |    4286 |    7063     506    7063 |    1011     506    1011 |    0.2   24.9    1.0
5176 |   255 |    4300 |    7070     506    7070 |    1014     507    1014 |    0.2   24.1    0.9
5177 |   255 |    4300 |    7075     506    7075 |    1015     507    1015 |    0.2   25.3    0.9
5178 |   255 |    4313 |    7083     507    7083 |    1014     507    1014 |    0.2   26.2    1.0
5179 |   255 |    4327 |    7093     508    7093 |    1017     508    1017 |    0.2   26.3    1.2
5180 |   255 |    4303 |    6061     506    6061 |    1013     506    1013 |    0.2   20.1    0.8
5181 |   255 |    3538 |    7080     507    7080 |    1015     507    1015 |    0.2   26.2    0.9
5182 |   253 |    4277 |    6047     505    6047 |    1010     505    1010 |    0.2   18.5    0.8
5183 |   253 |    4263 |    6039     505    6039 |    1011     505    1011 |    0.2   19.6    0.8
5184 |   255 |    4286 |    6061     507    6061 |    1014     507    1014 |    0.2   18.6    0.8
5185 |   255 |    3023 |    6070     506    6070 |    1013     507    1013 |    0.2   18.5    0.9
5186 |   255 |    4289 |    6068     507    6068 |    1014     507    1014 |    0.2   18.8    0.8
5187 |   255 |    4309 |    7080     506    7080 |    1013     506    1013 |    0.2   25.4    1.0
5188 |   255 |    4326 |    7087     508    7087 |    1017     508    1017 |    0.2   26.1    0.9
5189 |   255 |    4310 |    7079     507    7079 |    1013     506    1013 |    0.2   25.1    0.9
5190 |   255 |    2794 |    7083     509    7083 |    1018     509    1018 |    0.2   25.4    1.0
5191 |   254 |    4295 |    7058     506    7058 |    1012     506    1012 |    0.3   25.5    1.0
5192 |   255 |    4321 |    7089     508    7089 |    1016     508    1016 |    0.2   26.7    1.0
5193 |   255 |    3024 |    7085     508    7085 |    1016     508    1016 |    0.2   26.0    1.0
5194 |   255 |    4311 |    7084     507    7084 |    1015     507    1015 |    0.2   24.2    0.9
5195 |   253 |    4271 |    6049     505    6049 |    1011     505    1011 |    0.2   19.3    0.9
5196 |   255 |    4318 |    7074     508    7074 |    1016     508    1016 |    0.3   26.8    0.9
5197 |   255 |    4327 |    7087     508    7087 |    1017     508    1017 |    0.2   24.8    1.0
5198 |   255 |    4323 |    7090     507    7090 |    1016     507    1016 |    0.2   24.9    0.9
5199 |   254 |    4282 |    6057     506    6057 |    1012     505    1012 |    0.2   18.3    0.8
5200 |   252 |    3264 |    7032     506    7032 |    1013     506    1013 |    0.2   18.7    0.8
5201 |   254 |    4275 |    6048     505    6048 |    1012     505    1012 |    0.3   18.4    0.8
5202 |   255 |    4324 |    7093     508    7093 |    1016     508    1016 |    0.2   25.5    1.0
5203 |   255 |    4310 |    7079     506    7079 |    1013     506    1013 |    0.2   26.8    0.9
5204 |   254 |    4311 |    7076     508    7076 |    1015     508    1015 |    0.2   27.0    1.2
5205 |   255 |    4304 |    7084     507    7084 |    1014     507    1014 |    0.3   24.9    1.1
5206 |   255 |    4321 |    7092     507    7092 |    1015     507    1015 |    0.2   26.2    1.1
5207 |   255 |    4297 |    7076     506    7076 |    1013     506    1013 |    0.2   24.4    0.9
5208 |   255 |    4310 |    7073     507    7073 |    1014     507    1014 |    0.2   26.4    1.0
5209 |   255 |    4316 |    7098     507    7098 |    1015     507    1015 |    0.2   25.0    0.9
5210 |   255 |    4320 |    7089     507    7089 |    1015     507    1015 |    0.2   25.6    0.9
5211 |   255 |    4324 |    7096     508    7096 |    1016     508    1016 |    0.2   25.6    0.9
5212 |   255 |    4319 |    7089     507    7089 |    1015     508    1015 |    0.2   25.0    1.0
5213 |   255 |    4319 |    7079     507    7079 |    1015     507    1015 |    0.3   25.7    1.1
5214 |   255 |    4302 |    7067     508    7067 |    1016     508    1016 |    0.4   20.4    1.0
5215 |   255 |    2794 |    7097     508    7097 |    1016     508    1016 |    0.3   26.8    1.0
5216 |   253 |    4284 |    6061     505    6061 |    1011     505    1011 |    0.2   18.5    0.8
5217 |   255 |    4313 |    7078     507    7078 |    1015     507    1015 |    0.2   26.4    1.0
5218 |   255 |    3294 |    7089     507    7089 |    1015     508    1015 |    0.2   26.2    0.9
5219 |   254 |    4309 |    7082     507    7082 |    1014     507    1014 |    0.2   24.5    0.9
5220 |   254 |    3282 |    7065     507    7065 |    1014     507    1014 |    0.2   19.2    0.8
5221 |   255 |    2772 |    6070     507    6070 |    1013     507    1013 |    0.2   20.3    0.8
5222 |   255 |    2773 |    6063     506    6063 |    1013     506    1013 |    0.2   17.8    0.8
5223 |   254 |    4287 |    7063     506    7063 |    1011     506    1011 |    0.2   24.4    1.2
5224 |   254 |    4223 |    6002     506    6002 |    1012     506    1012 |    0.2   17.5    0.8
5225 |   255 |    4276 |    6059     506    6059 |    1013     506    1013 |    0.2   19.4    0.8
5226 |   255 |    2780 |    7078     507    7078 |    1014     507    1014 |    0.2   25.1    1.0
5227 |   255 |    4315 |    7081     507    7081 |    1014     507    1014 |    0.2   25.2    1.0
5228 |   255 |    4312 |    7075     507    7075 |    1014     507    1014 |    0.3   28.7    1.0
5229 |   255 |    4280 |    7024     505    7024 |    1012     505    1012 |    0.2   25.4    0.9
5230 |   255 |    3025 |    7080     507    7080 |    1014     507    1014 |    0.2   23.9    1.1
5231 |   254 |    4311 |    7083     507    7083 |    1014     507    1014 |    0.4   27.0    1.0
5232 |   255 |    4306 |    7075     507    7075 |    1014     507    1014 |    0.2   26.2    0.9
5233 |   255 |    3033 |    7083     508    7083 |    1016     508    1016 |    0.2   26.2    1.0
5234 |   253 |    4255 |    6030     505    6030 |    1010     505    1010 |    0.2   18.3    0.8
5235 |   255 |    4277 |    6058     506    6058 |    1013     506    1013 |    0.2   18.0    0.8
5236 |   255 |    3300 |    7067     509    7067 |    1020     509    1020 |    0.2   18.5    0.8
5237 |   255 |    4288 |    7068     506    7068 |    1013     506    1013 |    0.2   18.8    0.8
5238 |   255 |    4298 |    7047     507    7047 |    1013     507    1013 |    0.2   26.0    1.0
5239 |   255 |    4319 |    7088     508    7088 |    1015     508    1015 |    0.2   25.4    1.0
5240 |   255 |    4315 |    7087     507    7087 |    1014     507    1014 |    0.2   25.2    1.0
5241 |   255 |    4321 |    7095     508    7095 |    1015     508    1015 |    0.2   28.4    1.0
5242 |   254 |    4302 |    7065     507    7065 |    1013     507    1013 |    0.2   24.7    0.9
5243 |   255 |    4305 |    7079     507    7079 |    1013     507    1013 |    0.2   25.4    0.9
5244 |   255 |    2776 |    7083     507    7083 |    1013     507    1013 |    0.2   24.8    0.9
5245 |   255 |    4306 |    7074     506    7074 |    1013     506    1013 |    0.2   26.3    1.0
5246 |   255 |    4316 |    7086     507    7086 |    1014     507    1014 |    0.3   25.6    1.0
5247 |   255 |    4312 |    7070     508    7070 |    1015     507    1015 |    0.2   27.3    0.9
5248 |   255 |    3021 |    6061     506    6061 |    1013     506    1013 |    0.2   19.4    0.8
5249 |   255 |    4318 |    7081     507    7081 |    1015     507    1015 |    0.2   25.2    1.0
5250 |   255 |    2781 |    7081     507    7081 |    1015     507    1015 |    0.2   25.9    1.0
5251 |   254 |    4305 |    7077     506    7077 |    1013     506    1013 |    0.2   25.3    0.9
5252 |   255 |    4322 |    7096     508    7096 |    1015     508    1015 |    0.2   26.2    1.0
5253 |   255 |    4310 |    7075     507    7075 |    1015     507    1015 |    0.2   24.7    1.1
5254 |   255 |    3788 |    7053     508    7053 |    1015     508    1015 |    0.3   18.6    0.8
5255 |   255 |    4315 |    7092     507    7092 |    1014     507    1014 |    0.2   29.8    1.0
5256 |   253 |    4291 |    7066     506    7066 |    1011     506    1011 |    0.2   25.0    1.1
5257 |   255 |    4300 |    6078     507    6078 |    1014     507    1014 |    0.3   18.9    0.8
5258 |   255 |    4323 |    7082     507    7082 |    1017     508    1017 |    0.2   19.6    0.8
5259 |   255 |    3022 |    6074     506    6074 |    1013     507    1013 |    0.2   18.7    0.8
5260 |   255 |    4320 |    7085     508    7085 |    1015     508    1015 |    0.2   25.3    0.9
5261 |   255 |    4309 |    7080     507    7080 |    1015     507    1015 |    0.3   25.5    1.0
5262 |   255 |    4308 |    7073     506    7073 |    1013     506    1013 |    0.2   26.3    1.0
5263 |   255 |    4323 |    7086     508    7086 |    1016     508    1016 |    0.2   25.9    1.1
5264 |   254 |    4310 |    7083     507    7083 |    1014     507    1014 |    0.2   25.2    0.9
5265 |   255 |    4306 |    7069     507    7069 |    1013     507    1013 |    0.2   27.8    0.9
5266 |   255 |    4320 |    7098     508    7098 |    1015     508    1015 |    0.2   25.8    0.9
5267 |   255 |    4316 |    7084     507    7084 |    1014     507    1014 |    0.2   24.8    1.1
5268 |   255 |    3022 |    6063     506    6063 |    1014     506    1014 |    0.2   20.0    0.8
5269 |   255 |    4321 |    7093     507    7093 |    1015     507    1015 |    0.2   25.7    0.9
5270 |   255 |    4313 |    7086     507    7086 |    1014     507    1014 |    0.3   26.5    1.1
5271 |   255 |    3029 |    7075     508    7075 |    1015     508    1015 |    0.2   26.0    1.0
5272 |   255 |    4316 |    7087     507    7087 |    1015     507    1015 |    0.2   25.1    0.9
5273 |   254 |    4292 |    7055     505    7055 |    1012     505    1012 |    0.2   25.3    1.2
5274 |   255 |    4314 |    6081     507    6081 |    1014     507    1014 |    0.3   19.1    0.9
5275 |   255 |    4320 |    7089     508    7089 |    1015     508    1015 |    0.3   26.9    1.0
5276 |   254 |    4286 |    6062     506    6062 |    1013     506    1013 |    0.2   20.3    0.9
5277 |   255 |    4321 |    7082     507    7082 |    1016     507    1016 |    0.2   27.1    0.9
5278 |   255 |    4320 |    7086     507    7086 |    1015     507    1015 |    0.2   25.2    1.1
5279 |   254 |    4296 |    7067     506    7067 |    1013     506    1013 |    0.2   28.2    1.0
5280 |   255 |    4299 |    7055     506    7055 |    1012     506    1012 |    0.2   26.3    1.0
5281 |   254 |    4276 |    6054     505    6054 |    1011     505    1011 |    0.2   18.6    0.8
5282 |   255 |    4296 |    7065     508    7065 |    1017     508    1017 |    0.2   18.5    1.1
5283 |   255 |    4312 |    7087     507    7087 |    1015     508    1015 |    0.3   24.9    1.0
5284 |   255 |    4320 |    7090     508    7090 |    1016     508    1016 |    0.2   20.6    0.9
5285 |   255 |    4308 |    7081     507    7081 |    1014     507    1014 |    0.3   25.1    1.0
5286 |   255 |    3014 |    6042     507    6042 |    1015     507    1015 |    0.2   19.1    0.8
5287 |   255 |    4306 |    7075     508    7075 |    1015     508    1015 |    0.2   25.5    1.0
5288 |   255 |    4328 |    7094     508    7094 |    1016     508    1016 |    0.2   28.0    1.2
5289 |   253 |    3260 |    6042     507    6042 |    1013     507    1013 |    0.3   18.4    0.9
5290 |   255 |    2788 |    7093     508    7093 |    1015     508    1015 |    0.4   28.0    1.0
5291 |   255 |    4307 |    7065     510    7065 |    1020     510    1020 |    0.2   25.9    0.9
5292 |   255 |    4307 |    7082     506    7082 |    1014     506    1014 |    0.2   27.6    1.1
5293 |   255 |    4324 |    7091     508    7091 |    1015     507    1015 |    0.2   24.5    1.0
5294 |   255 |    4319 |    7082     508    7082 |    1016     508    1016 |    0.2   23.7    0.9
5295 |   255 |    4315 |    7083     507    7083 |    1014     507    1014 |    0.2   25.0    0.9
5296 |   255 |    4317 |    7082     508    7082 |    1016     508    1016 |    0.2   27.9    0.9
5297 |   255 |    3023 |    6064     507    6064 |    1013     506    1013 |    0.2   20.4    1.1
5298 |   254 |    4305 |    7077     506    7077 |    1013     506    1013 |    0.4   28.4    1.1
5299 |   255 |    3021 |    7076     507    7076 |    1014     507    1014 |    0.2   27.8    0.9
5300 |   255 |    4324 |    7094     508    7094 |    1016     508    1016 |    0.2   25.2    1.1
5301 |   254 |    4262 |    6037     505    6037 |    1012     505    1012 |    0.4   19.6    0.8
5302 |   254 |    2762 |    6040     506    6040 |    1012     506    1012 |    0.2   20.7    0.9
5303 |   255 |    4314 |    7081     508    7081 |    1016     508    1016 |    0.2   25.2    1.4
5304 |   255 |    4319 |    7078     508    7078 |    1016     508    1016 |    0.3   19.5    1.1
5305 |   255 |    4304 |    7056     506    7056 |    1014     506    1014 |    0.3   27.5    0.9
5306 |   255 |    4311 |    7078     507    7078 |    1014     507    1014 |    0.2   27.2    1.0
5307 |   254 |    4290 |    7048     505    7048 |    1012     505    1012 |    0.2   25.2    1.0
5308 |   255 |    4313 |    7083     507    7083 |    1014     507    1014 |    0.2   26.2    1.4
5309 |   255 |    4320 |    7095     508    7095 |    1016     508    1016 |    0.3   30.6    1.0
5310 |   255 |    3032 |    6087     508    6087 |    1015     508    1015 |    0.2   19.5    1.1
5311 |   255 |    4319 |    7088     507    7088 |    1015     507    1015 |    0.3   26.3    1.0
5312 |   255 |    4296 |    6072     506    6072 |    1013     507    1013 |    0.2   20.6    0.9
5313 |   253 |    4285 |    7044     507    7044 |    1015     507    1015 |    0.2   19.1    0.9
5314 |   255 |    4320 |    7092     507    7092 |    1015     507    1015 |    0.2   24.8    0.9
5315 |   255 |    4311 |    7076     506    7076 |    1013     506    1013 |    0.2   26.7    1.1
5316 |   255 |    4310 |    7075     508    7075 |    1015     508    1015 |    0.3   27.6    0.9
5317 |   255 |    4321 |    7080     509    7080 |    1017     509    1017 |    0.2   27.5    1.1
5318 |   255 |    4316 |    7086     507    7086 |    1015     507    1015 |    0.3   26.5    1.0
5319 |   255 |    4324 |    7087     508    7087 |    1016     508    1016 |    0.3   27.9    1.0
5320 |   255 |    4312 |    7088     507    7088 |    1014     507    1014 |    0.3   28.5    1.0
5321 |   255 |    4313 |    7083     508    7083 |    1016     508    1016 |    0.2   24.5    1.0
5322 |   255 |    3302 |    7099     508    7099 |    1016     508    1016 |    0.2   19.8    0.8
5323 |   254 |    3283 |    7069     507    7069 |    1014     506    1014 |    0.3   20.8    0.9
5324 |   255 |    4311 |    7076     506    7076 |    1013     506    1013 |    0.2   26.8    0.9
5325 |   255 |    4318 |    7079     510    7079 |    1021     510    1021 |    0.2   25.4    1.0
5326 |   255 |    4291 |    6065     507    6065 |    1014     507    1014 |    0.3   18.8    0.8
5327 |   255 |    4296 |    6072     507    6072 |    1014     507    1014 |    0.3   19.1    0.8
5328 |   255 |    4315 |    7072     507    7072 |    1015     507    1015 |    0.2   26.7    1.1
5329 |   255 |    3028 |    7083     507    7083 |    1015     507    1015 |    0.2   26.7    1.0
5330 |   255 |    4297 |    7046     506    7046 |    1013     506    1013 |    0.3   28.7    1.0
5331 |   255 |    4323 |    7091     507    7091 |    1015     508    1015 |    0.2   25.0    0.9
5332 |   255 |    4326 |    7099     508    7099 |    1016     508    1016 |    0.3   27.6    1.0
5333 |   254 |    4294 |    7071     506    7071 |    1013     507    1013 |    0.2   26.9    1.3
5334 |   253 |    4291 |    6063     506    6063 |    1011     506    1011 |    0.3   19.3    1.0
5335 |   254 |    3294 |    7069     507    7069 |    1015     507    1015 |    0.3   19.6    0.9
5336 |   254 |    4309 |    7078     507    7078 |    1014     507    1014 |    0.2   26.7    0.9
5337 |   255 |    3802 |    7088     508    7088 |    1017     508    1017 |    0.3   19.4    0.9
5338 |   255 |    4311 |    7074     508    7074 |    1015     508    1015 |    0.3   20.8    0.9
5339 |   255 |    4305 |    7078     507    7078 |    1014     507    1014 |    0.2   28.2    1.0
5340 |   254 |    4298 |    7074     507    7074 |    1013     507    1013 |    0.2   26.1    0.9
5341 |   255 |    4314 |    7080     506    7080 |    1014     506    1014 |    0.3   26.4    1.0
5342 |   254 |    4294 |    7063     505    7063 |    1012     505    1012 |    0.2   26.8    0.9
5343 |   255 |    4308 |    7077     507    7077 |    1014     507    1014 |    0.3   27.6    1.2
5344 |   255 |    4322 |    7095     508    7095 |    1017     508    1017 |    0.2   29.2    1.3
5345 |   255 |    4308 |    7076     507    7076 |    1014     507    1014 |    0.3   25.1    1.3
5346 |   255 |    4313 |    7084     507    7084 |    1015     507    1015 |    0.2   27.4    1.4
5347 |   255 |    4321 |    7102     508    7102 |    1016     508    1016 |    0.3   27.3    1.0
5348 |   254 |    4272 |    7015     505    7015 |    1012     505    1012 |    0.2   24.9    0.9
5349 |   255 |    4321 |    7090     508    7090 |    1016     508    1016 |    0.2   27.7    1.0
5350 |   255 |    4318 |    7074     507    7074 |    1015     508    1015 |    0.2   26.1    1.0
5351 |   255 |    4323 |    7086     508    7086 |    1015     508    1015 |    0.2   26.3    0.9
5352 |   254 |    4294 |    7064     506    7064 |    1012     506    1012 |    0.2   24.8    1.0
5353 |   255 |    3293 |    7064     507    7064 |    1015     507    1015 |    0.2   19.7    0.9
5354 |   255 |    4325 |    7090     508    7090 |    1016     508    1016 |    0.2   25.6    0.9
5355 |   255 |    4322 |    7087     507    7087 |    1015     507    1015 |    0.2   27.6    1.1
5356 |   255 |    4306 |    7085     507    7085 |    1014     507    1014 |    0.2   28.1    1.0
5357 |   254 |    4290 |    7059     506    7059 |    1012     506    1012 |    0.3   26.5    1.2
5358 |   255 |    4324 |    7088     509    7088 |    1017     509    1017 |    0.4   26.2    1.0
5359 |   255 |    4296 |    6075     506    6075 |    1013     506    1013 |    0.2   19.4    0.8
5360 |   254 |    4289 |    6066     506    6066 |    1012     506    1012 |    0.3   19.3    0.8
5361 |   255 |    4315 |    7081     507    7081 |    1014     507    1014 |    0.2   25.3    1.0
5362 |   255 |    4305 |    7089     507    7089 |    1015     508    1015 |    0.4   25.2    0.9
5363 |   254 |    4288 |    7061     507    7061 |    1014     507    1014 |    0.2   19.1    0.8
5364 |   255 |    4304 |    7077     507    7077 |    1014     507    1014 |    0.2   25.0    0.9
5365 |   255 |    4307 |    7062     506    7062 |    1014     506    1014 |    0.2   26.4    1.0
5366 |   254 |    4292 |    6067     506    6067 |    1012     506    1012 |    0.2   18.7    0.9
5367 |   255 |    4322 |    7083     507    7083 |    1016     507    1016 |    0.2   26.5    0.9
5368 |   255 |    4319 |    7081     508    7081 |    1016     508    1016 |    0.2   27.6    1.0
5369 |   255 |    2790 |    7071     508    7071 |    1016     508    1016 |    0.2   25.5    0.9
5370 |   255 |    3247 |    6024     506    6024 |    1013     506    1013 |    0.3   18.8    1.1
5371 |   255 |    4294 |    6070     506    6070 |    1013     506    1013 |    0.2   20.5    0.8
5372 |   255 |    4312 |    7081     507    7081 |    1015     507    1015 |    0.2   26.8    0.9
5373 |   253 |    4277 |    6053     505    6053 |    1011     505    1011 |    0.2   18.5    0.8
5374 |   255 |    4306 |    7068     506    7068 |    1013     506    1013 |    0.2   26.0    1.0
5375 |   255 |    4312 |    7078     508    7078 |    1017     508    1017 |    0.2   25.2    1.0
5376 |   255 |    2791 |    7092     508    7092 |    1015     508    1015 |    0.3   25.2    0.9
5377 |   255 |    4324 |    7089     508    7089 |    1016     508    1016 |    0.2   27.0    0.9
5378 |   254 |    4300 |    7075     506    7075 |    1014     507    1014 |    0.2   26.6    0.9
5379 |   254 |    3278 |    7075     506    7075 |    1013     506    1013 |    0.3   25.1    1.0
5380 |   255 |    4310 |    7084     507    7084 |    1014     507    1014 |    0.2   26.2    1.3
5381 |   255 |    4306 |    7075     506    7075 |    1013     506    1013 |    0.3   27.9    0.9
5382 |   255 |    4308 |    7081     508    7081 |    1016     508    1016 |    0.2   24.8    0.9
5383 |   255 |    4302 |    7071     506    7071 |    1012     506    1012 |    0.2   25.5    1.0
5384 |   255 |    4308 |    7073     506    7073 |    1012     506    1012 |    0.2   18.9    0.8
5385 |   253 |    4256 |    6030     505    6030 |    1011     505    1011 |    0.2   18.0    0.8
5386 |   255 |    3309 |    7098     508    7098 |    1015     508    1015 |    0.2   18.9    0.9
5387 |   255 |    4301 |    6079     506    6079 |    1014     507    1014 |    0.2   18.5    0.8
5388 |   255 |    3251 |    7039     506    7039 |    1013     506    1013 |    0.2   19.9    0.9
5389 |   255 |    4309 |    7075     506    7075 |    1013     506    1013 |    0.2   24.9    0.9
5390 |   255 |    4322 |    7088     507    7088 |    1016     508    1016 |    0.2   25.6    1.0
5391 |   254 |    3543 |    7055     508    7055 |    1016     508    1016 |    0.2   18.8    0.8
5392 |   254 |    3235 |    6004     506    6004 |    1012     506    1012 |    0.2   17.9    0.8
5393 |   251 |    4251 |    6020     505    6020 |    1010     505    1010 |    0.3   18.8    0.8
5394 |   255 |    4322 |    7098     508    7098 |    1015     508    1015 |    0.2   25.9    1.0
5395 |   255 |    4323 |    7096     508    7096 |    1015     508    1015 |    0.2   24.7    0.9
5396 |   255 |    3023 |    6072     507    6072 |    1014     507    1014 |    0.2   19.5    0.8
5397 |   255 |    4320 |    7087     507    7087 |    1015     507    1015 |    0.2   25.3    1.2
5398 |   255 |    4293 |    6069     506    6069 |    1013     506    1013 |    0.3   18.5    0.8
5399 |   255 |    4322 |    7097     508    7097 |    1015     508    1015 |    0.2   25.6    0.9
5400 |   253 |    3277 |    7055     507    7055 |    1013     507    1013 |    0.2   18.9    0.8
5401 |   254 |    4305 |    7074     507    7074 |    1014     507    1014 |    0.2   19.2    0.8
5402 |   255 |    2766 |    7073     506    7073 |    1013     506    1013 |    0.3   19.7    0.8
5403 |   255 |    4300 |    7082     506    7082 |    1014     507    1014 |    0.2   24.6    1.1
5404 |   255 |    4318 |    7084     507    7084 |    1015     508    1015 |    0.2   25.3    0.9
5405 |   255 |    4315 |    7083     508    7083 |    1015     508    1015 |    0.2   25.3    1.0
5406 |   255 |    3300 |    7091     508    7091 |    1016     508    1016 |    0.2   25.4    1.0
5407 |   255 |    4315 |    7065     507    7065 |    1017     507    1017 |    0.3   25.8    0.9
5408 |   253 |    4282 |    7050     505    7050 |    1011     505    1011 |    0.2   25.7    1.0
5409 |   255 |    4313 |    7086     507    7086 |    1014     507    1014 |    0.2   25.2    1.0
5410 |   254 |    4307 |    7080     506    7080 |    1013     507    1013 |    0.2   25.7    1.0
5411 |   254 |    2784 |    7073     508    7073 |    1015     508    1015 |    0.2   25.8    0.9
5412 |   255 |    4312 |    7065     507    7065 |    1015     507    1015 |    0.2   25.1    0.9
5413 |   255 |    4314 |    7084     507    7084 |    1014     507    1014 |    0.2   25.7    1.0
5414 |   255 |    4309 |    7071     506    7071 |    1013     506    1013 |    0.2   26.1    0.9
5415 |   255 |    4319 |    7071     507    7071 |    1015     508    1015 |    0.2   25.7    1.0
5416 |   255 |    4312 |    7077     507    7077 |    1014     507    1014 |    0.2   27.6    1.0
5417 |   255 |    4324 |    7090     508    7090 |    1016     508    1016 |    0.2   26.1    0.9
5418 |   255 |    4315 |    7081     507    7081 |    1015     507    1015 |    0.2   27.5    1.4
5419 |   255 |    4323 |    7097     508    7097 |    1016     508    1016 |    0.3   26.9    1.0
5420 |   255 |    4316 |    7082     508    7082 |    1015     508    1015 |    0.2   26.1    1.0
5421 |   255 |    4302 |    7082     507    7082 |    1014     507    1014 |    0.2   26.1    1.0
5422 |   255 |    4315 |    7093     507    7093 |    1015     507    1015 |    0.2   27.2    1.0
5423 |   255 |    3030 |    7033     509    7033 |    1018     509    1018 |    0.2   19.5    0.8
5424 |   255 |    3508 |    6047     506    6047 |    1013     506    1013 |    0.2   19.2    1.0
5425 |   255 |    4316 |    7090     507    7090 |    1014     507    1014 |    0.2   26.1    0.9
5426 |   255 |    4314 |    7082     506    7082 |    1013     506    1013 |    0.2   27.1    0.9
5427 |   254 |    4309 |    7075     508    7075 |    1015     508    1015 |    0.2   24.5    0.9
5428 |   255 |    4323 |    6085     508    6085 |    1016     508    1016 |    0.2   18.6    0.8
5429 |   255 |    4311 |    7082     507    7082 |    1014     507    1014 |    0.2   24.9    1.1
5430 |   255 |    4316 |    7085     507    7085 |    1015     508    1015 |    0.2   26.3    1.0
5431 |   255 |    4306 |    7068     507    7068 |    1015     507    1015 |    0.2   25.0    0.9
5432 |   254 |    4284 |    6058     506    6058 |    1011     506    1011 |    0.2   18.9    0.8
5433 |   255 |    4325 |    7099     508    7099 |    1016     508    1016 |    0.2   25.1    0.9
5434 |   255 |    3281 |    6075     507    6075 |    1013     507    1013 |    0.2   19.9    0.8
5435 |   255 |    4325 |    7095     508    7095 |    1015     508    1015 |    0.2   25.9    1.0
5436 |   255 |    2787 |    7087     507    7087 |    1014     507    1014 |    0.2   25.4    1.0
5437 |   255 |    4325 |    7083     508    7083 |    1017     508    1017 |    0.2   30.6    1.0
5438 |   255 |    3282 |    7071     507    7071 |    1015     507    1015 |    0.3   26.6    1.0
5439 |   255 |    4318 |    7098     508    7098 |    1015     508    1015 |    0.3   30.4    1.0
5440 |   253 |    4276 |    6047     507    6047 |    1014     507    1014 |    0.2   18.5    0.9
5441 |   255 |    4312 |    7079     507    7079 |    1013     507    1013 |    0.2   25.9    1.0
5442 |   255 |    4311 |    7083     507    7083 |    1015     507    1015 |    0.2   23.8    1.1
5443 |   255 |    4298 |    7077     507    7077 |    1014     507    1014 |    0.2   24.7    1.2
5444 |   255 |    4308 |    7076     506    7076 |    1013     506    1013 |    0.2   26.4    1.0
5445 |   255 |    4300 |    7079     506    7079 |    1013     506    1013 |    0.2   25.9    1.0
5446 |   255 |    4275 |    6055     506    6055 |    1013     506    1013 |    0.2   19.1    0.8
5447 |   254 |    4286 |    7048     505    7048 |    1011     505    1011 |    0.2   25.5    1.0
5448 |   254 |    4303 |    7081     506    7081 |    1013     506    1013 |    0.2   23.9    0.9
5449 |   255 |    4322 |    7085     508    7085 |    1015     508    1015 |    0.3   25.1    1.0
5450 |   254 |    3510 |    6043     506    6043 |    1012     506    1012 |    0.2   18.8    1.2
5451 |   254 |    4297 |    7072     506    7072 |    1014     506    1014 |    0.3   24.7    0.9
5452 |   255 |    4324 |    7086     508    7086 |    1016     508    1016 |    0.2   26.1    1.0
5453 |   255 |    4300 |    7080     507    7080 |    1014     507    1014 |    0.2   26.7    0.9
5454 |   255 |    3523 |    7048     508    7048 |    1015     508    1015 |    0.2   19.1    0.8
5455 |   255 |    4323 |    7093     508    7093 |    1015     507    1015 |    0.2   27.7    0.9
5456 |   255 |    4310 |    7082     507    7082 |    1013     506    1013 |    0.2   25.0    0.9
5457 |   255 |    4328 |    7099     508    7099 |    1016     508    1016 |    0.2   24.9    1.0
5458 |   255 |    4291 |    6067     506    6067 |    1014     506    1014 |    0.2   17.8    0.8
5459 |   255 |    4285 |    7026     506    7026 |    1013     506    1013 |    0.2   25.3    0.9
5460 |   255 |    4274 |    6050     507    6050 |    1014     507    1014 |    0.2   19.6    1.0
5461 |   255 |    4299 |    7056     510    7056 |    1020     510    1020 |    0.4   27.7    0.9
5462 |   255 |    4306 |    7079     507    7079 |    1014     507    1014 |    0.2   25.8    1.0
5463 |   255 |    4319 |    7086     507    7086 |    1014     507    1014 |    0.2   24.7    1.1
5464 |   255 |    4316 |    7086     508    7086 |    1015     508    1015 |    0.3   26.5    1.0
5465 |   255 |    4284 |    6061     506    6061 |    1013     506    1013 |    0.2   18.5    0.8
5466 |   255 |    4306 |    7067     506    7067 |    1013     506    1013 |    0.2   24.4    0.9
5467 |   255 |    4319 |    7077     508    7077 |    1016     508    1016 |    0.2   25.7    0.9
5468 |   254 |    4302 |    7079     506    7079 |    1013     507    1013 |    0.2   25.4    0.9
5469 |   255 |    4320 |    6088     508    6088 |    1015     508    1015 |    0.2   19.8    0.9
5470 |   255 |    4304 |    6076     507    6076 |    1015     507    1015 |    0.2   17.7    0.8
5471 |   255 |    4307 |    7078     507    7078 |    1014     507    1014 |    0.3   25.1    1.0
5472 |   254 |    3795 |    7048     508    7048 |    1017     508    1017 |    0.2   19.2    0.8
5473 |   255 |    4292 |    6068     506    6068 |    1013     506    1013 |    0.2   18.6    0.8
5474 |   254 |    2763 |    6048     505    6048 |    1012     505    1012 |    0.2   18.5    0.8
5475 |   255 |    4318 |    7090     508    7090 |    1015     508    1015 |    0.2   27.4    1.2
5476 |   255 |    4317 |    7088     507    7088 |    1014     507    1014 |    0.3   26.7    0.9
5477 |   255 |    4320 |    7085     509    7085 |    1019     509    1019 |    0.2   25.6    1.0
5478 |   255 |    4309 |    7084     507    7084 |    1015     507    1015 |    0.2   24.8    0.9
5479 |   254 |    4303 |    7072     506    7072 |    1013     506    1013 |    0.2   26.0    1.0
5480 |   255 |    3300 |    7092     508    7092 |    1016     508    1016 |    0.2   19.3    0.8
5481 |   255 |    2763 |    6049     506    6049 |    1013     506    1013 |    0.2   18.9    0.8
5482 |   255 |    4307 |    7084     507    7084 |    1014     507    1014 |    0.2   24.2    0.9
5483 |   254 |    4289 |    6064     506    6064 |    1012     506    1012 |    0.2   19.2    0.8
5484 |   253 |    2765 |    6063     506    6063 |    1011     506    1011 |    0.2   18.0    0.8
5485 |   254 |    2786 |    7071     507    7071 |    1014     507    1014 |    0.2   19.2    0.8
5486 |   255 |    4318 |    7090     508    7090 |    1015     508    1015 |    0.2   19.0    0.8
5487 |   255 |    4296 |    6076     507    6076 |    1013     507    1013 |    0.2   18.3    1.0
5488 |   255 |    4317 |    7083     508    7083 |    1017     508    1017 |    0.2   25.0    1.0
5489 |   255 |    4315 |    7090     507    7090 |    1015     507    1015 |    0.2   26.3    1.0
5490 |   255 |    3024 |    6065     506    6065 |    1013     507    1013 |    0.2   19.4    0.9
5491 |   255 |    4322 |    7091     507    7091 |    1015     508    1015 |    0.2   25.6    1.0
5492 |   255 |    4318 |    7091     508    7091 |    1015     508    1015 |    0.2   26.4    1.1
5493 |   253 |    4284 |    6061     506    6061 |    1011     506    1011 |    0.2   18.2    0.8
5494 |   255 |    4292 |    6069     507    6069 |    1014     507    1014 |    0.2   17.8    0.8
5495 |   255 |    4289 |    7026     507    7026 |    1014     507    1014 |    0.2   25.4    0.9
5496 |   254 |    4304 |    7073     506    7073 |    1013     507    1013 |    0.2   26.5    1.2
5497 |   255 |    4318 |    7085     508    7085 |    1016     508    1016 |    0.2   26.5    1.0
5498 |   254 |    2754 |    6030     506    6030 |    1012     506    1012 |    0.2   17.5    0.9
5499 |   255 |    4315 |    7091     507    7091 |    1015     507    1015 |    0.3   27.6    1.0
5500 |   255 |    4321 |    7083     507    7083 |    1015     507    1015 |    0.2   25.6    1.0
5501 |   255 |    3282 |    7082     506    7082 |    1014     507    1014 |    0.3   25.5    0.9
5502 |   255 |    2771 |    6068     506    6068 |    1013     506    1013 |    0.3   18.3    0.8
5503 |   255 |    3268 |    6059     507    6059 |    1014     507    1014 |    0.2   18.8    0.8
5504 |   255 |    4312 |    6076     508    6076 |    1015     507    1015 |    0.2   19.4    0.9
5505 |   255 |    4323 |    7082     508    7082 |    1017     508    1017 |    0.2   25.4    1.0
5506 |   255 |    4313 |    7087     507    7087 |    1014     507    1014 |    0.2   26.2    0.9
5507 |   254 |    4300 |    7078     506    7078 |    1012     506    1012 |    0.2   24.8    1.0
5508 |   255 |    2786 |    7086     508    7086 |    1016     508    1016 |    0.2   24.9    1.0
5509 |   254 |    4303 |    7069     508    7069 |    1015     508    1015 |    0.3   19.0    0.8
5510 |   254 |    4281 |    7047     507    7047 |    1015     507    1015 |    0.2   18.6    0.8
5511 |   255 |    4305 |    7065     507    7065 |    1013     507    1013 |    0.2   26.6    1.0
5512 |   255 |    4324 |    7086     508    7086 |    1015     508    1015 |    0.2   25.6    0.9
5513 |   255 |    4320 |    7089     507    7089 |    1014     507    1014 |    0.2   24.4    1.0
5514 |   255 |    4328 |    7091     508    7091 |    1016     508    1016 |    0.2   27.0    1.1
5515 |   255 |    4315 |    7086     508    7086 |    1017     508    1017 |    0.2   24.5    0.9
5516 |   255 |    4324 |    7085     508    7085 |    1017     508    1017 |    0.2   25.9    0.9
5517 |   255 |    2789 |    7082     507    7082 |    1016     507    1016 |    0.2   26.3    0.9
5518 |   253 |    3271 |    7037     506    7037 |    1012     506    1012 |    0.2   18.5    0.8
5519 |   254 |    4291 |    7063     505    7063 |    1012     506    1012 |    0.2   25.7    0.9
5520 |   255 |    4321 |    7089     508    7089 |    1016     508    1016 |    0.2   25.7    1.0
5521 |   255 |    4322 |    7095     507    7095 |    1015     507    1015 |    0.2   24.6    0.9
5522 |   255 |    3027 |    6074     507    6074 |    1013     507    1013 |    0.2   19.0    0.9
5523 |   255 |    4318 |    7082     508    7082 |    1016     508    1016 |    0.2   26.3    1.0
5524 |   253 |    4268 |    6043     506    6043 |    1012     506    1012 |    0.2   20.4    0.8
5525 |   255 |    4322 |    7091     507    7091 |    1015     507    1015 |    0.2   26.3    0.9
5526 |   252 |    4249 |    6022     505    6022 |    1010     505    1010 |    0.2   18.0    0.8
5527 |   255 |    4322 |    7089     508    7089 |    1016     508    1016 |    0.2   28.9    1.2
5528 |   255 |    4294 |    6071     506    6071 |    1013     506    1013 |    0.3   18.7    0.8
5529 |   255 |    4327 |    7090     508    7090 |    1016     508    1016 |    0.2   24.7    0.9
5530 |   255 |    4312 |    7076     506    7076 |    1013     506    1013 |    0.2   25.2    1.0
5531 |   255 |    3282 |    7081     506    7081 |    1013     507    1013 |    0.2   24.5    0.9
5532 |   255 |    4297 |    7081     506    7081 |    1013     506    1013 |    0.2   24.9    1.3
5533 |   254 |    4312 |    7088     507    7088 |    1014     507    1014 |    0.2   25.8    1.0
5534 |   255 |    4321 |    7073     506    7073 |    1017     508    1017 |    0.2   25.0    0.9
5535 |   255 |    4318 |    7086     508    7086 |    1016     508    1016 |    0.2   19.2    0.8
5536 |   255 |    4320 |    7083     508    7083 |    1017     509    1017 |    0.2   25.5    0.9
5537 |   255 |    4319 |    7085     507    7085 |    1015     508    1015 |    0.2   25.6    1.0
5538 |   255 |    4317 |    7084     508    7084 |    1016     508    1016 |    0.2   25.3    0.9
5539 |   254 |    4293 |    7059     507    7059 |    1014     507    1014 |    0.2   19.1    0.9
5540 |   255 |    4303 |    7084     507    7084 |    1014     507    1014 |    0.2   26.7    0.9
5541 |   255 |    4308 |    7071     506    7071 |    1013     506    1013 |    0.2   19.8    0.9
5542 |   255 |    4324 |    7086     508    7086 |    1017     508    1017 |    0.2   24.2    1.0
5543 |   252 |    4271 |    6042     505    6042 |    1010     505    1010 |    0.2   18.8    0.8
5544 |   254 |    3022 |    7071     506    7071 |    1013     507    1013 |    0.2   25.3    1.0
5545 |   253 |    4290 |    7067     505    7067 |    1012     505    1012 |    0.3   26.3    1.0
5546 |   255 |    4310 |    7082     507    7082 |    1015     507    1015 |    0.2   25.2    1.0
5547 |   255 |    3014 |    7077     507    7077 |    1014     507    1014 |    0.2   24.4    0.9
5548 |   255 |    4321 |    7086     507    7086 |    1014     507    1014 |    0.3   25.4    0.9
5549 |   255 |    4309 |    7084     507    7084 |    1014     507    1014 |    0.2   25.2    1.0
5550 |   255 |    4312 |    7087     507    7087 |    1015     507    1015 |    0.2   18.1    0.8
5551 |   255 |    4308 |    7058     507    7058 |    1015     507    1015 |    0.2   24.2    0.9
5552 |   255 |    4289 |    6071     507    6071 |    1013     507    1013 |    0.2   18.9    0.8
5553 |   254 |    2772 |    6067     506    6067 |    1013     506    1013 |    0.2   18.3    0.8
5554 |   255 |    3294 |    7052     510    7052 |    1019     510    1019 |    0.2   19.2    0.8
5555 |   252 |    4269 |    6037     507    6037 |    1014     507    1014 |    0.2   17.5    0.8
5556 |   255 |    2774 |    6069     507    6069 |    1014     507    1014 |    0.2   18.7    0.8
5557 |   255 |    4230 |    6008     506    6008 |    1013     506    1013 |    0.2   18.1    0.8
5558 |   255 |    4312 |    7084     507    7084 |    1015     507    1015 |    0.2   26.2    0.9
5559 |   255 |    4313 |    7075     509    7075 |    1020     509    1020 |    0.2   24.1    0.9
5560 |   254 |    3013 |    6058     506    6058 |    1011     506    1011 |    0.2   18.0    0.8
5561 |   255 |    4320 |    7079     508    7079 |    1016     508    1016 |    0.2   25.5    1.0
5562 |   255 |    4311 |    7085     507    7085 |    1015     508    1015 |    0.2   24.9    1.1
5563 |   253 |    4280 |    7051     505    7051 |    1011     505    1011 |    0.3   27.2    1.0
5564 |   254 |    4292 |    6067     506    6067 |    1013     506    1013 |    0.2   18.3    0.8
5565 |   255 |    4317 |    7088     507    7088 |    1015     507    1015 |    0.2   27.7    0.9
5566 |   255 |    4324 |    7089     508    7089 |    1015     508    1015 |    0.3   29.3    1.0
5567 |   255 |    4328 |    7090     508    7090 |    1017     508    1017 |    0.2   27.0    0.9
5568 |   254 |    3247 |    6029     506    6029 |    1012     506    1012 |    0.2   18.7    0.8
5569 |   255 |    3286 |    7083     507    7083 |    1014     507    1014 |    0.2   26.8    1.2
5570 |   255 |    4313 |    7093     507    7093 |    1015     507    1015 |    0.3   25.5    1.0
5571 |   255 |    3795 |    7059     506    7059 |    1013     506    1013 |    0.2   23.9    1.0
5572 |   254 |    4283 |    6058     505    6058 |    1013     505    1013 |    0.2   18.4    0.9
5573 |   255 |    4321 |    7090     507    7090 |    1015     508    1015 |    0.2   25.0    0.9
5574 |   255 |    3791 |    7076     508    7076 |    1015     508    1015 |    0.2   18.6    0.8
5575 |   255 |    4314 |    7083     507    7083 |    1014     507    1014 |    0.3   27.0    0.9
5576 |   255 |    4310 |    7083     508    7083 |    1016     508    1016 |    0.3   25.1    1.0
5577 |   255 |    2765 |    6057     506    6057 |    1013     506    1013 |    0.2   17.8    0.8
5578 |   255 |    4327 |    7097     508    7097 |    1015     508    1015 |    0.2   25.3    1.0
5579 |   254 |    4294 |    7060     506    7060 |    1012     506    1012 |    0.2   25.5    1.0
5580 |   254 |    4298 |    7061     506    7061 |    1012     506    1012 |    0.2   25.6    0.9
5581 |   255 |    4311 |    7079     506    7079 |    1013     506    1013 |    0.2   26.4    0.9
5582 |   255 |    4326 |    7088     508    7088 |    1017     508    1017 |    0.2   26.9    1.1
5583 |   255 |    4321 |    7082     509    7082 |    1017     509    1017 |    0.2   24.6    0.9
5584 |   255 |    4314 |    7079     508    7079 |    1017     508    1017 |    0.2   24.6    0.9
5585 |   254 |    4296 |    7074     506    7074 |    1012     506    1012 |    0.2   25.9    0.9
5586 |   254 |    4295 |    7064     506    7064 |    1012     506    1012 |    0.2   25.8    1.1
5587 |   255 |    4299 |    7066     506    7066 |    1012     506    1012 |    0.2   25.3    1.2
5588 |   255 |    3302 |    7090     507    7090 |    1015     507    1015 |    0.2   19.1    1.1
5589 |   255 |    2780 |    7085     507    7085 |    1014     507    1014 |    0.3   25.4    0.9
5590 |   255 |    4313 |    7077     506    7077 |    1013     506    1013 |    0.2   24.8    1.1
5591 |   253 |    2985 |    5987     505    5987 |    1011     505    1011 |    0.2   18.6    0.8
5592 |   255 |    4299 |    6075     507    6075 |    1013     507    1013 |    0.2   19.3    0.9
5593 |   254 |    3018 |    6069     506    6069 |    1013     506    1013 |    0.2   18.8    0.8
5594 |   254 |    4304 |    7074     507    7074 |    1014     507    1014 |    0.2   25.8    1.0
5595 |   255 |    3284 |    7063     508    7063 |    1016     508    1016 |    0.2   18.9    0.8
5596 |   255 |    4306 |    7072     507    7072 |    1013     507    1013 |    0.2   25.1    1.0
5597 |   255 |    4311 |    7075     507    7075 |    1015     508    1015 |    0.2   27.9    0.9
5598 |   254 |    4294 |    6070     506    6070 |    1012     506    1012 |    0.2   18.4    0.8
5599 |   254 |    4283 |    6060     506    6060 |    1012     506    1012 |    0.2   18.5    0.8
5600 |   255 |    4314 |    7067     507    7067 |    1015     507    1015 |    0.2   25.2    0.9
5601 |   254 |    4267 |    7015     505    7015 |    1012     505    1012 |    0.2   26.1    0.9
5602 |   255 |    2782 |    7084     508    7084 |    1016     508    1016 |    0.2   25.0    1.0
5603 |   254 |    3795 |    7056     507    7056 |    1015     507    1015 |    0.2   18.4    0.8
5604 |   255 |    4322 |    7092     508    7092 |    1016     508    1016 |    0.2   25.3    1.0
5605 |   255 |    4323 |    7080     508    7080 |    1017     508    1017 |    0.2   25.1    0.9
5606 |   254 |    4223 |    5998     506    5998 |    1013     506    1013 |    0.2   18.8    0.8
5607 |   255 |    3300 |    7088     507    7088 |    1014     507    1014 |    0.2   20.3    0.9
5608 |   255 |    4318 |    7087     508    7087 |    1015     508    1015 |    0.2   26.3    0.9
5609 |   255 |    4324 |    7089     507    7089 |    1015     507    1015 |    0.2   25.4    0.9
5610 |   255 |    4308 |    7069     506    7069 |    1013     506    1013 |    0.2   25.7    1.0
5611 |   255 |    3544 |    7088     508    7088 |    1016     508    1016 |    0.2   19.4    1.1
5612 |   254 |    4302 |    7068     506    7068 |    1012     506    1012 |    0.3   25.8    0.9
5613 |   255 |    4322 |    7086     508    7086 |    1016     508    1016 |    0.2   25.5    0.9
5614 |   255 |    4262 |    6037     506    6037 |    1013     506    1013 |    0.2   19.8    0.8
5615 |   254 |    4289 |    7047     505    7047 |    1012     505    1012 |    0.2   26.0    1.2
5616 |   255 |    4321 |    7077     508    7077 |    1015     508    1015 |    0.2   26.9    1.0
5617 |   254 |    4283 |    6061     506    6061 |    1013     506    1013 |    0.2   20.2    0.8
5618 |   255 |    4310 |    7085     508    7085 |    1016     508    1016 |    0.3   19.0    0.8
5619 |   255 |    4322 |    7087     508    7087 |    1016     508    1016 |    0.2   25.7    1.2
5620 |   254 |    3289 |    7080     507    7080 |    1014     507    1014 |    0.3   25.4    0.9
5621 |   255 |    3288 |    7079     508    7079 |    1015     508    1015 |    0.2   24.8    0.9
5622 |   255 |    3537 |    7073     508    7073 |    1016     508    1016 |    0.2   19.9    1.1
5623 |   255 |    4311 |    7080     508    7080 |    1016     508    1016 |    0.3   28.4    0.9
5624 |   255 |    4318 |    7091     507    7091 |    1015     507    1015 |    0.2   26.5    1.0
5625 |   255 |    3560 |    7076     509    7076 |    1018     509    1018 |    0.2   19.8    0.8
5626 |   253 |    4270 |    6046     505    6046 |    1011     505    1011 |    0.2   18.6    0.8
5627 |   255 |    3020 |    6055     506    6055 |    1013     506    1013 |    0.2   18.8    0.8
5628 |   255 |    4308 |    7053     507    7053 |    1015     507    1015 |    0.2   24.8    0.9
5629 |   255 |    2766 |    6051     506    6051 |    1013     506    1013 |    0.2   20.1    0.8
5630 |   254 |    4307 |    7074     507    7074 |    1013     507    1013 |    0.2   23.8    1.0
5631 |   255 |    4323 |    7097     508    7097 |    1015     508    1015 |    0.2   25.2    1.2
5632 |   255 |    2767 |    6052     506    6052 |    1013     506    1013 |    0.2   18.8    0.8
5633 |   255 |    3295 |    7079     507    7079 |    1015     507    1015 |    0.2   21.4    0.8
5634 |   255 |    4299 |    7074     506    7074 |    1013     506    1013 |    0.2   25.3    0.9
5635 |   255 |    3279 |    7079     507    7079 |    1013     507    1013 |    0.2   18.7    0.8
5636 |   255 |    4277 |    7059     506    7059 |    1013     506    1013 |    0.2   19.2    0.8
5637 |   255 |    2777 |    7079     507    7079 |    1015     507    1015 |    0.2   25.2    0.9
5638 |   255 |    3292 |    7088     508    7088 |    1016     508    1016 |    0.2   26.2    1.0
5639 |   255 |    4323 |    7085     508    7085 |    1017     508    1017 |    0.2   24.9    0.9
5640 |   255 |    4326 |    7081     509    7081 |    1017     509    1017 |    0.2   24.1    0.9
5641 |   255 |    4317 |    6081     507    6081 |    1014     507    1014 |    0.2   19.1    0.8
5642 |   255 |    4315 |    7088     507    7088 |    1015     507    1015 |    0.2   25.2    1.0
5643 |   255 |    3230 |    6001     507    6001 |    1014     507    1014 |    0.2   17.6    0.9
5644 |   255 |    2734 |    5981     507    5981 |    1014     507    1014 |    0.2   18.2    0.8
5645 |   255 |    4306 |    7072     508    7072 |    1016     508    1016 |    0.2   18.7    0.8
5646 |   255 |    3550 |    7091     507    7091 |    1015     507    1015 |    0.2   19.4    0.8
5647 |   255 |    4314 |    7082     507    7082 |    1014     507    1014 |    0.2   26.4    1.2
5648 |   251 |    4250 |    6014     505    6014 |    1010     505    1010 |    0.3   18.2    0.8
5649 |   255 |    4307 |    7061     506    7061 |    1014     506    1014 |    0.2   25.6    0.9
5650 |   255 |    2781 |    7084     507    7084 |    1014     507    1014 |    0.2   24.9    0.9
5651 |   254 |    4251 |    6031     505    6031 |    1011     505    1011 |    0.2   18.2    0.8
5652 |   255 |    4316 |    7093     507    7093 |    1015     507    1015 |    0.2   25.6    0.9
5653 |   255 |    4307 |    7084     508    7084 |    1015     508    1015 |    0.3   25.0    1.0
5654 |   255 |    4304 |    7081     506    7081 |    1014     507    1014 |    0.2   23.8    0.9
5655 |   255 |    4314 |    7078     507    7078 |    1015     507    1015 |    0.2   24.8    0.9
5656 |   255 |    4314 |    7084     507    7084 |    1014     507    1014 |    0.2   25.4    1.0
5657 |   255 |    4308 |    7071     506    7071 |    1013     506    1013 |    0.2   25.5    1.0
5658 |   253 |    3013 |    7052     507    7052 |    1013     507    1013 |    0.2   19.3    0.8
5659 |   253 |    4266 |    6043     506    6043 |    1011     506    1011 |    0.2   19.3    1.1
5660 |   255 |    4311 |    7075     507    7075 |    1013     507    1013 |    0.3   26.8    1.1
5661 |   254 |    4310 |    7083     507    7083 |    1014     507    1014 |    0.2   25.8    0.9
5662 |   253 |    2995 |    6023     505    6023 |    1011     505    1011 |    0.2   18.4    0.8
5663 |   255 |    4305 |    7083     507    7083 |    1015     507    1015 |    0.2   27.2    1.2
5664 |   255 |    4307 |    7083     506    7083 |    1014     507    1014 |    0.2   24.8    0.9
5665 |   255 |    4322 |    7086     507    7086 |    1016     508    1016 |    0.2   25.0    0.9
5666 |   255 |    4286 |    6061     507    6061 |    1014     507    1014 |    0.2   18.3    0.8
5667 |   254 |    4292 |    7070     506    7070 |    1012     506    1012 |    0.2   27.1    0.9
5668 |   255 |    4322 |    7088     508    7088 |    1016     508    1016 |    0.2   25.9    1.0
5669 |   255 |    4326 |    7095     508    7095 |    1015     508    1015 |    0.2   26.7    1.0
5670 |   253 |    4288 |    6062     506    6062 |    1011     505    1011 |    0.2   19.2    0.8
5671 |   254 |    3027 |    7076     507    7076 |    1015     507    1015 |    0.2   26.6    0.9
5672 |   254 |    4295 |    7068     506    7068 |    1012     506    1012 |    0.2   27.3    1.1
5673 |   255 |    4313 |    7080     507    7080 |    1015     507    1015 |    0.2   24.4    0.9
5674 |   255 |    4310 |    7080     508    7080 |    1015     508    1015 |    0.2   25.2    0.9
5675 |   255 |    4312 |    7082     508    7082 |    1015     508    1015 |    0.2   25.6    0.9
5676 |   255 |    4322 |    7090     508    7090 |    1016     508    1016 |    0.2   24.5    1.0
5677 |   254 |    4234 |    6958     505    6958 |    1011     505    1011 |    0.2   23.5    0.9
5678 |   255 |    4303 |    7078     507    7078 |    1015     507    1015 |    0.2   26.0    0.9
5679 |   255 |    4312 |    7075     507    7075 |    1015     507    1015 |    0.2   25.8    1.0
5680 |   255 |    4309 |    7080     507    7080 |    1015     507    1015 |    0.3   27.0    1.1
5681 |   255 |    2772 |    6072     506    6072 |    1013     506    1013 |    0.2   19.2    0.8
5682 |   255 |    4308 |    7078     507    7078 |    1015     507    1015 |    0.2   26.1    0.9
5683 |   255 |    4322 |    7086     508    7086 |    1016     508    1016 |    0.2   25.0    0.9
5684 |   254 |    4305 |    7076     506    7076 |    1013     506    1013 |    0.2   25.8    1.0
5685 |   255 |    4312 |    7084     507    7084 |    1014     507    1014 |    0.3   25.6    1.0
5686 |   255 |    4312 |    7076     507    7076 |    1015     507    1015 |    0.2   24.7    1.0
5687 |   255 |    3264 |    6058     506    6058 |    1013     506    1013 |    0.2   19.6    1.0
5688 |   255 |    3512 |    7001     509    7001 |    1019     509    1019 |    0.3   18.6    0.8
5689 |   255 |    4322 |    7084     508    7084 |    1017     508    1017 |    0.2   25.8    1.0
5690 |   255 |    4310 |    7081     507    7081 |    1013     507    1013 |    0.2   25.5    1.0
5691 |   255 |    4321 |    7094     507    7094 |    1015     508    1015 |    0.2   26.0    0.9
5692 |   255 |    4299 |    7040     507    7040 |    1014     507    1014 |    0.2   24.3    1.0
5693 |   255 |    4243 |    6020     506    6020 |    1013     506    1013 |    0.2   20.2    1.1
5694 |   254 |    4311 |    7085     507    7085 |    1013     507    1013 |    0.2   26.2    0.9
5695 |   254 |    4305 |    7078     507    7078 |    1014     507    1014 |    0.2   24.6    1.2
5696 |   254 |    4298 |    7067     506    7067 |    1013     506    1013 |    0.3   25.5    0.9
5697 |   255 |    4320 |    7082     508    7082 |    1016     508    1016 |    0.2   24.8    0.9
5698 |   255 |    3301 |    7095     508    7095 |    1015     508    1015 |    0.2   19.2    0.8
5699 |   255 |    4315 |    7085     507    7085 |    1014     507    1014 |    0.2   26.3    1.2
5700 |   255 |    2787 |    7080     509    7080 |    1018     509    1018 |    0.2   25.6    1.0
5701 |   254 |    4287 |    7052     505    7052 |    1012     505    1012 |    0.2   24.8    0.9
5702 |   253 |    3261 |    7037     506    7037 |    1012     506    1012 |    0.2   20.3    0.8
5703 |   255 |    4317 |    7078     507    7078 |    1014     507    1014 |    0.2   26.7    1.1
5704 |   255 |    4324 |    7095     508    7095 |    1015     508    1015 |    0.3   25.5    0.9
5705 |   255 |    4314 |    7086     508    7086 |    1015     508    1015 |    0.2   25.4    1.0
5706 |   255 |    3014 |    6056     506    6056 |    1013     506    1013 |    0.2   18.9    0.8
5707 |   255 |    4287 |    6067     506    6067 |    1013     506    1013 |    0.2   18.6    0.8
5708 |   255 |    4312 |    7079     508    7079 |    1019     508    1019 |    0.2   24.8    0.9
5709 |   255 |    4315 |    7077     508    7077 |    1016     508    1016 |    0.2   25.2    1.0
5710 |   255 |    4323 |    7090     508    7090 |    1016     508    1016 |    0.2   25.0    0.9
5711 |   254 |    4296 |    7067     506    7067 |    1012     505    1012 |    0.2   26.2    0.9
5712 |   255 |    4313 |    7082     508    7082 |    1015     508    1015 |    0.2   24.5    1.0
5713 |   254 |    4297 |    7076     506    7076 |    1013     506    1013 |    0.3   27.1    1.0
5714 |   255 |    4312 |    7074     507    7074 |    1016     507    1016 |    0.2   24.8    1.2
5715 |   251 |    4244 |    6009     505    6009 |    1010     505    1010 |    0.3   19.8    0.8
5716 |   255 |    4314 |    7087     507    7087 |    1014     507    1014 |    0.2   24.5    0.9
5717 |   255 |    4305 |    7085     507    7085 |    1015     507    1015 |    0.2   26.4    1.1
5718 |   255 |    4309 |    7082     507    7082 |    1014     507    1014 |    0.2   24.6    1.0
5719 |   255 |    4318 |    7086     507    7086 |    1014     507    1014 |    0.2   24.6    1.1
5720 |   255 |    3020 |    7074     506    7074 |    1013     506    1013 |    0.2   18.0    0.8
5721 |   255 |    4317 |    7089     507    7089 |    1014     507    1014 |    0.2   26.1    1.0
5722 |   253 |    4287 |    7050     507    7050 |    1015     507    1015 |    0.3   26.4    0.9
5723 |   253 |    4287 |    6059     506    6059 |    1011     506    1011 |    0.2   18.5    0.8
5724 |   255 |    4323 |    7081     507    7081 |    1015     508    1015 |    0.2   26.2    1.1
5725 |   255 |    3536 |    7045     508    7045 |    1016     508    1016 |    0.4   19.1    1.1
5726 |   255 |    4322 |    7081     508    7081 |    1016     508    1016 |    0.4   24.8    0.9
5727 |   255 |    4254 |    6039     507    6039 |    1014     507    1014 |    0.2   18.6    0.8
5728 |   255 |    3305 |    7099     508    7099 |    1015     508    1015 |    0.2   21.1    0.8
5729 |   255 |    3036 |    6083     508    6083 |    1016     508    1016 |    0.2   19.1    1.0
5730 |   255 |    4298 |    7080     507    7080 |    1014     507    1014 |    0.2   25.0    0.9
5731 |   255 |    4306 |    7065     507    7065 |    1015     507    1015 |    0.2   25.4    0.9
5732 |   255 |    4325 |    7081     509    7081 |    1017     509    1017 |    0.2   26.9    1.0
5733 |   254 |    4297 |    7068     506    7068 |    1014     506    1014 |    0.2   26.4    0.9
5734 |   255 |    4324 |    7084     508    7084 |    1017     508    1017 |    0.2   25.7    1.0
5735 |   255 |    4314 |    7087     507    7087 |    1015     507    1015 |    0.2   23.4    0.9
5736 |   255 |    4308 |    7078     507    7078 |    1014     507    1014 |    0.2   18.4    0.8
5737 |   253 |    3011 |    6061     506    6061 |    1011     506    1011 |    0.2   18.0    0.8
5738 |   254 |    4293 |    7054     505    7054 |    1012     505    1012 |    0.2   25.0    0.9
5739 |   255 |    4268 |    6043     506    6043 |    1012     506    1012 |    0.2   18.2    0.8
5740 |   255 |    3793 |    7084     509    7084 |    1017     509    1017 |    0.2   19.0    0.9
5741 |   255 |    3543 |    7085     507    7085 |    1014     507    1014 |    0.2   25.2    1.0
5742 |   254 |    4305 |    7073     507    7073 |    1014     507    1014 |    0.3   24.7    1.0
5743 |   255 |    4322 |    7087     508    7087 |    1016     508    1016 |    0.2   25.7    1.0
5744 |   254 |    4302 |    7073     506    7073 |    1013     506    1013 |    0.2   25.8    1.0
5745 |   253 |    4282 |    6059     506    6059 |    1011     506    1011 |    0.3   18.0    0.8
5746 |   255 |    4294 |    7049     505    7049 |    1013     505    1013 |    0.2   25.1    1.1
5747 |   255 |    4292 |    6065     506    6065 |    1014     506    1014 |    0.2   18.5    0.8
5748 |   255 |    2786 |    7090     508    7090 |    1015     507    1015 |    0.2   27.5    1.0
5749 |   255 |    4318 |    7076     507    7076 |    1014     507    1014 |    0.2   24.7    1.0
5750 |   255 |    4317 |    7084     508    7084 |    1016     508    1016 |    0.2   25.8    1.0
5751 |   255 |    4305 |    7068     506    7068 |    1012     506    1012 |    0.2   24.5    0.9
5752 |   254 |    4282 |    7062     505    7062 |    1011     506    1011 |    0.2   19.1    0.8
5753 |   255 |    4305 |    7077     506    7077 |    1013     506    1013 |    0.2   25.7    1.1
5754 |   255 |    4319 |    7080     509    7080 |    1018     509    1018 |    0.3   25.6    0.9
5755 |   254 |    4296 |    6072     506    6072 |    1013     506    1013 |    0.2   18.4    0.8
5756 |   255 |    4316 |    7084     508    7084 |    1016     508    1016 |    0.2   23.8    0.9
5757 |   254 |    4306 |    7077     507    7077 |    1014     507    1014 |    0.2   24.6    1.0
5758 |   255 |    4320 |    7089     508    7089 |    1016     508    1016 |    0.3   18.5    0.8
5759 |   254 |    4284 |    7040     505    7040 |    1012     505    1012 |    0.2   28.6    0.9
5760 |   254 |    4308 |    7076     507    7076 |    1014     507    1014 |    0.2   26.0    1.0
5761 |   255 |    4321 |    7092     508    7092 |    1015     508    1015 |    0.4   18.8    0.8
5762 |   255 |    4321 |    7091     508    7091 |    1016     508    1016 |    0.2   26.8    1.3
5763 |   255 |    3795 |    7074     507    7074 |    1013     507    1013 |    0.3   20.2    0.8
5764 |   255 |    4295 |    6070     506    6070 |    1013     506    1013 |    0.2   20.1    0.8
5765 |   255 |    4314 |    7084     507    7084 |    1014     507    1014 |    0.2   26.3    1.1
5766 |   255 |    4325 |    7096     508    7096 |    1016     508    1016 |    0.4   24.6    1.0
5767 |   255 |    4305 |    7075     507    7075 |    1015     508    1015 |    0.2   18.7    0.8
5768 |   255 |    3542 |    7080     508    7080 |    1015     508    1015 |    0.2   19.4    0.8
5769 |   254 |    4310 |    7086     507    7086 |    1014     507    1014 |    0.2   26.1    0.9
5770 |   255 |    4325 |    7080     509    7080 |    1018     509    1018 |    0.2   31.2    1.0
5771 |   255 |    3021 |    7080     506    7080 |    1014     507    1014 |    0.2   25.4    0.9
5772 |   255 |    4321 |    7089     508    7089 |    1015     508    1015 |    0.2   27.1    1.0
5773 |   255 |    4321 |    7086     507    7086 |    1015     507    1015 |    0.3   25.7    1.0
5774 |   255 |    4310 |    7078     507    7078 |    1013     507    1013 |    0.2   25.9    0.9
5775 |   255 |    4321 |    7084     508    7084 |    1016     508    1016 |    0.2   26.1    1.0
5776 |   254 |    2774 |    6069     506    6069 |    1013     506    1013 |    0.2   19.1    0.8
5777 |   255 |    4322 |    7092     508    7092 |    1016     508    1016 |    0.4   24.8    1.0
5778 |   255 |    4319 |    7084     507    7084 |    1015     507    1015 |    0.2   26.6    1.0
5779 |   255 |    4316 |    7081     506    7081 |    1013     506    1013 |    0.3   25.0    1.1
5780 |   255 |    4305 |    7073     508    7073 |    1016     508    1016 |    0.3   18.4    0.8
5781 |   255 |    4324 |    7094     508    7094 |    1015     508    1015 |    0.3   25.8    0.9
5782 |   255 |    4325 |    7096     508    7096 |    1015     508    1015 |    0.2   26.0    1.0
5783 |   254 |    4271 |    6046     506    6046 |    1012     506    1012 |    0.2   19.0    0.8
5784 |   255 |    4324 |    7080     508    7080 |    1017     508    1017 |    0.2   28.3    1.1
5785 |   255 |    4318 |    7086     507    7086 |    1015     508    1015 |    0.2   26.0    0.9
5786 |   254 |    4302 |    7072     506    7072 |    1013     506    1013 |    0.2   25.7    0.9
5787 |   255 |    4318 |    7079     508    7079 |    1016     508    1016 |    0.2   24.2    0.9
5788 |   254 |    3004 |    6060     506    6060 |    1012     506    1012 |    0.2   19.3    0.9
5789 |   255 |    4323 |    7093     508    7093 |    1015     508    1015 |    0.2   26.0    1.1
5790 |   254 |    4305 |    7075     506    7075 |    1013     507    1013 |    0.2   24.2    0.9
5791 |   255 |    4318 |    7084     507    7084 |    1015     507    1015 |    0.2   25.0    0.9
5792 |   255 |    4295 |    6073     507    6073 |    1013     507    1013 |    0.2   18.9    0.9
5793 |   255 |    3517 |    6055     506    6055 |    1013     506    1013 |    0.2   18.2    0.9
5794 |   255 |    4297 |    7076     507    7076 |    1014     507    1014 |    0.2   26.2    1.2
5795 |   255 |    3008 |    6055     506    6055 |    1013     506    1013 |    0.3   18.3    0.8
5796 |   254 |    4310 |    7078     507    7078 |    1014     507    1014 |    0.2   26.0    1.1
5797 |   255 |    4312 |    7076     507    7076 |    1014     507    1014 |    0.3   28.8    1.3
5798 |   255 |    3293 |    7082     507    7082 |    1015     508    1015 |    0.3   24.5    0.9
5799 |   255 |    4326 |    7089     508    7089 |    1016     508    1016 |    0.2   26.0    0.9
5800 |   255 |    4308 |    7079     507    7079 |    1014     507    1014 |    0.2   25.1    1.0
5801 |   255 |    4315 |    7090     507    7090 |    1015     508    1015 |    0.2   25.8    0.9
5802 |   255 |    4311 |    7072     508    7072 |    1015     508    1015 |    0.2   25.7    1.0
5803 |   255 |    4309 |    7069     507    7069 |    1014     507    1014 |    0.2   23.9    1.0
5804 |   255 |    3012 |    6042     506    6042 |    1013     506    1013 |    0.3   17.9    0.8
5805 |   255 |    2785 |    7068     507    7068 |    1014     507    1014 |    0.2   26.1    0.9
5806 |   255 |    4317 |    7089     507    7089 |    1015     507    1015 |    0.2   26.4    1.0
5807 |   255 |    3030 |    7081     508    7081 |    1016     508    1016 |    0.2   26.2    0.9
5808 |   255 |    3027 |    7084     507    7084 |    1015     507    1015 |    0.2   25.4    1.0
5809 |   255 |    3027 |    7075     508    7075 |    1016     508    1016 |    0.3   25.2    1.0
5810 |   255 |    4320 |    7089     508    7089 |    1016     508    1016 |    0.3   26.7    1.0
5811 |   255 |    4317 |    7079     508    7079 |    1016     508    1016 |    0.2   25.7    0.9
5812 |   255 |    4296 |    7048     506    7048 |    1013     506    1013 |    0.2   24.2    0.9
5813 |   255 |    4307 |    7083     507    7083 |    1014     507    1014 |    0.3   24.6    0.9
5814 |   255 |    4300 |    6077     507    6077 |    1014     507    1014 |    0.2   17.7    0.8
5815 |   255 |    4287 |    6067     506    6067 |    1012     506    1012 |    0.3   18.8    0.8
5816 |   254 |    4292 |    7057     507    7057 |    1017     507    1017 |    0.2   24.0    0.9
5817 |   254 |    2772 |    6068     506    6068 |    1012     506    1012 |    0.2   17.8    0.8
5818 |   255 |    4314 |    7068     508    7068 |    1017     508    1017 |    0.2   19.9    0.8
5819 |   255 |    2785 |    7083     508    7083 |    1016     508    1016 |    0.2   24.1    0.9
5820 |   255 |    4303 |    7061     506    7061 |    1013     506    1013 |    0.2   26.7    0.9
5821 |   255 |    4310 |    7070     507    7070 |    1014     507    1014 |    0.2   25.4    1.0
5822 |   254 |    4271 |    6048     506    6048 |    1012     506    1012 |    0.2   20.6    1.0
5823 |   253 |    3268 |    6062     506    6062 |    1011     506    1011 |    0.2   19.3    0.8
5824 |   255 |    2786 |    7084     508    7084 |    1016     508    1016 |    0.2   25.7    1.0
5825 |   255 |    4326 |    7089     509    7089 |    1017     509    1017 |    0.2   25.7    0.9
5826 |   255 |    3282 |    7069     506    7069 |    1013     506    1013 |    0.2   19.8    1.0
5827 |   255 |    2757 |    6037     506    6037 |    1012     506    1012 |    0.3   19.7    0.8
5828 |   255 |    4305 |    7064     506    7064 |    1013     506    1013 |    0.2   24.8    1.0
5829 |   255 |    4303 |    7069     506    7069 |    1012     506    1012 |    0.2   26.7    1.0
5830 |   254 |    2762 |    6046     506    6046 |    1012     506    1012 |    0.2   18.6    0.8
5831 |   255 |    3817 |    7090     508    7090 |    1017     508    1017 |    0.2   18.8    0.8
5832 |   255 |    4310 |    7071     506    7071 |    1013     506    1013 |    0.2   25.8    0.9
5833 |   255 |    4288 |    6064     507    6064 |    1013     507    1013 |    0.2   19.0    0.8
5834 |   255 |    4326 |    7096     507    7096 |    1016     508    1016 |    0.2   24.6    0.9
5835 |   255 |    4302 |    7067     506    7067 |    1013     506    1013 |    0.2   26.3    1.0
5836 |   255 |    2778 |    6074     507    6074 |    1014     507    1014 |    0.2   20.2    0.8
5837 |   255 |    4317 |    6083     507    6083 |    1014     507    1014 |    0.2   18.7    0.8
5838 |   255 |    4317 |    7088     507    7088 |    1015     507    1015 |    0.2   26.5    1.0
5839 |   255 |    4320 |    7088     508    7088 |    1016     508    1016 |    0.2   24.9    1.1
5840 |   255 |    4323 |    7088     508    7088 |    1016     508    1016 |    0.2   25.2    1.0
5841 |   255 |    4274 |    7048     508    7048 |    1015     508    1015 |    0.3   18.6    0.8
5842 |   255 |    4312 |    7077     507    7077 |    1015     507    1015 |    0.2   24.7    0.9
5843 |   255 |    4321 |    7089     507    7089 |    1015     508    1015 |    0.2   25.7    0.9
5844 |   255 |    4319 |    7083     507    7083 |    1015     507    1015 |    0.2   24.4    0.9
5845 |   255 |    4324 |    7082     508    7082 |    1016     508    1016 |    0.2   25.0    1.0
5846 |   254 |    4293 |    7066     506    7066 |    1011     506    1011 |    0.2   25.8    1.0
5847 |   255 |    4315 |    7089     508    7089 |    1015     508    1015 |    0.2   18.5    0.8
5848 |   255 |    4319 |    7084     508    7084 |    1017     508    1017 |    0.3   20.0    1.0
5849 |   255 |    4317 |    7081     507    7081 |    1016     507    1016 |    0.3   25.6    1.0
5850 |   255 |    4323 |    7087     508    7087 |    1016     508    1016 |    0.2   25.4    1.0
5851 |   253 |    4270 |    7017     507    7017 |    1015     507    1015 |    0.2   23.8    0.9
5852 |   255 |    4313 |    7078     507    7078 |    1016     508    1016 |    0.2   24.7    1.0
5853 |   255 |    4325 |    7095     508    7095 |    1016     508    1016 |    0.2   24.9    0.9
5854 |   254 |    4301 |    7060     507    7060 |    1013     507    1013 |    0.2   26.0    1.0
5855 |   255 |    4311 |    7083     507    7083 |    1014     507    1014 |    0.2   24.6    1.0
5856 |   255 |    4323 |    7092     508    7092 |    1015     507    1015 |    0.2   25.8    1.0
5857 |   255 |    4281 |    6057     506    6057 |    1013     506    1013 |    0.2   19.5    0.8
5858 |   254 |    4289 |    7060     505    7060 |    1011     505    1011 |    0.4   26.1    0.9
5859 |   255 |    4311 |    7082     507    7082 |    1015     507    1015 |    0.2   25.0    1.0
5860 |   255 |    4318 |    7089     508    7089 |    1016     508    1016 |    0.2   24.5    1.0
5861 |   254 |    4302 |    7075     506    7075 |    1013     506    1013 |    0.2   25.9    1.0
5862 |   255 |    4316 |    7083     507    7083 |    1014     507    1014 |    0.2   25.2    1.0
5863 |   255 |    4304 |    7080     507    7080 |    1015     507    1015 |    0.2   25.2    0.9
5864 |   255 |    4269 |    6050     506    6050 |    1013     506    1013 |    0.2   19.0    1.0
5865 |   255 |    4303 |    7062     506    7062 |    1013     506    1013 |    0.3   25.9    0.9
5866 |   255 |    4326 |    7096     508    7096 |    1016     508    1016 |    0.2   25.5    0.9
5867 |   255 |    4304 |    7076     506    7076 |    1014     507    1014 |    0.3   25.8    0.9
5868 |   254 |    4305 |    7072     507    7072 |    1014     507    1014 |    0.3   24.3    0.9
5869 |   254 |    4296 |    7070     506    7070 |    1012     506    1012 |    0.2   25.0    1.0
5870 |   255 |    4317 |    7088     507    7088 |    1015     507    1015 |    0.2   25.4    0.9
5871 |   255 |    4309 |    7083     507    7083 |    1014     507    1014 |    0.2   26.0    1.0
5872 |   255 |    4306 |    7080     507    7080 |    1014     507    1014 |    0.2   25.0    1.0
5873 |   255 |    2784 |    7086     507    7086 |    1014     507    1014 |    0.2   25.4    1.0
5874 |   255 |    2774 |    6070     506    6070 |    1013     506    1013 |    0.2   17.9    0.8
5875 |   255 |    4319 |    7085     507    7085 |    1015     508    1015 |    0.2   24.5    0.9
5876 |   255 |    4322 |    7091     508    7091 |    1017     508    1017 |    0.2   25.2    1.0
5877 |   254 |    4280 |    6055     506    6055 |    1012     506    1012 |    0.2   19.8    0.8
5878 |   255 |    4294 |    6072     507    6072 |    1013     507    1013 |    0.2   18.5    0.8
5879 |   255 |    4291 |    6068     506    6068 |    1013     506    1013 |    0.2   18.4    0.8
5880 |   255 |    4302 |    7075     506    7075 |    1014     506    1014 |    0.2   25.1    0.9
5881 |   255 |    4318 |    7089     507    7089 |    1015     507    1015 |    0.2   25.5    1.0
5882 |   255 |    4324 |    7086     508    7086 |    1017     508    1017 |    0.2   24.9    0.9
5883 |   255 |    4321 |    7084     507    7084 |    1015     507    1015 |    0.2   26.9    0.9
5884 |   255 |    4316 |    7091     507    7091 |    1015     507    1015 |    0.3   24.8    0.9
5885 |   255 |    2779 |    7080     507    7080 |    1013     507    1013 |    0.3   18.9    0.8
5886 |   255 |    4327 |    7098     508    7098 |    1016     508    1016 |    0.2   26.2    1.0
5887 |   255 |    2791 |    7082     508    7082 |    1017     508    1017 |    0.2   26.0    0.9
5888 |   255 |    2777 |    6077     507    6077 |    1013     507    1013 |    0.3   19.5    0.8
5889 |   253 |    4284 |    7025     508    7025 |    1017     508    1017 |    0.2   19.2    0.8
5890 |   255 |    4316 |    6084     507    6084 |    1015     507    1015 |    0.2   18.1    0.8
5891 |   255 |    4327 |    7095     508    7095 |    1016     508    1016 |    0.2   25.3    1.0
5892 |   253 |    2765 |    6058     505    6058 |    1011     505    1011 |    0.2   17.9    0.8
5893 |   255 |    4318 |    7078     507    7078 |    1014     507    1014 |    0.2   26.7    1.0
5894 |   255 |    4309 |    7086     507    7086 |    1014     507    1014 |    0.2   25.4    0.9
5895 |   255 |    4310 |    7081     507    7081 |    1014     507    1014 |    0.2   25.3    1.1
5896 |   255 |    4318 |    7079     508    7079 |    1017     508    1017 |    0.2   25.7    0.9
5897 |   255 |    4313 |    7084     507    7084 |    1015     508    1015 |    0.2   26.0    1.0
5898 |   255 |    4303 |    7056     506    7056 |    1013     506    1013 |    0.2   24.3    1.0
5899 |   255 |    4326 |    7087     508    7087 |    1017     508    1017 |    0.2   25.7    0.9
5900 |   255 |    4272 |    6045     507    6045 |    1014     507    1014 |    0.2   18.8    0.8
5901 |   255 |    4305 |    6078     507    6078 |    1014     507    1014 |    0.2   17.6    0.8
5902 |   255 |    3021 |    7082     506    7082 |    1014     507    1014 |    0.2   25.4    1.2
5903 |   255 |    4313 |    7080     507    7080 |    1015     507    1015 |    0.4   24.7    1.2
5904 |   255 |    4307 |    7084     507    7084 |    1014     507    1014 |    0.3   26.1    0.9
5905 |   255 |    4318 |    7093     507    7093 |    1015     507    1015 |    0.2   27.5    1.3
5906 |   254 |    4288 |    7056     507    7056 |    1015     507    1015 |    0.3   25.8    1.0
5907 |   255 |    4310 |    7076     507    7076 |    1013     507    1013 |    0.3   26.0    1.0
5908 |   255 |    4321 |    7090     508    7090 |    1016     508    1016 |    0.3   26.4    0.9
5909 |   255 |    2786 |    7071     506    7071 |    1013     506    1013 |    0.2   17.7    0.8
5910 |   255 |    4317 |    7080     508    7080 |    1016     508    1016 |    0.2   25.3    0.9
5911 |   255 |    4314 |    7082     508    7082 |    1016     508    1016 |    0.2   25.0    0.9
5912 |   255 |    4325 |    7089     508    7089 |    1015     508    1015 |    0.3   25.7    1.0
5913 |   255 |    4321 |    7090     507    7090 |    1014     507    1014 |    0.2   25.0    0.9
5914 |   255 |    4314 |    7083     508    7083 |    1015     508    1015 |    0.2   24.9    1.1
5915 |   255 |    4322 |    7082     508    7082 |    1016     508    1016 |    0.2   25.9    0.9
5916 |   255 |    4304 |    7060     506    7060 |    1013     506    1013 |    0.2   25.1    0.9
5917 |   255 |    4326 |    7074     509    7074 |    1018     509    1018 |    0.2   25.4    1.0
5918 |   255 |    4318 |    7085     507    7085 |    1014     507    1014 |    0.2   25.2    1.0
5919 |   255 |    4272 |    6052     507    6052 |    1014     507    1014 |    0.2   18.5    0.8
5920 |   255 |    2759 |    6040     506    6040 |    1012     506    1012 |    0.2   20.5    0.8
5921 |   255 |    3032 |    7078     508    7078 |    1015     508    1015 |    0.2   23.5    0.9
5922 |   254 |    4293 |    7066     505    7066 |    1011     505    1011 |    0.2   25.1    0.9
5923 |   255 |    4311 |    7074     506    7074 |    1013     506    1013 |    0.2   25.4    1.2
5924 |   255 |    2788 |    7081     508    7081 |    1015     508    1015 |    0.3   25.4    0.9
5925 |   253 |    4230 |    6006     506    6006 |    1011     506    1011 |    0.2   18.0    0.8
5926 |   255 |    3292 |    7056     509    7056 |    1019     509    1019 |    0.2   19.0    0.8
5927 |   255 |    3030 |    7077     507    7077 |    1014     507    1014 |    0.2   25.5    1.2
5928 |   255 |    4310 |    7081     508    7081 |    1015     508    1015 |    0.2   24.7    0.9
5929 |   253 |    4287 |    6058     506    6058 |    1011     506    1011 |    0.2   17.7    0.9
5930 |   255 |    4317 |    7093     508    7093 |    1015     508    1015 |    0.2   19.6    0.8
5931 |   255 |    3019 |    7074     507    7074 |    1013     507    1013 |    0.2   20.3    0.8
5932 |   255 |    2780 |    7078     507    7078 |    1014     507    1014 |    0.2   25.1    0.9
5933 |   255 |    4308 |    7067     507    7067 |    1014     507    1014 |    0.2   24.8    0.9
5934 |   253 |    4288 |    7064     505    7064 |    1011     506    1011 |    0.2   25.2    1.3
5935 |   255 |    4314 |    7089     507    7089 |    1014     507    1014 |    0.3   25.7    0.9
5936 |   255 |    4311 |    7072     508    7072 |    1016     508    1016 |    0.2   25.3    1.1
5937 |   255 |    4320 |    7087     508    7087 |    1016     508    1016 |    0.2   24.8    0.9
5938 |   254 |    4309 |    7076     507    7076 |    1015     507    1015 |    0.2   25.9    0.9
5939 |   255 |    4321 |    7093     508    7093 |    1016     508    1016 |    0.2   26.3    1.0
5940 |   255 |    4316 |    7092     507    7092 |    1015     507    1015 |    0.2   26.7    0.9
5941 |   255 |    4320 |    7092     507    7092 |    1015     507    1015 |    0.2   26.0    1.0
5942 |   255 |    4317 |    7081     507    7081 |    1015     507    1015 |    0.2   25.9    1.0
5943 |   254 |    4301 |    7071     506    7071 |    1012     506    1012 |    0.2   24.9    0.9
5944 |   255 |    4319 |    7089     508    7089 |    1016     508    1016 |    0.2   26.4    0.9
5945 |   255 |    4294 |    6068     507    6068 |    1014     507    1014 |    0.2   19.6    1.0
5946 |   254 |    4294 |    7070     506    7070 |    1013     507    1013 |    0.3   27.1    0.9
5947 |   255 |    3531 |    6068     506    6068 |    1013     506    1013 |    0.2   20.0    0.8
5948 |   255 |    4310 |    7075     507    7075 |    1015     507    1015 |    0.2   27.7    1.3
5949 |   254 |    4285 |    6061     506    6061 |    1012     506    1012 |    0.3   19.6    1.1
5950 |   255 |    4310 |    7077     507    7077 |    1014     507    1014 |    0.3   26.5    0.9
5951 |   255 |    4320 |    7082     509    7082 |    1018     509    1018 |    0.2   25.1    0.9
5952 |   255 |    4317 |    7090     507    7090 |    1015     507    1015 |    0.2   26.6    1.0
5953 |   255 |    4299 |    7080     507    7080 |    1014     507    1014 |    0.2   18.7    0.9
5954 |   254 |    4303 |    7070     507    7070 |    1014     507    1014 |    0.2   26.3    1.0
5955 |   255 |    3543 |    7080     507    7080 |    1014     507    1014 |    0.2   17.9    0.8
5956 |   255 |    4300 |    7061     506    7061 |    1012     506    1012 |    0.2   25.3    0.9
5957 |   255 |    4311 |    7090     507    7090 |    1014     507    1014 |    0.2   24.0    1.1
5958 |   254 |    4284 |    6060     506    6060 |    1012     506    1012 |    0.2   19.2    0.9
5959 |   255 |    4303 |    7053     506    7053 |    1013     506    1013 |    0.2   26.8    1.1
5960 |   255 |    4313 |    7071     509    7071 |    1018     509    1018 |    0.2   24.9    1.0
5961 |   255 |    4315 |    7089     507    7089 |    1014     507    1014 |    0.3   26.7    0.9
5962 |   255 |    4290 |    6065     507    6065 |    1013     507    1013 |    0.2   20.4    0.8
5963 |   255 |    3304 |    7080     508    7080 |    1017     508    1017 |    0.2   18.8    0.9
5964 |   255 |    4315 |    7084     508    7084 |    1016     508    1016 |    0.2   25.2    0.9
5965 |   255 |    4319 |    7091     507    7091 |    1016     507    1016 |    0.2   26.6    0.9
5966 |   254 |    4299 |    7062     507    7062 |    1014     507    1014 |    0.2   19.1    0.8
5967 |   254 |    4287 |    7053     506    7053 |    1011     506    1011 |    0.2   25.1    1.2
5968 |   253 |    4292 |    7070     506    7070 |    1012     506    1012 |    0.3   28.2    0.9
5969 |   255 |    2795 |    7093     509    7093 |    1017     508    1017 |    0.2   26.9    1.1
5970 |   255 |    3279 |    7055     507    7055 |    1015     507    1015 |    0.3   18.9    0.8
5971 |   255 |    4319 |    7088     508    7088 |    1016     508    1016 |    0.2   26.3    1.0
5972 |   255 |    3296 |    7092     508    7092 |    1016     508    1016 |    0.2   26.0    0.9
5973 |   255 |    4310 |    7072     507    7072 |    1014     507    1014 |    0.2   25.5    1.0
5974 |   255 |    4319 |    7080     507    7080 |    1016     507    1016 |    0.5   18.9    0.8
5975 |   255 |    4305 |    7074     506    7074 |    1012     506    1012 |    0.2   24.8    0.9
5976 |   254 |    4291 |    7057     506    7057 |    1013     506    1013 |    0.2   25.9    1.0
5977 |   255 |    4315 |    7082     507    7082 |    1015     507    1015 |    0.2   25.7    1.0
5978 |   254 |    4292 |    7041     507    7041 |    1015     507    1015 |    0.2   24.8    0.9
5979 |   255 |    4301 |    7059     506    7059 |    1013     506    1013 |    0.2   24.9    1.1
5980 |   254 |    4308 |    7074     506    7074 |    1013     506    1013 |    0.3   25.9    1.0
5981 |   252 |    4273 |    6046     505    6046 |    1010     505    1010 |    0.2   18.4    0.8
5982 |   254 |    4301 |    7072     506    7072 |    1012     506    1012 |    0.2   25.0    0.9
5983 |   252 |    4275 |    6045     505    6045 |    1010     505    1010 |    0.2   18.0    0.8
5984 |   253 |    4283 |    6053     505    6053 |    1011     505    1011 |    0.2   21.1    0.8
5985 |   255 |    4317 |    7087     507    7087 |    1016     507    1016 |    0.2   25.2    0.9
5986 |   255 |    4322 |    7088     508    7088 |    1017     508    1017 |    0.2   26.7    1.0
5987 |   255 |    3541 |    7081     507    7081 |    1014     507    1014 |    0.2   21.8    0.8
5988 |   255 |    4312 |    6078     507    6078 |    1014     507    1014 |    0.2   19.5    0.8
5989 |   254 |    4287 |    6065     506    6065 |    1012     506    1012 |    0.2   18.3    0.8
5990 |   255 |    4316 |    7082     508    7082 |    1016     508    1016 |    0.2   25.6    1.1
5991 |   255 |    4317 |    7080     507    7080 |    1015     507    1015 |    0.3   26.9    0.9
5992 |   254 |    4299 |    7063     506    7063 |    1012     506    1012 |    0.2   25.3    0.9
5993 |   254 |    4295 |    7061     505    7061 |    1012     505    1012 |    0.2   26.8    1.0
5994 |   255 |    4313 |    7083     507    7083 |    1014     507    1014 |    0.2   25.5    1.0
5995 |   255 |    4318 |    7075     508    7075 |    1016     508    1016 |    0.2   26.5    0.9
5996 |   255 |    2750 |    6003     507    6003 |    1014     507    1014 |    0.2   18.2    0.8
5997 |   255 |    4320 |    7086     508    7086 |    1015     508    1015 |    0.2   26.6    0.9
5998 |   255 |    4309 |    7069     507    7069 |    1013     507    1013 |    0.2   24.7    1.0
5999 |   255 |    4305 |    7078     506    7078 |    1014     507    1014 |    0.3   26.9    1.2
6000 |   252 |    4255 |    6030     505    6030 |    1010     505    1010 |    0.3   19.5    0.8
6001 |   255 |    2799 |    7091     508    7091 |    1017     508    1017 |    0.2   18.9    0.8
6002 |   253 |    4290 |    6061     506    6061 |    1011     506    1011 |    0.2   19.0    0.9
6003 |   255 |    4314 |    7088     507    7088 |    1014     507    1014 |    0.2   25.9    1.2
6004 |   255 |    4308 |    7070     507    7070 |    1013     507    1013 |    0.2   24.6    0.9
6005 |   253 |    2753 |    6037     505    6037 |    1011     505    1011 |    0.2   17.4    0.8
6006 |   253 |    4280 |    7047     505    7047 |    1011     505    1011 |    0.2   24.3    0.9
6007 |   254 |    4292 |    7050     506    7050 |    1013     506    1013 |    0.2   25.0    0.9
6008 |   255 |    3015 |    6062     506    6062 |    1013     506    1013 |    0.2   18.4    0.8
6009 |   255 |    4313 |    7080     507    7080 |    1015     507    1015 |    0.2   27.4    1.0
6010 |   255 |    4313 |    7092     507    7092 |    1015     507    1015 |    0.2   26.4    1.0
6011 |   255 |    4259 |    7040     506    7040 |    1012     506    1012 |    0.2   19.0    0.8
6012 |   255 |    4328 |    7099     508    7099 |    1017     508    1017 |    0.2   18.5    0.8
6013 |   253 |    4276 |    6046     505    6046 |    1010     505    1010 |    0.2   18.8    0.8
6014 |   255 |    2779 |    6078     507    6078 |    1014     507    1014 |    0.2   19.8    0.8
6015 |   255 |    3032 |    7088     508    7088 |    1017     508    1017 |    0.2   25.4    1.0
6016 |   255 |    4316 |    7082     508    7082 |    1016     508    1016 |    0.2   26.0    1.1
6017 |   255 |    4306 |    7080     507    7080 |    1014     507    1014 |    0.2   27.5    1.0
6018 |   255 |    4315 |    7086     507    7086 |    1014     507    1014 |    0.2   24.7    0.9
6019 |   254 |    4043 |    7064     507    7064 |    1016     507    1016 |    0.2   18.6    0.8
6020 |   255 |    3007 |    6060     506    6060 |    1013     506    1013 |    0.2   19.2    0.8
6021 |   255 |    4313 |    7084     507    7084 |    1013     506    1013 |    0.2   26.2    1.0
6022 |   254 |    4302 |    7070     508    7070 |    1015     508    1015 |    0.2   20.9    1.1
6023 |   255 |    4295 |    6075     507    6075 |    1013     506    1013 |    0.3   20.3    0.8
6024 |   254 |    4302 |    7071     506    7071 |    1012     506    1012 |    0.2   26.0    1.0
6025 |   255 |    4317 |    7081     507    7081 |    1014     507    1014 |    0.2   26.2    1.2
6026 |   255 |    4318 |    7084     508    7084 |    1015     508    1015 |    0.3   26.7    0.9
6027 |   255 |    4327 |    7095     508    7095 |    1016     508    1016 |    0.2   26.2    1.0
6028 |   255 |    4305 |    7075     507    7075 |    1014     507    1014 |    0.2   24.1    0.9
6029 |   254 |    4310 |    7077     507    7077 |    1014     507    1014 |    0.2   25.9    1.0
6030 |   255 |    4323 |    7093     508    7093 |    1016     508    1016 |    0.2   25.1    0.9
6031 |   255 |    4311 |    7085     507    7085 |    1015     507    1015 |    0.3   25.4    1.1
6032 |   255 |    3034 |    7077     508    7077 |    1017     508    1017 |    0.3   25.1    0.9
6033 |   255 |    4316 |    7088     507    7088 |    1015     507    1015 |    0.2   25.5    1.0
6034 |   255 |    4316 |    7077     506    7077 |    1013     506    1013 |    0.2   24.5    1.1
6035 |   255 |    4305 |    7059     508    7059 |    1017     508    1017 |    0.2   27.0    1.0
6036 |   255 |    4286 |    7028     506    7028 |    1013     506    1013 |    0.2   24.9    0.9
6037 |   255 |    2764 |    6043     506    6043 |    1013     506    1013 |    0.2   20.4    0.9
6038 |   253 |    4280 |    6058     505    6058 |    1011     505    1011 |    0.2   18.9    0.9
6039 |   255 |    4321 |    7089     508    7089 |    1015     508    1015 |    0.3   28.2    1.1
6040 |   255 |    4320 |    7079     508    7079 |    1017     508    1017 |    0.3   26.9    1.0
6041 |   255 |    4323 |    7092     508    7092 |    1015     508    1015 |    0.2   25.2    1.0
6042 |   254 |    4254 |    6033     506    6033 |    1012     506    1012 |    0.4   18.8    0.8
6043 |   255 |    3036 |    7088     508    7088 |    1016     508    1016 |    0.2   24.1    0.9
6044 |   255 |    3298 |    7093     507    7093 |    1015     507    1015 |    0.2   25.7    1.0
6045 |   254 |    4296 |    7073     506    7073 |    1014     507    1014 |    0.3   24.8    0.9
6046 |   255 |    4322 |    7087     507    7087 |    1016     507    1016 |    0.2   25.9    1.0
6047 |   255 |    4296 |    7038     506    7038 |    1013     506    1013 |    0.2   25.2    1.0
6048 |   255 |    4318 |    7073     509    7073 |    1017     509    1017 |    0.2   19.0    0.8
6049 |   254 |    4283 |    6059     506    6059 |    1011     506    1011 |    0.2   19.5    0.8
6050 |   254 |    4290 |    6063     506    6063 |    1012     506    1012 |    0.2   20.1    0.8
6051 |   255 |    4322 |    7086     508    7086 |    1015     508    1015 |    0.2   24.8    1.0
6052 |   255 |    3799 |    7070     509    7070 |    1017     508    1017 |    0.2   19.4    0.8
6053 |   255 |    4290 |    6072     506    6072 |    1013     506    1013 |    0.2   19.7    0.8
6054 |   254 |    4295 |    7064     506    7064 |    1012     506    1012 |    0.2   25.6    1.1
6055 |   255 |    4310 |    6076     508    6076 |    1015     508    1015 |    0.2   19.2    0.8
6056 |   252 |    4270 |    6044     505    6044 |    1010     505    1010 |    0.2   18.2    0.8
6057 |   255 |    3029 |    7089     508    7089 |    1016     508    1016 |    0.2   25.3    0.9
6058 |   255 |    4316 |    7085     508    7085 |    1016     508    1016 |    0.2   24.7    1.0
6059 |   255 |    3531 |    6073     506    6073 |    1013     506    1013 |    0.2   18.6    0.8
6060 |   255 |    4312 |    7084     507    7084 |    1015     507    1015 |    0.2   26.9    0.9
6061 |   255 |    4321 |    7089     508    7089 |    1015     508    1015 |    0.2   25.7    1.2
6062 |   255 |    4300 |    7066     506    7066 |    1012     506    1012 |    0.2   25.4    1.0
6063 |   255 |    2775 |    6073     507    6073 |    1014     507    1014 |    0.2   18.7    0.9
6064 |   255 |    4303 |    7080     507    7080 |    1014     507    1014 |    0.3   27.1    0.9
6065 |   254 |    4300 |    7075     507    7075 |    1013     507    1013 |    0.2   26.7    1.0
6066 |   255 |    3027 |    7082     507    7082 |    1014     507    1014 |    0.2   24.8    0.9
6067 |   255 |    4279 |    6055     506    6055 |    1012     506    1012 |    0.2   19.0    0.8
6068 |   255 |    4301 |    7081     508    7081 |    1015     508    1015 |    0.2   24.8    0.9
6069 |   255 |    3010 |    6055     506    6055 |    1013     506    1013 |    0.2   18.9    0.9
6070 |   255 |    4316 |    7081     507    7081 |    1015     507    1015 |    0.2   25.5    1.0
6071 |   255 |    4317 |    7091     507    7091 |    1016     508    1016 |    0.2   26.0    0.9
6072 |   255 |    4311 |    7076     507    7076 |    1013     507    1013 |    0.2   19.3    0.8
6073 |   255 |    4311 |    7077     507    7077 |    1015     508    1015 |    0.2   25.4    1.0
6074 |   255 |    4322 |    7089     507    7089 |    1014     507    1014 |    0.2   24.8    0.9
6075 |   253 |    4286 |    7050     505    7050 |    1011     505    1011 |    0.2   24.1    0.9
6076 |   255 |    2778 |    6070     506    6070 |    1013     506    1013 |    0.2   18.9    0.8
6077 |   255 |    4313 |    7083     507    7083 |    1013     507    1013 |    0.2   26.7    1.0
6078 |   255 |    4319 |    7082     507    7082 |    1015     507    1015 |    0.2   23.6    0.9
6079 |   255 |    4324 |    7080     508    7080 |    1016     508    1016 |    0.2   24.5    1.0
6080 |   255 |    3297 |    7081     507    7081 |    1014     507    1014 |    0.3   22.3    0.8
6081 |   255 |    4298 |    7075     506    7075 |    1013     506    1013 |    0.2   26.1    0.9
6082 |   255 |    4314 |    7078     506    7078 |    1013     506    1013 |    0.2   25.8    1.0
6083 |   254 |    4300 |    6072     506    6072 |    1013     506    1013 |    0.4   19.4    0.8
6084 |   255 |    4316 |    7076     507    7076 |    1014     507    1014 |    0.2   27.2    0.9
6085 |   254 |    4282 |    7053     505    7053 |    1012     505    1012 |    0.2   25.0    1.0
6086 |   255 |    4309 |    7070     507    7070 |    1015     507    1015 |    0.2   27.3    1.3
6087 |   255 |    4311 |    7088     507    7088 |    1015     507    1015 |    0.3   25.8    1.0
6088 |   255 |    4322 |    7096     508    7096 |    1016     508    1016 |    0.2   25.7    0.9
6089 |   255 |    4316 |    7082     507    7082 |    1014     507    1014 |    0.2   25.9    1.0
6090 |   255 |    4306 |    7060     506    7060 |    1013     506    1013 |    0.2   24.8    0.9
6091 |   255 |    4252 |    6030     506    6030 |    1014     507    1014 |    0.2   18.2    0.9
6092 |   255 |    3811 |    7092     507    7092 |    1015     507    1015 |    0.3   28.5    1.0
6093 |   255 |    4311 |    7072     507    7072 |    1014     507    1014 |    0.2   25.5    0.9
6094 |   255 |    2766 |    6046     506    6046 |    1013     506    1013 |    0.2   19.5    0.9
6095 |   255 |    4311 |    7084     508    7084 |    1016     508    1016 |    0.2   25.1    1.0
6096 |   255 |    4317 |    7077     509    7077 |    1018     509    1018 |    0.2   25.6    1.0
6097 |   255 |    4319 |    7083     507    7083 |    1014     507    1014 |    0.2   24.6    1.0
6098 |   255 |    4315 |    7084     507    7084 |    1015     507    1015 |    0.2   25.5    0.9
6099 |   255 |    4315 |    7081     507    7081 |    1013     507    1013 |    0.2   25.6    1.0
6100 |   252 |    4274 |    6044     505    6044 |    1010     505    1010 |    0.3   18.6    0.8
6101 |   254 |    4299 |    7066     506    7066 |    1014     506    1014 |    0.2   25.6    0.9
6102 |   255 |    3819 |    7067     510    7067 |    1020     510    1020 |    0.2   19.7    0.8
6103 |   255 |    4297 |    7079     507    7079 |    1013     507    1013 |    0.2   26.0    0.9
6104 |   254 |    4300 |    7078     506    7078 |    1013     506    1013 |    0.2   26.7    1.0
6105 |   255 |    4318 |    7081     507    7081 |    1014     507    1014 |    0.2   25.9    1.1
6106 |   255 |    3774 |    6064     506    6064 |    1013     507    1013 |    0.3   18.0    0.8
6107 |   255 |    4318 |    7071     508    7071 |    1016     508    1016 |    0.2   29.0    0.9
6108 |   255 |    4308 |    7079     508    7079 |    1015     508    1015 |    0.3   25.9    1.0
6109 |   254 |    4301 |    7068     507    7068 |    1014     507    1014 |    0.2   26.4    1.3
6110 |   255 |    4323 |    7090     508    7090 |    1015     508    1015 |    0.3   26.4    1.0
6111 |   255 |    4322 |    7093     507    7093 |    1015     507    1015 |    0.2   25.1    0.9
6112 |   255 |    4302 |    7078     506    7078 |    1014     506    1014 |    0.3   25.2    0.9
6113 |   255 |    4308 |    7084     507    7084 |    1014     507    1014 |    0.2   26.1    0.9
6114 |   255 |    4321 |    7088     507    7088 |    1016     508    1016 |    0.2   25.8    1.0
6115 |   254 |    4295 |    7073     506    7073 |    1012     506    1012 |    0.2   25.7    0.9
6116 |   255 |    4276 |    7056     506    7056 |    1013     506    1013 |    0.2   19.2    0.8
6117 |   255 |    4320 |    6084     508    6084 |    1015     508    1015 |    0.2   19.8    0.8
6118 |   255 |    4268 |    6047     506    6047 |    1013     506    1013 |    0.2   18.1    0.8
6119 |   254 |    3014 |    6056     506    6056 |    1012     506    1012 |    0.2   20.8    0.9
6120 |   255 |    3002 |    6023     506    6023 |    1012     506    1012 |    0.2   20.3    0.8
6121 |   254 |    3283 |    7078     507    7078 |    1013     507    1013 |    0.2   25.2    0.9
6122 |   255 |    3793 |    7085     507    7085 |    1014     507    1014 |    0.2   25.5    1.0
6123 |   255 |    4318 |    7086     508    7086 |    1017     508    1017 |    0.2   24.5    1.0
6124 |   255 |    3293 |    7072     507    7072 |    1013     507    1013 |    0.2   19.1    0.8
6125 |   255 |    4326 |    7079     509    7079 |    1018     509    1018 |    0.2   27.8    1.2
6126 |   255 |    4310 |    7073     506    7073 |    1013     506    1013 |    0.3   26.6    0.9
6127 |   255 |    4316 |    7088     507    7088 |    1015     507    1015 |    0.2   26.0    1.1
6128 |   255 |    3292 |    7083     507    7083 |    1014     507    1014 |    0.2   18.1    0.8
6129 |   255 |    4316 |    7092     507    7092 |    1015     507    1015 |    0.2   26.9    0.9
6130 |   255 |    4326 |    7093     508    7093 |    1016     508    1016 |    0.2   25.5    1.0
6131 |   255 |    3537 |    7081     507    7081 |    1013     507    1013 |    0.2   21.1    1.1
6132 |   255 |    4322 |    7077     508    7077 |    1017     508    1017 |    0.2   25.3    1.0
6133 |   255 |    4312 |    7075     507    7075 |    1015     507    1015 |    0.2   25.7    0.9
6134 |   255 |    4308 |    7062     507    7062 |    1015     507    1015 |    0.2   24.5    0.9
6135 |   254 |    3521 |    7024     508    7024 |    1015     508    1015 |    0.2   19.8    0.8
6136 |   255 |    2789 |    7082     508    7082 |    1017     508    1017 |    0.2   25.2    1.0
6137 |   255 |    4326 |    7096     508    7096 |    1015     508    1015 |    0.2   25.6    1.0
6138 |   255 |    3296 |    7085     507    7085 |    1014     507    1014 |    0.3   19.1    0.8
6139 |   253 |    4279 |    6054     505    6054 |    1011     505    1011 |    0.2   19.5    0.8
6140 |   255 |    4311 |    7080     507    7080 |    1014     507    1014 |    0.2   25.0    1.0
6141 |   255 |    4313 |    7076     506    7076 |    1013     506    1013 |    0.2   25.5    0.9
6142 |   255 |    3051 |    7075     509    7075 |    1018     509    1018 |    0.2   20.0    0.8
6143 |   255 |    3300 |    7085     509    7085 |    1017     509    1017 |    0.2   26.0    0.9
6144 |   255 |    4313 |    7084     507    7084 |    1014     507    1014 |    0.2   27.0    1.0
6145 |   255 |    3529 |    6074     507    6074 |    1013     507    1013 |    0.2   18.1    0.8
6146 |   254 |    4293 |    7059     506    7059 |    1014     506    1014 |    0.2   25.3    1.0
6147 |   255 |    4308 |    7083     507    7083 |    1015     507    1015 |    0.2   24.5    1.0
6148 |   253 |    4289 |    6059     506    6059 |    1011     506    1011 |    0.2   20.5    0.8
6149 |   254 |    3011 |    7074     506    7074 |    1012     506    1012 |    0.2   25.5    1.0
6150 |   255 |    4313 |    7080     508    7080 |    1015     508    1015 |    0.2   24.5    0.9
6151 |   255 |    4327 |    7078     508    7078 |    1017     509    1017 |    0.2   25.9    1.0
6152 |   253 |    4264 |    6036     506    6036 |    1012     506    1012 |    0.2   18.4    0.8
6153 |   252 |    4274 |    6048     505    6048 |    1010     505    1010 |    0.2   18.9    0.8
6154 |   255 |    4315 |    6079     507    6079 |    1014     507    1014 |    0.2   19.9    1.1
6155 |   255 |    2778 |    6072     506    6072 |    1013     506    1013 |    0.3   20.0    1.0
6156 |   255 |    3022 |    6070     507    6070 |    1014     507    1014 |    0.3   20.3    0.9
6157 |   255 |    4287 |    6064     507    6064 |    1013     507    1013 |    0.3   19.7    0.9
6158 |   255 |    2783 |    7085     507    7085 |    1014     507    1014 |    0.2   26.4    0.9
6159 |   255 |    4299 |    7069     505    7069 |    1012     506    1012 |    0.2   27.0    1.0
6160 |   254 |    4291 |    7064     505    7064 |    1011     505    1011 |    0.2   24.7    0.9
6161 |   255 |    3010 |    7062     507    7062 |    1013     507    1013 |    0.2   17.9    0.8
6162 |   255 |    4318 |    7089     507    7089 |    1015     507    1015 |    0.2   26.1    1.0
6163 |   255 |    4310 |    7077     507    7077 |    1015     507    1015 |    0.2   24.8    0.9
6164 |   254 |    4300 |    7065     506    7065 |    1012     506    1012 |    0.2   24.8    1.0
6165 |   255 |    4309 |    7070     507    7070 |    1014     507    1014 |    0.2   24.6    0.9
6166 |   255 |    4320 |    7087     507    7087 |    1015     508    1015 |    0.2   25.3    1.0
6167 |   255 |    4319 |    7080     508    7080 |    1015     508    1015 |    0.2   25.6    0.9
6168 |   255 |    4318 |    7087     508    7087 |    1016     508    1016 |    0.2   27.4    0.9
6169 |   254 |    4300 |    7066     506    7066 |    1012     506    1012 |    0.2   25.5    1.0
6170 |   255 |    4310 |    7084     507    7084 |    1014     507    1014 |    0.2   25.3    1.0
6171 |   255 |    3818 |    7076     508    7076 |    1018     509    1018 |    0.2   19.2    0.9
6172 |   255 |    4319 |    7081     507    7081 |    1016     508    1016 |    0.2   26.0    0.9
6173 |   255 |    4323 |    7092     508    7092 |    1016     508    1016 |    0.2   26.1    0.9
6174 |   255 |    4261 |    6041     506    6041 |    1013     506    1013 |    0.2   19.0    0.8
6175 |   255 |    4289 |    6067     506    6067 |    1013     506    1013 |    0.2   19.3    0.8
6176 |   255 |    3280 |    6072     506    6072 |    1013     506    1013 |    0.2   19.1    0.8
6177 |   255 |    4316 |    7080     507    7080 |    1014     507    1014 |    0.2   25.8    1.0
6178 |   254 |    3539 |    7071     506    7071 |    1014     506    1014 |    0.2   18.9    0.8
6179 |   255 |    4319 |    7077     508    7077 |    1016     508    1016 |    0.2   23.4    0.9
6180 |   254 |    4248 |    6028     506    6028 |    1012     506    1012 |    0.2   18.7    0.8
6181 |   255 |    4321 |    7087     507    7087 |    1015     507    1015 |    0.2   28.0    1.0
6182 |   255 |    4316 |    7094     508    7094 |    1016     508    1016 |    0.2   24.4    1.0
6183 |   254 |    2764 |    6052     505    6052 |    1012     506    1012 |    0.2   18.2    0.8
6184 |   255 |    4288 |    7027     510    7027 |    1021     510    1021 |    0.2   18.6    0.8
6185 |   255 |    3030 |    7087     508    7087 |    1015     508    1015 |    0.2   24.6    0.9
6186 |   254 |    4270 |    6048     506    6048 |    1013     506    1013 |    0.2   19.0    0.8
6187 |   255 |    4320 |    7084     508    7084 |    1016     508    1016 |    0.2   26.3    1.0
6188 |   255 |    4327 |    7097     507    7097 |    1015     507    1015 |    0.2   25.6    1.0
6189 |   255 |    4317 |    7086     508    7086 |    1015     508    1015 |    0.2   25.7    0.9
6190 |   254 |    4309 |    7081     507    7081 |    1014     507    1014 |    0.2   25.3    1.1
6191 |   255 |    4308 |    6069     506    6069 |    1012     506    1012 |    0.2   20.3    0.8
6192 |   255 |    4316 |    7086     507    7086 |    1014     507    1014 |    0.2   25.2    0.9
6193 |   255 |    4316 |    7081     507    7081 |    1015     507    1015 |    0.2   25.3    1.1
6194 |   255 |    4318 |    7075     508    7075 |    1016     508    1016 |    0.2   25.4    0.9
6195 |   255 |    3559 |    7096     508    7096 |    1015     508    1015 |    0.2   19.7    0.8
6196 |   255 |    4316 |    7082     506    7082 |    1013     506    1013 |    0.2   26.3    0.9
6197 |   255 |    4317 |    7086     508    7086 |    1017     508    1017 |    0.2   24.9    1.0
6198 |   255 |    4319 |    7082     508    7082 |    1016     508    1016 |    0.2   25.3    0.9
6199 |   255 |    4313 |    7075     506    7075 |    1014     507    1014 |    0.2   26.0    1.0
6200 |   255 |    4285 |    6059     507    6059 |    1014     507    1014 |    0.2   17.5    0.8
6201 |   255 |    4298 |    6073     507    6073 |    1013     507    1013 |    0.2   18.9    0.9
6202 |   253 |    4284 |    7052     505    7052 |    1011     505    1011 |    0.2   25.5    1.0
6203 |   255 |    3262 |    6046     507    6046 |    1013     507    1013 |    0.2   18.1    0.9
6204 |   255 |    4307 |    7068     506    7068 |    1013     506    1013 |    0.2   24.3    1.1
6205 |   255 |    4326 |    7087     507    7087 |    1016     508    1016 |    0.2   26.0    1.0
6206 |   255 |    4318 |    7081     508    7081 |    1015     508    1015 |    0.2   26.7    1.1
6207 |   255 |    4324 |    7093     507    7093 |    1016     508    1016 |    0.2   25.5    0.9
6208 |   254 |    4306 |    7077     507    7077 |    1013     507    1013 |    0.2   25.7    1.0
6209 |   255 |    4319 |    6088     508    6088 |    1015     508    1015 |    0.2   19.0    0.8
6210 |   255 |    3026 |    7080     508    7080 |    1015     508    1015 |    0.2   25.1    0.9
6211 |   254 |    4299 |    7072     506    7072 |    1013     506    1013 |    0.2   24.3    1.1
6212 |   255 |    2793 |    7100     508    7100 |    1016     508    1016 |    0.2   27.3    1.1
6213 |   254 |    4284 |    7042     505    7042 |    1012     505    1012 |    0.2   24.8    0.9
6214 |   254 |    4301 |    7066     506    7066 |    1013     506    1013 |    0.2   25.6    1.0
6215 |   254 |    3018 |    6066     506    6066 |    1013     506    1013 |    0.2   19.5    1.0
6216 |   255 |    4316 |    7088     507    7088 |    1015     508    1015 |    0.3   26.3    1.0
6217 |   254 |    4292 |    7053     505    7053 |    1012     505    1012 |    0.2   25.2    0.9
6218 |   255 |    4326 |    7091     508    7091 |    1016     508    1016 |    0.2   26.6    1.0
6219 |   255 |    4299 |    7062     506    7062 |    1013     506    1013 |    0.2   25.6    0.9
6220 |   255 |    4298 |    6074     506    6074 |    1013     506    1013 |    0.2   18.5    0.9
6221 |   255 |    3028 |    7075     506    7075 |    1015     508    1015 |    0.2   25.8    1.1
6222 |   255 |    4309 |    7056     507    7056 |    1015     507    1015 |    0.2   25.1    0.9
6223 |   255 |    4295 |    7078     506    7078 |    1013     506    1013 |    0.2   19.2    0.8
6224 |   255 |    4326 |    7098     508    7098 |    1016     508    1016 |    0.2   25.5    0.9
6225 |   255 |    4318 |    7093     508    7093 |    1017     508    1017 |    0.2   24.6    1.0
6226 |   255 |    3028 |    7079     507    7079 |    1015     507    1015 |    0.2   26.5    1.0
6227 |   255 |    4298 |    7080     506    7080 |    1013     507    1013 |    0.2   26.2    0.9
6228 |   255 |    4308 |    6062     506    6062 |    1013     506    1013 |    0.3   18.0    0.8
6229 |   254 |    4302 |    7072     506    7072 |    1012     506    1012 |    0.3   26.8    1.0
6230 |   254 |    4285 |    7035     505    7035 |    1013     506    1013 |    0.2   25.1    1.0
6231 |   255 |    4322 |    7090     507    7090 |    1015     507    1015 |    0.2   25.5    1.0
6232 |   255 |    3535 |    7080     507    7080 |    1013     507    1013 |    0.2   25.0    0.9
6233 |   254 |    4297 |    7057     506    7057 |    1013     506    1013 |    0.2   25.3    0.9
6234 |   255 |    3280 |    7061     507    7061 |    1015     507    1015 |    0.2   18.6    0.9
6235 |   254 |    4288 |    7039     505    7039 |    1012     505    1012 |    0.2   25.8    0.9
6236 |   255 |    4290 |    6070     506    6070 |    1012     506    1012 |    0.2   18.7    0.8
6237 |   255 |    4314 |    7088     507    7088 |    1014     507    1014 |    0.2   26.5    1.0
6238 |   255 |    4321 |    7089     507    7089 |    1016     508    1016 |    0.2   25.8    1.1
6239 |   255 |    4304 |    7077     507    7077 |    1015     507    1015 |    0.2   26.0    1.0
6240 |   254 |    4306 |    7080     506    7080 |    1013     506    1013 |    0.3   26.2    0.9
6241 |   255 |    4314 |    7083     507    7083 |    1014     507    1014 |    0.2   25.3    0.9
6242 |   255 |    4318 |    7086     507    7086 |    1014     507    1014 |    0.2   26.2    1.0
6243 |   255 |    4314 |    7078     506    7078 |    1013     506    1013 |    0.2   25.6    1.0
6244 |   254 |    4306 |    7078     506    7078 |    1013     507    1013 |    0.2   25.4    0.9
6245 |   255 |    4321 |    7090     509    7090 |    1018     509    1018 |    0.3   25.3    0.9
6246 |   255 |    4310 |    7074     506    7074 |    1013     506    1013 |    0.2   25.5    1.1
6247 |   253 |    4293 |    7070     506    7070 |    1012     506    1012 |    0.2   25.8    0.9
6248 |   255 |    4293 |    6070     507    6070 |    1014     507    1014 |    0.2   20.8    0.8
6249 |   255 |    4297 |    6073     506    6073 |    1013     507    1013 |    0.2   19.4    1.1
6250 |   255 |    2790 |    7087     508    7087 |    1016     508    1016 |    0.3   26.9    0.9
6251 |   255 |    2790 |    7080     509    7080 |    1018     509    1018 |    0.2   25.2    1.0
6252 |   255 |    2996 |    6005     507    6005 |    1013     507    1013 |    0.3   18.2    0.8
6253 |   255 |    4318 |    7090     508    7090 |    1016     508    1016 |    0.2   26.1    1.1
6254 |   255 |    4313 |    7081     507    7081 |    1013     507    1013 |    0.2   26.0    1.0
6255 |   255 |    4313 |    7078     507    7078 |    1014     507    1014 |    0.2   24.4    0.9
6256 |   255 |    4300 |    6077     507    6077 |    1014     507    1014 |    0.2   20.3    0.8
6257 |   255 |    4269 |    6042     506    6042 |    1014     506    1014 |    0.2   18.4    0.8
6258 |   254 |    4305 |    7079     506    7079 |    1013     506    1013 |    0.2   26.2    1.0
6259 |   255 |    4313 |    7083     507    7083 |    1013     507    1013 |    0.2   26.5    1.0
6260 |   255 |    4275 |    6053     506    6053 |    1013     506    1013 |    0.2   18.2    0.8
6261 |   255 |    4327 |    7095     509    7095 |    1017     509    1017 |    0.2   24.7    1.0
6262 |   255 |    4300 |    7077     506    7077 |    1013     507    1013 |    0.3   25.3    0.9
6263 |   255 |    4314 |    7066     508    7066 |    1015     508    1015 |    0.2   25.3    0.9
6264 |   255 |    4315 |    7085     507    7085 |    1014     507    1014 |    0.2   18.6    0.8
6265 |   254 |    4305 |    7070     506    7070 |    1014     507    1014 |    0.2   27.6    1.3
6266 |   255 |    4277 |    6055     505    6055 |    1012     506    1012 |    0.3   18.3    0.8
6267 |   255 |    4315 |    7082     508    7082 |    1017     508    1017 |    0.2   24.4    0.9
6268 |   255 |    4311 |    7085     507    7085 |    1014     507    1014 |    0.2   26.1    1.0
6269 |   254 |    4307 |    7078     506    7078 |    1013     506    1013 |    0.3   26.5    1.1
6270 |   255 |    4307 |    7075     507    7075 |    1013     507    1013 |    0.3   27.4    1.0
6271 |   255 |    4317 |    6085     507    6085 |    1014     507    1014 |    0.2   18.3    0.9
6272 |   254 |    3258 |    6998     507    6998 |    1016     507    1016 |    0.3   17.7    0.8
6273 |   253 |    4290 |    6065     506    6065 |    1011     506    1011 |    0.2   18.0    0.8
6274 |   255 |    4322 |    7084     508    7084 |    1016     508    1016 |    0.2   25.4    0.9
6275 |   255 |    4314 |    7085     507    7085 |    1014     507    1014 |    0.2   26.2    1.0
6276 |   255 |    4318 |    7086     507    7086 |    1014     507    1014 |    0.2   26.3    1.0
6277 |   255 |    4319 |    7085     507    7085 |    1014     507    1014 |    0.2   25.4    1.1
6278 |   255 |    2772 |    6066     507    6066 |    1013     507    1013 |    0.2   19.0    0.9
6279 |   255 |    4281 |    6058     507    6058 |    1013     507    1013 |    0.2   19.2    0.8
6280 |   255 |    4321 |    7091     508    7091 |    1016     508    1016 |    0.2   26.3    1.3
6281 |   254 |    4296 |    7069     506    7069 |    1012     506    1012 |    0.2   24.1    0.9
6282 |   255 |    4317 |    7083     506    7083 |    1013     506    1013 |    0.2   23.6    0.9
6283 |   255 |    4316 |    7085     507    7085 |    1015     507    1015 |    0.2   26.6    1.0
6284 |   255 |    4297 |    7059     506    7059 |    1012     506    1012 |    0.2   24.7    0.9
6285 |   255 |    4319 |    7083     508    7083 |    1017     508    1017 |    0.2   27.4    1.0
6286 |   255 |    4315 |    7093     508    7093 |    1016     508    1016 |    0.2   25.6    1.0
6287 |   255 |    3541 |    7080     507    7080 |    1015     507    1015 |    0.3   25.4    1.0
6288 |   255 |    4322 |    7082     508    7082 |    1017     508    1017 |    0.2   26.0    1.0
6289 |   255 |    4324 |    7093     508    7093 |    1016     508    1016 |    0.2   25.1    1.1
6290 |   255 |    3301 |    7091     507    7091 |    1015     507    1015 |    0.3   20.3    0.8
6291 |   255 |    4313 |    7085     508    7085 |    1017     508    1017 |    0.2   19.5    0.8
6292 |   254 |    4293 |    7069     505    7069 |    1012     506    1012 |    0.2   26.5    0.9
6293 |   255 |    4305 |    7080     507    7080 |    1013     507    1013 |    0.2   26.4    1.1
6294 |   254 |    3281 |    7059     506    7059 |    1014     506    1014 |    0.2   18.8    0.8
6295 |   255 |    4322 |    7090     507    7090 |    1015     507    1015 |    0.2   26.6    1.0
6296 |   255 |    4322 |    7089     507    7089 |    1015     507    1015 |    0.2   25.8    1.0
6297 |   254 |    4302 |    7077     506    7077 |    1012     506    1012 |    0.2   25.4    0.9
6298 |   254 |    4301 |    7074     506    7074 |    1013     506    1013 |    0.2   26.2    1.0
6299 |   255 |    4317 |    7079     508    7079 |    1015     508    1015 |    0.2   26.7    1.0
6300 |   255 |    4304 |    7070     506    7070 |    1013     506    1013 |    0.2   25.3    1.0
6301 |   255 |    4329 |    7098     508    7098 |    1016     508    1016 |    0.2   26.4    1.0
6302 |   255 |    4308 |    7082     507    7082 |    1014     507    1014 |    0.2   25.2    0.9
6303 |   255 |    4317 |    7083     507    7083 |    1014     507    1014 |    0.2   25.8    1.0
6304 |   254 |    4295 |    7062     506    7062 |    1012     506    1012 |    0.2   25.8    0.9
6305 |   255 |    4295 |    7033     506    7033 |    1013     506    1013 |    0.2   24.5    0.9
6306 |   255 |    4321 |    7090     507    7090 |    1015     507    1015 |    0.2   25.0    0.9
6307 |   255 |    4317 |    7083     508    7083 |    1016     508    1016 |    0.2   26.3    1.0
6308 |   255 |    4317 |    7077     508    7077 |    1016     508    1016 |    0.2   26.2    0.9
6309 |   254 |    4303 |    7067     506    7067 |    1015     506    1015 |    0.2   25.5    1.0
6310 |   254 |    4302 |    7072     506    7072 |    1012     506    1012 |    0.2   25.8    1.2
6311 |   255 |    4311 |    7068     507    7068 |    1014     507    1014 |    0.3   26.4    1.1
6312 |   255 |    4249 |    6032     506    6032 |    1013     506    1013 |    0.2   18.1    0.8
6313 |   255 |    2771 |    6070     506    6070 |    1013     506    1013 |    0.2   18.6    0.8
6314 |   254 |    4299 |    7032     510    7032 |    1019     510    1019 |    0.2   20.0    0.8
6315 |   255 |    2769 |    7057     506    7057 |    1013     506    1013 |    0.2   20.2    0.8
6316 |   255 |    4300 |    7045     506    7045 |    1014     506    1014 |    0.2   24.7    0.9
6317 |   255 |    4311 |    7074     507    7074 |    1013     507    1013 |    0.2   25.2    1.0
6318 |   255 |    4323 |    7093     508    7093 |    1016     508    1016 |    0.2   28.2    1.0
6319 |   255 |    4319 |    7090     507    7090 |    1014     507    1014 |    0.2   26.0    0.9
6320 |   255 |    4316 |    7093     508    7093 |    1016     508    1016 |    0.2   25.3    1.0
6321 |   254 |    4306 |    7069     506    7069 |    1015     507    1015 |    0.2   24.6    0.9
6322 |   255 |    4308 |    7075     508    7075 |    1016     508    1016 |    0.2   27.2    1.3
6323 |   255 |    4326 |    7084     509    7084 |    1018     509    1018 |    0.3   25.6    0.9
6324 |   254 |    4296 |    7061     505    7061 |    1012     505    1012 |    0.2   25.8    0.9
6325 |   254 |    3787 |    7053     507    7053 |    1014     507    1014 |    0.2   19.2    0.8
6326 |   255 |    3284 |    7081     507    7081 |    1014     507    1014 |    0.2   25.9    1.0
6327 |   255 |    4322 |    7092     508    7092 |    1016     508    1016 |    0.2   19.8    0.8
6328 |   255 |    4313 |    7076     506    7076 |    1014     507    1014 |    0.2   26.5    1.0
6329 |   254 |    4297 |    7061     506    7061 |    1012     506    1012 |    0.2   25.7    1.0
6330 |   254 |    3482 |    6002     506    6002 |    1012     506    1012 |    0.3   18.0    0.8
6331 |   255 |    4306 |    7083     508    7083 |    1015     508    1015 |    0.3   25.5    0.9
6332 |   255 |    3039 |    7046     509    7046 |    1018     509    1018 |    0.2   18.4    0.8
6333 |   255 |    4309 |    7074     508    7074 |    1016     508    1016 |    0.2   25.9    1.0
6334 |   255 |    4316 |    7084     508    7084 |    1015     508    1015 |    0.2   31.2    0.9
6335 |   255 |    4315 |    7082     507    7082 |    1014     507    1014 |    0.2   24.8    0.9
6336 |   255 |    4324 |    7092     507    7092 |    1015     507    1015 |    0.2   26.9    1.0
6337 |   255 |    3306 |    7084     507    7084 |    1016     507    1016 |    0.2   18.7    0.8
6338 |   255 |    4323 |    7092     508    7092 |    1015     508    1015 |    0.2   28.3    1.1
6339 |   255 |    4323 |    7092     508    7092 |    1016     508    1016 |    0.2   25.8    1.0
6340 |   255 |    2775 |    6069     506    6069 |    1012     506    1012 |    0.2   17.9    0.8
6341 |   255 |    4327 |    7099     508    7099 |    1016     508    1016 |    0.2   24.4    0.9
6342 |   254 |    4280 |    7030     507    7030 |    1014     507    1014 |    0.4   20.1    1.0
6343 |   255 |    2767 |    6057     506    6057 |    1013     506    1013 |    0.3   18.7    0.9
6344 |   255 |    4314 |    7082     507    7082 |    1015     507    1015 |    0.2   24.8    0.9
6345 |   255 |    4294 |    6073     507    6073 |    1013     507    1013 |    0.2   18.7    0.8
6346 |   255 |    4287 |    7071     507    7071 |    1015     507    1015 |    0.2   25.9    1.1
6347 |   255 |    4305 |    7081     507    7081 |    1014     507    1014 |    0.2   25.4    0.9
6348 |   255 |    4310 |    7082     508    7082 |    1015     508    1015 |    0.2   25.3    1.0
6349 |   255 |    4303 |    7060     506    7060 |    1013     506    1013 |    0.2   25.4    0.9
6350 |   255 |    3023 |    7082     506    7082 |    1014     506    1014 |    0.2   24.7    0.9
6351 |   255 |    4323 |    7092     508    7092 |    1016     508    1016 |    0.2   26.6    0.9
6352 |   255 |    4316 |    7084     508    7084 |    1016     508    1016 |    0.2   26.2    0.9
6353 |   254 |    4290 |    6067     506    6067 |    1012     506    1012 |    0.2   18.8    0.8
6354 |   255 |    4316 |    7090     507    7090 |    1015     507    1015 |    0.2   25.6    1.0
6355 |   255 |    4321 |    7089     508    7089 |    1015     508    1015 |    0.2   25.5    1.0
6356 |   253 |    4279 |    6054     506    6054 |    1013     506    1013 |    0.2   18.1    0.8
6357 |   255 |    4323 |    7080     509    7080 |    1018     509    1018 |    0.2   25.6    0.9
6358 |   254 |    4302 |    7077     506    7077 |    1013     506    1013 |    0.2   25.4    0.9
6359 |   255 |    4304 |    7060     506    7060 |    1013     506    1013 |    0.2   25.4    1.0
6360 |   253 |    4278 |    6053     505    6053 |    1010     505    1010 |    0.2   17.8    0.7
6361 |   255 |    2784 |    7082     508    7082 |    1015     508    1015 |    0.2   27.1    1.0
6362 |   255 |    4311 |    7073     508    7073 |    1019     509    1019 |    0.3   25.4    1.0
6363 |   255 |    2768 |    6065     507    6065 |    1014     507    1014 |    0.2   18.5    0.8
6364 |   255 |    4317 |    7087     509    7087 |    1017     509    1017 |    0.2   25.9    1.0
6365 |   255 |    3026 |    7083     507    7083 |    1015     507    1015 |    0.2   26.5    0.9
6366 |   255 |    4319 |    7084     507    7084 |    1014     507    1014 |    0.2   26.2    0.9
6367 |   255 |    4304 |    6077     507    6077 |    1014     507    1014 |    0.2   19.1    0.8
6368 |   255 |    4264 |    6039     507    6039 |    1015     507    1015 |    0.2   17.9    0.8
6369 |   255 |    2992 |    5987     506    5987 |    1012     506    1012 |    0.2   18.1    0.8
6370 |   255 |    4314 |    7080     508    7080 |    1015     507    1015 |    0.2   27.2    1.0
6371 |   255 |    4319 |    7091     507    7091 |    1015     507    1015 |    0.2   26.0    1.0
6372 |   254 |    3543 |    7062     507    7062 |    1016     508    1016 |    0.2   19.9    0.8
6373 |   254 |    4298 |    7064     506    7064 |    1012     506    1012 |    0.2   24.7    0.9
6374 |   255 |    4319 |    7078     508    7078 |    1016     508    1016 |    0.2   25.9    1.0
6375 |   255 |    4323 |    7094     508    7094 |    1015     508    1015 |    0.2   25.8    0.9
6376 |   255 |    4320 |    7092     508    7092 |    1015     508    1015 |    0.2   25.0    0.9
6377 |   254 |    4303 |    7067     506    7067 |    1013     507    1013 |    0.2   25.1    0.9
6378 |   255 |    2767 |    7053     506    7053 |    1013     506    1013 |    0.2   18.7    0.8
6379 |   254 |    4298 |    7076     506    7076 |    1012     506    1012 |    0.2   25.3    0.9
6380 |   255 |    2787 |    7092     507    7092 |    1015     507    1015 |    0.2   25.4    0.9
6381 |   255 |    4316 |    6081     507    6081 |    1015     507    1015 |    0.2   18.5    0.8
6382 |   255 |    3302 |    7095     507    7095 |    1015     507    1015 |    0.2   25.4    1.0
6383 |   255 |    4318 |    7091     507    7091 |    1015     507    1015 |    0.2   25.4    0.9
6384 |   255 |    4314 |    7077     507    7077 |    1014     507    1014 |    0.2   26.5    0.9
6385 |   254 |    4300 |    7075     507    7075 |    1014     507    1014 |    0.2   26.5    0.9
6386 |   255 |    4299 |    7042     509    7042 |    1018     509    1018 |    0.2   25.9    0.9
6387 |   243 |    4114 |    5851     506    5851 |    1013     506    1013 |    0.3   17.7    0.8
6388 |   255 |    4311 |    7086     507    7086 |    1015     507    1015 |    0.2   24.8    1.0
6389 |   254 |    4294 |    7057     507    7057 |    1014     507    1014 |    0.2   18.7    0.9
6390 |   255 |    4308 |    7067     507    7067 |    1013     507    1013 |    0.2   25.7    0.9
6391 |   252 |    3272 |    7031     507    7031 |    1014     507    1014 |    0.2   19.3    0.8
6392 |   255 |    4302 |    7067     506    7067 |    1013     506    1013 |    0.2   27.6    1.3
6393 |   255 |    4304 |    7080     507    7080 |    1013     507    1013 |    0.2   27.6    0.9
6394 |   255 |    4320 |    7080     508    7080 |    1015     508    1015 |    0.2   25.7    0.9
6395 |   253 |    4290 |    6061     506    6061 |    1011     506    1011 |    0.2   19.7    1.1
6396 |   255 |    4321 |    7084     507    7084 |    1015     507    1015 |    0.3   29.7    1.2
6397 |   254 |    4298 |    7061     505    7061 |    1012     505    1012 |    0.3   28.0    1.0
6398 |   255 |    4314 |    7092     507    7092 |    1015     507    1015 |    0.2   27.3    1.1
6399 |   255 |    4318 |    7086     507    7086 |    1015     508    1015 |    0.2   28.8    0.9
6400 |   255 |    4312 |    7083     507    7083 |    1015     507    1015 |    0.2   26.3    0.9
6401 |   255 |    2773 |    6074     506    6074 |    1013     506    1013 |    0.2   19.3    0.8
6402 |   255 |    4320 |    7082     508    7082 |    1017     508    1017 |    0.2   29.0    1.0
6403 |   255 |    4297 |    7058     507    7058 |    1015     507    1015 |    0.2   18.9    0.8
6404 |   255 |    4281 |    7003     507    7003 |    1014     507    1014 |    0.2   26.0    1.0
6405 |   253 |    4290 |    6065     506    6065 |    1012     506    1012 |    0.2   21.4    0.8
6406 |   254 |    3015 |    6057     506    6057 |    1012     506    1012 |    0.2   18.1    0.8
6407 |   255 |    3584 |    7010     513    7010 |    1026     513    1026 |    0.2   21.4    0.8
6408 |   255 |    4317 |    7085     508    7085 |    1015     508    1015 |    0.2   26.1    1.0
6409 |   255 |    2756 |    6029     506    6029 |    1012     506    1012 |    0.2   18.2    0.8
6410 |   254 |    4249 |    6029     506    6029 |    1012     505    1012 |    0.2   19.2    0.8
6411 |   254 |    4296 |    7070     507    7070 |    1014     507    1014 |    0.3   20.1    0.9
6412 |   255 |    4326 |    7093     508    7093 |    1016     508    1016 |    0.2   27.0    0.9
6413 |   255 |    4311 |    6079     507    6079 |    1014     507    1014 |    0.2   19.1    1.0
6414 |   254 |    4302 |    7074     506    7074 |    1013     506    1013 |    0.3   25.2    1.0
6415 |   255 |    4290 |    7072     508    7072 |    1016     508    1016 |    0.2   26.1    1.0
6416 |   255 |    2777 |    7080     507    7080 |    1015     507    1015 |    0.2   27.5    1.0
6417 |   255 |    4316 |    7085     507    7085 |    1014     507    1014 |    0.2   21.8    0.8
6418 |   255 |    4320 |    7090     508    7090 |    1016     508    1016 |    0.2   26.3    1.0
6419 |   255 |    4307 |    7079     507    7079 |    1014     507    1014 |    0.2   25.4    1.0
6420 |   255 |    4318 |    7088     508    7088 |    1016     508    1016 |    0.2   32.0    1.1
6421 |   255 |    3545 |    7080     506    7080 |    1013     507    1013 |    0.3   25.7    1.2
6422 |   255 |    4315 |    7088     507    7088 |    1015     507    1015 |    0.3   25.7    1.0
6423 |   255 |    4316 |    7075     508    7075 |    1017     508    1017 |    0.2   28.2    1.0
6424 |   255 |    3542 |    7072     506    7072 |    1013     506    1013 |    0.2   24.2    1.0
6425 |   255 |    4275 |    7010     506    7010 |    1013     506    1013 |    0.2   25.3    0.9
6426 |   255 |    4318 |    7069     507    7069 |    1016     507    1016 |    0.2   27.6    1.1
6427 |   255 |    4319 |    7093     508    7093 |    1016     508    1016 |    0.2   25.8    1.0
6428 |   255 |    4321 |    7077     508    7077 |    1017     508    1017 |    0.2   27.3    1.0
6429 |   253 |    4256 |    6029     507    6029 |    1015     507    1015 |    0.3   19.5    0.8
6430 |   255 |    4303 |    7080     507    7080 |    1014     507    1014 |    0.2   29.7    1.2
6431 |   254 |    4301 |    7068     506    7068 |    1012     506    1012 |    0.2   26.1    1.0
6432 |   254 |    4279 |    7041     505    7041 |    1011     505    1011 |    0.3   25.2    1.0
6433 |   255 |    4320 |    7089     507    7089 |    1015     507    1015 |    0.2   26.7    1.0
6434 |   255 |    3022 |    7081     507    7081 |    1014     507    1014 |    0.2   21.1    1.1
6435 |   254 |    4274 |    6047     506    6047 |    1012     506    1012 |    0.2   19.7    0.8
6436 |   255 |    4303 |    6068     506    6068 |    1013     506    1013 |    0.4   20.1    1.0
6437 |   255 |    4318 |    7082     508    7082 |    1015     508    1015 |    0.4   28.2    1.0
6438 |   255 |    4322 |    7082     508    7082 |    1016     508    1016 |    0.2   26.5    0.9
6439 |   255 |    4294 |    6067     507    6067 |    1014     507    1014 |    0.2   19.2    0.8
6440 |   254 |    2773 |    7073     507    7073 |    1013     507    1013 |    0.2   25.0    1.0
6441 |   255 |    4319 |    7087     507    7087 |    1015     507    1015 |    0.2   25.5    1.0
6442 |   254 |    4295 |    7065     506    7065 |    1012     506    1012 |    0.2   26.1    0.9
6443 |   255 |    4304 |    7082     507    7082 |    1014     507    1014 |    0.3   24.2    0.9
6444 |   255 |    3285 |    7043     508    7043 |    1016     508    1016 |    0.2   20.3    0.8
6445 |   255 |    3311 |    7022     512    7022 |    1024     512    1024 |    0.2   20.8    0.8
6446 |   255 |    4316 |    7092     507    7092 |    1015     507    1015 |    0.2   24.5    0.9
6447 |   255 |    4287 |    6063     506    6063 |    1013     506    1013 |    0.2   19.5    0.8
6448 |   253 |    4280 |    7057     505    7057 |    1010     505    1010 |    0.2   19.1    1.0
6449 |   255 |    4314 |    7076     507    7076 |    1013     507    1013 |    0.3   25.9    0.9
6450 |   255 |    4322 |    7087     508    7087 |    1015     508    1015 |    0.2   25.7    1.1
6451 |   254 |    4296 |    7067     506    7067 |    1012     505    1012 |    0.2   26.0    1.0
6452 |   255 |    4311 |    7090     507    7090 |    1014     507    1014 |    0.2   25.6    1.0
6453 |   254 |    4305 |    7074     507    7074 |    1014     507    1014 |    0.2   25.8    1.3
6454 |   255 |    4320 |    7093     508    7093 |    1015     508    1015 |    0.2   26.0    1.3
6455 |   255 |    4304 |    7059     511    7059 |    1021     511    1021 |    0.3   25.0    1.0
6456 |   253 |    4259 |    6022     505    6022 |    1010     505    1010 |    0.2   17.6    0.7
6457 |   255 |    4318 |    7086     508    7086 |    1016     508    1016 |    0.2   25.6    0.9
6458 |   255 |    4306 |    7079     507    7079 |    1015     507    1015 |    0.2   25.3    0.9
6459 |   255 |    4323 |    7083     508    7083 |    1015     508    1015 |    0.2   25.7    1.0
6460 |   255 |    4310 |    6075     507    6075 |    1014     507    1014 |    0.2   18.9    0.8
6461 |   255 |    4312 |    7082     507    7082 |    1015     507    1015 |    0.2   24.4    0.9
6462 |   255 |    4302 |    7063     506    7063 |    1013     506    1013 |    0.3   25.9    0.9
6463 |   255 |    4308 |    7067     506    7067 |    1013     506    1013 |    0.2   26.5    1.0
6464 |   255 |    4316 |    7082     507    7082 |    1015     507    1015 |    0.2   25.7    0.9
6465 |   253 |    3273 |    7040     506    7040 |    1013     506    1013 |    0.3   19.4    0.8
6466 |   255 |    4311 |    7088     507    7088 |    1015     507    1015 |    0.2   25.3    0.9
6467 |   255 |    4295 |    6071     506    6071 |    1012     506    1012 |    0.2   18.7    0.8
6468 |   255 |    4320 |    7081     508    7081 |    1016     508    1016 |    0.2   24.9    1.0
6469 |   254 |    4305 |    7080     507    7080 |    1014     507    1014 |    0.2   25.4    0.9
6470 |   255 |    4307 |    7081     507    7081 |    1014     507    1014 |    0.2   26.5    1.0
6471 |   254 |    3285 |    7065     506    7065 |    1014     507    1014 |    0.2   18.7    0.8
6472 |   254 |    4288 |    7051     505    7051 |    1012     505    1012 |    0.2   24.6    1.0
6473 |   255 |    4299 |    7077     506    7077 |    1013     506    1013 |    0.3   27.1    1.0
6474 |   254 |    4290 |    7073     506    7073 |    1012     506    1012 |    0.2   27.7    0.9
6475 |   255 |    4328 |    7090     508    7090 |    1017     508    1017 |    0.2   26.3    1.2
6476 |   253 |    4267 |    7029     507    7029 |    1013     507    1013 |    0.2   20.3    0.9
6477 |   255 |    4324 |    7087     508    7087 |    1016     508    1016 |    0.2   26.6    1.0
6478 |   253 |    4277 |    6052     505    6052 |    1011     505    1011 |    0.2   19.0    0.8
6479 |   255 |    4301 |    7085     507    7085 |    1014     507    1014 |    0.3   22.6    0.8
6480 |   254 |    4294 |    6067     506    6067 |    1012     506    1012 |    0.3   20.2    1.3
6481 |   254 |    3275 |    7050     507    7050 |    1014     507    1014 |    0.4   23.3    0.8
6482 |   254 |    4299 |    7072     506    7072 |    1013     506    1013 |    0.2   26.3    1.0
6483 |   255 |    4299 |    7077     507    7077 |    1015     508    1015 |    0.3   27.9    1.0
6484 |   255 |    4309 |    7086     507    7086 |    1014     507    1014 |    0.2   26.3    1.1
6485 |   255 |    4303 |    7078     507    7078 |    1014     507    1014 |    0.2   29.0    1.0
6486 |   255 |    4326 |    7086     508    7086 |    1016     508    1016 |    0.3   29.9    1.3
6487 |   255 |    4311 |    7087     508    7087 |    1015     508    1015 |    0.3   27.8    1.0
6488 |   255 |    4320 |    7086     508    7086 |    1016     508    1016 |    0.2   26.6    0.9
6489 |   254 |    4293 |    6068     506    6068 |    1012     506    1012 |    0.2   19.1    0.8
6490 |   255 |    4319 |    7090     507    7090 |    1015     507    1015 |    0.2   26.6    1.0
6491 |   255 |    4245 |    6028     505    6028 |    1012     505    1012 |    0.2   17.9    0.8
6492 |   255 |    3280 |    6068     507    6068 |    1013     507    1013 |    0.2   18.8    0.9
6493 |   255 |    4328 |    7096     508    7096 |    1016     508    1016 |    0.3   24.8    1.1
6494 |   254 |    4287 |    7059     507    7059 |    1014     507    1014 |    0.3   20.7    1.0
6495 |   255 |    4321 |    7088     508    7088 |    1015     508    1015 |    0.2   26.0    1.0
6496 |   255 |    4304 |    7067     506    7067 |    1013     506    1013 |    0.2   26.5    1.1
6497 |   255 |    4311 |    7082     507    7082 |    1014     507    1014 |    0.2   25.7    1.2
6498 |   255 |    4302 |    7081     507    7081 |    1014     507    1014 |    0.2   18.9    0.8
6499 |   255 |    4320 |    7091     508    7091 |    1016     508    1016 |    0.2   25.7    1.1
6500 |   255 |    4306 |    7064     506    7064 |    1013     506    1013 |    0.2   24.7    0.9
6501 |   255 |    4317 |    7085     508    7085 |    1016     508    1016 |    0.2   26.6    1.0
6502 |   255 |    4318 |    7089     507    7089 |    1015     507    1015 |    0.2   26.3    1.0
6503 |   255 |    4305 |    7080     507    7080 |    1014     507    1014 |    0.2   27.1    1.3
6504 |   255 |    4318 |    7073     508    7073 |    1016     508    1016 |    0.3   25.2    0.9
6505 |   255 |    4317 |    7090     507    7090 |    1015     507    1015 |    0.2   24.8    0.9
6506 |   253 |    4287 |    7061     505    7061 |    1011     505    1011 |    0.3   25.3    0.9
6507 |   255 |    4317 |    7076     507    7076 |    1015     507    1015 |    0.2   25.5    0.9
6508 |   255 |    4323 |    7085     508    7085 |    1016     508    1016 |    0.2   25.4    0.9
6509 |   255 |    3544 |    6081     508    6081 |    1015     508    1015 |    0.2   18.4    0.9
6510 |   255 |    4265 |    6041     506    6041 |    1012     506    1012 |    0.2   18.8    1.1
6511 |   255 |    3258 |    7014     508    7014 |    1017     508    1017 |    0.2   18.5    0.8
6512 |   253 |    4286 |    7059     505    7059 |    1011     505    1011 |    0.2   25.3    1.0
6513 |   255 |    3787 |    7052     507    7052 |    1016     507    1016 |    0.2   19.7    0.8
6514 |   255 |    4310 |    7078     508    7078 |    1016     508    1016 |    0.2   24.4    0.9
6515 |   255 |    4315 |    7086     507    7086 |    1015     507    1015 |    0.2   24.8    0.9
6516 |   255 |    4320 |    7088     507    7088 |    1015     508    1015 |    0.2   24.3    0.9
6517 |   255 |    4308 |    7073     508    7073 |    1016     508    1016 |    0.3   24.6    0.9
6518 |   255 |    4323 |    7101     508    7101 |    1016     508    1016 |    0.2   26.5    1.0
6519 |   255 |    4320 |    7089     508    7089 |    1015     508    1015 |    0.2   24.5    1.0
6520 |   253 |    4267 |    6042     505    6042 |    1011     505    1011 |    0.2   19.0    0.8
6521 |   255 |    4319 |    7083     507    7083 |    1015     507    1015 |    0.2   25.3    1.1
6522 |   255 |    4301 |    7062     507    7062 |    1015     507    1015 |    0.3   27.2    1.0
6523 |   253 |    4282 |    6061     505    6061 |    1011     505    1011 |    0.2   18.9    0.8
6524 |   255 |    4314 |    7086     508    7086 |    1015     508    1015 |    0.2   26.6    1.0
6525 |   255 |    4314 |    7075     506    7075 |    1016     507    1016 |    0.2   25.3    0.9
6526 |   255 |    4319 |    7091     507    7091 |    1014     507    1014 |    0.2   25.8    1.0
6527 |   255 |    4317 |    7081     507    7081 |    1013     507    1013 |    0.2   25.0    0.9
6528 |   255 |    4313 |    7082     507    7082 |    1015     507    1015 |    0.2   25.6    0.9
6529 |   255 |    4305 |    7081     507    7081 |    1015     507    1015 |    0.2   26.4    1.2
6530 |   254 |    4301 |    7076     507    7076 |    1013     507    1013 |    0.3   26.2    0.9
6531 |   255 |    4314 |    7091     507    7091 |    1015     507    1015 |    0.2   25.2    1.0
6532 |   255 |    2761 |    6043     506    6043 |    1013     506    1013 |    0.2   18.0    0.8
6533 |   255 |    2788 |    7084     508    7084 |    1016     508    1016 |    0.3   24.5    0.9
6534 |   255 |    4317 |    7085     507    7085 |    1015     507    1015 |    0.2   26.1    1.0
6535 |   255 |    4316 |    7090     507    7090 |    1015     507    1015 |    0.2   25.8    1.0
6536 |   253 |    4289 |    7066     505    7066 |    1011     506    1011 |    0.2   23.6    0.9
6537 |   255 |    4329 |    7099     508    7099 |    1017     508    1017 |    0.2   25.5    1.0
6538 |   255 |    4310 |    7082     508    7082 |    1016     508    1016 |    0.2   26.8    1.0
6539 |   255 |    2778 |    6072     507    6072 |    1014     507    1014 |    0.2   20.0    0.9
6540 |   255 |    4311 |    7085     507    7085 |    1014     507    1014 |    0.2   26.0    0.9
6541 |   255 |    4316 |    7086     507    7086 |    1015     507    1015 |    0.2   25.2    0.9
6542 |   254 |    3528 |    7055     507    7055 |    1014     507    1014 |    0.2   19.3    0.8
6543 |   255 |    4323 |    7074     509    7074 |    1018     509    1018 |    0.2   24.9    1.0
6544 |   255 |    4295 |    6069     506    6069 |    1013     506    1013 |    0.2   18.2    0.8
6545 |   255 |    4298 |    7060     506    7060 |    1012     506    1012 |    0.2   25.4    0.9
6546 |   255 |    4303 |    7081     507    7081 |    1014     507    1014 |    0.2   25.0    0.9
6547 |   255 |    4312 |    7077     507    7077 |    1015     507    1015 |    0.2   26.3    1.0
6548 |   255 |    4320 |    7081     508    7081 |    1016     508    1016 |    0.2   25.1    1.0
6549 |   255 |    4324 |    7096     507    7096 |    1015     507    1015 |    0.3   25.4    1.0
6550 |   255 |    4322 |    7094     508    7094 |    1015     508    1015 |    0.2   25.5    1.0
6551 |   255 |    4315 |    7079     508    7079 |    1015     508    1015 |    0.2   25.7    1.0
6552 |   255 |    4304 |    7063     507    7063 |    1013     507    1013 |    0.2   25.0    0.9
6553 |   255 |    4307 |    7068     506    7068 |    1013     506    1013 |    0.2   27.2    1.0
6554 |   255 |    4323 |    7092     508    7092 |    1016     508    1016 |    0.2   27.2    1.1
6555 |   254 |    4299 |    7076     506    7076 |    1013     506    1013 |    0.3   25.5    1.1
6556 |   253 |    3768 |    7047     506    7047 |    1012     506    1012 |    0.3   20.3    0.9
6557 |   255 |    3025 |    7077     507    7077 |    1015     508    1015 |    0.2   25.8    0.9
6558 |   254 |    4282 |    7050     505    7050 |    1011     505    1011 |    0.2   24.9    0.9
6559 |   255 |    4322 |    7092     507    7092 |    1015     507    1015 |    0.2   27.3    1.0
6560 |   255 |    4309 |    7084     507    7084 |    1015     507    1015 |    0.2   25.8    0.9
6561 |   255 |    4311 |    7074     507    7074 |    1013     507    1013 |    0.2   26.2    1.2
6562 |   253 |    4287 |    6059     506    6059 |    1011     506    1011 |    0.2   20.3    0.8
6563 |   255 |    4322 |    7100     508    7100 |    1015     508    1015 |    0.2   26.1    1.0
6564 |   254 |    4302 |    7071     506    7071 |    1012     506    1012 |    0.2   25.9    1.0
6565 |   255 |    4322 |    7090     508    7090 |    1016     508    1016 |    0.2   24.4    0.9
6566 |   255 |    4311 |    7082     508    7082 |    1016     508    1016 |    0.2   25.7    0.9
6567 |   255 |    4310 |    7082     507    7082 |    1015     507    1015 |    0.2   24.9    0.9
6568 |   254 |    3777 |    7064     507    7064 |    1015     507    1015 |    0.2   19.4    0.8
6569 |   255 |    4319 |    7081     508    7081 |    1018     508    1018 |    0.2   26.6    1.1
6570 |   255 |    2774 |    6065     506    6065 |    1013     506    1013 |    0.2   18.4    0.8
6571 |   252 |    4259 |    6031     505    6031 |    1010     505    1010 |    0.2   19.0    0.9
6572 |   255 |    4310 |    7087     507    7087 |    1014     507    1014 |    0.2   26.6    1.0
6573 |   255 |    4274 |    6050     506    6050 |    1013     506    1013 |    0.2   18.6    0.8
6574 |   254 |    2767 |    6047     506    6047 |    1013     506    1013 |    0.2   18.0    0.8
6575 |   255 |    4281 |    6059     506    6059 |    1012     506    1012 |    0.2   18.6    0.8
6576 |   255 |    3541 |    7068     508    7068 |    1015     507    1015 |    0.2   18.8    0.8
6577 |   255 |    2781 |    7087     507    7087 |    1014     507    1014 |    0.2   25.0    1.0
6578 |   255 |    4316 |    7091     508    7091 |    1016     508    1016 |    0.3   25.9    1.0
6579 |   254 |    2755 |    6019     506    6019 |    1013     506    1013 |    0.3   18.3    0.8
6580 |   255 |    3289 |    7080     507    7080 |    1014     507    1014 |    0.2   26.1    1.0
6581 |   254 |    4301 |    7065     506    7065 |    1012     506    1012 |    0.2   26.0    1.0
6582 |   254 |    3014 |    6057     506    6057 |    1012     506    1012 |    0.2   19.7    1.1
6583 |   254 |    4306 |    7076     506    7076 |    1013     506    1013 |    0.3   27.2    0.9
6584 |   255 |    4314 |    7081     507    7081 |    1015     507    1015 |    0.2   25.1    1.0
6585 |   255 |    4295 |    6074     507    6074 |    1013     507    1013 |    0.2   20.0    0.9
6586 |   255 |    4324 |    7097     508    7097 |    1016     508    1016 |    0.2   27.3    1.0
6587 |   255 |    4322 |    7091     508    7091 |    1015     508    1015 |    0.2   26.0    1.1
6588 |   255 |    3007 |    6053     506    6053 |    1013     506    1013 |    0.3   21.5    0.9
6589 |   255 |    4292 |    7050     505    7050 |    1012     505    1012 |    0.2   25.7    1.0
6590 |   255 |    4312 |    7085     508    7085 |    1016     508    1016 |    0.2   26.5    0.9
6591 |   255 |    2788 |    6082     508    6082 |    1017     508    1017 |    0.2   20.2    0.9
6592 |   255 |    2781 |    7085     507    7085 |    1014     507    1014 |    0.2   26.9    1.0
6593 |   255 |    4326 |    7091     508    7091 |    1017     508    1017 |    0.2   26.7    0.9
6594 |   255 |    4312 |    7070     506    7070 |    1015     507    1015 |    0.2   25.3    0.9
6595 |   255 |    4318 |    7090     507    7090 |    1014     507    1014 |    0.2   26.0    1.0
6596 |   255 |    4313 |    7088     507    7088 |    1015     507    1015 |    0.2   27.5    1.0
6597 |   253 |    4280 |    6050     505    6050 |    1011     505    1011 |    0.2   18.9    0.8
6598 |   255 |    4319 |    7084     508    7084 |    1016     508    1016 |    0.2   24.9    0.9
6599 |   255 |    4325 |    7097     508    7097 |    1015     508    1015 |    0.2   25.6    1.1
6600 |   255 |    4315 |    6079     507    6079 |    1014     507    1014 |    0.3   18.6    0.8
6601 |   254 |    4302 |    7069     506    7069 |    1013     506    1013 |    0.2   25.2    1.0
6602 |   255 |    4325 |    7095     508    7095 |    1015     508    1015 |    0.2   25.5    1.0
6603 |   255 |    4303 |    7060     506    7060 |    1014     506    1014 |    0.2   25.3    1.0
6604 |   255 |    4308 |    7081     508    7081 |    1015     508    1015 |    0.3   25.8    1.1
6605 |   255 |    4313 |    7085     507    7085 |    1015     507    1015 |    0.2   25.3    0.9
6606 |   254 |    4309 |    7083     506    7083 |    1014     507    1014 |    0.2   27.0    1.0
6607 |   255 |    4316 |    7087     508    7087 |    1016     508    1016 |    0.2   25.4    1.0
6608 |   255 |    4327 |    7097     508    7097 |    1015     508    1015 |    0.2   24.1    0.9
6609 |   255 |    2775 |    6076     506    6076 |    1013     507    1013 |    0.2   19.3    0.9
6610 |   255 |    4311 |    7074     506    7074 |    1013     506    1013 |    0.2   27.2    1.0
6611 |   254 |    4301 |    7066     505    7066 |    1013     507    1013 |    0.2   25.1    1.0
6612 |   255 |    4319 |    7083     508    7083 |    1016     508    1016 |    0.2   25.7    0.9
6613 |   255 |    2788 |    7076     508    7076 |    1016     508    1016 |    0.2   25.4    1.0
6614 |   255 |    3798 |    7082     507    7082 |    1015     507    1015 |    0.2   24.8    1.1
6615 |   253 |    4288 |    6062     505    6062 |    1011     506    1011 |    0.3   21.6    1.1
6616 |   255 |    3036 |    7085     508    7085 |    1015     508    1015 |    0.3   25.7    1.0
6617 |   255 |    4310 |    6077     507    6077 |    1015     507    1015 |    0.2   19.1    0.8
6618 |   255 |    4322 |    7088     508    7088 |    1015     508    1015 |    0.2   26.3    0.9
6619 |   255 |    4314 |    7074     507    7074 |    1014     507    1014 |    0.2   25.0    1.0
6620 |   255 |    4306 |    7082     507    7082 |    1015     507    1015 |    0.2   26.6    0.9
6621 |   255 |    4313 |    7083     508    7083 |    1016     508    1016 |    0.2   25.6    0.9
6622 |   255 |    4305 |    7086     507    7086 |    1014     507    1014 |    0.2   25.5    0.9
6623 |   255 |    2766 |    6045     506    6045 |    1013     506    1013 |    0.2   18.4    0.8
6624 |   255 |    4322 |    7081     508    7081 |    1016     508    1016 |    0.2   26.7    1.2
6625 |   255 |    4311 |    7081     507    7081 |    1015     507    1015 |    0.3   26.3    0.9
6626 |   255 |    4318 |    7089     507    7089 |    1014     507    1014 |    0.2   26.7    1.0
6627 |   254 |    4300 |    7070     506    7070 |    1013     506    1013 |    0.2   25.4    1.0
6628 |   255 |    4296 |    7079     506    7079 |    1013     506    1013 |    0.2   26.6    0.9
6629 |   255 |    3281 |    7016     509    7016 |    1018     509    1018 |    0.2   19.0    1.0
6630 |   255 |    4306 |    7071     506    7071 |    1012     506    1012 |    0.2   25.9    0.9
6631 |   255 |    4328 |    7096     508    7096 |    1016     508    1016 |    0.2   25.5    1.0
6632 |   255 |    4321 |    7088     508    7088 |    1016     508    1016 |    0.2   26.2    1.0
6633 |   255 |    4319 |    7085     508    7085 |    1015     508    1015 |    0.2   27.8    1.0
6634 |   255 |    4310 |    7069     507    7069 |    1014     507    1014 |    0.2   26.4    1.0
6635 |   254 |    4300 |    7065     506    7065 |    1012     506    1012 |    0.2   25.7    0.9
6636 |   255 |    3286 |    7080     507    7080 |    1015     507    1015 |    0.2   18.9    0.8
6637 |   255 |    4297 |    7051     507    7051 |    1015     507    1015 |    0.3   24.2    1.1
6638 |   253 |    4286 |    6054     505    6054 |    1011     505    1011 |    0.3   21.2    0.9
6639 |   255 |    4311 |    7076     507    7076 |    1013     507    1013 |    0.2   25.0    1.1
6640 |   255 |    3013 |    6070     506    6070 |    1014     507    1014 |    0.2   19.5    1.1
6641 |   255 |    4321 |    7093     508    7093 |    1015     508    1015 |    0.3   27.5    1.0
6642 |   254 |    4287 |    7053     506    7053 |    1012     506    1012 |    0.2   25.6    1.3
6643 |   255 |    2785 |    7087     507    7087 |    1015     507    1015 |    0.3   27.3    1.3
6644 |   255 |    2782 |    7080     507    7080 |    1014     507    1014 |    0.3   26.1    0.9
6645 |   255 |    2789 |    6080     508    6080 |    1016     508    1016 |    0.2   18.8    0.9
6646 |   255 |    3768 |    7072     506    7072 |    1013     506    1013 |    0.2   18.2    0.8
6647 |   255 |    4316 |    7083     508    7083 |    1016     508    1016 |    0.2   26.7    0.9
6648 |   255 |    4290 |    6067     506    6067 |    1013     506    1013 |    0.2   18.8    0.8
6649 |   255 |    4325 |    7098     508    7098 |    1016     508    1016 |    0.2   27.1    1.0
6650 |   255 |    3291 |    7089     507    7089 |    1014     507    1014 |    0.2   26.1    1.0
6651 |   255 |    4320 |    7089     507    7089 |    1015     507    1015 |    0.2   26.2    1.0
6652 |   255 |    4300 |    7075     506    7075 |    1013     506    1013 |    0.3   25.6    1.0
6653 |   255 |    4298 |    7060     505    7060 |    1012     505    1012 |    0.2   25.6    0.9
6654 |   252 |    4263 |    6030     505    6030 |    1010     505    1010 |    0.2   18.8    0.8
6655 |   255 |    4322 |    7089     507    7089 |    1015     507    1015 |    0.2   25.4    1.0
6656 |   255 |    4317 |    7077     508    7077 |    1016     508    1016 |    0.2   27.5    0.9
6657 |   255 |    4312 |    7068     506    7068 |    1014     506    1014 |    0.2   24.7    0.9
6658 |   255 |    4309 |    7074     506    7074 |    1013     506    1013 |    0.2   25.6    0.9
6659 |   253 |    4278 |    6050     505    6050 |    1010     505    1010 |    0.2   18.5    0.8
6660 |   255 |    4311 |    7085     507    7085 |    1014     507    1014 |    0.2   26.1    1.0
6661 |   255 |    4317 |    7093     507    7093 |    1015     507    1015 |    0.2   25.7    1.0
6662 |   254 |    4290 |    7043     509    7043 |    1019     509    1019 |    0.3   25.4    1.2
6663 |   255 |    4313 |    7080     507    7080 |    1014     507    1014 |    0.3   25.0    0.9
6664 |   255 |    4311 |    7085     507    7085 |    1014     507    1014 |    0.3   26.7    1.0
6665 |   255 |    4316 |    7083     508    7083 |    1015     508    1015 |    0.2   25.5    1.0
6666 |   254 |    4293 |    7068     506    7068 |    1012     506    1012 |    0.2   25.0    0.9
6667 |   255 |    4297 |    7055     505    7055 |    1013     505    1013 |    0.3   25.1    0.9
6668 |   255 |    4315 |    7087     507    7087 |    1014     507    1014 |    0.2   25.0    1.0
6669 |   255 |    4317 |    7080     507    7080 |    1015     507    1015 |    0.2   25.7    1.1
6670 |   255 |    4321 |    7091     508    7091 |    1015     508    1015 |    0.3   25.2    0.9
6671 |   254 |    4278 |    7030     505    7030 |    1011     505    1011 |    0.2   24.7    0.9
6672 |   255 |    4303 |    7080     507    7080 |    1013     507    1013 |    0.2   26.2    0.9
6673 |   255 |    4320 |    7082     507    7082 |    1015     507    1015 |    0.2   26.0    0.9
6674 |   255 |    4291 |    7047     506    7047 |    1013     506    1013 |    0.2   24.8    1.0
6675 |   254 |    4311 |    7083     507    7083 |    1015     507    1015 |    0.2   26.3    1.1
6676 |   255 |    4297 |    7068     506    7068 |    1012     506    1012 |    0.2   27.6    0.9
6677 |   255 |    4317 |    7082     508    7082 |    1016     508    1016 |    0.2   27.2    1.0
6678 |   255 |    4324 |    7098     508    7098 |    1015     508    1015 |    0.2   26.0    1.2
6679 |   255 |    4309 |    7084     507    7084 |    1014     507    1014 |    0.3   26.3    1.0
6680 |   255 |    4323 |    7091     508    7091 |    1016     508    1016 |    0.2   27.5    1.0
6681 |   255 |    3295 |    7093     508    7093 |    1016     508    1016 |    0.2   25.8    0.9
6682 |   255 |    4310 |    7078     507    7078 |    1013     506    1013 |    0.2   25.5    0.9
6683 |   251 |    4220 |    5970     505    5970 |    1010     505    1010 |    0.2   17.6    0.8
6684 |   255 |    4315 |    7067     508    7067 |    1015     508    1015 |    0.2   24.9    0.9
6685 |   255 |    4316 |    7085     508    7085 |    1016     508    1016 |    0.2   26.6    1.2
6686 |   255 |    3302 |    7079     508    7079 |    1017     508    1017 |    0.3   20.1    0.8
6687 |   255 |    3030 |    7083     509    7083 |    1018     509    1018 |    0.2   26.5    1.3
6688 |   255 |    4299 |    7079     507    7079 |    1014     507    1014 |    0.3   27.9    0.9
6689 |   255 |    4317 |    7088     508    7088 |    1016     508    1016 |    0.2   26.5    1.0
6690 |   255 |    4326 |    7088     509    7088 |    1018     509    1018 |    0.2   25.5    1.0
6691 |   254 |    4296 |    7056     505    7056 |    1012     505    1012 |    0.2   25.9    1.0
6692 |   255 |    4323 |    7080     508    7080 |    1017     508    1017 |    0.2   24.3    0.9
6693 |   255 |    4308 |    7082     507    7082 |    1014     507    1014 |    0.2   24.9    0.9
6694 |   255 |    4309 |    7067     506    7067 |    1013     506    1013 |    0.2   25.4    0.9
6695 |   255 |    4321 |    7082     508    7082 |    1015     508    1015 |    0.2   26.0    0.9
6696 |   254 |    4296 |    7075     506    7075 |    1013     506    1013 |    0.2   25.3    0.9
6697 |   254 |    4306 |    7071     506    7071 |    1013     506    1013 |    0.2   25.4    0.9
6698 |   255 |    4314 |    7069     509    7069 |    1021     509    1021 |    0.3   24.4    0.9
6699 |   255 |    4313 |    7086     507    7086 |    1015     507    1015 |    0.2   26.3    1.0
6700 |   255 |    4324 |    6088     508    6088 |    1015     508    1015 |    0.2   19.7    0.8
6701 |   255 |    3301 |    7067     508    7067 |    1017     508    1017 |    0.2   21.2    1.0
6702 |   254 |    4282 |    7045     505    7045 |    1012     505    1012 |    0.2   25.7    1.2
6703 |   255 |    4314 |    7088     508    7088 |    1015     508    1015 |    0.3   27.9    1.0
6704 |   255 |    3067 |    7048     510    7048 |    1021     510    1021 |    0.2   19.9    0.8
6705 |   254 |    4269 |    6043     506    6043 |    1012     506    1012 |    0.2   18.9    0.9
6706 |   255 |    4296 |    7035     508    7035 |    1015     508    1015 |    0.2   19.7    0.8
6707 |   255 |    4320 |    7087     507    7087 |    1015     507    1015 |    0.2   25.7    0.9
6708 |   255 |    4323 |    7088     508    7088 |    1016     508    1016 |    0.2   26.4    0.9
6709 |   254 |    4299 |    7073     506    7073 |    1013     506    1013 |    0.2   25.8    0.9
6710 |   254 |    3526 |    7056     507    7056 |    1013     507    1013 |    0.2   20.3    0.8
6711 |   255 |    4306 |    7072     506    7072 |    1013     506    1013 |    0.2   26.0    1.0
6712 |   255 |    4307 |    7064     506    7064 |    1013     506    1013 |    0.2   27.7    1.2
6713 |   253 |    4269 |    6028     506    6028 |    1011     505    1011 |    0.3   19.8    0.9
6714 |   254 |    4304 |    7065     506    7065 |    1013     506    1013 |    0.2   25.7    0.9
6715 |   255 |    4325 |    7087     508    7087 |    1015     507    1015 |    0.2   24.8    0.9
6716 |   254 |    2763 |    6058     505    6058 |    1011     506    1011 |    0.2   19.5    0.8
6717 |   255 |    4323 |    7094     508    7094 |    1016     508    1016 |    0.2   25.1    0.9
6718 |   255 |    2766 |    6067     506    6067 |    1013     507    1013 |    0.2   19.3    0.8
6719 |   255 |    4316 |    7085     507    7085 |    1015     507    1015 |    0.3   27.1    1.0
6720 |   255 |    4306 |    7084     507    7084 |    1013     507    1013 |    0.2   25.6    1.0
6721 |   255 |    4329 |    7100     508    7100 |    1016     508    1016 |    0.2   26.1    1.3
6722 |   254 |    3285 |    7075     507    7075 |    1015     507    1015 |    0.3   26.3    1.0
6723 |   255 |    4314 |    7084     507    7084 |    1014     507    1014 |    0.2   26.3    1.0
6724 |   255 |    4307 |    7085     507    7085 |    1014     507    1014 |    0.2   24.5    0.9
6725 |   255 |    4313 |    7086     507    7086 |    1014     507    1014 |    0.2   26.3    1.0
6726 |   255 |    3281 |    7085     507    7085 |    1015     507    1015 |    0.2   26.4    0.9
6727 |   255 |    3522 |    6057     506    6057 |    1013     506    1013 |    0.2   19.9    0.8
6728 |   254 |    4292 |    7063     505    7063 |    1012     505    1012 |    0.2   25.9    1.1
6729 |   255 |    4300 |    7078     507    7078 |    1013     507    1013 |    0.3   24.5    1.0
6730 |   255 |    4316 |    7085     508    7085 |    1016     508    1016 |    0.2   26.6    1.1
6731 |   254 |    4288 |    7048     505    7048 |    1012     505    1012 |    0.2   25.2    0.9
6732 |   255 |    4284 |    6063     508    6063 |    1015     508    1015 |    0.3   19.1    0.8
6733 |   254 |    4269 |    6046     506    6046 |    1011     506    1011 |    0.2   18.5    0.8
6734 |   254 |    3009 |    6035     506    6035 |    1012     505    1012 |    0.2   18.1    0.8
6735 |   255 |    3261 |    7014     509    7014 |    1017     509    1017 |    0.2   19.0    0.9
6736 |   255 |    3540 |    7082     508    7082 |    1015     508    1015 |    0.3   26.0    1.1
6737 |   255 |    4282 |    7011     506    7011 |    1014     506    1014 |    0.2   24.6    0.9
6738 |   255 |    3533 |    6071     507    6071 |    1013     507    1013 |    0.2   18.6    0.9
6739 |   255 |    4317 |    7087     508    7087 |    1016     508    1016 |    0.2   25.9    0.9
6740 |   255 |    2782 |    7082     507    7082 |    1014     507    1014 |    0.2   25.5    0.9
6741 |   255 |    4321 |    7087     507    7087 |    1014     507    1014 |    0.3   25.1    1.0
6742 |   254 |    4299 |    7068     507    7068 |    1014     507    1014 |    0.3   25.6    1.0
6743 |   255 |    4314 |    7088     507    7088 |    1015     507    1015 |    0.2   27.1    1.1
6744 |   255 |    4305 |    7083     508    7083 |    1015     508    1015 |    0.3   26.2    1.0
6745 |   255 |    2783 |    7075     506    7075 |    1015     507    1015 |    0.2   25.2    0.9
6746 |   255 |    4320 |    7073     507    7073 |    1015     507    1015 |    0.2   25.8    0.9
6747 |   255 |    4309 |    7066     507    7066 |    1014     507    1014 |    0.2   25.1    0.9
6748 |   254 |    4286 |    7047     505    7047 |    1012     505    1012 |    0.2   24.8    1.0
6749 |   255 |    3024 |    7088     507    7088 |    1015     507    1015 |    0.2   26.4    1.0
6750 |   255 |    4321 |    7087     508    7087 |    1016     508    1016 |    0.2   25.9    1.0
6751 |   255 |    4320 |    7093     508    7093 |    1015     508    1015 |    0.2   25.7    1.2
6752 |   255 |    4305 |    7079     507    7079 |    1014     507    1014 |    0.2   26.5    1.2
6753 |   255 |    3298 |    7081     508    7081 |    1016     508    1016 |    0.3   25.4    1.0
6754 |   255 |    2791 |    7087     507    7087 |    1016     507    1016 |    0.2   25.8    1.0
6755 |   255 |    4329 |    7094     508    7094 |    1017     508    1017 |    0.2   26.7    0.9
6756 |   254 |    4286 |    6059     506    6059 |    1012     506    1012 |    0.3   18.5    0.8
6757 |   255 |    3024 |    6068     507    6068 |    1014     507    1014 |    0.2   18.0    0.8
6758 |   255 |    4300 |    6074     507    6074 |    1014     507    1014 |    0.2   18.0    0.8
6759 |   255 |    3005 |    7045     506    7045 |    1013     506    1013 |    0.2   18.9    0.9
6760 |   255 |    4306 |    7075     506    7075 |    1016     508    1016 |    0.3   25.8    0.9
6761 |   254 |    4296 |    7073     506    7073 |    1012     506    1012 |    0.2   25.6    0.9
6762 |   255 |    4325 |    7094     508    7094 |    1016     508    1016 |    0.2   24.5    1.0
6763 |   253 |    4291 |    7064     506    7064 |    1012     506    1012 |    0.2   25.4    0.9
6764 |   255 |    4302 |    6078     507    6078 |    1014     507    1014 |    0.2   18.3    0.8
6765 |   255 |    4305 |    7071     507    7071 |    1014     507    1014 |    0.4   25.1    1.3
6766 |   255 |    4306 |    7066     507    7066 |    1015     507    1015 |    0.3   25.5    0.9
6767 |   255 |    4312 |    7084     508    7084 |    1016     508    1016 |    0.2   24.6    1.3
6768 |   254 |    4268 |    6043     506    6043 |    1013     506    1013 |    0.3   18.2    0.8
6769 |   254 |    3523 |    6062     506    6062 |    1012     506    1012 |    0.2   18.3    0.8
6770 |   255 |    2772 |    7057     508    7057 |    1015     508    1015 |    0.2   19.1    0.8
6771 |   255 |    4321 |    7073     508    7073 |    1016     508    1016 |    0.2   24.9    1.0
6772 |   255 |    3027 |    7081     508    7081 |    1016     508    1016 |    0.5   25.7    0.9
6773 |   255 |    2772 |    6064     506    6064 |    1012     506    1012 |    0.2   19.2    1.0
6774 |   255 |    4318 |    7087     507    7087 |    1016     508    1016 |    0.2   19.8    1.2
6775 |   255 |    4318 |    7079     508    7079 |    1016     508    1016 |    0.3   27.2    1.0
6776 |   255 |    4322 |    7085     508    7085 |    1016     508    1016 |    0.2   27.6    1.0
6777 |   254 |    3534 |    7063     508    7063 |    1016     508    1016 |    0.2   19.6    0.9
6778 |   255 |    4321 |    7094     508    7094 |    1015     508    1015 |    0.2   28.1    1.0
6779 |   255 |    3021 |    6076     507    6076 |    1015     507    1015 |    0.2   20.1    0.9
6780 |   255 |    4288 |    6064     506    6064 |    1013     506    1013 |    0.2   19.9    0.8
6781 |   255 |    4322 |    7078     509    7078 |    1018     509    1018 |    0.3   19.7    0.8
6782 |   255 |    4314 |    7087     507    7087 |    1015     507    1015 |    0.2   25.5    1.0
6783 |   255 |    4313 |    7086     508    7086 |    1016     508    1016 |    0.2   26.4    1.1
6784 |   255 |    4306 |    7077     507    7077 |    1015     507    1015 |    0.2   26.8    0.9
6785 |   255 |    4317 |    7086     507    7086 |    1014     507    1014 |    0.2   27.8    1.0
6786 |   254 |    4297 |    7063     507    7063 |    1014     507    1014 |    0.2   26.6    1.0
6787 |   255 |    3301 |    7084     508    7084 |    1017     508    1017 |    0.2   18.5    0.9
6788 |   255 |    4323 |    7095     508    7095 |    1016     508    1016 |    0.2   26.3    1.3
6789 |   255 |    4311 |    7074     508    7074 |    1016     508    1016 |    0.3   26.0    1.0
6790 |   255 |    4309 |    7078     506    7078 |    1013     506    1013 |    0.2   25.9    1.1
6791 |   255 |    4325 |    7094     508    7094 |    1015     508    1015 |    0.3   26.3    1.0
6792 |   255 |    4280 |    6055     506    6055 |    1013     506    1013 |    0.4   19.1    0.8
6793 |   255 |    3286 |    7076     507    7076 |    1014     507    1014 |    0.3   26.4    1.0
6794 |   255 |    3301 |    7094     507    7094 |    1015     507    1015 |    0.2   20.7    1.1
6795 |   252 |    2755 |    7013     506    7013 |    1012     506    1012 |    0.3   19.7    0.8
6796 |   255 |    4309 |    7074     506    7074 |    1013     506    1013 |    0.2   26.5    1.0
6797 |   254 |    4302 |    7068     506    7068 |    1013     506    1013 |    0.2   26.4    1.0
6798 |   255 |    4310 |    7077     507    7077 |    1016     508    1016 |    0.2   26.3    0.9
6799 |   253 |    4293 |    7067     506    7067 |    1012     506    1012 |    0.2   26.2    1.1
6800 |   254 |    3790 |    7045     507    7045 |    1014     507    1014 |    0.2   19.0    0.8
6801 |   255 |    4305 |    7077     507    7077 |    1014     507    1014 |    0.3   25.4    0.9
6802 |   255 |    4322 |    7086     507    7086 |    1015     508    1015 |    0.2   25.4    1.3
6803 |   255 |    4310 |    7069     507    7069 |    1014     507    1014 |    0.3   26.9    1.1
6804 |   255 |    4289 |    7056     510    7056 |    1021     510    1021 |    0.3   20.9    0.8
6805 |   255 |    4320 |    7090     507    7090 |    1015     507    1015 |    0.2   25.3    1.0
6806 |   255 |    4318 |    7084     507    7084 |    1014     507    1014 |    0.2   28.6    1.2
6807 |   255 |    4297 |    7077     506    7077 |    1012     506    1012 |    0.3   26.0    0.9
6808 |   255 |    4317 |    7092     507    7092 |    1015     507    1015 |    0.2   25.3    1.0
6809 |   255 |    4321 |    7091     507    7091 |    1015     507    1015 |    0.2   28.2    1.0
6810 |   255 |    4327 |    7094     508    7094 |    1017     508    1017 |    0.2   26.5    1.0
6811 |   255 |    3792 |    7091     508    7091 |    1015     508    1015 |    0.3   20.4    0.8
6812 |   254 |    4302 |    7072     507    7072 |    1015     507    1015 |    0.2   19.8    1.1
6813 |   255 |    4306 |    7075     508    7075 |    1015     508    1015 |    0.4   26.8    1.0
6814 |   254 |    4307 |    7073     507    7073 |    1014     507    1014 |    0.2   26.1    0.9
6815 |   255 |    4311 |    7065     507    7065 |    1014     507    1014 |    0.2   26.1    1.1
6816 |   255 |    4310 |    7078     507    7078 |    1014     507    1014 |    0.3   26.5    1.4
6817 |   254 |    4309 |    7076     507    7076 |    1014     507    1014 |    0.2   27.7    1.3
6818 |   254 |    4305 |    7072     508    7072 |    1016     508    1016 |    0.3   19.0    0.8
6819 |   255 |    4317 |    7085     507    7085 |    1015     507    1015 |    0.2   24.8    1.0
6820 |   252 |    4264 |    6036     505    6036 |    1010     505    1010 |    0.2   18.4    0.8
6821 |   254 |    4302 |    7072     506    7072 |    1013     507    1013 |    0.2   25.1    1.0
6822 |   255 |    4317 |    7083     507    7083 |    1014     507    1014 |    0.2   27.6    1.0
6823 |   255 |    4313 |    7070     509    7070 |    1018     509    1018 |    0.2   26.8    0.9
6824 |   255 |    4314 |    7084     508    7084 |    1016     508    1016 |    0.2   25.7    0.9
6825 |   255 |    4288 |    6064     506    6064 |    1013     506    1013 |    0.2   18.7    0.8
6826 |   255 |    2784 |    7085     507    7085 |    1015     507    1015 |    0.2   27.0    1.0
6827 |   255 |    4319 |    7087     507    7087 |    1015     507    1015 |    0.2   25.1    1.0
6828 |   255 |    4300 |    7076     506    7076 |    1014     506    1014 |    0.2   24.5    1.0
6829 |   255 |    4327 |    7097     508    7097 |    1015     508    1015 |    0.2   24.9    1.0
6830 |   255 |    4303 |    7074     507    7074 |    1013     507    1013 |    0.2   27.1    1.0
6831 |   255 |    4302 |    6070     509    6070 |    1018     509    1018 |    0.3   21.6    0.8
6832 |   255 |    4320 |    7093     508    7093 |    1015     508    1015 |    0.2   25.6    0.9
6833 |   255 |    3032 |    7081     507    7081 |    1015     507    1015 |    0.2   27.3    1.1
6834 |   255 |    2782 |    7039     508    7039 |    1017     508    1017 |    0.2   19.0    0.8
6835 |   254 |    4265 |    6040     505    6040 |    1012     505    1012 |    0.2   18.4    0.8
6836 |   255 |    4316 |    7086     507    7086 |    1014     507    1014 |    0.2   26.0    1.2
6837 |   255 |    4320 |    7079     508    7079 |    1016     508    1016 |    0.3   27.9    1.0
6838 |   255 |    3795 |    7071     506    7071 |    1013     506    1013 |    0.2   18.8    0.8
6839 |   255 |    3273 |    7053     508    7053 |    1016     508    1016 |    0.3   19.0    0.9
6840 |   255 |    4323 |    7082     508    7082 |    1017     508    1017 |    0.2   26.2    1.0
6841 |   255 |    4316 |    7082     507    7082 |    1015     507    1015 |    0.2   26.5    1.3
6842 |   255 |    4321 |    7086     508    7086 |    1016     508    1016 |    0.3   24.8    0.9
6843 |   255 |    4311 |    7083     508    7083 |    1017     508    1017 |    0.3   24.3    1.0
6844 |   253 |    4279 |    6054     505    6054 |    1010     505    1010 |    0.2   19.7    0.9
6845 |   255 |    4326 |    7096     508    7096 |    1016     508    1016 |    0.2   25.7    0.9
6846 |   255 |    4313 |    7076     508    7076 |    1016     508    1016 |    0.2   26.2    1.0
6847 |   255 |    4324 |    7094     508    7094 |    1017     508    1017 |    0.2   26.3    1.0
6848 |   255 |    4309 |    7082     507    7082 |    1014     507    1014 |    0.2   25.4    0.9
6849 |   255 |    2780 |    6075     506    6075 |    1013     506    1013 |    0.2   19.2    0.8
6850 |   255 |    4320 |    7090     508    7090 |    1017     508    1017 |    0.2   24.9    0.9
6851 |   254 |    2763 |    6047     506    6047 |    1012     505    1012 |    0.2   19.3    0.8
6852 |   255 |    4314 |    7090     507    7090 |    1014     507    1014 |    0.2   25.2    0.9
6853 |   255 |    4303 |    7059     506    7059 |    1013     506    1013 |    0.2   24.7    1.0
6854 |   255 |    4310 |    7084     507    7084 |    1014     507    1014 |    0.2   25.2    1.0
6855 |   255 |    4313 |    7076     507    7076 |    1013     507    1013 |    0.2   25.1    0.9
6856 |   255 |    3811 |    7095     508    7095 |    1016     508    1016 |    0.2   18.6    0.8
6857 |   255 |    4300 |    7063     506    7063 |    1013     506    1013 |    0.2   24.2    0.9
6858 |   254 |    4276 |    6052     506    6052 |    1013     506    1013 |    0.2   19.8    0.8
6859 |   254 |    4302 |    7071     506    7071 |    1012     506    1012 |    0.2   25.0    0.9
6860 |   254 |    4298 |    7074     506    7074 |    1013     506    1013 |    0.2   26.0    1.0
6861 |   255 |    4281 |    6056     506    6056 |    1013     506    1013 |    0.2   20.3    0.8
6862 |   254 |    4300 |    7070     507    7070 |    1014     507    1014 |    0.2   25.5    1.0
6863 |   254 |    4286 |    7048     505    7048 |    1012     506    1012 |    0.3   25.8    1.0
6864 |   255 |    4308 |    7069     505    7069 |    1015     508    1015 |    0.2   26.3    1.0
6865 |   255 |    4300 |    7055     506    7055 |    1013     506    1013 |    0.2   26.2    0.9
6866 |   255 |    4314 |    7084     507    7084 |    1015     507    1015 |    0.2   26.3    1.1
6867 |   254 |    4310 |    7080     507    7080 |    1013     507    1013 |    0.2   26.0    1.0
6868 |   255 |    4320 |    7091     508    7091 |    1016     508    1016 |    0.2   26.0    1.3
6869 |   255 |    4321 |    7092     507    7092 |    1015     507    1015 |    0.2   24.5    0.9
6870 |   255 |    3287 |    7073     506    7073 |    1014     507    1014 |    0.2   26.2    0.9
6871 |   254 |    4276 |    6051     506    6051 |    1012     506    1012 |    0.2   19.2    0.8
6872 |   252 |    4273 |    6045     505    6045 |    1010     505    1010 |    0.2   18.0    0.8
6873 |   255 |    3028 |    6068     507    6068 |    1014     507    1014 |    0.2   18.3    0.8
6874 |   255 |    3024 |    6069     506    6069 |    1013     506    1013 |    0.2   18.7    0.9
6875 |   255 |    4320 |    7088     507    7088 |    1015     508    1015 |    0.2   26.5    1.0
6876 |   255 |    4315 |    7077     507    7077 |    1014     507    1014 |    0.2   25.4    1.0
6877 |   255 |    4309 |    7074     508    7074 |    1016     508    1016 |    0.2   25.2    1.0
6878 |   255 |    4255 |    6032     506    6032 |    1013     506    1013 |    0.2   17.8    0.8
6879 |   255 |    4290 |    7034     506    7034 |    1013     506    1013 |    0.2   24.8    0.9
6880 |   255 |    4285 |    6061     506    6061 |    1014     507    1014 |    0.2   19.5    1.1
6881 |   255 |    3305 |    7087     509    7087 |    1017     509    1017 |    0.3   19.5    0.8
6882 |   255 |    4303 |    7074     506    7074 |    1013     506    1013 |    0.2   25.5    0.9
6883 |   255 |    4317 |    7093     508    7093 |    1015     508    1015 |    0.2   26.7    1.0
6884 |   255 |    4313 |    7088     507    7088 |    1015     507    1015 |    0.2   24.9    1.0
6885 |   255 |    3287 |    7052     507    7052 |    1014     507    1014 |    0.3   19.2    0.8
6886 |   255 |    4324 |    7084     509    7084 |    1017     509    1017 |    0.2   26.4    1.0
6887 |   255 |    4318 |    7081     508    7081 |    1016     508    1016 |    0.2   24.9    0.9
6888 |   252 |    4269 |    6046     505    6046 |    1010     505    1010 |    0.3   18.8    0.8
6889 |   255 |    4315 |    7069     506    7069 |    1014     507    1014 |    0.2   25.0    1.0
6890 |   254 |    4302 |    7073     507    7073 |    1014     507    1014 |    0.2   26.6    1.0
6891 |   255 |    4312 |    7082     508    7082 |    1015     508    1015 |    0.2   25.3    0.9
6892 |   255 |    4301 |    7065     506    7065 |    1012     506    1012 |    0.2   24.8    0.9
6893 |   255 |    4306 |    7084     507    7084 |    1014     507    1014 |    0.2   25.2    1.1
6894 |   253 |    2752 |    6037     505    6037 |    1010     505    1010 |    0.2   18.4    0.8
6895 |   251 |    4246 |    6012     505    6012 |    1010     505    1010 |    0.2   17.0    0.8
6896 |   255 |    4309 |    7080     507    7080 |    1015     507    1015 |    0.3   25.9    0.9
6897 |   254 |    4302 |    7070     507    7070 |    1014     507    1014 |    0.2   25.4    1.0
6898 |   255 |    4291 |    6066     506    6066 |    1013     506    1013 |    0.2   18.5    0.8
6899 |   255 |    4312 |    7082     507    7082 |    1015     507    1015 |    0.3   26.1    0.9
6900 |   255 |    4324 |    7085     508    7085 |    1016     508    1016 |    0.2   27.8    1.0
6901 |   255 |    4316 |    7086     507    7086 |    1015     507    1015 |    0.2   25.7    0.9
6902 |   255 |    4309 |    7079     507    7079 |    1016     507    1016 |    0.2   18.0    0.8
6903 |   253 |    4251 |    6010     505    6010 |    1010     505    1010 |    0.2   18.5    0.8
6904 |   255 |    4315 |    7090     507    7090 |    1015     507    1015 |    0.2   26.2    1.0
6905 |   255 |    4320 |    6083     508    6083 |    1015     508    1015 |    0.2   18.3    1.2
6906 |   255 |    4316 |    7085     507    7085 |    1015     507    1015 |    0.3   27.0    1.0
6907 |   255 |    3296 |    7083     507    7083 |    1015     507    1015 |    0.2   19.9    1.1
6908 |   254 |    4295 |    7067     506    7067 |    1012     506    1012 |    0.3   26.0    0.9
6909 |   255 |    3023 |    7081     507    7081 |    1014     507    1014 |    0.3   24.8    1.0
6910 |   255 |    4307 |    7070     506    7070 |    1013     506    1013 |    0.2   26.0    1.0
6911 |   253 |    4286 |    6060     506    6060 |    1011     506    1011 |    0.3   18.1    0.8
6912 |   254 |    3793 |    7045     507    7045 |    1014     507    1014 |    0.2   18.9    0.9
6913 |   255 |    4329 |    7096     508    7096 |    1017     508    1017 |    0.2   25.8    0.9
6914 |   255 |    4318 |    7087     508    7087 |    1017     508    1017 |    0.2   26.1    0.9
6915 |   255 |    4325 |    7088     508    7088 |    1016     508    1016 |    0.2   25.1    1.0
6916 |   255 |    4323 |    7093     508    7093 |    1015     508    1015 |    0.2   24.7    0.9
6917 |   255 |    4300 |    7052     506    7052 |    1013     506    1013 |    0.2   29.4    1.1
6918 |   255 |    4310 |    7083     508    7083 |    1016     508    1016 |    0.4   27.1    1.1
6919 |   255 |    4324 |    7091     508    7091 |    1016     508    1016 |    0.2   27.2    1.0
6920 |   255 |    4317 |    7086     508    7086 |    1016     508    1016 |    0.2   25.1    1.2
6921 |   254 |    4298 |    7078     506    7078 |    1014     506    1014 |    0.3   25.3    1.0
6922 |   255 |    4309 |    7077     507    7077 |    1013     507    1013 |    0.2   25.8    1.0
6923 |   254 |    4294 |    7061     506    7061 |    1014     506    1014 |    0.2   24.7    0.9
6924 |   255 |    4327 |    7085     508    7085 |    1017     508    1017 |    0.2   26.2    1.2
6925 |   255 |    4323 |    7093     508    7093 |    1015     508    1015 |    0.2   25.1    1.0
6926 |   255 |    4320 |    7096     508    7096 |    1015     508    1015 |    0.2   24.8    1.0
6927 |   254 |    4284 |    7055     505    7055 |    1011     505    1011 |    0.2   25.5    1.0
6928 |   255 |    4304 |    7080     507    7080 |    1014     507    1014 |    0.2   25.4    0.9
6929 |   254 |    3548 |    7040     509    7040 |    1019     509    1019 |    0.2   18.1    1.0
6930 |   255 |    4301 |    7076     507    7076 |    1014     507    1014 |    0.2   25.4    1.0
6931 |   255 |    4314 |    7081     506    7081 |    1013     507    1013 |    0.2   25.4    1.2
6932 |   255 |    4301 |    7061     506    7061 |    1012     506    1012 |    0.2   24.9    0.9
6933 |   255 |    4313 |    7085     507    7085 |    1015     507    1015 |    0.2   25.1    0.9
6934 |   255 |    4324 |    7097     508    7097 |    1015     508    1015 |    0.2   26.4    1.0
6935 |   253 |    4279 |    6055     505    6055 |    1011     505    1011 |    0.2   19.0    0.8
6936 |   255 |    4285 |    6060     506    6060 |    1013     506    1013 |    0.2   19.2    0.8
6937 |   255 |    4318 |    7087     507    7087 |    1014     507    1014 |    0.2   27.4    1.2
6938 |   254 |    4295 |    7061     505    7061 |    1012     505    1012 |    0.3   26.8    0.9
6939 |   255 |    4314 |    7082     507    7082 |    1015     507    1015 |    0.2   25.8    1.0
6940 |   254 |    4299 |    7061     506    7061 |    1012     506    1012 |    0.2   25.5    0.9
6941 |   255 |    4317 |    7082     507    7082 |    1014     507    1014 |    0.2   25.1    1.0
6942 |   255 |    4318 |    7086     508    7086 |    1015     508    1015 |    0.2   25.2    0.9
6943 |   255 |    3296 |    7074     508    7074 |    1016     508    1016 |    0.2   27.3    0.9
6944 |   252 |    4264 |    6037     505    6037 |    1010     505    1010 |    0.3   17.9    0.8
6945 |   254 |    4293 |    6067     506    6067 |    1012     506    1012 |    0.2   18.0    0.8
6946 |   255 |    4330 |    7101     508    7101 |    1016     508    1016 |    0.2   25.9    1.0
6947 |   255 |    4316 |    7090     507    7090 |    1014     507    1014 |    0.2   25.8    1.0
6948 |   255 |    4308 |    7068     507    7068 |    1015     508    1015 |    0.2   23.9    0.9
6949 |   255 |    4319 |    7084     507    7084 |    1014     507    1014 |    0.2   26.6    1.0
6950 |   255 |    4304 |    7069     506    7069 |    1012     506    1012 |    0.2   25.6    0.9
6951 |   255 |    4308 |    7082     507    7082 |    1014     507    1014 |    0.3   23.9    1.0
6952 |   255 |    4307 |    7091     507    7091 |    1014     507    1014 |    0.2   25.9    1.0
6953 |   255 |    4312 |    7091     507    7091 |    1015     507    1015 |    0.2   24.9    0.9
6954 |   255 |    4313 |    7074     507    7074 |    1015     507    1015 |    0.2   25.0    0.9
6955 |   252 |    4264 |    6028     505    6028 |    1010     505    1010 |    0.2   17.1    0.8
6956 |   255 |    4299 |    7079     506    7079 |    1013     506    1013 |    0.2   25.2    1.3
6957 |   255 |    3035 |    7085     507    7085 |    1015     507    1015 |    0.3   25.4    1.0
6958 |   255 |    4327 |    7090     508    7090 |    1016     508    1016 |    0.2   28.8    1.0
6959 |   255 |    4322 |    7091     508    7091 |    1016     508    1016 |    0.2   27.4    0.9
6960 |   254 |    3018 |    6067     506    6067 |    1012     506    1012 |    0.2   17.3    0.9
6961 |   255 |    3282 |    7058     507    7058 |    1015     507    1015 |    0.2   19.7    1.0
6962 |   255 |    4307 |    7084     507    7084 |    1014     507    1014 |    0.3   25.2    0.9
6963 |   255 |    4316 |    7082     507    7082 |    1013     507    1013 |    0.2   24.7    0.9
6964 |   254 |    4301 |    7077     507    7077 |    1014     507    1014 |    0.2   25.4    0.9
6965 |   254 |    4298 |    7065     506    7065 |    1012     506    1012 |    0.2   26.6    1.0
6966 |   255 |    4322 |    7091     508    7091 |    1016     508    1016 |    0.2   27.4    1.0
6967 |   255 |    4320 |    7076     508    7076 |    1017     508    1017 |    0.2   30.9    1.0
6968 |   253 |    4287 |    6062     506    6062 |    1011     505    1011 |    0.2   19.3    0.8
6969 |   255 |    3007 |    6017     506    6017 |    1014     506    1014 |    0.2   18.4    0.8
6970 |   255 |    4314 |    7087     508    7087 |    1016     508    1016 |    0.2   28.9    1.0
6971 |   254 |    4301 |    7077     506    7077 |    1013     507    1013 |    0.2   26.6    1.0
6972 |   255 |    4323 |    7093     507    7093 |    1015     507    1015 |    0.2   26.5    1.0
6973 |   255 |    4325 |    7093     508    7093 |    1017     508    1017 |    0.3   26.1    1.1
6974 |   255 |    4325 |    7089     507    7089 |    1016     508    1016 |    0.3   26.5    1.0
6975 |   255 |    4306 |    7082     507    7082 |    1014     507    1014 |    0.2   26.1    1.0
6976 |   254 |    4292 |    7049     505    7049 |    1012     505    1012 |    0.4   25.8    0.9
6977 |   255 |    4310 |    7064     507    7064 |    1014     507    1014 |    0.2   26.4    1.1
6978 |   255 |    4314 |    7078     507    7078 |    1014     507    1014 |    0.2   25.1    0.9
6979 |   255 |    4318 |    7091     507    7091 |    1015     507    1015 |    0.2   25.3    0.9
6980 |   255 |    4324 |    7089     508    7089 |    1016     508    1016 |    0.2   24.5    1.1
6981 |   255 |    2788 |    7086     508    7086 |    1015     508    1015 |    0.2   25.0    0.9
6982 |   255 |    3274 |    6061     506    6061 |    1013     506    1013 |    0.2   18.8    0.8
6983 |   255 |    4323 |    7090     507    7090 |    1015     507    1015 |    0.2   26.2    1.0
6984 |   253 |    4285 |    6061     505    6061 |    1011     505    1011 |    0.3   19.8    0.9
6985 |   255 |    2765 |    6061     506    6061 |    1013     506    1013 |    0.2   20.3    1.1
6986 |   254 |    4288 |    7067     506    7067 |    1012     506    1012 |    0.3   18.4    0.8
6987 |   255 |    4318 |    7085     507    7085 |    1016     508    1016 |    0.2   27.2    0.9
6988 |   255 |    4316 |    7092     508    7092 |    1015     508    1015 |    0.2   27.3    1.2
6989 |   255 |    4322 |    7083     508    7083 |    1015     508    1015 |    0.3   27.3    1.0
6990 |   253 |    4273 |    7029     507    7029 |    1015     507    1015 |    0.3   17.7    0.8
6991 |   255 |    4324 |    7094     508    7094 |    1016     508    1016 |    0.2   24.8    1.0
6992 |   255 |    3530 |    6069     507    6069 |    1013     507    1013 |    0.2   19.0    0.9
6993 |   254 |    4305 |    7078     507    7078 |    1014     507    1014 |    0.2   25.7    1.0
6994 |   254 |    4308 |    7078     507    7078 |    1013     507    1013 |    0.2   25.5    1.2
6995 |   255 |    4319 |    7093     507    7093 |    1015     507    1015 |    0.2   28.4    1.2
6996 |   255 |    4303 |    7081     506    7081 |    1013     507    1013 |    0.3   28.8    1.0
6997 |   255 |    4312 |    7072     507    7072 |    1016     507    1016 |    0.2   24.2    0.9
6998 |   255 |    4324 |    7094     508    7094 |    1017     508    1017 |    0.2   24.4    1.0
6999 |   255 |    4321 |    7083     508    7083 |    1016     508    1016 |    0.2   26.0    1.0
7000 |   253 |    4285 |    7063     505    7063 |    1011     505    1011 |    0.2   25.1    0.9
7001 |   255 |    4284 |    6060     506    6060 |    1013     506    1013 |    0.2   19.1    0.8
7002 |   255 |    4286 |    6064     506    6064 |    1012     506    1012 |    0.2   19.1    0.9
7003 |   255 |    4324 |    7082     508    7082 |    1016     508    1016 |    0.2   24.5    1.3
7004 |   254 |    4309 |    7083     507    7083 |    1014     507    1014 |    0.2   25.9    1.0
7005 |   255 |    3304 |    7099     508    7099 |    1015     508    1015 |    0.3   19.0    0.9
7006 |   255 |    4317 |    7084     508    7084 |    1015     508    1015 |    0.2   26.0    0.9
7007 |   255 |    4293 |    6074     507    6074 |    1013     507    1013 |    0.2   18.5    1.2
7008 |   254 |    4294 |    7058     506    7058 |    1012     506    1012 |    0.3   25.6    0.9
7009 |   254 |    4288 |    6062     506    6062 |    1012     506    1012 |    0.2   18.6    0.8
7010 |   255 |    2782 |    7083     507    7083 |    1014     507    1014 |    0.3   25.3    0.9
7011 |   255 |    4325 |    7093     508    7093 |    1016     508    1016 |    0.2   25.4    1.1
7012 |   255 |    4305 |    7075     506    7075 |    1014     507    1014 |    0.3   26.7    1.2
7013 |   254 |    4303 |    7076     507    7076 |    1014     507    1014 |    0.2   24.7    0.9
7014 |   255 |    4306 |    7065     506    7065 |    1013     506    1013 |    0.2   25.5    0.9
7015 |   255 |    4316 |    6082     509    6082 |    1017     509    1017 |    0.3   19.9    0.8
7016 |   255 |    4328 |    7100     508    7100 |    1016     508    1016 |    0.2   26.9    1.0
7017 |   252 |    4251 |    6022     506    6022 |    1013     506    1013 |    0.2   17.9    0.8
7018 |   255 |    4309 |    7065     507    7065 |    1014     507    1014 |    0.2   26.8    1.0
7019 |   255 |    4321 |    7090     508    7090 |    1016     508    1016 |    0.2   25.9    0.9
7020 |   255 |    4314 |    7087     507    7087 |    1015     508    1015 |    0.2   25.0    1.2
7021 |   254 |    4292 |    6067     506    6067 |    1012     506    1012 |    0.2   18.2    0.8
7022 |   255 |    4319 |    7084     508    7084 |    1016     508    1016 |    0.2   26.5    1.0
7023 |   255 |    4314 |    7089     508    7089 |    1015     508    1015 |    0.2   26.6    1.0
7024 |   255 |    3024 |    6074     506    6074 |    1013     507    1013 |    0.2   19.7    0.9
7025 |   254 |    3010 |    6058     506    6058 |    1012     506    1012 |    0.2   18.3    0.8
7026 |   255 |    4325 |    7093     508    7093 |    1015     508    1015 |    0.2   27.2    1.0
7027 |   255 |    4314 |    7075     508    7075 |    1016     508    1016 |    0.2   26.0    1.0
7028 |   255 |    2775 |    6072     507    6072 |    1013     507    1013 |    0.2   18.5    0.8
7029 |   255 |    4299 |    7058     506    7058 |    1013     506    1013 |    0.2   25.3    0.9
7030 |   255 |    4305 |    7077     506    7077 |    1013     506    1013 |    0.2   26.0    1.1
7031 |   255 |    3276 |    7055     507    7055 |    1016     507    1016 |    0.2   17.4    0.8
7032 |   255 |    4324 |    7096     508    7096 |    1016     508    1016 |    0.2   25.4    0.9
7033 |   255 |    4311 |    7089     507    7089 |    1014     507    1014 |    0.2   23.8    0.9
7034 |   255 |    3547 |    7093     508    7093 |    1015     508    1015 |    0.2   18.4    0.9
7035 |   254 |    4297 |    7074     506    7074 |    1012     506    1012 |    0.2   26.3    1.1
7036 |   255 |    4298 |    7076     506    7076 |    1013     506    1013 |    0.2   25.8    1.0
7037 |   255 |    4319 |    7085     509    7085 |    1018     509    1018 |    0.3   27.4    1.1
7038 |   253 |    4283 |    6058     505    6058 |    1010     505    1010 |    0.2   18.8    1.0
7039 |   255 |    4323 |    7095     507    7095 |    1015     507    1015 |    0.4   26.4    0.9
7040 |   255 |    4314 |    7083     507    7083 |    1014     507    1014 |    0.2   26.1    0.9
7041 |   255 |    4314 |    7079     507    7079 |    1015     507    1015 |    0.2   26.2    0.9
7042 |   255 |    4322 |    7088     507    7088 |    1014     507    1014 |    0.2   25.3    1.0
7043 |   255 |    3282 |    7079     507    7079 |    1014     507    1014 |    0.2   25.7    1.0
7044 |   255 |    4307 |    7075     507    7075 |    1016     507    1016 |    0.2   25.3    0.9
7045 |   254 |    3282 |    7052     506    7052 |    1013     506    1013 |    0.2   19.0    0.8
7046 |   255 |    4310 |    7088     507    7088 |    1014     507    1014 |    0.2   24.0    0.9
7047 |   254 |    4302 |    7078     506    7078 |    1013     507    1013 |    0.2   27.6    0.9
7048 |   255 |    4316 |    7081     507    7081 |    1015     507    1015 |    0.2   25.3    0.9
7049 |   255 |    4316 |    7069     508    7069 |    1016     508    1016 |    0.2   27.3    0.9
7050 |   255 |    3531 |    6067     506    6067 |    1012     506    1012 |    0.2   18.6    0.8
7051 |   255 |    3289 |    7092     508    7092 |    1016     508    1016 |    0.2   24.8    1.0
7052 |   255 |    4296 |    7079     506    7079 |    1014     507    1014 |    0.2   26.8    1.0
7053 |   254 |    2771 |    6066     507    6066 |    1013     507    1013 |    0.2   17.8    0.8
7054 |   255 |    4309 |    7080     507    7080 |    1015     507    1015 |    0.2   25.1    0.9
7055 |   255 |    4315 |    7078     506    7078 |    1014     506    1014 |    0.2   27.1    1.0
7056 |   255 |    4275 |    6052     507    6052 |    1014     506    1014 |    0.5   20.1    1.0
7057 |   255 |    4277 |    6053     506    6053 |    1012     506    1012 |    0.2   19.1    1.0
7058 |   254 |    4295 |    7071     506    7071 |    1013     506    1013 |    0.3   27.4    1.0
7059 |   254 |    4290 |    6065     506    6065 |    1012     506    1012 |    0.2   18.6    0.8
7060 |   255 |    4315 |    7082     507    7082 |    1015     507    1015 |    0.2   26.6    1.3
7061 |   254 |    4297 |    7069     505    7069 |    1012     505    1012 |    0.3   27.8    1.0
7062 |   255 |    4327 |    7098     508    7098 |    1015     508    1015 |    0.2   27.0    1.0
7063 |   255 |    3035 |    7081     507    7081 |    1015     507    1015 |    0.2   18.7    0.9
7064 |   254 |    4285 |    7057     505    7057 |    1012     506    1012 |    0.3   25.2    0.9
7065 |   255 |    4305 |    7075     506    7075 |    1012     506    1012 |    0.2   28.1    1.4
7066 |   255 |    4300 |    7067     509    7067 |    1018     509    1018 |    0.3   25.0    1.2
7067 |   255 |    4304 |    7080     506    7080 |    1014     507    1014 |    0.2   26.4    1.0
7068 |   253 |    4289 |    6063     506    6063 |    1011     506    1011 |    0.2   18.5    0.8
7069 |   255 |    3035 |    7086     507    7086 |    1014     507    1014 |    0.3   26.0    0.9
7070 |   255 |    4307 |    7055     506    7055 |    1013     506    1013 |    0.2   25.9    0.9
7071 |   255 |    4316 |    7078     508    7078 |    1015     508    1015 |    0.2   25.5    0.9
7072 |   254 |    4295 |    7069     506    7069 |    1012     506    1012 |    0.2   25.7    1.0
7073 |   255 |    4320 |    7090     508    7090 |    1015     508    1015 |    0.2   25.7    1.0
7074 |   255 |    4321 |    7082     508    7082 |    1016     508    1016 |    0.2   25.8    1.1
7075 |   255 |    4324 |    7091     508    7091 |    1016     508    1016 |    0.2   26.3    0.9
7076 |   255 |    2772 |    6058     507    6058 |    1013     507    1013 |    0.2   18.4    0.8
7077 |   255 |    2784 |    7070     506    7070 |    1016     508    1016 |    0.2   25.6    0.9
7078 |   255 |    3298 |    7078     508    7078 |    1017     508    1017 |    0.2   19.5    0.8
7079 |   255 |    3280 |    7069     506    7069 |    1013     506    1013 |    0.2   18.8    1.0
7080 |   251 |    2977 |    5989     505    5989 |    1010     505    1010 |    0.3   20.0    0.8
7081 |   255 |    4296 |    7051     506    7051 |    1013     506    1013 |    0.2   24.9    0.9
7082 |   255 |    4304 |    7081     507    7081 |    1015     507    1015 |    0.2   25.4    1.0
7083 |   255 |    4309 |    7090     508    7090 |    1017     508    1017 |    0.2   24.8    0.9
7084 |   252 |    4268 |    6041     505    6041 |    1010     505    1010 |    0.2   18.9    0.8
7085 |   255 |    3022 |    6055     507    6055 |    1014     507    1014 |    0.2   17.9    0.8
7086 |   255 |    3293 |    7081     507    7081 |    1014     507    1014 |    0.2   19.9    0.8
7087 |   255 |    4307 |    7076     507    7076 |    1013     507    1013 |    0.2   25.2    0.9
7088 |   255 |    4326 |    7078     508    7078 |    1017     508    1017 |    0.2   26.7    1.2
7089 |   255 |    4300 |    7054     508    7054 |    1016     508    1016 |    0.3   25.8    1.1
7090 |   255 |    4316 |    7090     507    7090 |    1014     507    1014 |    0.2   24.9    1.0
7091 |   255 |    4304 |    7066     507    7066 |    1014     507    1014 |    0.2   25.0    1.0
7092 |   255 |    4316 |    7068     505    7068 |    1015     507    1015 |    0.2   24.7    0.9
7093 |   255 |    4328 |    7086     508    7086 |    1016     508    1016 |    0.2   24.2    1.0
7094 |   254 |    4298 |    7066     506    7066 |    1012     506    1012 |    0.2   24.8    0.9
7095 |   255 |    4327 |    7095     508    7095 |    1015     508    1015 |    0.2   25.2    1.0
7096 |   254 |    4291 |    7069     505    7069 |    1012     506    1012 |    0.2   26.4    1.0
7097 |   255 |    4314 |    7074     508    7074 |    1015     508    1015 |    0.2   26.0    1.0
7098 |   254 |    4303 |    7068     507    7068 |    1013     507    1013 |    0.2   26.5    1.0
7099 |   254 |    3280 |    7059     507    7059 |    1015     507    1015 |    0.2   19.6    0.8
7100 |   254 |    4302 |    7077     507    7077 |    1014     507    1014 |    0.2   25.6    0.9
7101 |   255 |    4315 |    7086     507    7086 |    1015     507    1015 |    0.2   28.1    1.0
7102 |   255 |    4308 |    7066     506    7066 |    1013     506    1013 |    0.2   24.8    0.9
7103 |   254 |    4281 |    6055     506    6055 |    1012     506    1012 |    0.2   18.5    0.8
7104 |   252 |    4253 |    6017     505    6017 |    1010     505    1010 |    0.2   18.1    0.8
7105 |   255 |    4311 |    7071     506    7071 |    1013     506    1013 |    0.2   27.3    1.0
7106 |   255 |    4314 |    7087     508    7087 |    1016     508    1016 |    0.2   27.5    0.9
7107 |   255 |    4316 |    7087     507    7087 |    1014     507    1014 |    0.2   24.8    0.9
7108 |   254 |    4310 |    7071     507    7071 |    1015     507    1015 |    0.2   26.1    1.2
7109 |   255 |    4224 |    6998     506    6998 |    1013     506    1013 |    0.3   18.6    0.8
7110 |   255 |    4314 |    7080     507    7080 |    1014     507    1014 |    0.2   26.2    1.0
7111 |   255 |    4315 |    7092     507    7092 |    1015     507    1015 |    0.2   26.7    1.0
7112 |   255 |    3276 |    7081     507    7081 |    1016     507    1016 |    0.2   25.3    0.9
7113 |   255 |    4319 |    7092     507    7092 |    1015     507    1015 |    0.2   26.5    1.0
7114 |   254 |    4304 |    7076     507    7076 |    1013     507    1013 |    0.2   25.4    1.0
7115 |   255 |    4308 |    7074     507    7074 |    1013     506    1013 |    0.3   25.8    1.0
7116 |   255 |    4303 |    7074     506    7074 |    1013     506    1013 |    0.2   25.1    0.9
7117 |   255 |    4315 |    7086     507    7086 |    1014     507    1014 |    0.2   24.8    0.9
7118 |   255 |    4311 |    7070     506    7070 |    1013     506    1013 |    0.2   25.1    1.2
7119 |   255 |    4302 |    6075     507    6075 |    1013     507    1013 |    0.2   19.1    1.0
7120 |   255 |    4322 |    7081     509    7081 |    1018     509    1018 |    0.2   24.8    1.0
7121 |   255 |    4321 |    7086     507    7086 |    1015     507    1015 |    0.3   25.0    0.9
7122 |   254 |    3524 |    6062     506    6062 |    1012     506    1012 |    0.2   19.1    1.0
7123 |   254 |    3023 |    7075     506    7075 |    1013     506    1013 |    0.2   25.3    0.9
7124 |   253 |    4291 |    7069     505    7069 |    1012     506    1012 |    0.2   25.4    0.9
7125 |   255 |    4319 |    7084     507    7084 |    1015     507    1015 |    0.2   25.5    1.1
7126 |   253 |    4261 |    6035     505    6035 |    1011     505    1011 |    0.2   17.8    0.8
7127 |   255 |    3027 |    7086     508    7086 |    1015     508    1015 |    0.2   26.3    1.2
7128 |   254 |    4301 |    7078     507    7078 |    1014     507    1014 |    0.3   25.4    1.0
7129 |   254 |    4297 |    7063     506    7063 |    1012     506    1012 |    0.2   25.0    1.0
7130 |   255 |    4325 |    7099     508    7099 |    1016     508    1016 |    0.2   29.4    0.9
7131 |   255 |    4321 |    7096     507    7096 |    1016     508    1016 |    0.2   24.1    0.9
7132 |   255 |    4310 |    7075     507    7075 |    1013     507    1013 |    0.2   24.6    1.2
7133 |   255 |    4321 |    7086     509    7086 |    1017     508    1017 |    0.3   26.0    0.9
7134 |   253 |    4260 |    6018     505    6018 |    1010     505    1010 |    0.2   17.0    0.8
7135 |   254 |    4297 |    7074     506    7074 |    1012     506    1012 |    0.2   25.3    0.9
7136 |   255 |    4282 |    7011     506    7011 |    1014     506    1014 |    0.2   26.2    1.0
7137 |   255 |    4309 |    7086     507    7086 |    1015     507    1015 |    0.2   24.8    1.0
7138 |   255 |    4322 |    7086     508    7086 |    1017     509    1017 |    0.2   25.8    1.0
7139 |   255 |    4319 |    7085     508    7085 |    1016     508    1016 |    0.2   25.8    1.0
7140 |   255 |    2762 |    7054     506    7054 |    1013     507    1013 |    0.2   19.9    0.9
7141 |   255 |    4301 |    7074     505    7074 |    1016     508    1016 |    0.2   25.3    1.0
7142 |   254 |    2747 |    6021     505    6021 |    1012     505    1012 |    0.2   18.3    0.8
7143 |   254 |    4304 |    7068     507    7068 |    1013     507    1013 |    0.2   24.4    0.9
7144 |   255 |    4326 |    7096     508    7096 |    1016     508    1016 |    0.2   25.8    1.3
7145 |   255 |    4285 |    6062     506    6062 |    1013     506    1013 |    0.3   17.5    0.8
7146 |   255 |    4299 |    7081     506    7081 |    1013     506    1013 |    0.3   26.0    1.0
7147 |   255 |    3814 |    7078     509    7078 |    1018     509    1018 |    0.2   19.3    0.8
7148 |   254 |    3279 |    7045     506    7045 |    1014     506    1014 |    0.3   17.7    0.8
7149 |   255 |    4317 |    7090     508    7090 |    1015     508    1015 |    0.3   25.8    1.0
7150 |   255 |    4310 |    7076     506    7076 |    1013     506    1013 |    0.2   25.4    1.0
7151 |   255 |    4309 |    7063     507    7063 |    1013     507    1013 |    0.2   26.1    0.9
7152 |   255 |    4317 |    6084     507    6084 |    1015     508    1015 |    0.3   19.4    0.8
7153 |   255 |    4319 |    7095     507    7095 |    1015     507    1015 |    0.2   25.5    1.0
7154 |   255 |    4320 |    7087     507    7087 |    1015     508    1015 |    0.2   26.9    1.1
7155 |   255 |    4306 |    7073     507    7073 |    1014     507    1014 |    0.2   25.8    0.9
7156 |   255 |    4318 |    7091     507    7091 |    1015     507    1015 |    0.2   26.0    0.9
7157 |   255 |    4253 |    6030     506    6030 |    1013     506    1013 |    0.2   19.2    0.8
7158 |   255 |    4322 |    7093     508    7093 |    1016     508    1016 |    0.2   27.1    1.0
7159 |   255 |    2788 |    7080     509    7080 |    1017     509    1017 |    0.2   24.7    1.0
7160 |   255 |    4313 |    7084     507    7084 |    1014     507    1014 |    0.2   25.3    1.1
7161 |   254 |    4295 |    7046     506    7046 |    1013     506    1013 |    0.2   25.7    1.0
7162 |   254 |    4287 |    6063     506    6063 |    1012     506    1012 |    0.4   19.3    0.8
7163 |   255 |    4300 |    7058     506    7058 |    1013     506    1013 |    0.2   25.8    0.9
7164 |   255 |    3540 |    7080     506    7080 |    1014     507    1014 |    0.2   18.8    0.8
7165 |   255 |    4319 |    7093     507    7093 |    1014     507    1014 |    0.2   26.0    1.0
7166 |   252 |    3006 |    6052     505    6052 |    1010     505    1010 |    0.2   18.2    0.8
7167 |   254 |    4304 |    7069     507    7069 |    1014     507    1014 |    0.2   26.5    0.9
7168 |   255 |    4322 |    7087     508    7087 |    1015     508    1015 |    0.3   26.6    0.9
7169 |   254 |    4295 |    7065     506    7065 |    1012     506    1012 |    0.3   25.5    1.2
7170 |   255 |    4322 |    7093     508    7093 |    1016     508    1016 |    0.4   25.9    1.0
7171 |   254 |    4304 |    7070     508    7070 |    1016     508    1016 |    0.3   20.0    1.0
7172 |   255 |    4300 |    7075     506    7075 |    1014     507    1014 |    0.3   24.7    0.9
7173 |   255 |    4307 |    7085     507    7085 |    1014     507    1014 |    0.2   25.5    1.0
7174 |   255 |    3294 |    7077     507    7077 |    1013     506    1013 |    0.2   21.2    1.1
7175 |   255 |    4306 |    7086     507    7086 |    1014     507    1014 |    0.3   25.2    0.9
7176 |   254 |    3282 |    7062     506    7062 |    1013     506    1013 |    0.2   20.0    0.8
7177 |   255 |    4317 |    7089     508    7089 |    1015     508    1015 |    0.2   26.6    1.0
7178 |   254 |    4298 |    7072     506    7072 |    1012     506    1012 |    0.2   25.5    0.9
7179 |   255 |    4318 |    7084     507    7084 |    1014     507    1014 |    0.2   19.5    0.8
7180 |   255 |    4309 |    7082     507    7082 |    1013     507    1013 |    0.2   26.9    1.0
7181 |   255 |    4323 |    7096     508    7096 |    1015     508    1015 |    0.2   26.6    1.1
7182 |   254 |    4301 |    7080     507    7080 |    1014     507    1014 |    0.2   26.5    1.3
7183 |   255 |    4308 |    7087     508    7087 |    1015     508    1015 |    0.3   25.7    1.1
7184 |   255 |    2787 |    7082     508    7082 |    1015     508    1015 |    0.2   26.2    1.0
7185 |   254 |    4290 |    7055     505    7055 |    1012     505    1012 |    0.2   24.9    0.9
7186 |   253 |    4291 |    7065     505    7065 |    1011     506    1011 |    0.2   25.4    0.9
7187 |   254 |    2766 |    6064     506    6064 |    1012     506    1012 |    0.2   18.5    1.1
7188 |   254 |    4284 |    7039     505    7039 |    1012     505    1012 |    0.2   24.4    0.9
7189 |   255 |    4324 |    7094     507    7094 |    1015     507    1015 |    0.2   25.5    1.1
7190 |   255 |    4310 |    7083     508    7083 |    1016     508    1016 |    0.2   26.7    1.0
7191 |   255 |    2769 |    6054     506    6054 |    1012     506    1012 |    0.2   18.1    0.8
7192 |   252 |    4263 |    6033     505    6033 |    1010     505    1010 |    0.2   18.6    0.8
7193 |   254 |    4303 |    7071     506    7071 |    1012     506    1012 |    0.2   25.6    1.0
7194 |   255 |    4310 |    7069     507    7069 |    1014     507    1014 |    0.2   25.9    1.0
7195 |   255 |    4308 |    7057     507    7057 |    1014     507    1014 |    0.2   25.2    1.0
7196 |   255 |    4317 |    7086     507    7086 |    1016     508    1016 |    0.2   26.0    0.9
7197 |   254 |    4304 |    7067     506    7067 |    1013     506    1013 |    0.3   25.9    1.1
7198 |   255 |    3025 |    7071     507    7071 |    1015     508    1015 |    0.2   24.1    0.9
7199 |   254 |    4266 |    7009     506    7009 |    1013     506    1013 |    0.2   24.7    0.9
7200 |   255 |    4313 |    7064     508    7064 |    1015     508    1015 |    0.2   25.9    1.0
7201 |   255 |    3521 |    7050     507    7050 |    1015     507    1015 |    0.2   18.9    0.8
7202 |   255 |    4313 |    7074     507    7074 |    1013     507    1013 |    0.2   32.1    1.0
7203 |   254 |    3012 |    6062     506    6062 |    1012     506    1012 |    0.2   18.6    0.8
7204 |   255 |    4324 |    7089     508    7089 |    1016     508    1016 |    0.2   25.8    0.9
7205 |   255 |    2779 |    7081     507    7081 |    1015     507    1015 |    0.2   25.7    1.0
7206 |   255 |    3299 |    7067     509    7067 |    1017     509    1017 |    0.2   18.9    0.8
7207 |   254 |    4308 |    7082     507    7082 |    1014     507    1014 |    0.2   24.1    0.9
7208 |   255 |    4277 |    6053     506    6053 |    1013     506    1013 |    0.2   19.4    0.8
7209 |   254 |    4296 |    7069     506    7069 |    1011     506    1011 |    0.2   25.0    0.9
7210 |   255 |    4313 |    7086     507    7086 |    1015     507    1015 |    0.2   26.6    1.0
7211 |   254 |    4299 |    7072     506    7072 |    1013     506    1013 |    0.3   24.9    1.1
7212 |   254 |    4300 |    7072     506    7072 |    1013     506    1013 |    0.2   26.2    1.1
7213 |   255 |    2767 |    6038     506    6038 |    1013     506    1013 |    0.2   18.9    0.8
7214 |   255 |    4320 |    7090     507    7090 |    1015     507    1015 |    0.2   26.2    1.0
7215 |   255 |    4250 |    6038     507    6038 |    1013     507    1013 |    0.2   18.1    0.8
7216 |   254 |    3293 |    7070     508    7070 |    1016     508    1016 |    0.2   19.1    0.8
7217 |   255 |    4314 |    7082     506    7082 |    1014     507    1014 |    0.2   24.7    1.2
7218 |   255 |    2760 |    6032     506    6032 |    1013     506    1013 |    0.3   19.3    0.9
7219 |   255 |    4326 |    7084     508    7084 |    1017     508    1017 |    0.2   26.1    1.0
7220 |   254 |    4302 |    7077     507    7077 |    1014     507    1014 |    0.2   26.7    1.0
7221 |   254 |    4303 |    7074     507    7074 |    1013     507    1013 |    0.2   26.7    1.2
7222 |   255 |    4309 |    7078     507    7078 |    1014     507    1014 |    0.2   25.0    0.9
7223 |   255 |    4316 |    7070     508    7070 |    1016     508    1016 |    0.2   26.2    0.9
7224 |   255 |    4294 |    6068     507    6068 |    1014     507    1014 |    0.2   20.9    1.2
7225 |   254 |    4310 |    7074     508    7074 |    1015     508    1015 |    0.3   25.6    0.9
7226 |   255 |    4320 |    7084     508    7084 |    1016     508    1016 |    0.2   25.0    1.0
7227 |   255 |    4309 |    7083     507    7083 |    1013     507    1013 |    0.2   26.4    1.0
7228 |   255 |    4325 |    7090     508    7090 |    1016     508    1016 |    0.2   24.8    0.9
7229 |   255 |    4311 |    7086     507    7086 |    1015     507    1015 |    0.2   27.1    1.0
7230 |   255 |    4321 |    7087     508    7087 |    1015     508    1015 |    0.2   27.3    1.0
7231 |   254 |    4297 |    6070     507    6070 |    1015     508    1015 |    0.2   19.0    0.9
7232 |   255 |    2779 |    7083     507    7083 |    1014     507    1014 |    0.2   24.7    1.0
7233 |   255 |    3034 |    7084     508    7084 |    1016     508    1016 |    0.2   26.9    1.0
7234 |   254 |    4292 |    6067     507    6067 |    1013     507    1013 |    0.2   18.6    0.9
7235 |   255 |    4296 |    7052     506    7052 |    1012     506    1012 |    0.2   24.4    0.9
7236 |   255 |    2794 |    7059     508    7059 |    1018     508    1018 |    0.2   20.6    0.8
7237 |   255 |    3258 |    6063     506    6063 |    1012     506    1012 |    0.2   18.6    0.8
7238 |   254 |    4305 |    7073     506    7073 |    1014     507    1014 |    0.2   26.5    1.0
7239 |   255 |    4307 |    7084     507    7084 |    1014     507    1014 |    0.2   25.4    1.0
7240 |   255 |    4313 |    7082     507    7082 |    1015     507    1015 |    0.2   25.5    0.9
7241 |   255 |    4317 |    7086     507    7086 |    1014     507    1014 |    0.2   25.0    1.1
7242 |   254 |    2765 |    6054     506    6054 |    1012     506    1012 |    0.2   19.1    1.0
7243 |   254 |    4310 |    7081     507    7081 |    1014     507    1014 |    0.2   24.3    0.9
7244 |   255 |    4312 |    7086     507    7086 |    1015     507    1015 |    0.2   25.6    0.9
7245 |   253 |    4288 |    6061     506    6061 |    1011     506    1011 |    0.2   18.4    0.8
7246 |   254 |    3020 |    6067     506    6067 |    1013     506    1013 |    0.2   17.9    0.8
7247 |   255 |    4303 |    7070     507    7070 |    1013     507    1013 |    0.3   24.6    0.9
7248 |   254 |    4302 |    7074     506    7074 |    1012     506    1012 |    0.2   27.7    0.9
7249 |   254 |    4301 |    7072     506    7072 |    1013     506    1013 |    0.2   24.3    0.9
7250 |   254 |    4307 |    7076     507    7076 |    1014     507    1014 |    0.2   25.3    0.9
7251 |   255 |    4314 |    7086     507    7086 |    1015     507    1015 |    0.2   24.5    0.9
7252 |   254 |    4303 |    7077     507    7077 |    1013     507    1013 |    0.2   25.5    1.0
7253 |   255 |    4316 |    7083     507    7083 |    1014     507    1014 |    0.2   25.7    0.9
7254 |   254 |    4297 |    7064     507    7064 |    1013     507    1013 |    0.2   25.6    1.0
7255 |   255 |    4321 |    7082     508    7082 |    1017     508    1017 |    0.2   25.3    0.9
7256 |   255 |    2794 |    7084     509    7084 |    1018     509    1018 |    0.2   25.9    1.0
7257 |   255 |    4322 |    7075     508    7075 |    1017     508    1017 |    0.2   25.8    0.9
7258 |   255 |    4326 |    7076     508    7076 |    1018     508    1018 |    0.2   24.7    1.1
7259 |   255 |    4308 |    7080     507    7080 |    1014     507    1014 |    0.2   25.1    1.0
7260 |   255 |    4281 |    6055     506    6055 |    1013     506    1013 |    0.2   18.8    0.8
7261 |   255 |    4306 |    7062     507    7062 |    1013     507    1013 |    0.2   25.1    1.0
7262 |   255 |    4317 |    7090     507    7090 |    1015     507    1015 |    0.2   26.0    1.0
7263 |   255 |    4313 |    7087     507    7087 |    1014     507    1014 |    0.3   28.0    1.2
7264 |   255 |    4324 |    7092     507    7092 |    1015     508    1015 |    0.3   25.3    1.0
7265 |   253 |    3775 |    7022     510    7022 |    1020     510    1020 |    0.3   18.6    0.9
7266 |   255 |    4292 |    6068     507    6068 |    1015     507    1015 |    0.2   18.6    0.8
7267 |   255 |    4308 |    7085     507    7085 |    1014     507    1014 |    0.2   26.5    1.0
7268 |   255 |    2776 |    6073     507    6073 |    1014     507    1014 |    0.2   19.1    0.8
7269 |   252 |    4252 |    6023     505    6023 |    1010     505    1010 |    0.2   17.8    0.8
7270 |   255 |    4303 |    7064     507    7064 |    1015     507    1015 |    0.2   25.7    1.0
7271 |   255 |    4316 |    7082     508    7082 |    1017     508    1017 |    0.2   25.6    1.0
7272 |   255 |    3019 |    6065     506    6065 |    1013     506    1013 |    0.2   18.7    0.8
7273 |   254 |    4309 |    7078     507    7078 |    1014     507    1014 |    0.4   25.3    0.9
7274 |   255 |    4323 |    7089     508    7089 |    1016     508    1016 |    0.3   26.5    1.0
7275 |   255 |    2777 |    6076     506    6076 |    1013     507    1013 |    0.2   18.7    0.9
7276 |   255 |    4325 |    7091     508    7091 |    1017     508    1017 |    0.2   26.3    0.9
7277 |   254 |    4295 |    6068     506    6068 |    1012     506    1012 |    0.2   18.3    0.8
7278 |   255 |    4313 |    7080     507    7080 |    1014     507    1014 |    0.2   23.8    0.9
7279 |   255 |    4312 |    7083     507    7083 |    1014     507    1014 |    0.3   26.0    1.0
7280 |   254 |    4297 |    7064     505    7064 |    1013     507    1013 |    0.2   25.0    1.0
7281 |   255 |    4264 |    6040     506    6040 |    1013     506    1013 |    0.2   19.5    0.8
7282 |   254 |    4306 |    7076     507    7076 |    1014     507    1014 |    0.2   25.5    1.2
7283 |   255 |    4296 |    6071     506    6071 |    1013     507    1013 |    0.3   19.7    0.8
7284 |   255 |    4308 |    7083     509    7083 |    1018     509    1018 |    0.2   26.7    1.0
7285 |   254 |    4308 |    7077     507    7077 |    1013     507    1013 |    0.3   25.4    1.0
7286 |   254 |    4268 |    6041     508    6041 |    1016     508    1016 |    0.2   18.1    0.8
7287 |   255 |    4317 |    7088     507    7088 |    1015     508    1015 |    0.2   25.4    1.0
7288 |   255 |    4316 |    7068     507    7068 |    1014     507    1014 |    0.2   24.3    0.9
7289 |   255 |    4324 |    7094     507    7094 |    1015     508    1015 |    0.2   24.3    0.9
7290 |   255 |    4302 |    7072     506    7072 |    1013     506    1013 |    0.2   18.2    0.8
7291 |   255 |    4311 |    7072     506    7072 |    1013     506    1013 |    0.4   26.3    1.1
7292 |   254 |    4300 |    7071     505    7071 |    1012     505    1012 |    0.3   24.7    0.9
7293 |   254 |    4308 |    7083     507    7083 |    1014     507    1014 |    0.2   25.4    1.0
7294 |   255 |    4316 |    7088     507    7088 |    1015     507    1015 |    0.2   25.3    0.9
7295 |   255 |    4315 |    7077     507    7077 |    1014     507    1014 |    0.2   25.1    1.0
7296 |   255 |    2782 |    6073     507    6073 |    1015     507    1015 |    0.2   19.2    1.0
7297 |   253 |    3276 |    7051     506    7051 |    1013     506    1013 |    0.3   19.5    0.9
7298 |   253 |    4274 |    7043     506    7043 |    1011     506    1011 |    0.2   25.0    1.2
7299 |   255 |    4312 |    7084     507    7084 |    1014     507    1014 |    0.2   26.2    0.9
7300 |   255 |    3285 |    7081     506    7081 |    1013     507    1013 |    0.2   25.8    1.0
7301 |   255 |    4313 |    7084     507    7084 |    1015     507    1015 |    0.3   25.6    1.1
7302 |   255 |    3307 |    7099     508    7099 |    1016     508    1016 |    0.2   25.4    0.9
7303 |   253 |    4273 |    6046     506    6046 |    1012     506    1012 |    0.3   20.0    0.8
7304 |   255 |    4305 |    7084     507    7084 |    1014     507    1014 |    0.3   25.4    1.3
7305 |   255 |    4320 |    7088     507    7088 |    1015     507    1015 |    0.2   25.6    1.0
7306 |   255 |    4324 |    7091     508    7091 |    1015     508    1015 |    0.2   26.2    1.0
7307 |   255 |    4235 |    6995     508    6995 |    1016     508    1016 |    0.2   17.5    0.8
7308 |   255 |    4320 |    7092     507    7092 |    1015     507    1015 |    0.2   19.4    0.8
7309 |   255 |    4306 |    7075     508    7075 |    1017     508    1017 |    0.2   25.9    0.9
7310 |   254 |    4282 |    7046     505    7046 |    1011     505    1011 |    0.2   25.2    0.9
7311 |   255 |    4294 |    7043     508    7043 |    1018     508    1018 |    0.2   26.7    0.9
7312 |   255 |    4313 |    7090     507    7090 |    1014     507    1014 |    0.2   25.4    1.1
7313 |   254 |    4306 |    7080     506    7080 |    1013     507    1013 |    0.2   25.1    1.0
7314 |   255 |    4307 |    7071     507    7071 |    1015     507    1015 |    0.2   25.8    0.9
7315 |   255 |    4315 |    7070     507    7070 |    1015     507    1015 |    0.2   25.3    0.9
7316 |   254 |    3012 |    6055     506    6055 |    1012     506    1012 |    0.2   18.5    0.8
7317 |   255 |    4321 |    7091     508    7091 |    1015     508    1015 |    0.2   25.5    1.0
7318 |   255 |    4319 |    7077     508    7077 |    1017     508    1017 |    0.2   26.4    1.5
7319 |   255 |    4314 |    7080     507    7080 |    1013     507    1013 |    0.3   25.0    1.0
7320 |   255 |    4267 |    6046     506    6046 |    1013     506    1013 |    0.2   19.0    0.9
7321 |   255 |    2765 |    6037     506    6037 |    1014     506    1014 |    0.3   19.0    0.8
7322 |   255 |    3017 |    6054     506    6054 |    1013     506    1013 |    0.2   18.6    0.8
7323 |   255 |    4319 |    7094     508    7094 |    1015     507    1015 |    0.2   24.5    0.9
7324 |   255 |    4290 |    7043     509    7043 |    1018     508    1018 |    0.3   19.8    0.9
7325 |   254 |    4310 |    7077     507    7077 |    1014     507    1014 |    0.2   25.3    1.0
7326 |   254 |    4306 |    7073     507    7073 |    1015     507    1015 |    0.2   25.2    1.0
7327 |   255 |    2791 |    7078     508    7078 |    1016     508    1016 |    0.2   30.5    0.9
7328 |   254 |    4305 |    7075     506    7075 |    1013     506    1013 |    0.2   27.2    0.9
7329 |   255 |    4324 |    7088     508    7088 |    1017     508    1017 |    0.2   26.4    1.1
7330 |   255 |    4309 |    7086     507    7086 |    1015     507    1015 |    0.2   24.8    1.0
7331 |   255 |    4324 |    7093     508    7093 |    1016     508    1016 |    0.2   25.4    1.0
7332 |   255 |    4291 |    7032     506    7032 |    1013     506    1013 |    0.2   24.7    0.9
7333 |   255 |    4317 |    7082     507    7082 |    1014     507    1014 |    0.2   25.3    0.9
7334 |   254 |    4303 |    7076     506    7076 |    1013     506    1013 |    0.2   27.2    0.9
7335 |   255 |    4322 |    7086     507    7086 |    1014     507    1014 |    0.2   25.6    1.0
7336 |   254 |    4302 |    7070     506    7070 |    1012     506    1012 |    0.2   27.1    0.9
7337 |   255 |    3019 |    6076     506    6076 |    1014     506    1014 |    0.2   18.6    0.8
7338 |   255 |    4316 |    7076     507    7076 |    1014     507    1014 |    0.2   26.0    0.9
7339 |   255 |    4315 |    7082     507    7082 |    1016     507    1016 |    0.2   24.9    1.1
7340 |   254 |    4287 |    6064     506    6064 |    1012     506    1012 |    0.2   18.9    0.9
7341 |   255 |    4324 |    7096     508    7096 |    1016     508    1016 |    0.3   27.3    1.0
7342 |   255 |    2797 |    7092     507    7092 |    1015     507    1015 |    0.2   19.4    1.0
7343 |   253 |    4274 |    6042     505    6042 |    1010     505    1010 |    0.2   19.0    0.9
7344 |   255 |    4285 |    7045     507    7045 |    1015     507    1015 |    0.2   18.0    0.8
7345 |   255 |    4325 |    7084     508    7084 |    1017     509    1017 |    0.2   25.6    1.1
7346 |   254 |    4267 |    6043     506    6043 |    1013     506    1013 |    0.2   18.8    0.8
7347 |   255 |    2785 |    7078     508    7078 |    1015     507    1015 |    0.2   19.0    0.9
7348 |   254 |    3280 |    7061     507    7061 |    1014     507    1014 |    0.2   19.0    0.8
7349 |   255 |    4305 |    7079     506    7079 |    1014     506    1014 |    0.2   26.9    0.9
7350 |   255 |    3298 |    7096     508    7096 |    1016     508    1016 |    0.2   25.1    1.4
7351 |   255 |    4308 |    7084     507    7084 |    1014     507    1014 |    0.3   25.0    1.1
7352 |   255 |    4306 |    7085     508    7085 |    1016     508    1016 |    0.2   24.8    1.0
7353 |   253 |    4278 |    6052     505    6052 |    1010     505    1010 |    0.2   18.9    1.0
7354 |   255 |    4315 |    7090     508    7090 |    1015     508    1015 |    0.2   24.9    0.9
7355 |   255 |    4307 |    7076     506    7076 |    1013     506    1013 |    0.2   24.4    1.0
7356 |   255 |    4315 |    6078     507    6078 |    1014     507    1014 |    0.2   21.3    0.9
7357 |   255 |    4291 |    6068     506    6068 |    1013     506    1013 |    0.3   19.2    0.9
7358 |   254 |    4299 |    7064     506    7064 |    1012     506    1012 |    0.2   25.1    0.9
7359 |   252 |    4262 |    6036     505    6036 |    1010     505    1010 |    0.2   20.3    1.2
7360 |   255 |    4325 |    7084     508    7084 |    1017     508    1017 |    0.2   24.9    0.9
7361 |   255 |    3010 |    7083     507    7083 |    1013     507    1013 |    0.3   24.5    0.9
7362 |   254 |    4293 |    7061     505    7061 |    1012     506    1012 |    0.2   23.4    1.0
7363 |   255 |    4325 |    7088     508    7088 |    1016     508    1016 |    0.2   27.9    1.0
7364 |   255 |    4320 |    7090     507    7090 |    1015     507    1015 |    0.2   24.8    0.9
7365 |   255 |    4315 |    7082     507    7082 |    1014     507    1014 |    0.3   25.8    0.9
7366 |   255 |    2785 |    7081     508    7081 |    1016     508    1016 |    0.2   24.8    0.9
7367 |   255 |    4320 |    7085     507    7085 |    1015     507    1015 |    0.2   26.3    1.0
7368 |   255 |    4311 |    7080     506    7080 |    1013     506    1013 |    0.2   27.3    1.0
7369 |   255 |    3300 |    7085     508    7085 |    1016     508    1016 |    0.2   19.2    0.8
7370 |   254 |    3277 |    7069     506    7069 |    1014     506    1014 |    0.2   26.1    0.9
7371 |   255 |    4308 |    7068     506    7068 |    1013     506    1013 |    0.2   25.7    1.0
7372 |   252 |    4273 |    6043     506    6043 |    1012     506    1012 |    0.2   18.4    1.0
7373 |   255 |    4323 |    7075     509    7075 |    1018     509    1018 |    0.3   25.7    1.0
7374 |   255 |    4326 |    7094     508    7094 |    1016     508    1016 |    0.3   25.8    1.0
7375 |   255 |    4289 |    7048     509    7048 |    1017     509    1017 |    0.4   19.7    0.8
7376 |   255 |    2790 |    7089     509    7089 |    1017     509    1017 |    0.3   25.1    0.9
7377 |   255 |    4311 |    7081     506    7081 |    1013     506    1013 |    0.2   28.5    1.0
7378 |   254 |    3274 |    7049     506    7049 |    1012     506    1012 |    0.2   19.9    1.0
7379 |   255 |    4322 |    7088     507    7088 |    1016     508    1016 |    0.2   24.8    0.9
7380 |   255 |    4313 |    7085     508    7085 |    1015     508    1015 |    0.2   24.8    1.0
7381 |   255 |    4325 |    7090     508    7090 |    1016     508    1016 |    0.2   27.5    1.2
7382 |   255 |    4321 |    7088     508    7088 |    1016     508    1016 |    0.3   26.0    1.0
7383 |   255 |    4327 |    7096     508    7096 |    1015     508    1015 |    0.2   25.2    1.0
7384 |   255 |    4315 |    6082     507    6082 |    1014     507    1014 |    0.2   19.1    0.8
7385 |   255 |    4325 |    7083     508    7083 |    1016     508    1016 |    0.2   26.1    0.9
7386 |   255 |    4311 |    7074     508    7074 |    1015     508    1015 |    0.2   25.1    1.0
7387 |   255 |    4317 |    7084     507    7084 |    1015     507    1015 |    0.2   25.0    0.9
7388 |   255 |    4303 |    7057     507    7057 |    1017     508    1017 |    0.2   28.0    1.0
7389 |   255 |    4320 |    7088     508    7088 |    1016     508    1016 |    0.2   25.3    1.0
7390 |   255 |    4303 |    7068     506    7068 |    1014     506    1014 |    0.2   24.7    1.1
7391 |   254 |    4309 |    7080     507    7080 |    1014     507    1014 |    0.3   25.3    0.9
7392 |   255 |    4312 |    7084     507    7084 |    1015     507    1015 |    0.2   26.2    1.0
7393 |   253 |    4283 |    6058     505    6058 |    1011     505    1011 |    0.2   18.6    0.9
7394 |   255 |    3029 |    7078     507    7078 |    1014     507    1014 |    0.2   25.4    1.0
7395 |   254 |    4251 |    6025     505    6025 |    1012     505    1012 |    0.2   18.1    0.9
7396 |   255 |    4326 |    7095     508    7095 |    1016     508    1016 |    0.2   26.9    1.0
7397 |   255 |    4318 |    7092     507    7092 |    1016     507    1016 |    0.2   26.8    1.0
7398 |   254 |    4299 |    7061     506    7061 |    1012     506    1012 |    0.2   28.2    1.0
7399 |   255 |    4322 |    7095     507    7095 |    1015     508    1015 |    0.2   28.1    1.0
7400 |   255 |    4316 |    7086     507    7086 |    1015     508    1015 |    0.2   25.6    1.1
7401 |   255 |    4314 |    7081     507    7081 |    1014     507    1014 |    0.3   27.3    1.0
7402 |   255 |    4322 |    7089     508    7089 |    1016     508    1016 |    0.2   25.2    0.9
7403 |   255 |    3032 |    7085     508    7085 |    1016     508    1016 |    0.2   24.0    0.9
7404 |   255 |    4322 |    7084     508    7084 |    1016     508    1016 |    0.2   25.3    1.0
7405 |   255 |    4315 |    7083     507    7083 |    1014     507    1014 |    0.2   24.6    1.0
7406 |   255 |    4318 |    7078     507    7078 |    1014     507    1014 |    0.3   26.2    1.2
7407 |   254 |    4305 |    7078     506    7078 |    1013     506    1013 |    0.3   25.9    0.9
7408 |   255 |    4321 |    7092     508    7092 |    1015     508    1015 |    0.2   25.9    1.0
7409 |   255 |    2787 |    7087     507    7087 |    1016     507    1016 |    0.2   25.4    0.9
7410 |   255 |    2783 |    7063     505    7063 |    1016     507    1016 |    0.2   26.3    1.3
7411 |   255 |    4323 |    7077     509    7077 |    1017     509    1017 |    0.3   26.2    0.9
7412 |   255 |    4311 |    7084     507    7084 |    1014     507    1014 |    0.2   25.1    1.0
7413 |   255 |    4323 |    7094     507    7094 |    1015     507    1015 |    0.2   27.1    1.0
7414 |   255 |    4306 |    6072     506    6072 |    1013     506    1013 |    0.2   18.8    0.8
7415 |   254 |    4291 |    7055     506    7055 |    1012     506    1012 |    0.2   24.6    1.0
7416 |   253 |    3269 |    6059     505    6059 |    1011     505    1011 |    0.3   20.0    1.0
7417 |   254 |    4290 |    7068     505    7068 |    1011     505    1011 |    0.3   28.3    1.0
7418 |   255 |    2792 |    7085     508    7085 |    1016     508    1016 |    0.2   25.4    1.1
7419 |   255 |    4311 |    7078     507    7078 |    1013     507    1013 |    0.2   28.6    1.0
7420 |   255 |    2764 |    6050     505    6050 |    1012     506    1012 |    0.2   19.9    0.8
7421 |   255 |    4317 |    7079     507    7079 |    1015     507    1015 |    0.2   24.4    1.2
7422 |   255 |    4317 |    7086     508    7086 |    1016     508    1016 |    0.2   25.3    0.9
7423 |   255 |    3019 |    7055     506    7055 |    1013     506    1013 |    0.2   20.1    0.8
7424 |   255 |    4313 |    7085     507    7085 |    1013     507    1013 |    0.2   24.4    0.9
7425 |   255 |    4312 |    7075     507    7075 |    1013     507    1013 |    0.2   26.5    1.2
7426 |   255 |    4325 |    7091     507    7091 |    1015     508    1015 |    0.3   28.0    0.9
7427 |   255 |    4312 |    7078     507    7078 |    1015     507    1015 |    0.2   18.2    0.8
7428 |   255 |    4317 |    7079     507    7079 |    1014     507    1014 |    0.2   27.2    1.0
7429 |   255 |    4328 |    7098     508    7098 |    1016     508    1016 |    0.2   26.4    0.9
7430 |   255 |    4283 |    7028     507    7028 |    1014     507    1014 |    0.2   24.0    1.0
7431 |   255 |    4310 |    6079     507    6079 |    1014     507    1014 |    0.3   17.5    0.8
7432 |   255 |    4317 |    7083     507    7083 |    1015     507    1015 |    0.2   24.9    0.9
7433 |   254 |    3258 |    6044     506    6044 |    1012     506    1012 |    0.2   18.8    0.8
7434 |   255 |    4324 |    7091     508    7091 |    1016     508    1016 |    0.2   24.5    0.9
7435 |   255 |    4312 |    7078     507    7078 |    1015     507    1015 |    0.2   26.3    1.1
7436 |   255 |    4300 |    6075     506    6075 |    1013     507    1013 |    0.2   19.3    1.1
7437 |   255 |    3294 |    7084     507    7084 |    1016     507    1016 |    0.2   19.2    1.0
7438 |   255 |    4312 |    7079     507    7079 |    1015     508    1015 |    0.2   24.8    0.9
7439 |   255 |    4313 |    7064     507    7064 |    1015     507    1015 |    0.2   26.2    0.9
7440 |   255 |    4327 |    7082     509    7082 |    1017     509    1017 |    0.2   25.5    0.9
7441 |   255 |    4312 |    7080     507    7080 |    1015     507    1015 |    0.2   19.3    0.8
7442 |   255 |    4292 |    7044     506    7044 |    1012     506    1012 |    0.2   24.6    0.9
7443 |   255 |    4323 |    7088     508    7088 |    1015     508    1015 |    0.2   24.9    0.9
7444 |   254 |    4297 |    7064     506    7064 |    1013     506    1013 |    0.3   26.1    1.1
7445 |   255 |    4323 |    7076     508    7076 |    1017     507    1017 |    0.2   19.7    0.9
7446 |   255 |    4330 |    7094     507    7094 |    1016     508    1016 |    0.2   25.9    1.0
7447 |   255 |    4318 |    7075     509    7075 |    1017     509    1017 |    0.2   27.0    1.2
7448 |   254 |    4266 |    6042     506    6042 |    1012     506    1012 |    0.3   18.7    0.8
7449 |   255 |    3282 |    7059     507    7059 |    1015     507    1015 |    0.2   18.5    0.8
7450 |   255 |    4313 |    7088     507    7088 |    1015     507    1015 |    0.2   25.8    0.9
7451 |   255 |    4325 |    7095     508    7095 |    1016     508    1016 |    0.2   25.2    1.0
7452 |   255 |    4309 |    7067     507    7067 |    1013     507    1013 |    0.2   24.6    1.2
7453 |   255 |    4308 |    7083     507    7083 |    1013     507    1013 |    0.3   26.9    0.9
7454 |   255 |    4314 |    7083     507    7083 |    1014     507    1014 |    0.2   25.2    1.0
7455 |   255 |    4313 |    7071     508    7071 |    1015     507    1015 |    0.2   19.6    0.8
7456 |   255 |    3023 |    7078     506    7078 |    1014     506    1014 |    0.2   25.9    0.9
7457 |   255 |    4318 |    7087     508    7087 |    1016     508    1016 |    0.2   25.4    1.2
7458 |   255 |    4319 |    7092     507    7092 |    1015     507    1015 |    0.2   25.1    0.9
7459 |   253 |    4252 |    6027     505    6027 |    1011     505    1011 |    0.2   18.9    1.0
7460 |   255 |    4318 |    7084     507    7084 |    1015     507    1015 |    0.2   25.2    1.0
7461 |   253 |    2749 |    6013     505    6013 |    1011     505    1011 |    0.2   18.8    0.8
7462 |   255 |    4323 |    7094     508    7094 |    1016     508    1016 |    0.2   25.5    0.9
7463 |   255 |    2777 |    6073     506    6073 |    1013     506    1013 |    0.2   18.6    0.8
7464 |   255 |    4314 |    7077     506    7077 |    1013     506    1013 |    0.2   24.9    1.0
7465 |   255 |    4312 |    7078     507    7078 |    1014     507    1014 |    0.3   24.7    0.9
7466 |   255 |    4277 |    6050     506    6050 |    1015     506    1015 |    0.2   18.1    0.8
7467 |   255 |    4307 |    7082     507    7082 |    1014     507    1014 |    0.2   26.6    0.9
7468 |   255 |    3809 |    7089     508    7089 |    1015     507    1015 |    0.2   19.3    0.8
7469 |   252 |    4254 |    6014     505    6014 |    1010     505    1010 |    0.2   17.8    0.8
7470 |   255 |    4317 |    7078     507    7078 |    1015     507    1015 |    0.2   26.7    1.0
7471 |   255 |    4325 |    7098     508    7098 |    1016     508    1016 |    0.2   25.3    1.0
7472 |   255 |    4316 |    7068     508    7068 |    1016     508    1016 |    0.4   25.9    0.9
7473 |   254 |    4257 |    6032     506    6032 |    1012     506    1012 |    0.2   20.1    0.8
7474 |   255 |    4319 |    7092     508    7092 |    1015     508    1015 |    0.3   20.6    0.8
7475 |   255 |    4319 |    7076     507    7076 |    1015     507    1015 |    0.3   19.6    0.9
7476 |   254 |    3767 |    6996     509    6996 |    1018     509    1018 |    0.2   19.4    1.0
7477 |   255 |    4320 |    7088     507    7088 |    1015     507    1015 |    0.2   25.2    1.0
7478 |   255 |    4325 |    7096     508    7096 |    1016     508    1016 |    0.2   28.0    1.2
7479 |   253 |    4294 |    7071     505    7071 |    1012     506    1012 |    0.3   26.8    1.0
7480 |   255 |    3544 |    7087     507    7087 |    1014     507    1014 |    0.4   27.3    0.9
7481 |   253 |    3010 |    6054     505    6054 |    1011     505    1011 |    0.2   18.2    0.8
7482 |   255 |    4323 |    7091     508    7091 |    1016     508    1016 |    0.3   24.8    0.9
7483 |   255 |    4324 |    7081     509    7081 |    1018     509    1018 |    0.2   24.3    1.0
7484 |   255 |    4319 |    7072     507    7072 |    1015     508    1015 |    0.2   25.8    1.1
7485 |   253 |    4274 |    6047     507    6047 |    1014     507    1014 |    0.2   19.2    0.8
7486 |   253 |    4286 |    6063     506    6063 |    1011     506    1011 |    0.2   19.9    0.8
7487 |   254 |    4303 |    6072     506    6072 |    1013     506    1013 |    0.2   19.9    0.8
7488 |   255 |    4328 |    7094     508    7094 |    1016     508    1016 |    0.2   25.8    1.0
7489 |   255 |    3780 |    7051     507    7051 |    1015     507    1015 |    0.3   17.9    0.8
7490 |   255 |    3030 |    7080     507    7080 |    1015     507    1015 |    0.2   27.8    0.9
7491 |   255 |    4323 |    7087     508    7087 |    1015     508    1015 |    0.3   24.3    0.9
7492 |   255 |    3546 |    7085     507    7085 |    1014     507    1014 |    0.2   18.9    0.8
7493 |   253 |    4269 |    6042     505    6042 |    1010     505    1010 |    0.2   21.7    0.8
7494 |   254 |    4292 |    7060     505    7060 |    1011     505    1011 |    0.2   26.5    1.0
7495 |   255 |    4316 |    7085     507    7085 |    1015     507    1015 |    0.2   25.7    1.0
7496 |   255 |    4320 |    7092     507    7092 |    1014     507    1014 |    0.3   24.8    0.9
7497 |   255 |    4302 |    7058     506    7058 |    1013     506    1013 |    0.2   25.1    1.0
7498 |   255 |    4324 |    7095     507    7095 |    1016     507    1016 |    0.2   24.6    0.9
7499 |   255 |    4305 |    7071     506    7071 |    1012     506    1012 |    0.2   26.7    1.0
7500 |   253 |    4255 |    6029     505    6029 |    1010     505    1010 |    0.2   18.3    0.8
7501 |   255 |    4326 |    7099     508    7099 |    1016     508    1016 |    0.2   25.0    1.0
7502 |   255 |    3012 |    6054     505    6054 |    1012     506    1012 |    0.2   18.9    0.8
7503 |   255 |    4306 |    7085     507    7085 |    1015     507    1015 |    0.2   30.6    1.1
7504 |   255 |    4324 |    7078     509    7078 |    1018     509    1018 |    0.3   25.1    1.0
7505 |   252 |    4256 |    6025     505    6025 |    1010     505    1010 |    0.2   18.0    0.9
7506 |   255 |    4295 |    7075     506    7075 |    1013     506    1013 |    0.3   25.5    0.9
7507 |   255 |    4317 |    7068     507    7068 |    1014     507    1014 |    0.2   26.0    1.0
7508 |   255 |    4325 |    7095     507    7095 |    1015     507    1015 |    0.2   25.2    1.1
7509 |   255 |    4293 |    7077     506    7077 |    1013     506    1013 |    0.3   18.8    0.8
7510 |   253 |    4268 |    6042     506    6042 |    1012     506    1012 |    0.2   18.7    0.8
7511 |   255 |    4317 |    7075     511    7075 |    1023     511    1023 |    0.2   24.9    1.0
7512 |   252 |    4274 |    6046     505    6046 |    1010     505    1010 |    0.2   18.3    0.8
7513 |   255 |    4321 |    7094     507    7094 |    1015     507    1015 |    0.2   25.7    0.9
7514 |   255 |    3543 |    7095     509    7095 |    1018     509    1018 |    0.2   19.8    0.8
7515 |   255 |    3292 |    7045     509    7045 |    1019     509    1019 |    0.2   19.2    0.8
7516 |   255 |    4326 |    7093     508    7093 |    1016     508    1016 |    0.2   27.5    1.0
7517 |   254 |    4296 |    7073     506    7073 |    1013     506    1013 |    0.2   24.0    0.9
7518 |   255 |    4316 |    7083     508    7083 |    1015     508    1015 |    0.2   25.7    0.9
7519 |   254 |    4295 |    7071     506    7071 |    1012     506    1012 |    0.2   24.0    0.9
7520 |   255 |    4314 |    7082     507    7082 |    1015     507    1015 |    0.2   25.8    1.2
7521 |   252 |    4263 |    6033     507    6033 |    1014     507    1014 |    0.3   18.9    0.8
7522 |   255 |    4315 |    7087     507    7087 |    1015     507    1015 |    0.2   21.0    0.8
7523 |   254 |    3479 |    6000     506    6000 |    1012     506    1012 |    0.2   18.5    0.8
7524 |   255 |    4322 |    7082     508    7082 |    1017     508    1017 |    0.2   29.7    0.9
7525 |   255 |    4304 |    7069     506    7069 |    1012     506    1012 |    0.2   26.1    0.9
7526 |   255 |    4321 |    7097     508    7097 |    1016     508    1016 |    0.2   25.2    1.1
7527 |   255 |    4287 |    6066     507    6066 |    1014     507    1014 |    0.3   19.5    0.8
7528 |   255 |    4302 |    7060     507    7060 |    1015     507    1015 |    0.4   25.2    0.9
7529 |   254 |    4295 |    7070     506    7070 |    1013     506    1013 |    0.2   25.9    0.9
7530 |   255 |    4325 |    7097     508    7097 |    1016     508    1016 |    0.2   26.0    1.0
7531 |   253 |    4279 |    6046     505    6046 |    1011     505    1011 |    0.2   18.2    0.8
7532 |   255 |    4301 |    7061     506    7061 |    1013     506    1013 |    0.2   24.7    1.0
7533 |   255 |    4329 |    7099     508    7099 |    1016     508    1016 |    0.4   25.5    0.9
7534 |   255 |    4301 |    7074     506    7074 |    1013     506    1013 |    0.2   26.0    0.9
7535 |   255 |    4301 |    7058     506    7058 |    1012     506    1012 |    0.2   26.7    0.9
7536 |   252 |    4271 |    6043     505    6043 |    1010     505    1010 |    0.2   18.3    0.8
7537 |   255 |    4321 |    7089     507    7089 |    1014     507    1014 |    0.2   26.9    0.9
7538 |   255 |    2786 |    7082     508    7082 |    1015     508    1015 |    0.2   25.1    1.0
7539 |   255 |    4325 |    7091     508    7091 |    1016     508    1016 |    0.2   26.7    1.0
7540 |   255 |    4310 |    7073     507    7073 |    1014     507    1014 |    0.2   25.5    1.0
7541 |   254 |    3275 |    7052     506    7052 |    1012     506    1012 |    0.2   18.3    0.8
7542 |   255 |    4314 |    7074     507    7074 |    1015     507    1015 |    0.2   25.5    1.0
7543 |   254 |    4301 |    7072     506    7072 |    1013     507    1013 |    0.2   26.5    1.0
7544 |   255 |    4308 |    7084     507    7084 |    1014     507    1014 |    0.2   26.0    0.9
7545 |   253 |    4279 |    7041     505    7041 |    1011     505    1011 |    0.2   26.8    0.9
7546 |   255 |    4313 |    7068     507    7068 |    1014     507    1014 |    0.2   25.6    1.0
7547 |   255 |    4312 |    7069     507    7069 |    1016     507    1016 |    0.2   24.3    0.9
7548 |   255 |    3276 |    6061     507    6061 |    1015     507    1015 |    0.2   17.5    0.8
7549 |   255 |    4315 |    6081     508    6081 |    1016     508    1016 |    0.2   17.7    0.8
7550 |   254 |    3008 |    6033     505    6033 |    1012     505    1012 |    0.2   18.5    0.8
7551 |   255 |    4298 |    7053     506    7053 |    1014     506    1014 |    0.2   26.6    1.1
7552 |   255 |    4299 |    7066     508    7066 |    1015     508    1015 |    0.2   18.4    0.8
7553 |   255 |    4320 |    7086     508    7086 |    1016     508    1016 |    0.2   26.0    1.0
7554 |   255 |    4323 |    7083     509    7083 |    1018     509    1018 |    0.2   25.4    0.9
7555 |   255 |    4313 |    7085     507    7085 |    1015     507    1015 |    0.2   25.1    1.0
7556 |   255 |    4316 |    7075     507    7075 |    1014     507    1014 |    0.4   25.8    0.9
7557 |   255 |    4318 |    7089     507    7089 |    1014     507    1014 |    0.2   26.0    1.0
7558 |   255 |    4323 |    7086     508    7086 |    1016     508    1016 |    0.2   25.2    1.0
7559 |   254 |    4284 |    7032     509    7032 |    1018     509    1018 |    0.2   19.3    0.8
7560 |   255 |    3033 |    7089     508    7089 |    1016     508    1016 |    0.2   25.1    0.9
7561 |   255 |    4326 |    7092     508    7092 |    1016     508    1016 |    0.2   25.6    0.9
7562 |   252 |    4254 |    6028     505    6028 |    1010     505    1010 |    0.2   17.4    0.8
7563 |   255 |    4316 |    7091     508    7091 |    1016     508    1016 |    0.2   24.5    0.9
7564 |   255 |    4315 |    7076     507    7076 |    1014     507    1014 |    0.2   26.3    1.0
7565 |   255 |    3542 |    7076     506    7076 |    1013     506    1013 |    0.3   18.9    0.8
7566 |   254 |    4287 |    6064     506    6064 |    1012     506    1012 |    0.2   19.0    0.8
7567 |   255 |    4327 |    7102     508    7102 |    1016     508    1016 |    0.3   26.3    0.9
7568 |   254 |    4306 |    7064     507    7064 |    1013     506    1013 |    0.2   25.9    1.0
7569 |   255 |    4310 |    7075     508    7075 |    1016     508    1016 |    0.2   25.9    1.0
7570 |   255 |    4315 |    7073     506    7073 |    1013     506    1013 |    0.2   25.1    1.0
7571 |   255 |    4308 |    7081     507    7081 |    1014     507    1014 |    0.3   25.2    1.2
7572 |   255 |    3539 |    7071     506    7071 |    1013     506    1013 |    0.2   18.7    1.0
7573 |   255 |    4301 |    7079     506    7079 |    1014     507    1014 |    0.3   25.5    0.9
7574 |   255 |    4328 |    7099     508    7099 |    1016     508    1016 |    0.2   25.6    0.9
7575 |   255 |    4308 |    7077     507    7077 |    1014     507    1014 |    0.2   27.2    0.9
7576 |   254 |    3290 |    7077     507    7077 |    1015     507    1015 |    0.3   19.4    0.8
7577 |   255 |    2782 |    7086     507    7086 |    1014     507    1014 |    0.2   25.3    0.9
7578 |   255 |    4314 |    7090     508    7090 |    1015     508    1015 |    0.3   25.2    0.9
7579 |   255 |    4317 |    7080     507    7080 |    1014     507    1014 |    0.2   26.4    1.0
7580 |   255 |    4317 |    7090     508    7090 |    1015     508    1015 |    0.2   26.7    0.9
7581 |   254 |    4303 |    7073     506    7073 |    1013     506    1013 |    0.2   27.0    1.0
7582 |   255 |    4305 |    7069     509    7069 |    1017     509    1017 |    0.2   18.2    0.8
7583 |   254 |    4293 |    7057     506    7057 |    1013     506    1013 |    0.2   18.7    0.8
7584 |   255 |    4298 |    7076     506    7076 |    1013     506    1013 |    0.2   26.8    1.0
7585 |   255 |    4299 |    6072     507    6072 |    1014     507    1014 |    0.2   18.9    0.8
7586 |   255 |    3304 |    7089     508    7089 |    1017     508    1017 |    0.2   18.7    0.8
7587 |   254 |    3743 |    6974     508    6974 |    1016     508    1016 |    0.2   19.1    0.8
7588 |   255 |    4306 |    7081     507    7081 |    1014     507    1014 |    0.2   26.0    1.0
7589 |   255 |    3025 |    6075     507    6075 |    1015     507    1015 |    0.2   18.0    0.8
7590 |   255 |    4323 |    7090     508    7090 |    1017     508    1017 |    0.2   25.4    0.9
7591 |   255 |    4316 |    7071     508    7071 |    1016     508    1016 |    0.2   29.6    1.0
7592 |   255 |    4323 |    7093     507    7093 |    1015     507    1015 |    0.2   26.8    1.0
7593 |   255 |    3033 |    7089     508    7089 |    1016     508    1016 |    0.2   26.4    0.9
7594 |   254 |    4287 |    6055     506    6055 |    1011     506    1011 |    0.2   18.2    0.8
7595 |   255 |    4298 |    7069     509    7069 |    1019     509    1019 |    0.2   26.7    1.0
7596 |   255 |    4317 |    7086     508    7086 |    1015     508    1015 |    0.2   25.7    1.0
7597 |   254 |    4283 |    7041     505    7041 |    1012     505    1012 |    0.2   24.6    0.9
7598 |   255 |    4306 |    7079     507    7079 |    1014     507    1014 |    0.2   25.3    1.0
7599 |   254 |    4305 |    7080     507    7080 |    1014     507    1014 |    0.2   26.3    1.2
7600 |   255 |    4314 |    7080     507    7080 |    1013     507    1013 |    0.3   25.3    0.9
7601 |   253 |    2760 |    6053     505    6053 |    1010     505    1010 |    0.2   19.0    0.8
7602 |   255 |    4320 |    7091     507    7091 |    1015     508    1015 |    0.3   24.9    1.0
7603 |   255 |    3304 |    7090     508    7090 |    1016     508    1016 |    0.2   26.0    1.0
7604 |   255 |    4312 |    7080     507    7080 |    1013     507    1013 |    0.2   24.7    0.9
7605 |   255 |    3008 |    7078     507    7078 |    1013     507    1013 |    0.2   26.0    1.0
7606 |   255 |    3002 |    6019     506    6019 |    1013     506    1013 |    0.4   18.2    0.8
7607 |   254 |    4293 |    7057     505    7057 |    1012     505    1012 |    0.2   25.0    1.0
7608 |   255 |    4313 |    7073     507    7073 |    1013     507    1013 |    0.2   24.9    0.9
7609 |   255 |    4295 |    7069     509    7069 |    1019     509    1019 |    0.4   24.3    0.9
7610 |   255 |    4321 |    7081     508    7081 |    1015     508    1015 |    0.2   25.8    0.9
7611 |   255 |    4321 |    7092     508    7092 |    1015     508    1015 |    0.2   25.4    1.0
7612 |   252 |    4277 |    6049     505    6049 |    1010     505    1010 |    0.2   17.9    0.8
7613 |   255 |    4298 |    7049     506    7049 |    1013     506    1013 |    0.2   26.4    0.9
7614 |   255 |    4280 |    6053     506    6053 |    1013     506    1013 |    0.2   18.6    0.8
7615 |   255 |    4315 |    7088     507    7088 |    1014     507    1014 |    0.2   25.5    0.9
7616 |   255 |    3286 |    7040     509    7040 |    1019     509    1019 |    0.2   20.0    0.8
7617 |   255 |    4316 |    7093     507    7093 |    1015     507    1015 |    0.2   25.5    0.9
7618 |   253 |    4285 |    7052     505    7052 |    1011     505    1011 |    0.2   28.3    1.0
7619 |   255 |    4300 |    7056     508    7056 |    1016     508    1016 |    0.2   25.4    0.9
7620 |   253 |    3258 |    7024     506    7024 |    1013     506    1013 |    0.2   18.9    0.8
7621 |   255 |    4299 |    7074     506    7074 |    1013     506    1013 |    0.2   26.2    0.9
7622 |   255 |    4313 |    7072     506    7072 |    1013     506    1013 |    0.2   26.6    1.1
7623 |   255 |    4301 |    7081     506    7081 |    1014     507    1014 |    0.3   25.7    0.9
7624 |   255 |    3796 |    7085     507    7085 |    1015     507    1015 |    0.3   18.7    0.8
7625 |   255 |    4312 |    7080     507    7080 |    1014     507    1014 |    0.2   25.5    0.9
7626 |   255 |    4300 |    7063     506    7063 |    1013     506    1013 |    0.2   26.1    1.0
7627 |   255 |    4309 |    7071     507    7071 |    1013     507    1013 |    0.2   26.3    0.9
7628 |   255 |    3538 |    7078     507    7078 |    1014     507    1014 |    0.2   26.2    0.9
7629 |   255 |    4311 |    7083     507    7083 |    1014     507    1014 |    0.2   24.0    0.9
7630 |   255 |    4323 |    7088     507    7088 |    1014     507    1014 |    0.2   27.9    0.9
7631 |   255 |    3545 |    7094     508    7094 |    1016     508    1016 |    0.2   25.3    0.9
7632 |   255 |    4308 |    7075     508    7075 |    1016     508    1016 |    0.2   25.4    1.0
7633 |   255 |    3288 |    7070     506    7070 |    1013     506    1013 |    0.2   18.6    0.8
7634 |   255 |    4302 |    7073     506    7073 |    1014     506    1014 |    0.3   27.9    1.2
7635 |   255 |    4320 |    7093     507    7093 |    1016     508    1016 |    0.2   25.9    1.0
7636 |   254 |    4294 |    7063     505    7063 |    1011     505    1011 |    0.3   25.1    0.9
7637 |   254 |    4308 |    7080     506    7080 |    1013     506    1013 |    0.2   24.7    1.0
7638 |   254 |    3538 |    7075     507    7075 |    1014     507    1014 |    0.2   24.7    1.0
7639 |   254 |    3263 |    6051     506    6051 |    1012     506    1012 |    0.2   18.6    1.0
7640 |   255 |    3528 |    6064     507    6064 |    1013     507    1013 |    0.2   18.3    0.8
7641 |   255 |    2779 |    7072     506    7072 |    1015     507    1015 |    0.2   25.4    1.0
7642 |   255 |    3296 |    7071     507    7071 |    1014     507    1014 |    0.3   19.4    0.8
7643 |   255 |    4307 |    7075     507    7075 |    1014     507    1014 |    0.2   27.1    1.2
7644 |   254 |    4301 |    7067     508    7067 |    1015     507    1015 |    0.3   19.5    0.8
7645 |   254 |    4309 |    7081     507    7081 |    1014     507    1014 |    0.2   26.3    0.9
7646 |   255 |    4313 |    7076     507    7076 |    1014     507    1014 |    0.2   25.5    0.9
7647 |   255 |    4295 |    7043     506    7043 |    1013     506    1013 |    0.2   25.8    0.9
7648 |   255 |    4320 |    7086     507    7086 |    1014     507    1014 |    0.2   24.8    0.9
7649 |   255 |    4314 |    6083     507    6083 |    1015     507    1015 |    0.2   19.7    0.8
7650 |   254 |    4274 |    7032     505    7032 |    1011     505    1011 |    0.3   23.8    0.9
7651 |   254 |    4199 |    5974     506    5974 |    1012     506    1012 |    0.2   18.2    0.8
7652 |   255 |    4310 |    7088     507    7088 |    1015     508    1015 |    0.2   26.0    0.9
7653 |   255 |    4324 |    7088     508    7088 |    1017     508    1017 |    0.2   24.6    0.9
7654 |   254 |    4284 |    7058     505    7058 |    1011     505    1011 |    0.2   25.2    0.9
7655 |   255 |    3755 |    7021     508    7021 |    1015     508    1015 |    0.2   18.5    0.8
7656 |   255 |    4317 |    7086     508    7086 |    1016     508    1016 |    0.2   25.5    1.0
7657 |   255 |    4297 |    7074     506    7074 |    1014     506    1014 |    0.2   25.7    1.0
7658 |   255 |    4311 |    7086     507    7086 |    1014     507    1014 |    0.2   25.6    1.0
7659 |   255 |    4294 |    6071     506    6071 |    1013     507    1013 |    0.2   20.7    0.8
7660 |   255 |    3793 |    7079     508    7079 |    1017     508    1017 |    0.2   19.4    0.8
7661 |   254 |    3794 |    7062     506    7062 |    1013     506    1013 |    0.2   18.7    0.8
7662 |   255 |    4320 |    7091     508    7091 |    1015     508    1015 |    0.2   24.9    0.9
7663 |   254 |    4310 |    7081     507    7081 |    1013     507    1013 |    0.2   27.5    1.0
7664 |   254 |    4278 |    7037     507    7037 |    1014     507    1014 |    0.2   24.1    1.0
7665 |   255 |    4312 |    7080     507    7080 |    1014     507    1014 |    0.2   26.8    1.0
7666 |   255 |    4315 |    7080     506    7080 |    1016     508    1016 |    0.2   25.5    0.9
7667 |   255 |    4322 |    7087     508    7087 |    1016     508    1016 |    0.2   24.9    1.0
7668 |   254 |    4307 |    7082     507    7082 |    1013     507    1013 |    0.2   25.2    1.0
7669 |   255 |    4306 |    7074     506    7074 |    1013     506    1013 |    0.2   25.3    1.0
7670 |   255 |    4311 |    7075     507    7075 |    1013     507    1013 |    0.4   25.1    0.9
7671 |   255 |    3294 |    7084     507    7084 |    1015     507    1015 |    0.2   24.3    0.9
7672 |   255 |    3035 |    7086     507    7086 |    1014     507    1014 |    0.2   24.3    0.9
7673 |   255 |    3015 |    7077     507    7077 |    1015     507    1015 |    0.2   25.3    0.9
7674 |   254 |    4292 |    6065     507    6065 |    1013     507    1013 |    0.2   19.1    0.8
7675 |   255 |    3293 |    7076     508    7076 |    1015     508    1015 |    0.2   18.5    0.8
7676 |   255 |    4319 |    7078     508    7078 |    1016     508    1016 |    0.2   24.4    0.9
7677 |   255 |    4306 |    7076     507    7076 |    1017     507    1017 |    0.2   25.1    1.0
7678 |   255 |    4304 |    7065     507    7065 |    1013     507    1013 |    0.2   24.3    0.9
7679 |   255 |    4319 |    7081     507    7081 |    1015     507    1015 |    0.2   26.3    1.0
7680 |   254 |    4297 |    7071     507    7071 |    1013     507    1013 |    0.2   25.7    0.9
7681 |   255 |    4324 |    7096     508    7096 |    1016     508    1016 |    0.2   25.2    1.0
7682 |   255 |    4283 |    6063     507    6063 |    1014     507    1014 |    0.2   19.1    0.8
7683 |   254 |    4243 |    6021     506    6021 |    1013     506    1013 |    0.2   18.2    0.9
7684 |   255 |    4304 |    7073     507    7073 |    1015     507    1015 |    0.2   20.3    0.8
7685 |   254 |    4299 |    7060     506    7060 |    1015     507    1015 |    0.2   24.6    0.9
7686 |   255 |    4318 |    7093     507    7093 |    1014     507    1014 |    0.2   25.6    0.9
7687 |   255 |    4306 |    7067     506    7067 |    1012     506    1012 |    0.2   29.1    1.0
7688 |   255 |    4322 |    7096     508    7096 |    1015     508    1015 |    0.3   20.4    1.1
7689 |   255 |    4273 |    6049     507    6049 |    1014     507    1014 |    0.3   17.5    0.8
7690 |   255 |    4306 |    7084     507    7084 |    1014     507    1014 |    0.2   25.9    1.0
7691 |   255 |    4313 |    7082     507    7082 |    1014     507    1014 |    0.2   26.1    0.9
7692 |   255 |    4327 |    7094     508    7094 |    1017     508    1017 |    0.2   25.5    0.9
7693 |   255 |    4322 |    7066     510    7066 |    1020     510    1020 |    0.2   21.9    0.8
7694 |   255 |    4323 |    7087     508    7087 |    1016     508    1016 |    0.2   26.1    1.2
7695 |   255 |    4303 |    7047     507    7047 |    1014     507    1014 |    0.3   27.6    1.0
7696 |   255 |    4318 |    7084     508    7084 |    1017     508    1017 |    0.2   26.4    1.0
7697 |   255 |    4309 |    7080     507    7080 |    1015     507    1015 |    0.2   27.1    1.0
7698 |   255 |    4319 |    7085     507    7085 |    1014     507    1014 |    0.3   25.1    1.2
7699 |   255 |    4311 |    7084     507    7084 |    1015     507    1015 |    0.2   27.0    1.2
7700 |   255 |    4309 |    7091     508    7091 |    1016     508    1016 |    0.3   26.6    1.0
7701 |   255 |    3547 |    7086     507    7086 |    1014     507    1014 |    0.2   20.6    0.8
7702 |   254 |    4304 |    7073     506    7073 |    1012     506    1012 |    0.3   25.2    0.9
7703 |   255 |    4305 |    7063     506    7063 |    1013     506    1013 |    0.2   25.4    1.0
7704 |   255 |    4311 |    7085     507    7085 |    1014     507    1014 |    0.2   27.7    1.0
7705 |   254 |    4295 |    6068     507    6068 |    1013     507    1013 |    0.2   18.9    0.8
7706 |   255 |    4319 |    7081     507    7081 |    1014     507    1014 |    0.2   26.6    1.0
7707 |   254 |    4294 |    7057     506    7057 |    1012     506    1012 |    0.2   25.1    1.0
7708 |   255 |    3031 |    7081     509    7081 |    1017     509    1017 |    0.2   27.6    1.0
7709 |   252 |    4265 |    6040     505    6040 |    1010     505    1010 |    0.2   19.9    0.8
7710 |   255 |    4303 |    7064     506    7064 |    1013     506    1013 |    0.2   25.8    0.9
7711 |   255 |    4321 |    7088     508    7088 |    1016     508    1016 |    0.2   26.8    1.2
7712 |   255 |    4323 |    7083     508    7083 |    1017     508    1017 |    0.3   26.6    0.9
7713 |   255 |    4315 |    7075     507    7075 |    1015     507    1015 |    0.2   26.6    1.0
7714 |   254 |    2752 |    6027     506    6027 |    1012     506    1012 |    0.2   18.9    0.8
7715 |   254 |    4301 |    7066     506    7066 |    1013     506    1013 |    0.2   25.1    0.9
7716 |   255 |    4323 |    7086     508    7086 |    1016     508    1016 |    0.2   26.1    1.2
7717 |   255 |    4308 |    7085     507    7085 |    1014     507    1014 |    0.3   25.3    0.9
7718 |   255 |    4324 |    7087     509    7087 |    1018     509    1018 |    0.2   26.9    1.0
7719 |   254 |    2769 |    6062     506    6062 |    1013     506    1013 |    0.2   18.2    0.8
7720 |   255 |    4265 |    7044     506    7044 |    1012     506    1012 |    0.2   21.3    1.0
7721 |   255 |    4284 |    6063     507    6063 |    1014     507    1014 |    0.2   18.1    0.8
7722 |   255 |    4303 |    7078     507    7078 |    1015     507    1015 |    0.2   26.0    0.9
7723 |   254 |    3793 |    7065     506    7065 |    1013     506    1013 |    0.2   18.3    0.8
7724 |   254 |    4289 |    6064     506    6064 |    1012     506    1012 |    0.2   18.9    0.8
7725 |   255 |    4328 |    7099     507    7099 |    1016     508    1016 |    0.2   26.5    1.0
7726 |   254 |    4303 |    7071     506    7071 |    1012     506    1012 |    0.2   25.8    1.0
7727 |   255 |    4279 |    6057     507    6057 |    1014     507    1014 |    0.2   18.6    0.8
7728 |   255 |    4317 |    7084     509    7084 |    1018     509    1018 |    0.2   26.0    1.0
7729 |   254 |    4305 |    7083     507    7083 |    1014     507    1014 |    0.3   24.9    1.1
7730 |   255 |    4325 |    7083     508    7083 |    1017     508    1017 |    0.2   28.2    1.0
7731 |   255 |    4318 |    7074     508    7074 |    1018     508    1018 |    0.3   26.8    0.9
7732 |   255 |    4314 |    7081     508    7081 |    1015     508    1015 |    0.2   25.7    1.0
7733 |   252 |    4252 |    6031     505    6031 |    1010     505    1010 |    0.2   19.3    1.1
7734 |   255 |    4306 |    7080     508    7080 |    1016     508    1016 |    0.3   29.5    1.0
7735 |   254 |    3025 |    7076     507    7076 |    1015     507    1015 |    0.2   25.1    0.9
7736 |   255 |    2794 |    7076     508    7076 |    1016     508    1016 |    0.2   21.0    1.1
7737 |   255 |    4306 |    7065     506    7065 |    1013     506    1013 |    0.3   25.8    0.9
7738 |   255 |    2773 |    6074     506    6074 |    1013     507    1013 |    0.2   19.4    0.8
7739 |   255 |    4305 |    7067     506    7067 |    1014     507    1014 |    0.2   25.8    0.9
7740 |   255 |    4317 |    7091     507    7091 |    1015     507    1015 |    0.2   26.3    0.9
7741 |   254 |    4300 |    7067     506    7067 |    1014     506    1014 |    0.2   24.5    1.0
7742 |   255 |    4288 |    7026     506    7026 |    1013     506    1013 |    0.3   24.8    0.9
7743 |   255 |    4301 |    7079     507    7079 |    1014     507    1014 |    0.2   25.2    0.9
7744 |   255 |    2764 |    6033     506    6033 |    1013     506    1013 |    0.2   17.7    0.8
7745 |   255 |    4312 |    7084     507    7084 |    1015     507    1015 |    0.2   25.7    1.0
7746 |   254 |    3743 |    6026     506    6026 |    1012     506    1012 |    0.2   20.5    0.8
7747 |   255 |    4315 |    7086     507    7086 |    1015     507    1015 |    0.2   25.1    0.9
7748 |   254 |    2731 |    5985     506    5985 |    1013     506    1013 |    0.2   18.1    0.8
7749 |   255 |    4311 |    7084     507    7084 |    1013     507    1013 |    0.2   26.1    1.1
7750 |   255 |    4287 |    7041     505    7041 |    1012     506    1012 |    0.2   24.8    0.9
7751 |   253 |    4279 |    6056     505    6056 |    1012     505    1012 |    0.3   18.6    0.8
7752 |   255 |    4323 |    7091     508    7091 |    1015     508    1015 |    0.2   25.7    1.0
7753 |   255 |    4311 |    7073     506    7073 |    1013     506    1013 |    0.2   25.3    0.9
7754 |   254 |    3016 |    7047     507    7047 |    1014     507    1014 |    0.2   19.1    0.9
7755 |   255 |    2791 |    7091     508    7091 |    1015     508    1015 |    0.2   26.4    0.9
7756 |   253 |    4241 |    6017     505    6017 |    1011     505    1011 |    0.2   18.1    0.8
7757 |   254 |    4274 |    6048     505    6048 |    1012     506    1012 |    0.2   18.7    0.8
7758 |   255 |    4293 |    6069     506    6069 |    1012     506    1012 |    0.2   19.1    0.9
7759 |   255 |    4315 |    7082     507    7082 |    1015     507    1015 |    0.2   25.8    0.9
7760 |   254 |    3017 |    7069     507    7069 |    1013     507    1013 |    0.2   25.8    1.0
7761 |   254 |    4296 |    7073     507    7073 |    1013     507    1013 |    0.2   23.8    0.9
7762 |   255 |    4325 |    7095     508    7095 |    1016     508    1016 |    0.3   28.1    1.0
7763 |   255 |    3274 |    6066     506    6066 |    1012     506    1012 |    0.2   19.1    1.1
7764 |   255 |    4318 |    7085     508    7085 |    1016     508    1016 |    0.2   26.6    1.0
7765 |   255 |    2799 |    7074     509    7074 |    1018     509    1018 |    0.2   19.3    0.8
7766 |   255 |    4316 |    7073     507    7073 |    1014     507    1014 |    0.2   24.6    0.9
7767 |   255 |    4316 |    7093     508    7093 |    1015     508    1015 |    0.2   25.8    1.2
7768 |   255 |    4322 |    7081     509    7081 |    1018     509    1018 |    0.3   26.1    1.0
7769 |   255 |    4320 |    7090     507    7090 |    1014     507    1014 |    0.2   25.7    1.1
7770 |   255 |    3791 |    7090     507    7090 |    1015     507    1015 |    0.3   27.0    1.0
7771 |   255 |    4324 |    7091     507    7091 |    1016     508    1016 |    0.2   25.0    1.0
7772 |   255 |    4312 |    6078     507    6078 |    1015     507    1015 |    0.2   18.4    0.9
7773 |   255 |    4297 |    6075     506    6075 |    1014     506    1014 |    0.2   19.2    0.9
7774 |   255 |    4312 |    7078     507    7078 |    1014     507    1014 |    0.2   25.5    0.9
7775 |   255 |    4309 |    7069     507    7069 |    1013     507    1013 |    0.2   25.9    0.9
7776 |   255 |    4320 |    7090     508    7090 |    1016     508    1016 |    0.2   25.1    1.1
7777 |   255 |    3540 |    7056     509    7056 |    1018     509    1018 |    0.2   18.9    0.9
7778 |   254 |    3501 |    6027     506    6027 |    1012     506    1012 |    0.3   17.9    0.9
7779 |   253 |    4285 |    7058     506    7058 |    1011     506    1011 |    0.2   25.5    1.0
7780 |   255 |    4320 |    7085     507    7085 |    1016     508    1016 |    0.2   25.8    0.9
7781 |   255 |    4317 |    7079     508    7079 |    1017     508    1017 |    0.3   26.4    1.0
7782 |   255 |    2788 |    7086     508    7086 |    1015     508    1015 |    0.2   25.3    0.9
7783 |   255 |    4314 |    7083     507    7083 |    1014     507    1014 |    0.2   24.8    1.0
7784 |   255 |    4327 |    7090     508    7090 |    1016     508    1016 |    0.2   24.9    1.0
7785 |   255 |    3299 |    7090     508    7090 |    1016     508    1016 |    0.2   24.7    1.0
7786 |   255 |    4302 |    7081     507    7081 |    1014     507    1014 |    0.2   25.1    0.9
7787 |   254 |    4301 |    7075     506    7075 |    1013     506    1013 |    0.2   24.5    0.9
7788 |   255 |    2779 |    6068     507    6068 |    1014     507    1014 |    0.2   18.9    0.9
7789 |   254 |    3535 |    7049     508    7049 |    1016     508    1016 |    0.3   18.5    1.0
7790 |   255 |    4321 |    7081     507    7081 |    1015     507    1015 |    0.2   29.0    1.0
7791 |   255 |    4303 |    7065     505    7065 |    1013     506    1013 |    0.2   25.0    0.9
7792 |   255 |    3537 |    7085     507    7085 |    1016     507    1016 |    0.2   26.6    0.9
7793 |   255 |    4326 |    7100     508    7100 |    1016     508    1016 |    0.2   26.0    1.3
7794 |   255 |    4324 |    7098     508    7098 |    1016     508    1016 |    0.3   26.0    0.9
7795 |   255 |    4322 |    7082     507    7082 |    1015     507    1015 |    0.2   25.4    0.9
7796 |   253 |    3279 |    7055     506    7055 |    1013     506    1013 |    0.2   19.3    0.8
7797 |   255 |    4315 |    7082     507    7082 |    1015     507    1015 |    0.2   25.5    0.9
7798 |   255 |    4314 |    7081     508    7081 |    1016     508    1016 |    0.2   25.5    0.9
7799 |   255 |    4321 |    7083     508    7083 |    1017     508    1017 |    0.2   25.9    1.0
7800 |   255 |    4324 |    7090     508    7090 |    1016     508    1016 |    0.2   25.7    1.0
7801 |   255 |    4319 |    7082     508    7082 |    1016     508    1016 |    0.2   25.7    1.0
7802 |   254 |    3500 |    6040     505    6040 |    1011     505    1011 |    0.2   18.6    0.8
7803 |   254 |    3025 |    6072     506    6072 |    1013     506    1013 |    0.2   18.1    0.8
7804 |   254 |    4289 |    7046     507    7046 |    1015     507    1015 |    0.2   17.5    0.8
7805 |   253 |    3005 |    6042     505    6042 |    1010     505    1010 |    0.2   18.8    1.1
7806 |   255 |    3795 |    7085     507    7085 |    1015     507    1015 |    0.3   19.7    1.0
7807 |   255 |    3007 |    6055     506    6055 |    1013     506    1013 |    0.2   17.5    0.8
7808 |   254 |    4303 |    7074     507    7074 |    1014     507    1014 |    0.2   25.0    0.9
7809 |   253 |    4280 |    7054     506    7054 |    1013     507    1013 |    0.2   24.2    0.9
7810 |   255 |    4298 |    6074     507    6074 |    1014     507    1014 |    0.2   18.6    0.8
7811 |   255 |    4323 |    7095     508    7095 |    1015     508    1015 |    0.3   25.4    1.0
7812 |   253 |    4284 |    7046     508    7046 |    1015     508    1015 |    0.2   18.5    0.8
7813 |   255 |    4321 |    7092     508    7092 |    1016     508    1016 |    0.2   25.7    1.0
7814 |   255 |    4324 |    7087     508    7087 |    1017     508    1017 |    0.3   25.9    0.9
7815 |   255 |    2786 |    7085     508    7085 |    1015     508    1015 |    0.2   25.2    1.0
7816 |   255 |    4316 |    7085     508    7085 |    1015     508    1015 |    0.2   24.5    1.0
7817 |   255 |    4328 |    7094     508    7094 |    1016     508    1016 |    0.2   24.4    0.9
7818 |   254 |    4287 |    6066     506    6066 |    1011     506    1011 |    0.2   19.1    1.1
7819 |   254 |    4311 |    7075     507    7075 |    1014     507    1014 |    0.3   26.4    0.9
7820 |   254 |    4292 |    6068     506    6068 |    1013     506    1013 |    0.2   20.5    0.8
7821 |   255 |    2729 |    5970     506    5970 |    1013     506    1013 |    0.2   17.2    0.8
7822 |   255 |    4311 |    7077     507    7077 |    1015     507    1015 |    0.2   27.1    1.0
7823 |   254 |    3290 |    7078     507    7078 |    1014     507    1014 |    0.2   19.0    0.8
7824 |   253 |    2756 |    6028     506    6028 |    1011     506    1011 |    0.2   19.1    0.8
7825 |   255 |    4318 |    7079     506    7079 |    1015     506    1015 |    0.2   25.1    0.9
7826 |   255 |    4316 |    7090     508    7090 |    1016     508    1016 |    0.3   26.3    0.9
7827 |   255 |    3303 |    7092     508    7092 |    1016     508    1016 |    0.2   18.5    0.8
7828 |   255 |    4306 |    7085     507    7085 |    1014     507    1014 |    0.2   26.1    1.3
7829 |   255 |    4295 |    7078     506    7078 |    1013     506    1013 |    0.3   20.1    1.0
7830 |   255 |    4301 |    7058     506    7058 |    1013     506    1013 |    0.2   25.6    0.9
7831 |   251 |    4242 |    6002     505    6002 |    1010     505    1010 |    0.2   19.1    0.8
7832 |   255 |    3024 |    7080     506    7080 |    1014     507    1014 |    0.2   26.3    1.1
7833 |   255 |    4317 |    7095     507    7095 |    1015     507    1015 |    0.4   26.8    0.9
7834 |   255 |    4320 |    7093     508    7093 |    1016     508    1016 |    0.2   25.2    1.0
7835 |   255 |    4307 |    7081     507    7081 |    1014     507    1014 |    0.2   25.8    1.2
7836 |   255 |    4322 |    7092     508    7092 |    1015     508    1015 |    0.2   25.8    1.0
7837 |   255 |    4328 |    7098     508    7098 |    1016     508    1016 |    0.2   25.6    0.9
7838 |   254 |    4305 |    7069     506    7069 |    1013     506    1013 |    0.2   26.0    1.0
7839 |   255 |    4305 |    7075     507    7075 |    1014     507    1014 |    0.2   27.6    1.0
7840 |   254 |    4298 |    7072     506    7072 |    1012     506    1012 |    0.3   26.3    0.9
7841 |   254 |    4296 |    7060     506    7060 |    1012     506    1012 |    0.2   26.0    0.9
7842 |   255 |    4319 |    7078     508    7078 |    1017     508    1017 |    0.2   26.7    1.0
7843 |   255 |    4321 |    7084     507    7084 |    1015     507    1015 |    0.2   24.5    1.1
7844 |   255 |    3028 |    7079     508    7079 |    1015     508    1015 |    0.2   25.7    1.0
7845 |   255 |    4309 |    7088     507    7088 |    1014     507    1014 |    0.2   26.1    1.0
7846 |   255 |    4291 |    7049     506    7049 |    1013     506    1013 |    0.2   25.2    1.1
7847 |   255 |    4322 |    7087     508    7087 |    1015     508    1015 |    0.2   25.1    0.9
7848 |   255 |    4315 |    7084     507    7084 |    1015     508    1015 |    0.2   26.6    0.9
7849 |   255 |    4316 |    7078     507    7078 |    1013     507    1013 |    0.2   27.3    1.1
7850 |   255 |    3032 |    7087     508    7087 |    1016     508    1016 |    0.2   28.1    1.1
7851 |   254 |    4279 |    7027     506    7027 |    1012     506    1012 |    0.3   18.8    0.8
7852 |   253 |    4274 |    6043     505    6043 |    1010     505    1010 |    0.2   20.5    1.0
7853 |   254 |    3276 |    7053     506    7053 |    1013     506    1013 |    0.3   19.9    0.8
7854 |   255 |    4319 |    7091     508    7091 |    1015     508    1015 |    0.2   25.7    0.9
7855 |   255 |    4301 |    7054     506    7054 |    1013     507    1013 |    0.2   25.5    1.0
7856 |   254 |    4303 |    7078     507    7078 |    1014     507    1014 |    0.2   24.9    0.9
7857 |   255 |    3536 |    7082     507    7082 |    1015     507    1015 |    0.2   25.1    1.0
7858 |   255 |    4311 |    7081     507    7081 |    1014     507    1014 |    0.2   26.9    1.2
7859 |   255 |    4310 |    7082     507    7082 |    1015     507    1015 |    0.3   25.2    0.9
7860 |   254 |    4307 |    7081     507    7081 |    1014     507    1014 |    0.2   24.3    0.9
7861 |   254 |    4312 |    7079     507    7079 |    1015     507    1015 |    0.2   26.3    1.0
7862 |   255 |    4326 |    7091     508    7091 |    1016     508    1016 |    0.4   25.7    0.9
7863 |   255 |    4319 |    7078     508    7078 |    1016     508    1016 |    0.2   25.0    0.9
7864 |   254 |    4310 |    7079     507    7079 |    1014     507    1014 |    0.2   25.5    1.1
7865 |   255 |    2749 |    6030     506    6030 |    1013     506    1013 |    0.2   18.4    0.8
7866 |   255 |    4289 |    6065     506    6065 |    1012     506    1012 |    0.4   19.4    0.8
7867 |   254 |    3793 |    7065     506    7065 |    1013     506    1013 |    0.2   19.0    0.8
7868 |   255 |    4313 |    7081     507    7081 |    1013     507    1013 |    0.2   24.7    0.9
7869 |   255 |    2785 |    7079     508    7079 |    1016     508    1016 |    0.2   26.1    0.9
7870 |   254 |    4298 |    7033     509    7033 |    1019     509    1019 |    0.2   20.8    0.8
7871 |   255 |    4311 |    7076     508    7076 |    1015     508    1015 |    0.4   25.3    1.0
7872 |   255 |    3296 |    7084     507    7084 |    1014     507    1014 |    0.2   20.6    0.8
7873 |   255 |    2773 |    6065     506    6065 |    1013     507    1013 |    0.3   20.9    0.9
7874 |   255 |    4323 |    7084     508    7084 |    1015     508    1015 |    0.3   25.8    0.9
7875 |   254 |    4298 |    7069     507    7069 |    1013     507    1013 |    0.3   26.8    1.2
7876 |   255 |    4319 |    7083     507    7083 |    1015     507    1015 |    0.2   24.7    1.0
7877 |   255 |    4307 |    7065     506    7065 |    1013     506    1013 |    0.2   27.0    0.9
7878 |   254 |    4296 |    7074     506    7074 |    1013     506    1013 |    0.2   27.2    0.9
7879 |   253 |    4278 |    6054     506    6054 |    1011     506    1011 |    0.2   19.0    0.8
7880 |   255 |    2781 |    7084     507    7084 |    1014     507    1014 |    0.2   26.1    0.9
7881 |   255 |    4324 |    7091     507    7091 |    1015     507    1015 |    0.2   25.2    1.0
7882 |   254 |    4299 |    7069     506    7069 |    1012     506    1012 |    0.2   24.4    1.1
7883 |   255 |    4291 |    6062     509    6062 |    1019     509    1019 |    0.2   18.5    0.9
7884 |   255 |    4305 |    7073     506    7073 |    1015     507    1015 |    0.2   25.9    1.0
7885 |   254 |    4294 |    6071     506    6071 |    1013     506    1013 |    0.3   18.8    0.8
7886 |   255 |    4314 |    7076     507    7076 |    1015     508    1015 |    0.2   25.6    0.9
7887 |   255 |    4322 |    7085     508    7085 |    1017     508    1017 |    0.2   25.3    1.0
7888 |   255 |    4311 |    7076     507    7076 |    1015     507    1015 |    0.2   25.6    1.0
7889 |   255 |    4312 |    7077     506    7077 |    1014     507    1014 |    0.2   27.0    0.9
7890 |   255 |    4309 |    7083     507    7083 |    1015     507    1015 |    0.2   27.0    1.0
7891 |   255 |    4311 |    7076     507    7076 |    1015     507    1015 |    0.2   25.8    0.9
7892 |   253 |    4285 |    6059     506    6059 |    1011     506    1011 |    0.2   18.1    1.1
7893 |   255 |    4325 |    7097     508    7097 |    1015     508    1015 |    0.2   25.1    0.9
7894 |   254 |    4302 |    7076     506    7076 |    1013     506    1013 |    0.2   24.7    0.9
7895 |   255 |    4306 |    7083     508    7083 |    1015     508    1015 |    0.2   26.4    1.0
7896 |   254 |    2997 |    6012     506    6012 |    1012     506    1012 |    0.2   18.2    0.8
7897 |   255 |    4324 |    7093     508    7093 |    1016     508    1016 |    0.2   25.1    1.3
7898 |   255 |    4304 |    7073     506    7073 |    1013     506    1013 |    0.3   25.7    0.9
7899 |   254 |    3791 |    7062     507    7062 |    1015     507    1015 |    0.2   19.4    0.8
7900 |   255 |    4327 |    7096     508    7096 |    1016     508    1016 |    0.2   26.2    0.9
7901 |   253 |    4246 |    6004     505    6004 |    1010     505    1010 |    0.3   18.1    0.8
7902 |   255 |    3029 |    7085     507    7085 |    1014     507    1014 |    0.2   25.1    0.9
7903 |   253 |    4284 |    6061     505    6061 |    1011     506    1011 |    0.2   18.8    0.8
7904 |   255 |    2769 |    6056     506    6056 |    1013     506    1013 |    0.2   18.1    0.9
7905 |   255 |    4321 |    7082     508    7082 |    1015     508    1015 |    0.2   26.2    1.0
7906 |   255 |    4328 |    7091     507    7091 |    1016     508    1016 |    0.3   27.1    1.0
7907 |   255 |    4267 |    6043     506    6043 |    1013     506    1013 |    0.2   18.1    1.0
7908 |   255 |    4292 |    6070     506    6070 |    1013     507    1013 |    0.2   17.8    0.8
7909 |   254 |    4306 |    7079     507    7079 |    1013     507    1013 |    0.2   26.2    1.0
7910 |   255 |    4307 |    7085     507    7085 |    1015     507    1015 |    0.2   25.3    1.1
7911 |   255 |    4288 |    7055     507    7055 |    1015     507    1015 |    0.2   20.1    0.8
7912 |   255 |    4316 |    7082     508    7082 |    1015     508    1015 |    0.2   26.1    1.0
7913 |   255 |    4323 |    7090     508    7090 |    1017     508    1017 |    0.2   24.9    1.0
7914 |   253 |    2756 |    6042     505    6042 |    1010     505    1010 |    0.2   17.9    0.8
7915 |   255 |    4310 |    7073     507    7073 |    1015     507    1015 |    0.2   26.3    1.2
7916 |   255 |    3809 |    7074     508    7074 |    1017     508    1017 |    0.3   19.8    0.8
7917 |   255 |    4326 |    7092     509    7092 |    1018     509    1018 |    0.2   26.7    1.2
7918 |   255 |    4315 |    7088     508    7088 |    1015     508    1015 |    0.3   20.5    0.8
7919 |   255 |    4309 |    7068     507    7068 |    1014     507    1014 |    0.4   27.3    1.3
7920 |   255 |    4310 |    7078     508    7078 |    1016     508    1016 |    0.2   26.8    1.2
7921 |   255 |    4313 |    7068     507    7068 |    1014     507    1014 |    0.3   27.1    0.9
7922 |   255 |    4313 |    7088     507    7088 |    1014     507    1014 |    0.2   28.0    0.9
7923 |   255 |    4306 |    7072     507    7072 |    1013     507    1013 |    0.2   29.3    1.0
7924 |   255 |    4320 |    7087     508    7087 |    1016     508    1016 |    0.2   25.5    1.0
7925 |   255 |    3017 |    6063     506    6063 |    1013     506    1013 |    0.2   19.3    0.8
7926 |   255 |    4275 |    6051     507    6051 |    1014     507    1014 |    0.2   18.7    0.8
7927 |   254 |    4240 |    6014     506    6014 |    1012     506    1012 |    0.2   18.8    0.8
7928 |   255 |    4313 |    7074     506    7074 |    1013     506    1013 |    0.2   28.6    1.0
7929 |   255 |    4316 |    7076     508    7076 |    1017     508    1017 |    0.2   26.0    0.9
7930 |   254 |    4297 |    7067     506    7067 |    1012     506    1012 |    0.2   26.8    1.0
7931 |   253 |    4288 |    6062     505    6062 |    1011     505    1011 |    0.2   19.8    1.1
7932 |   255 |    4312 |    7080     508    7080 |    1016     508    1016 |    0.3   28.5    0.9
7933 |   254 |    2762 |    6048     505    6048 |    1012     505    1012 |    0.2   18.7    0.8
7934 |   255 |    4322 |    7085     508    7085 |    1016     508    1016 |    0.2   27.7    1.0
7935 |   255 |    4307 |    7081     507    7081 |    1014     507    1014 |    0.2   27.6    0.9
7936 |   254 |    4293 |    7061     506    7061 |    1012     506    1012 |    0.2   26.3    1.1
7937 |   255 |    4314 |    7084     507    7084 |    1015     507    1015 |    0.3   29.4    0.9
7938 |   255 |    3234 |    6017     506    6017 |    1013     506    1013 |    0.2   18.4    0.8
7939 |   255 |    4307 |    7079     507    7079 |    1014     507    1014 |    0.2   26.4    1.0
7940 |   255 |    4306 |    7072     506    7072 |    1013     506    1013 |    0.2   26.0    0.9
7941 |   255 |    4318 |    7082     508    7082 |    1015     508    1015 |    0.2   25.9    1.0
7942 |   254 |    3003 |    6037     506    6037 |    1012     506    1012 |    0.2   17.0    0.8
7943 |   254 |    4294 |    7064     506    7064 |    1012     506    1012 |    0.2   25.6    1.0
7944 |   255 |    4319 |    7091     507    7091 |    1015     507    1015 |    0.2   24.1    1.0
7945 |   254 |    4299 |    7072     506    7072 |    1012     506    1012 |    0.2   25.8    0.9
7946 |   255 |    4311 |    7089     507    7089 |    1014     507    1014 |    0.2   26.3    0.9
7947 |   254 |    3284 |    7072     507    7072 |    1014     507    1014 |    0.3   19.9    0.8
7948 |   255 |    4287 |    6063     506    6063 |    1013     506    1013 |    0.2   19.3    0.8
7949 |   255 |    4317 |    7087     507    7087 |    1015     507    1015 |    0.2   25.4    1.0
7950 |   255 |    4320 |    7079     507    7079 |    1015     507    1015 |    0.2   26.7    1.2
7951 |   255 |    4322 |    7094     508    7094 |    1016     508    1016 |    0.3   26.3    1.0
7952 |   255 |    3521 |    6051     507    6051 |    1015     507    1015 |    0.2   18.5    0.8
7953 |   255 |    4319 |    7093     508    7093 |    1015     508    1015 |    0.2   26.4    1.0
7954 |   255 |    4318 |    7089     507    7089 |    1015     507    1015 |    0.2   19.4    0.8
7955 |   255 |    4316 |    7086     507    7086 |    1014     507    1014 |    0.2   24.2    1.0
7956 |   255 |    4303 |    7068     507    7068 |    1015     507    1015 |    0.2   28.8    0.9
7957 |   255 |    4322 |    7090     508    7090 |    1016     508    1016 |    0.2   24.1    0.9
7958 |   255 |    4314 |    7084     507    7084 |    1015     507    1015 |    0.2   19.9    0.9
7959 |   254 |    3011 |    6045     505    6045 |    1012     505    1012 |    0.3   19.1    0.8
7960 |   255 |    3552 |    7092     508    7092 |    1015     507    1015 |    0.2   18.2    0.8
7961 |   255 |    4313 |    7082     507    7082 |    1014     507    1014 |    0.2   26.0    1.0
7962 |   254 |    4293 |    6068     506    6068 |    1012     506    1012 |    0.2   18.1    0.8
7963 |   255 |    4311 |    7079     508    7079 |    1016     508    1016 |    0.2   24.3    1.0
7964 |   255 |    4313 |    7088     507    7088 |    1015     507    1015 |    0.2   24.7    1.1
7965 |   255 |    3271 |    6051     507    6051 |    1014     507    1014 |    0.2   19.8    0.8
7966 |   255 |    4299 |    6074     507    6074 |    1014     507    1014 |    0.2   18.4    0.8
7967 |   254 |    4291 |    6065     506    6065 |    1012     506    1012 |    0.2   19.1    0.8
7968 |   255 |    4320 |    7090     508    7090 |    1016     508    1016 |    0.2   24.5    0.9
7969 |   255 |    4286 |    6062     507    6062 |    1015     507    1015 |    0.2   17.9    0.8
7970 |   255 |    4317 |    7081     507    7081 |    1014     507    1014 |    0.2   26.2    1.2
7971 |   255 |    4296 |    7043     506    7043 |    1013     506    1013 |    0.3   25.6    0.9
7972 |   255 |    4295 |    7043     505    7043 |    1013     505    1013 |    0.2   26.7    0.9
7973 |   255 |    2792 |    7064     508    7064 |    1017     508    1017 |    0.2   18.2    0.8
7974 |   253 |    4281 |    6051     505    6051 |    1011     505    1011 |    0.2   18.1    0.8
7975 |   255 |    4316 |    7086     507    7086 |    1015     508    1015 |    0.2   25.5    1.0
7976 |   255 |    4320 |    7088     507    7088 |    1014     507    1014 |    0.2   27.1    1.0
7977 |   255 |    4316 |    7077     508    7077 |    1016     508    1016 |    0.2   24.9    0.9
7978 |   255 |    4294 |    7049     505    7049 |    1012     505    1012 |    0.2   24.8    1.1
7979 |   255 |    4318 |    7090     507    7090 |    1015     508    1015 |    0.2   25.1    0.9
7980 |   254 |    4289 |    7042     505    7042 |    1013     505    1013 |    0.2   24.9    0.9
7981 |   255 |    4318 |    7084     508    7084 |    1015     508    1015 |    0.2   26.8    1.0
7982 |   255 |    4321 |    7086     507    7086 |    1015     508    1015 |    0.2   26.8    0.9
7983 |   255 |    4314 |    7064     509    7064 |    1018     509    1018 |    0.2   18.6    0.8
7984 |   255 |    4312 |    7083     507    7083 |    1014     507    1014 |    0.2   26.5    1.0
7985 |   255 |    4320 |    7096     508    7096 |    1016     508    1016 |    0.2   25.4    0.9
7986 |   254 |    4294 |    7060     505    7060 |    1012     505    1012 |    0.2   24.9    1.0
7987 |   255 |    4321 |    7088     507    7088 |    1014     507    1014 |    0.2   25.2    1.0
7988 |   255 |    4315 |    7093     507    7093 |    1015     507    1015 |    0.2   27.2    1.3
7989 |   253 |    4291 |    6065     506    6065 |    1011     506    1011 |    0.2   17.7    0.8
7990 |   254 |    4297 |    7058     505    7058 |    1013     506    1013 |    0.2   25.5    1.0
7991 |   255 |    4311 |    7078     507    7078 |    1014     507    1014 |    0.2   25.3    1.0
7992 |   254 |    4301 |    7075     506    7075 |    1013     506    1013 |    0.2   24.5    1.0
7993 |   255 |    4285 |    6035     507    6035 |    1015     507    1015 |    0.2   17.3    0.8
7994 |   255 |    4326 |    7092     508    7092 |    1015     508    1015 |    0.2   26.7    0.9
7995 |   255 |    4299 |    7049     506    7049 |    1013     506    1013 |    0.2   25.3    0.9
7996 |   253 |    4282 |    6057     505    6057 |    1011     505    1011 |    0.2   18.0    0.8
7997 |   255 |    4305 |    7073     506    7073 |    1012     506    1012 |    0.2   25.4    1.0
7998 |   255 |    3524 |    7026     508    7026 |    1018     508    1018 |    0.2   18.8    1.0
7999 |   254 |    3010 |    7051     505    7051 |    1012     505    1012 |    0.3   21.4    0.8
8000 |   255 |    4305 |    7076     507    7076 |    1016     507    1016 |    0.2   25.8    1.2
8001 |   254 |    4305 |    7068     505    7068 |    1015     507    1015 |    0.3   23.3    0.9
8002 |   253 |    4284 |    6066     506    6066 |    1011     506    1011 |    0.2   18.6    0.8
8003 |   255 |    4312 |    7090     507    7090 |    1015     507    1015 |    0.2   26.7    0.9
8004 |   255 |    4310 |    7083     508    7083 |    1016     508    1016 |    0.2   25.6    0.9
8005 |   255 |    4316 |    7079     507    7079 |    1014     507    1014 |    0.2   26.0    0.9
8006 |   255 |    4311 |    7075     506    7075 |    1013     506    1013 |    0.2   26.7    1.3
8007 |   255 |    4325 |    7097     508    7097 |    1016     508    1016 |    0.3   26.0    1.0
8008 |   255 |    3810 |    7087     507    7087 |    1015     507    1015 |    0.2   18.8    0.8
8009 |   255 |    4311 |    7074     507    7074 |    1014     507    1014 |    0.3   25.7    1.0
8010 |   253 |    4277 |    6050     506    6050 |    1013     506    1013 |    0.2   18.4    0.8
8011 |   255 |    3801 |    7080     508    7080 |    1015     508    1015 |    0.2   19.3    0.8
8012 |   255 |    4319 |    7094     508    7094 |    1015     508    1015 |    0.2   25.6    0.9
8013 |   255 |    4312 |    7088     507    7088 |    1015     507    1015 |    0.2   27.1    0.9
8014 |   254 |    4303 |    7067     507    7067 |    1014     507    1014 |    0.2   25.3    1.2
8015 |   255 |    4304 |    7052     506    7052 |    1013     506    1013 |    0.3   26.0    0.9
8016 |   255 |    4322 |    7087     508    7087 |    1016     508    1016 |    0.2   25.0    1.0
8017 |   255 |    4321 |    7097     507    7097 |    1015     507    1015 |    0.2   26.2    1.1
8018 |   255 |    4308 |    7081     507    7081 |    1015     507    1015 |    0.3   25.8    1.2
8019 |   255 |    4320 |    7084     508    7084 |    1016     508    1016 |    0.3   25.8    1.1
8020 |   255 |    4325 |    7090     508    7090 |    1016     508    1016 |    0.2   26.1    1.0
8021 |   254 |    4280 |    6055     506    6055 |    1011     506    1011 |    0.3   17.9    0.8
8022 |   255 |    4307 |    7069     507    7069 |    1014     507    1014 |    0.2   26.2    1.0
8023 |   255 |    4290 |    7043     508    7043 |    1015     508    1015 |    0.2   25.3    0.9
8024 |   255 |    3296 |    7095     507    7095 |    1015     507    1015 |    0.2   19.3    0.8
8025 |   255 |    4328 |    7089     508    7089 |    1017     508    1017 |    0.2   26.0    1.0
8026 |   255 |    4296 |    7052     506    7052 |    1013     506    1013 |    0.2   25.3    1.2
8027 |   255 |    4321 |    7093     507    7093 |    1015     507    1015 |    0.2   24.5    0.9
8028 |   255 |    4303 |    7067     506    7067 |    1012     506    1012 |    0.2   27.6    1.1
8029 |   253 |    4279 |    6056     505    6056 |    1011     505    1011 |    0.2   19.3    0.8
8030 |   255 |    4307 |    7057     507    7057 |    1015     507    1015 |    0.2   25.8    0.9
8031 |   255 |    4322 |    7086     508    7086 |    1016     508    1016 |    0.2   26.8    1.1
8032 |   255 |    4317 |    7087     508    7087 |    1016     508    1016 |    0.3   26.3    1.0
8033 |   255 |    4310 |    7087     507    7087 |    1014     507    1014 |    0.3   25.0    0.9
8034 |   255 |    3307 |    7083     508    7083 |    1016     508    1016 |    0.2   20.8    1.1
8035 |   255 |    3549 |    7052     509    7052 |    1018     509    1018 |    0.2   19.9    0.8
8036 |   254 |    3019 |    6063     506    6063 |    1012     506    1012 |    0.2   18.9    0.8
8037 |   255 |    3014 |    6056     506    6056 |    1013     506    1013 |    0.2   18.7    0.8
8038 |   255 |    3296 |    7080     507    7080 |    1015     507    1015 |    0.2   21.3    0.8
8039 |   255 |    4325 |    7091     508    7091 |    1016     508    1016 |    0.2   25.5    1.1
8040 |   254 |    4307 |    7075     507    7075 |    1013     507    1013 |    0.2   25.5    1.0
8041 |   255 |    4309 |    7077     507    7077 |    1015     507    1015 |    0.2   26.6    1.0
8042 |   255 |    3774 |    6055     507    6055 |    1015     507    1015 |    0.2   19.0    0.8
8043 |   255 |    4315 |    7074     508    7074 |    1016     508    1016 |    0.2   25.9    0.9
8044 |   255 |    2765 |    6060     506    6060 |    1013     506    1013 |    0.2   19.5    0.8
8045 |   255 |    4314 |    7088     507    7088 |    1015     507    1015 |    0.2   18.9    1.4
8046 |   255 |    4319 |    7086     507    7086 |    1014     507    1014 |    0.3   24.8    1.0
8047 |   255 |    4319 |    7094     507    7094 |    1015     507    1015 |    0.2   25.2    0.9
8048 |   255 |    4323 |    7084     508    7084 |    1016     508    1016 |    0.2   25.6    1.3
8049 |   254 |    4271 |    6052     505    6052 |    1011     505    1011 |    0.3   18.7    0.8
8050 |   252 |    4273 |    6045     505    6045 |    1010     505    1010 |    0.2   18.4    0.8
8051 |   255 |    4324 |    7094     508    7094 |    1015     508    1015 |    0.2   25.3    1.0
8052 |   255 |    3030 |    7080     507    7080 |    1015     507    1015 |    0.2   25.4    1.0
8053 |   255 |    3031 |    7082     507    7082 |    1014     507    1014 |    0.2   25.8    0.9
8054 |   254 |    4294 |    7074     506    7074 |    1012     506    1012 |    0.2   25.2    0.9
8055 |   255 |    2779 |    6078     507    6078 |    1014     507    1014 |    0.2   18.9    0.9
8056 |   255 |    4321 |    7079     508    7079 |    1017     508    1017 |    0.2   26.0    0.9
8057 |   255 |    4314 |    7087     507    7087 |    1015     507    1015 |    0.2   26.1    1.0
8058 |   255 |    3301 |    7100     508    7100 |    1016     508    1016 |    0.3   19.9    0.9
8059 |   255 |    4299 |    7074     506    7074 |    1013     506    1013 |    0.2   26.8    1.0
8060 |   255 |    4322 |    7096     508    7096 |    1015     508    1015 |    0.2   26.8    1.0
8061 |   255 |    4311 |    7081     507    7081 |    1013     507    1013 |    0.2   27.5    1.0
8062 |   255 |    3536 |    6075     506    6075 |    1014     507    1014 |    0.2   18.3    0.9
8063 |   255 |    3017 |    6058     506    6058 |    1013     506    1013 |    0.2   19.4    0.8
8064 |   254 |    4312 |    7079     507    7079 |    1014     507    1014 |    0.2   25.3    1.1
8065 |   255 |    4313 |    7087     507    7087 |    1015     507    1015 |    0.2   24.6    0.9
8066 |   254 |    4303 |    7070     506    7070 |    1013     507    1013 |    0.2   25.1    0.9
8067 |   253 |    4256 |    6036     505    6036 |    1011     505    1011 |    0.2   18.4    0.8
8068 |   253 |    4262 |    7012     505    7012 |    1011     505    1011 |    0.2   25.3    1.3
8069 |   255 |    2786 |    7085     508    7085 |    1016     508    1016 |    0.2   24.6    1.0
8070 |   255 |    4313 |    7081     508    7081 |    1015     508    1015 |    0.3   20.1    0.8
8071 |   255 |    4278 |    7016     505    7016 |    1012     505    1012 |    0.2   24.9    1.0
8072 |   254 |    4304 |    7076     507    7076 |    1015     507    1015 |    0.2   24.3    0.9
8073 |   255 |    4303 |    7076     507    7076 |    1014     507    1014 |    0.2   25.3    1.1
8074 |   255 |    4313 |    7087     507    7087 |    1015     507    1015 |    0.2   26.2    1.0
8075 |   255 |    4309 |    7066     507    7066 |    1014     507    1014 |    0.3   25.1    0.9
8076 |   255 |    2798 |    7084     508    7084 |    1016     508    1016 |    0.2   18.4    0.8
8077 |   254 |    3798 |    7071     506    7071 |    1014     506    1014 |    0.2   19.0    0.8
8078 |   255 |    4320 |    7088     508    7088 |    1016     508    1016 |    0.3   26.3    0.9
8079 |   254 |    4284 |    7047     505    7047 |    1011     505    1011 |    0.2   26.4    1.4
8080 |   255 |    4313 |    7085     507    7085 |    1014     507    1014 |    0.4   29.1    0.9
8081 |   254 |    4309 |    7070     507    7070 |    1015     507    1015 |    0.3   25.7    1.2
8082 |   255 |    4321 |    7092     508    7092 |    1017     508    1017 |    0.3   26.1    0.9
8083 |   255 |    4311 |    7083     507    7083 |    1015     507    1015 |    0.2   25.1    0.9
8084 |   254 |    4305 |    7069     507    7069 |    1013     507    1013 |    0.2   25.4    1.0
8085 |   253 |    4280 |    6052     505    6052 |    1010     505    1010 |    0.2   18.0    0.8
8086 |   255 |    4297 |    7062     506    7062 |    1013     506    1013 |    0.3   17.7    0.8
8087 |   254 |    3246 |    6051     505    6051 |    1011     506    1011 |    0.2   18.2    0.8
8088 |   255 |    4291 |    6068     506    6068 |    1013     506    1013 |    0.2   17.9    0.9
8089 |   255 |    4300 |    7078     507    7078 |    1014     507    1014 |    0.3   26.2    1.0
8090 |   255 |    4320 |    7080     507    7080 |    1014     507    1014 |    0.2   24.9    1.0
8091 |   255 |    4319 |    7093     507    7093 |    1015     507    1015 |    0.2   25.5    1.0
8092 |   255 |    4316 |    7087     507    7087 |    1014     507    1014 |    0.2   29.0    1.2
8093 |   255 |    3549 |    7072     508    7072 |    1017     508    1017 |    0.2   19.8    1.0
8094 |   253 |    4287 |    7048     505    7048 |    1011     505    1011 |    0.2   24.5    0.9
8095 |   254 |    3211 |    5988     506    5988 |    1012     506    1012 |    0.2   17.9    0.9
8096 |   255 |    4315 |    7074     507    7074 |    1014     507    1014 |    0.2   24.7    1.0
8097 |   255 |    4300 |    7064     508    7064 |    1017     508    1017 |    0.3   19.2    0.8
8098 |   254 |    4294 |    7070     505    7070 |    1012     505    1012 |    0.2   25.5    1.0
8099 |   255 |    4314 |    7078     507    7078 |    1014     507    1014 |    0.2   26.3    1.0
8100 |   254 |    4267 |    6045     505    6045 |    1012     505    1012 |    0.2   18.4    0.8
8101 |   255 |    4321 |    7093     508    7093 |    1015     507    1015 |    0.2   26.0    1.0
8102 |   255 |    3303 |    7096     508    7096 |    1015     508    1015 |    0.2   20.7    0.9
8103 |   255 |    2761 |    6033     506    6033 |    1013     506    1013 |    0.2   18.8    0.8
8104 |   255 |    4286 |    6061     506    6061 |    1013     506    1013 |    0.2   18.6    0.8
8105 |   253 |    4283 |    6056     505    6056 |    1010     505    1010 |    0.2   19.1    0.8
8106 |   255 |    4315 |    7086     507    7086 |    1015     507    1015 |    0.2   26.5    0.9
8107 |   255 |    2786 |    7086     507    7086 |    1015     507    1015 |    0.2   27.1    1.0
8108 |   255 |    4318 |    7085     508    7085 |    1016     508    1016 |    0.2   27.6    1.1
8109 |   255 |    4330 |    7101     508    7101 |    1016     508    1016 |    0.2   25.0    1.0
8110 |   255 |    4303 |    7066     506    7066 |    1012     506    1012 |    0.2   25.0    1.0
8111 |   254 |    4293 |    7065     505    7065 |    1011     505    1011 |    0.2   24.4    0.9
8112 |   255 |    4285 |    6065     506    6065 |    1013     506    1013 |    0.2   19.3    0.8
8113 |   255 |    4316 |    7083     507    7083 |    1013     507    1013 |    0.2   24.9    0.9
8114 |   255 |    3806 |    7092     508    7092 |    1016     508    1016 |    0.2   20.0    0.8
8115 |   255 |    3293 |    7088     508    7088 |    1015     508    1015 |    0.2   25.1    1.0
8116 |   255 |    4314 |    7087     507    7087 |    1015     507    1015 |    0.2   24.5    1.2
8117 |   254 |    4266 |    7010     506    7010 |    1014     506    1014 |    0.3   25.0    0.9
8118 |   255 |    4319 |    7086     507    7086 |    1015     507    1015 |    0.2   25.4    0.9
8119 |   255 |    4309 |    7068     506    7068 |    1013     506    1013 |    0.2   25.0    1.0
8120 |   255 |    3541 |    7066     508    7066 |    1016     508    1016 |    0.3   19.3    0.8
8121 |   254 |    3277 |    6070     506    6070 |    1012     506    1012 |    0.2   18.5    0.8
8122 |   255 |    3017 |    6068     507    6068 |    1015     507    1015 |    0.2   18.3    0.8
8123 |   255 |    3031 |    7081     507    7081 |    1014     507    1014 |    0.2   26.2    0.9
8124 |   253 |    4283 |    6057     506    6057 |    1011     506    1011 |    0.2   18.3    0.8
8125 |   255 |    4311 |    7084     507    7084 |    1015     507    1015 |    0.2   26.1    0.9
8126 |   255 |    4247 |    6027     506    6027 |    1013     506    1013 |    0.2   19.2    1.0
8127 |   255 |    4322 |    7089     508    7089 |    1016     508    1016 |    0.3   26.5    1.0
8128 |   255 |    4300 |    7057     506    7057 |    1013     506    1013 |    0.2   24.5    1.0
8129 |   255 |    4302 |    7080     507    7080 |    1014     507    1014 |    0.2   25.4    0.9
8130 |   255 |    4325 |    7094     508    7094 |    1016     508    1016 |    0.3   25.5    0.9
8131 |   255 |    3548 |    7090     507    7090 |    1014     507    1014 |    0.2   25.3    1.0
8132 |   255 |    4320 |    7087     507    7087 |    1015     507    1015 |    0.2   26.5    1.0
8133 |   255 |    4309 |    7089     507    7089 |    1014     507    1014 |    0.2   24.9    0.9
8134 |   254 |    4295 |    7066     507    7066 |    1013     507    1013 |    0.2   26.0    1.0
8135 |   254 |    3252 |    6035     506    6035 |    1011     505    1011 |    0.3   19.3    0.8
8136 |   255 |    4311 |    7076     507    7076 |    1014     507    1014 |    0.2   25.8    1.0
8137 |   252 |    2756 |    6033     505    6033 |    1010     505    1010 |    0.2   19.1    1.0
8138 |   255 |    3552 |    7054     510    7054 |    1020     510    1020 |    0.3   20.0    1.0
8139 |   255 |    4307 |    7065     506    7065 |    1013     506    1013 |    0.2   26.4    1.1
8140 |   253 |    2770 |    7037     506    7037 |    1014     506    1014 |    0.2   19.4    1.0
8141 |   253 |    4284 |    7048     507    7048 |    1015     507    1015 |    0.2   24.8    0.9
8142 |   255 |    3003 |    6027     506    6027 |    1013     506    1013 |    0.2   19.6    0.8
8143 |   255 |    4319 |    7079     508    7079 |    1016     508    1016 |    0.2   24.3    0.9
8144 |   255 |    4308 |    7081     507    7081 |    1014     507    1014 |    0.3   26.8    0.9
8145 |   252 |    4267 |    6039     505    6039 |    1010     505    1010 |    0.2   20.0    0.8
8146 |   255 |    3290 |    7080     507    7080 |    1015     507    1015 |    0.2   26.0    1.0
8147 |   255 |    4308 |    7088     507    7088 |    1014     507    1014 |    0.2   27.5    1.0
8148 |   255 |    4320 |    7086     507    7086 |    1014     507    1014 |    0.2   25.1    1.0
8149 |   252 |    4272 |    6046     505    6046 |    1010     505    1010 |    0.2   18.2    0.8
8150 |   253 |    4287 |    7065     506    7065 |    1011     506    1011 |    0.2   17.7    0.8
8151 |   255 |    4299 |    7045     506    7045 |    1013     506    1013 |    0.2   26.1    1.0
8152 |   255 |    4319 |    7090     507    7090 |    1015     507    1015 |    0.2   25.4    0.9
8153 |   255 |    4327 |    7094     508    7094 |    1017     508    1017 |    0.2   25.2    1.2
8154 |   254 |    3526 |    7057     506    7057 |    1013     506    1013 |    0.3   19.5    1.0
8155 |   255 |    4321 |    7091     508    7091 |    1016     508    1016 |    0.2   24.9    1.1
8156 |   255 |    3552 |    7075     508    7075 |    1017     508    1017 |    0.2   19.4    1.0
8157 |   255 |    4298 |    7075     507    7075 |    1014     507    1014 |    0.2   25.5    0.9
8158 |   255 |    4317 |    7084     507    7084 |    1014     507    1014 |    0.2   25.3    0.9
8159 |   255 |    4312 |    7087     507    7087 |    1015     507    1015 |    0.2   26.5    1.0
8160 |   254 |    4271 |    6045     505    6045 |    1012     505    1012 |    0.2   18.6    0.8
8161 |   255 |    4321 |    7082     507    7082 |    1017     507    1017 |    0.2   26.3    0.9
8162 |   254 |    4287 |    7048     505    7048 |    1011     505    1011 |    0.2   26.4    1.1
8163 |   255 |    4312 |    7078     507    7078 |    1015     507    1015 |    0.3   26.9    0.9
8164 |   254 |    4296 |    7076     506    7076 |    1013     506    1013 |    0.2   26.9    1.0
8165 |   255 |    4314 |    7082     507    7082 |    1014     507    1014 |    0.2   19.2    0.8
8166 |   255 |    2764 |    6038     506    6038 |    1013     506    1013 |    0.2   20.3    0.8
8167 |   255 |    4312 |    6073     506    6073 |    1013     506    1013 |    0.2   19.7    0.8
8168 |   255 |    2760 |    6050     506    6050 |    1013     506    1013 |    0.2   18.2    0.8
8169 |   255 |    3547 |    7092     508    7092 |    1016     508    1016 |    0.2   24.8    1.0
8170 |   255 |    4315 |    7078     508    7078 |    1015     508    1015 |    0.2   25.5    1.1
8171 |   255 |    4322 |    7075     509    7075 |    1018     509    1018 |    0.3   27.2    1.1
8172 |   255 |    4314 |    7087     507    7087 |    1014     507    1014 |    0.2   26.4    1.0
8173 |   254 |    4295 |    7072     506    7072 |    1013     506    1013 |    0.3   24.6    0.9
8174 |   255 |    4289 |    7032     506    7032 |    1013     506    1013 |    0.2   24.3    1.0
8175 |   255 |    4321 |    7088     508    7088 |    1016     508    1016 |    0.2   26.5    1.0
8176 |   255 |    4314 |    7086     507    7086 |    1015     507    1015 |    0.2   26.3    0.9
8177 |   255 |    4319 |    7090     507    7090 |    1015     508    1015 |    0.2   27.0    1.0
8178 |   255 |    3536 |    7080     508    7080 |    1015     508    1015 |    0.2   26.9    1.1
8179 |   255 |    4309 |    7081     507    7081 |    1013     506    1013 |    0.2   27.1    0.9
8180 |   255 |    4314 |    7085     508    7085 |    1015     508    1015 |    0.2   27.2    1.0
8181 |   255 |    4329 |    7098     508    7098 |    1016     508    1016 |    0.2   26.1    1.1
8182 |   253 |    4281 |    7059     505    7059 |    1011     506    1011 |    0.2   25.4    0.9
8183 |   255 |    4308 |    7079     506    7079 |    1013     506    1013 |    0.2   25.5    1.0
8184 |   255 |    2785 |    7080     508    7080 |    1016     508    1016 |    0.2   27.8    1.0
8185 |   255 |    3291 |    7061     508    7061 |    1016     508    1016 |    0.2   19.9    0.8
8186 |   255 |    4312 |    7079     507    7079 |    1014     507    1014 |    0.2   25.9    1.0
8187 |   254 |    2777 |    7071     508    7071 |    1015     508    1015 |    0.2   27.5    1.0
8188 |   255 |    4314 |    7079     507    7079 |    1013     507    1013 |    0.2   28.0    1.0
8189 |   255 |    4322 |    7090     508    7090 |    1016     508    1016 |    0.2   25.0    0.9
8190 |   255 |    4319 |    7091     508    7091 |    1016     508    1016 |    0.2   26.2    0.9
8191 |   255 |    4320 |    7079     508    7079 |    1015     508    1015 |    0.2   26.2    0.9
8192 |   255 |    4311 |    7085     507    7085 |    1015     507    1015 |    0.2   24.9    1.0
8193 |   255 |    4307 |    7083     507    7083 |    1014     507    1014 |    0.3   27.4    1.0
8194 |   255 |    4322 |    7091     507    7091 |    1015     507    1015 |    0.2   27.3    1.0
8195 |   255 |    4297 |    6076     507    6076 |    1013     507    1013 |    0.2   18.4    0.8
8196 |   255 |    4312 |    7080     506    7080 |    1015     507    1015 |    0.2   27.3    1.2
8197 |   255 |    4310 |    7075     507    7075 |    1014     507    1014 |    0.3   26.3    1.0
8198 |   255 |    4322 |    7089     508    7089 |    1015     508    1015 |    0.2   26.7    1.2
8199 |   255 |    4287 |    7043     507    7043 |    1014     507    1014 |    0.3   23.8    0.9
8200 |   255 |    3311 |    7089     508    7089 |    1016     508    1016 |    0.2   19.1    0.8
8201 |   255 |    4308 |    7078     507    7078 |    1014     507    1014 |    0.2   25.3    1.0
8202 |   255 |    4308 |    6074     507    6074 |    1014     507    1014 |    0.2   19.0    0.8
8203 |   255 |    3027 |    7079     507    7079 |    1014     507    1014 |    0.2   26.3    1.3
8204 |   255 |    4311 |    7083     508    7083 |    1016     508    1016 |    0.3   26.7    1.0
8205 |   255 |    4322 |    7090     507    7090 |    1015     507    1015 |    0.2   25.7    0.9
8206 |   254 |    4297 |    7073     508    7073 |    1015     508    1015 |    0.2   24.5    0.9
8207 |   254 |    4286 |    6063     506    6063 |    1013     506    1013 |    0.2   17.9    0.8
8208 |   254 |    4303 |    7078     506    7078 |    1013     506    1013 |    0.2   26.5    1.2
8209 |   255 |    3283 |    7083     509    7083 |    1018     509    1018 |    0.2   25.3    0.9
8210 |   255 |    4292 |    6075     506    6075 |    1013     506    1013 |    0.2   18.4    0.8
8211 |   253 |    3775 |    7027     507    7027 |    1014     507    1014 |    0.2   17.6    0.9
8212 |   255 |    4319 |    7086     508    7086 |    1017     508    1017 |    0.2   23.7    0.9
8213 |   251 |    3470 |    5995     505    5995 |    1010     505    1010 |    0.2   18.5    0.8
8214 |   255 |    4296 |    7037     505    7037 |    1013     505    1013 |    0.2   24.2    0.9
8215 |   255 |    3083 |    7049     511    7049 |    1022     511    1022 |    0.2   19.9    0.8
8216 |   254 |    4304 |    7076     507    7076 |    1013     507    1013 |    0.2   26.9    0.9
8217 |   255 |    4325 |    7090     508    7090 |    1016     508    1016 |    0.2   26.2    0.9
8218 |   255 |    4315 |    7083     507    7083 |    1014     507    1014 |    0.2   24.6    1.1
8219 |   254 |    4287 |    7054     505    7054 |    1012     505    1012 |    0.2   25.0    0.9
8220 |   255 |    4326 |    7088     508    7088 |    1015     508    1015 |    0.2   25.9    1.0
8221 |   254 |    2780 |    7079     507    7079 |    1015     507    1015 |    0.2   25.4    1.1
8222 |   254 |    4291 |    7059     505    7059 |    1012     506    1012 |    0.2   24.9    0.9
8223 |   254 |    4285 |    7041     505    7041 |    1012     505    1012 |    0.2   24.3    0.9
8224 |   255 |    4319 |    7089     508    7089 |    1016     508    1016 |    0.2   28.1    1.0
8225 |   254 |    4296 |    7050     506    7050 |    1013     506    1013 |    0.2   25.5    0.9
8226 |   254 |    4296 |    7064     506    7064 |    1013     506    1013 |    0.2   26.1    0.9
8227 |   255 |    4318 |    7086     508    7086 |    1016     508    1016 |    0.3   24.8    0.9
8228 |   255 |    4321 |    7094     508    7094 |    1015     508    1015 |    0.2   27.4    0.9
8229 |   255 |    4307 |    7081     508    7081 |    1015     508    1015 |    0.2   23.9    0.9
8230 |   255 |    2780 |    7086     507    7086 |    1014     507    1014 |    0.2   27.5    1.0
8231 |   255 |    4317 |    7083     508    7083 |    1015     508    1015 |    0.2   25.3    1.0
8232 |   254 |    4264 |    6041     505    6041 |    1012     505    1012 |    0.2   18.6    0.8
8233 |   254 |    4295 |    7067     506    7067 |    1013     506    1013 |    0.2   26.4    1.0
8234 |   255 |    4324 |    7093     508    7093 |    1015     508    1015 |    0.2   27.6    1.0
8235 |   255 |    4314 |    7089     508    7089 |    1016     508    1016 |    0.2   24.4    0.9
8236 |   255 |    4306 |    6070     506    6070 |    1013     506    1013 |    0.2   19.5    0.8
8237 |   255 |    4322 |    7083     507    7083 |    1015     507    1015 |    0.2   25.0    1.0
8238 |   255 |    4298 |    7081     507    7081 |    1013     507    1013 |    0.2   25.5    0.9
8239 |   255 |    4305 |    7061     507    7061 |    1013     507    1013 |    0.2   26.0    1.0
8240 |   255 |    4320 |    7093     508    7093 |    1016     508    1016 |    0.2   27.7    1.2
8241 |   255 |    4315 |    7070     507    7070 |    1014     507    1014 |    0.3   25.0    1.0
8242 |   255 |    4303 |    7086     507    7086 |    1014     507    1014 |    0.2   28.0    1.0
8243 |   255 |    4315 |    7086     507    7086 |    1015     507    1015 |    0.2   27.9    0.9
8244 |   255 |    4328 |    7090     508    7090 |    1016     508    1016 |    0.2   25.6    0.9
8245 |   255 |    2780 |    7079     508    7079 |    1015     508    1015 |    0.2   25.8    0.9
8246 |   254 |    4297 |    7066     506    7066 |    1012     506    1012 |    0.2   25.0    0.9
8247 |   255 |    4315 |    7090     507    7090 |    1015     507    1015 |    0.2   25.8    1.0
8248 |   255 |    4324 |    7082     508    7082 |    1016     508    1016 |    0.2   26.7    1.0
8249 |   254 |    3798 |    7062     508    7062 |    1016     508    1016 |    0.2   19.4    0.8
8250 |   255 |    4324 |    7091     507    7091 |    1015     507    1015 |    0.2   25.4    0.9
8251 |   255 |    4315 |    7083     507    7083 |    1014     507    1014 |    0.2   25.7    0.9
8252 |   254 |    4249 |    6025     505    6025 |    1012     505    1012 |    0.3   18.8    1.0
8253 |   255 |    4309 |    7069     507    7069 |    1014     507    1014 |    0.2   25.8    0.9
8254 |   255 |    4315 |    7079     507    7079 |    1015     507    1015 |    0.2   26.8    0.9
8255 |   255 |    4291 |    7037     506    7037 |    1013     506    1013 |    0.2   25.2    0.9
8256 |   255 |    4309 |    7084     507    7084 |    1014     507    1014 |    0.2   26.2    1.0
8257 |   255 |    4303 |    7074     507    7074 |    1016     508    1016 |    0.2   24.0    1.0
8258 |   255 |    4325 |    7085     508    7085 |    1016     508    1016 |    0.2   26.2    0.9
8259 |   255 |    3552 |    7087     508    7087 |    1016     508    1016 |    0.3   19.0    0.8
8260 |   254 |    4288 |    6064     505    6064 |    1012     505    1012 |    0.2   20.6    0.9
8261 |   255 |    4307 |    7083     507    7083 |    1015     508    1015 |    0.3   25.1    1.0
8262 |   255 |    4268 |    6044     506    6044 |    1012     506    1012 |    0.2   17.7    0.8
8263 |   255 |    4319 |    7092     509    7092 |    1017     509    1017 |    0.2   25.7    1.0
8264 |   255 |    4316 |    7087     507    7087 |    1015     507    1015 |    0.2   26.8    1.0
8265 |   255 |    3031 |    7081     508    7081 |    1015     508    1015 |    0.2   26.1    0.9
8266 |   255 |    4289 |    6064     506    6064 |    1013     506    1013 |    0.2   18.8    0.8
8267 |   255 |    4313 |    7079     507    7079 |    1015     508    1015 |    0.2   25.4    0.9
8268 |   255 |    4280 |    7026     506    7026 |    1012     506    1012 |    0.3   18.4    0.8
8269 |   254 |    4285 |    7040     507    7040 |    1014     507    1014 |    0.2   24.7    1.0
8270 |   255 |    4318 |    7089     507    7089 |    1015     507    1015 |    0.2   26.8    1.0
8271 |   254 |    4300 |    7074     507    7074 |    1013     507    1013 |    0.2   25.9    1.0
8272 |   255 |    4305 |    7082     507    7082 |    1014     507    1014 |    0.2   23.6    0.9
8273 |   251 |    4193 |    6942     506    6942 |    1012     506    1012 |    0.3   18.4    0.8
8274 |   255 |    4313 |    7081     507    7081 |    1014     507    1014 |    0.2   26.1    1.0
8275 |   254 |    4295 |    7058     506    7058 |    1015     507    1015 |    0.2   24.2    0.9
8276 |   255 |    3025 |    7069     508    7069 |    1016     508    1016 |    0.2   26.8    1.1
8277 |   255 |    4311 |    7080     507    7080 |    1014     507    1014 |    0.2   24.8    0.9
8278 |   254 |    4268 |    6047     506    6047 |    1012     506    1012 |    0.2   18.5    0.8
8279 |   255 |    3476 |    5998     506    5998 |    1014     506    1014 |    0.2   19.1    0.8
8280 |   255 |    4322 |    7090     507    7090 |    1015     507    1015 |    0.2   28.6    0.9
8281 |   255 |    4305 |    7081     507    7081 |    1014     507    1014 |    0.2   23.9    0.9
8282 |   255 |    4320 |    7089     507    7089 |    1015     507    1015 |    0.2   18.8    0.8
8283 |   255 |    3267 |    6065     506    6065 |    1013     506    1013 |    0.3   18.8    0.8
8284 |   255 |    4314 |    7080     506    7080 |    1013     507    1013 |    0.2   26.0    0.9
8285 |   255 |    3496 |    7022     507    7022 |    1015     507    1015 |    0.2   18.4    0.8
8286 |   255 |    4289 |    7071     507    7071 |    1013     506    1013 |    0.2   18.8    0.8
8287 |   254 |    4299 |    7062     505    7062 |    1013     507    1013 |    0.2   25.1    0.9
8288 |   255 |    4320 |    7093     508    7093 |    1017     508    1017 |    0.2   26.1    1.0
8289 |   255 |    4308 |    7064     507    7064 |    1016     507    1016 |    0.3   25.0    1.0
8290 |   255 |    4311 |    7072     507    7072 |    1014     507    1014 |    0.2   25.2    0.9
8291 |   254 |    4306 |    7081     507    7081 |    1014     507    1014 |    0.2   25.5    1.1
8292 |   255 |    4324 |    7091     508    7091 |    1017     508    1017 |    0.3   24.8    0.9
8293 |   255 |    4306 |    7075     507    7075 |    1014     507    1014 |    0.2   24.1    1.0
8294 |   255 |    4297 |    6075     507    6075 |    1013     507    1013 |    0.2   19.8    0.9
8295 |   253 |    3251 |    6030     505    6030 |    1010     505    1010 |    0.2   18.2    0.9
8296 |   255 |    4294 |    6070     506    6070 |    1012     506    1012 |    0.2   19.3    0.8
8297 |   255 |    4317 |    7086     507    7086 |    1014     507    1014 |    0.2   18.5    0.8
8298 |   255 |    4289 |    6065     507    6065 |    1014     507    1014 |    0.2   19.2    0.8
8299 |   255 |    3287 |    7088     507    7088 |    1015     507    1015 |    0.2   25.1    1.0
8300 |   255 |    4311 |    7083     507    7083 |    1014     507    1014 |    0.2   24.9    1.2
8301 |   254 |    4305 |    7077     507    7077 |    1013     507    1013 |    0.3   25.3    1.0
8302 |   255 |    4314 |    7083     507    7083 |    1014     507    1014 |    0.2   24.5    0.9
8303 |   255 |    4314 |    7085     507    7085 |    1014     507    1014 |    0.2   25.8    0.9
8304 |   254 |    4294 |    7057     505    7057 |    1012     505    1012 |    0.2   25.1    1.1
8305 |   255 |    4300 |    7057     506    7057 |    1013     505    1013 |    0.2   25.4    0.9
8306 |   255 |    4322 |    7087     508    7087 |    1017     508    1017 |    0.2   25.6    1.0
8307 |   255 |    4309 |    7074     508    7074 |    1016     508    1016 |    0.3   26.4    1.0
8308 |   253 |    4279 |    7043     505    7043 |    1011     505    1011 |    0.3   24.1    0.9
8309 |   255 |    4312 |    7086     507    7086 |    1014     507    1014 |    0.2   25.2    1.2
8310 |   255 |    4311 |    7082     508    7082 |    1015     507    1015 |    0.3   26.1    1.0
8311 |   255 |    4316 |    7080     506    7080 |    1014     506    1014 |    0.2   28.3    1.0
8312 |   255 |    4319 |    7089     508    7089 |    1016     508    1016 |    0.2   25.9    0.9
8313 |   255 |    2781 |    7081     507    7081 |    1015     507    1015 |    0.2   24.8    0.9
8314 |   254 |    3011 |    6061     506    6061 |    1012     506    1012 |    0.2   18.5    0.8
8315 |   254 |    4287 |    6062     506    6062 |    1013     506    1013 |    0.2   18.0    0.8
8316 |   255 |    3040 |    7087     508    7087 |    1017     508    1017 |    0.2   25.2    0.9
8317 |   255 |    4318 |    7078     508    7078 |    1015     508    1015 |    0.2   24.6    0.9
8318 |   255 |    4304 |    7080     507    7080 |    1014     507    1014 |    0.2   24.8    1.0
8319 |   255 |    4316 |    7074     506    7074 |    1016     508    1016 |    0.2   25.2    0.9
8320 |   254 |    2781 |    7080     507    7080 |    1014     507    1014 |    0.2   24.7    1.0
8321 |   255 |    4295 |    7073     506    7073 |    1013     506    1013 |    0.2   20.0    1.1
8322 |   255 |    4310 |    7066     507    7066 |    1015     507    1015 |    0.3   25.4    1.0
8323 |   255 |    3268 |    6051     506    6051 |    1013     506    1013 |    0.2   18.3    0.8
8324 |   255 |    4306 |    7080     507    7080 |    1014     507    1014 |    0.2   24.9    0.9
8325 |   255 |    4321 |    7079     509    7079 |    1017     509    1017 |    0.2   26.7    1.0
8326 |   255 |    4322 |    7093     507    7093 |    1015     507    1015 |    0.2   25.8    1.0
8327 |   254 |    2782 |    7074     507    7074 |    1014     507    1014 |    0.2   24.8    0.9
8328 |   254 |    4291 |    6064     506    6064 |    1013     506    1013 |    0.2   19.3    0.8
8329 |   255 |    4318 |    7088     507    7088 |    1015     507    1015 |    0.2   24.5    1.0
8330 |   255 |    4327 |    7090     509    7090 |    1018     509    1018 |    0.2   25.7    0.9
8331 |   254 |    2779 |    7071     507    7071 |    1013     507    1013 |    0.3   26.4    1.0
8332 |   255 |    4320 |    7085     508    7085 |    1017     508    1017 |    0.2   25.5    1.0
8333 |   255 |    4293 |    7033     506    7033 |    1014     506    1014 |    0.2   25.2    0.9
8334 |   254 |    4295 |    7070     506    7070 |    1013     506    1013 |    0.2   26.0    1.0
8335 |   255 |    4314 |    7084     507    7084 |    1014     507    1014 |    0.2   25.3    1.0
8336 |   255 |    4318 |    7086     507    7086 |    1014     507    1014 |    0.2   25.9    0.9
8337 |   255 |    4304 |    7073     508    7073 |    1017     508    1017 |    0.2   26.3    1.0
8338 |   253 |    4256 |    6030     505    6030 |    1010     505    1010 |    0.2   17.5    0.8
8339 |   255 |    4318 |    7084     507    7084 |    1015     508    1015 |    0.2   27.0    1.0
8340 |   255 |    2786 |    7088     507    7088 |    1014     507    1014 |    0.2   24.9    1.0
8341 |   255 |    4326 |    7091     509    7091 |    1017     509    1017 |    0.2   19.5    0.9
8342 |   255 |    4314 |    7086     508    7086 |    1016     508    1016 |    0.2   26.1    0.9
8343 |   255 |    4306 |    7079     507    7079 |    1014     507    1014 |    0.2   25.7    1.0
8344 |   255 |    4322 |    7087     508    7087 |    1016     508    1016 |    0.2   24.8    1.0
8345 |   255 |    4325 |    7087     508    7087 |    1017     508    1017 |    0.2   25.2    1.0
8346 |   253 |    4284 |    6058     506    6058 |    1011     505    1011 |    0.2   19.6    0.8
8347 |   254 |    4271 |    6045     506    6045 |    1012     506    1012 |    0.2   19.3    0.8
8348 |   255 |    3542 |    7083     507    7083 |    1015     507    1015 |    0.2   25.1    0.9
8349 |   254 |    3011 |    6043     506    6043 |    1012     506    1012 |    0.2   18.1    0.8
8350 |   252 |    4249 |    6020     505    6020 |    1010     505    1010 |    0.2   18.4    0.8
8351 |   255 |    4311 |    7087     507    7087 |    1015     507    1015 |    0.2   25.6    0.9
8352 |   255 |    4304 |    7086     507    7086 |    1014     507    1014 |    0.3   26.6    1.0
8353 |   255 |    4327 |    7090     508    7090 |    1017     508    1017 |    0.2   24.8    0.9
8354 |   255 |    4323 |    7092     508    7092 |    1016     508    1016 |    0.2   25.5    0.9
8355 |   255 |    3777 |    7035     507    7035 |    1015     507    1015 |    0.2   18.9    0.8
8356 |   255 |    4293 |    7056     508    7056 |    1017     508    1017 |    0.2   26.1    0.9
8357 |   255 |    4321 |    7085     507    7085 |    1016     507    1016 |    0.2   24.7    0.9
8358 |   255 |    3041 |    7094     509    7094 |    1017     509    1017 |    0.2   25.0    1.0
8359 |   255 |    4317 |    7080     508    7080 |    1015     508    1015 |    0.3   25.0    1.0
8360 |   255 |    4310 |    7075     508    7075 |    1015     508    1015 |    0.2   24.4    0.9
8361 |   255 |    4299 |    7050     506    7050 |    1013     506    1013 |    0.2   25.4    0.9
8362 |   254 |    3741 |    6028     505    6028 |    1011     506    1011 |    0.3   19.2    0.9
8363 |   254 |    4310 |    7075     507    7075 |    1014     507    1014 |    0.2   25.9    1.0
8364 |   251 |    4246 |    6011     505    6011 |    1010     505    1010 |    0.2   16.7    0.7
8365 |   255 |    4281 |    6056     506    6056 |    1013     506    1013 |    0.2   20.4    0.8
8366 |   255 |    2759 |    6028     506    6028 |    1013     506    1013 |    0.2   18.2    0.8
8367 |   255 |    4290 |    7037     507    7037 |    1016     507    1016 |    0.2   24.4    1.1
8368 |   254 |    4301 |    7065     506    7065 |    1013     506    1013 |    0.3   25.6    0.9
8369 |   255 |    4293 |    6071     507    6071 |    1013     507    1013 |    0.3   18.0    0.8
8370 |   251 |    4235 |    6004     505    6004 |    1010     505    1010 |    0.2   17.8    0.8
8371 |   255 |    4317 |    7086     508    7086 |    1015     508    1015 |    0.2   24.8    1.1
8372 |   255 |    4325 |    7091     508    7091 |    1016     508    1016 |    0.3   26.1    1.0
8373 |   255 |    4321 |    7085     508    7085 |    1017     508    1017 |    0.2   24.3    0.9
8374 |   251 |    4192 |    5962     505    5962 |    1010     505    1010 |    0.2   21.6    0.8
8375 |   255 |    4321 |    7093     508    7093 |    1016     508    1016 |    0.2   25.9    0.9
8376 |   253 |    4271 |    6047     505    6047 |    1010     505    1010 |    0.2   17.9    0.8
8377 |   254 |    4304 |    7075     506    7075 |    1014     507    1014 |    0.2   25.3    1.0
8378 |   255 |    4320 |    7092     507    7092 |    1016     508    1016 |    0.2   27.8    1.0
8379 |   254 |    4296 |    6072     506    6072 |    1013     506    1013 |    0.2   18.2    0.8
8380 |   255 |    4319 |    7079     507    7079 |    1014     507    1014 |    0.2   25.9    0.9
8381 |   255 |    2790 |    7081     508    7081 |    1017     508    1017 |    0.2   24.2    0.9
8382 |   255 |    4308 |    7073     507    7073 |    1014     507    1014 |    0.2   26.2    1.0
8383 |   254 |    4300 |    7068     506    7068 |    1012     506    1012 |    0.2   23.5    0.9
8384 |   254 |    4284 |    7039     505    7039 |    1012     505    1012 |    0.2   24.7    1.0
8385 |   255 |    4260 |    6036     506    6036 |    1013     506    1013 |    0.2   17.8    0.8
8386 |   255 |    4303 |    7077     506    7077 |    1012     506    1012 |    0.2   24.8    0.9
8387 |   255 |    4310 |    6072     507    6072 |    1013     507    1013 |    0.2   19.4    1.1
8388 |   255 |    3297 |    7080     508    7080 |    1017     508    1017 |    0.3   25.5    1.0
8389 |   255 |    3297 |    7088     508    7088 |    1015     507    1015 |    0.2   19.0    0.8
8390 |   255 |    4325 |    7097     508    7097 |    1015     508    1015 |    0.2   25.0    1.2
8391 |   255 |    4320 |    7086     508    7086 |    1016     508    1016 |    0.3   24.7    0.9
8392 |   255 |    2761 |    6049     506    6049 |    1013     506    1013 |    0.2   18.7    0.8
8393 |   255 |    3029 |    7089     507    7089 |    1014     507    1014 |    0.2   24.7    1.0
8394 |   255 |    4323 |    7095     508    7095 |    1016     508    1016 |    0.2   24.9    1.1
8395 |   255 |    4319 |    7088     508    7088 |    1016     508    1016 |    0.2   26.4    1.0
8396 |   255 |    3540 |    7091     507    7091 |    1015     507    1015 |    0.3   18.8    0.8
8397 |   255 |    4309 |    7071     506    7071 |    1013     506    1013 |    0.2   24.5    1.0
8398 |   255 |    2780 |    7080     507    7080 |    1014     507    1014 |    0.2   25.0    0.9
8399 |   255 |    3024 |    6064     506    6064 |    1013     506    1013 |    0.2   18.3    0.8
8400 |   255 |    4318 |    7081     507    7081 |    1015     507    1015 |    0.2   26.0    0.9
8401 |   255 |    4324 |    7095     508    7095 |    1015     508    1015 |    0.2   27.8    1.0
8402 |   254 |    3499 |    6039     506    6039 |    1012     506    1012 |    0.2   18.4    0.8
8403 |   255 |    4291 |    7030     506    7030 |    1013     506    1013 |    0.2   23.7    0.9
8404 |   255 |    4313 |    7080     508    7080 |    1016     508    1016 |    0.2   28.1    1.0
8405 |   255 |    4314 |    7080     507    7080 |    1014     507    1014 |    0.2   24.9    1.0
8406 |   255 |    4312 |    7074     508    7074 |    1015     508    1015 |    0.2   24.5    1.0
8407 |   255 |    4325 |    7089     508    7089 |    1015     508    1015 |    0.2   25.8    1.0
8408 |   250 |    4239 |    6004     505    6004 |    1010     505    1010 |    0.2   18.1    0.8
8409 |   255 |    4300 |    7043     509    7043 |    1020     509    1020 |    0.2   27.5    1.4
8410 |   254 |    4305 |    7071     507    7071 |    1013     507    1013 |    0.3   27.3    1.0
8411 |   254 |    4303 |    7075     506    7075 |    1013     507    1013 |    0.2   24.6    1.4
8412 |   255 |    4325 |    7090     508    7090 |    1016     508    1016 |    0.2   25.6    0.9
8413 |   253 |    4286 |    6060     506    6060 |    1011     506    1011 |    0.2   18.1    0.9
8414 |   255 |    4319 |    7080     508    7080 |    1015     508    1015 |    0.3   26.6    0.9
8415 |   255 |    4313 |    7090     507    7090 |    1015     508    1015 |    0.2   25.3    0.9
8416 |   255 |    4323 |    7092     508    7092 |    1016     508    1016 |    0.2   27.3    1.2
8417 |   254 |    4305 |    7073     507    7073 |    1014     507    1014 |    0.3   25.8    1.2
8418 |   255 |    3287 |    7081     507    7081 |    1014     507    1014 |    0.3   25.0    1.3
8419 |   255 |    4316 |    6083     508    6083 |    1015     507    1015 |    0.3   19.5    1.0
8420 |   255 |    4312 |    7084     507    7084 |    1014     507    1014 |    0.2   25.2    1.0
8421 |   255 |    3025 |    7079     506    7079 |    1015     507    1015 |    0.2   25.7    1.2
8422 |   255 |    3029 |    7083     507    7083 |    1015     507    1015 |    0.3   28.5    1.0
8423 |   254 |    4288 |    7046     505    7046 |    1012     505    1012 |    0.2   24.3    0.9
8424 |   255 |    4322 |    7085     508    7085 |    1017     508    1017 |    0.2   26.1    1.0
8425 |   255 |    4305 |    7080     507    7080 |    1014     507    1014 |    0.2   26.2    0.9
8426 |   255 |    4315 |    7073     507    7073 |    1016     507    1016 |    0.2   24.5    0.9
8427 |   255 |    4305 |    7083     507    7083 |    1013     507    1013 |    0.2   26.7    1.1
8428 |   254 |    3016 |    7069     506    7069 |    1012     506    1012 |    0.2   28.7    1.0
8429 |   255 |    4316 |    7091     509    7091 |    1017     509    1017 |    0.2   19.1    0.8
8430 |   255 |    3261 |    6044     507    6044 |    1014     507    1014 |    0.2   18.2    0.8
8431 |   255 |    4323 |    7092     508    7092 |    1016     508    1016 |    0.2   26.8    1.0
8432 |   255 |    4313 |    7087     507    7087 |    1015     507    1015 |    0.2   25.4    1.0
8433 |   255 |    4311 |    7079     507    7079 |    1014     507    1014 |    0.2   25.0    1.0
8434 |   255 |    4328 |    7090     508    7090 |    1017     508    1017 |    0.2   26.8    1.0
8435 |   255 |    4310 |    7060     506    7060 |    1014     506    1014 |    0.2   26.2    0.9
8436 |   254 |    4304 |    7077     507    7077 |    1015     507    1015 |    0.3   19.0    0.8
8437 |   255 |    4304 |    7079     507    7079 |    1015     507    1015 |    0.2   25.9    0.9
8438 |   255 |    4325 |    7084     508    7084 |    1016     508    1016 |    0.2   24.2    1.0
8439 |   254 |    4308 |    7081     507    7081 |    1014     507    1014 |    0.2   25.8    1.0
8440 |   255 |    4317 |    7084     507    7084 |    1014     507    1014 |    0.2   28.1    0.9
8441 |   255 |    3035 |    7087     508    7087 |    1015     508    1015 |    0.2   24.1    0.9
8442 |   255 |    4326 |    7097     508    7097 |    1016     508    1016 |    0.2   25.7    1.1
8443 |   255 |    3556 |    7093     507    7093 |    1016     508    1016 |    0.3   19.7    0.9
8444 |   255 |    4322 |    7081     508    7081 |    1017     508    1017 |    0.3   25.3    0.9
8445 |   255 |    4314 |    6080     508    6080 |    1016     508    1016 |    0.2   19.6    0.8
8446 |   255 |    4323 |    7089     508    7089 |    1016     508    1016 |    0.2   27.9    1.0
8447 |   255 |    4315 |    7080     507    7080 |    1013     507    1013 |    0.2   24.7    0.9
8448 |   255 |    4314 |    7079     507    7079 |    1014     507    1014 |    0.2   25.7    0.9
8449 |   255 |    4314 |    7076     507    7076 |    1015     507    1015 |    0.2   26.8    1.0
8450 |   255 |    4262 |    6042     506    6042 |    1013     506    1013 |    0.2   18.5    0.8
8451 |   254 |    4303 |    7075     507    7075 |    1013     507    1013 |    0.2   26.0    1.0
8452 |   255 |    4322 |    7088     508    7088 |    1016     508    1016 |    0.2   26.9    1.0
8453 |   255 |    4323 |    7082     508    7082 |    1017     508    1017 |    0.2   26.4    1.0
8454 |   255 |    4321 |    7077     507    7077 |    1016     507    1016 |    0.2   25.4    1.2
8455 |   255 |    4304 |    7060     508    7060 |    1016     508    1016 |    0.3   25.2    1.0
8456 |   255 |    4313 |    7079     508    7079 |    1016     508    1016 |    0.3   26.0    1.0
8457 |   253 |    4273 |    6042     506    6042 |    1012     506    1012 |    0.2   17.8    0.8
8458 |   254 |    4277 |    6052     505    6052 |    1011     505    1011 |    0.2   19.3    0.8
8459 |   254 |    4298 |    7074     506    7074 |    1012     506    1012 |    0.2   27.8    1.0
8460 |   255 |    4303 |    7078     508    7078 |    1016     508    1016 |    0.2   25.8    1.0
8461 |   255 |    4319 |    7082     507    7082 |    1016     508    1016 |    0.2   25.4    1.3
8462 |   255 |    4265 |    6043     507    6043 |    1014     507    1014 |    0.3   18.8    1.0
8463 |   255 |    4307 |    7066     507    7066 |    1016     507    1016 |    0.3   26.4    1.0
8464 |   255 |    4321 |    7090     508    7090 |    1015     508    1015 |    0.2   27.8    1.0
8465 |   255 |    4312 |    7072     506    7072 |    1014     506    1014 |    0.2   24.6    1.2
8466 |   253 |    4294 |    7067     506    7067 |    1012     506    1012 |    0.3   24.2    0.9
8467 |   255 |    4316 |    7086     507    7086 |    1016     508    1016 |    0.2   24.8    0.9
8468 |   255 |    4297 |    6071     506    6071 |    1013     506    1013 |    0.2   18.3    0.8
8469 |   254 |    4293 |    7075     506    7075 |    1013     506    1013 |    0.2   25.4    1.0
8470 |   255 |    4311 |    7089     507    7089 |    1015     507    1015 |    0.2   26.9    1.1
8471 |   255 |    4315 |    7082     507    7082 |    1014     507    1014 |    0.2   28.3    0.9
8472 |   255 |    4312 |    7072     507    7072 |    1014     507    1014 |    0.3   26.0    1.0
8473 |   255 |    4326 |    7081     509    7081 |    1018     509    1018 |    0.3   25.5    0.9
8474 |   255 |    3286 |    7070     506    7070 |    1013     506    1013 |    0.2   18.6    0.8
8475 |   253 |    4266 |    7021     505    7021 |    1011     505    1011 |    0.2   24.6    0.9
8476 |   255 |    4299 |    7081     506    7081 |    1013     506    1013 |    0.2   25.3    1.1
8477 |   255 |    3293 |    7070     507    7070 |    1013     507    1013 |    0.2   19.7    0.9
8478 |   255 |    4324 |    7079     509    7079 |    1017     509    1017 |    0.2   25.0    1.0
8479 |   255 |    4319 |    7077     508    7077 |    1016     508    1016 |    0.2   25.4    1.0
8480 |   255 |    4291 |    7059     508    7059 |    1015     508    1015 |    0.4   25.6    1.0
8481 |   255 |    4324 |    7087     508    7087 |    1016     508    1016 |    0.2   26.4    1.0
8482 |   255 |    3019 |    7078     507    7078 |    1014     507    1014 |    0.3   25.2    0.9
8483 |   255 |    3014 |    6052     507    6052 |    1013     507    1013 |    0.2   19.4    0.8
8484 |   255 |    3308 |    7099     508    7099 |    1016     508    1016 |    0.2   20.0    0.8
8485 |   255 |    4320 |    6084     507    6084 |    1015     507    1015 |    0.2   19.1    0.8
8486 |   255 |    4318 |    7086     508    7086 |    1016     508    1016 |    0.2   26.8    0.9
8487 |   254 |    4295 |    7065     507    7065 |    1015     507    1015 |    0.2   19.7    1.0
8488 |   254 |    4271 |    6047     505    6047 |    1012     505    1012 |    0.2   18.9    0.8
8489 |   254 |    4305 |    7070     507    7070 |    1013     507    1013 |    0.2   27.1    1.0
8490 |   255 |    4322 |    7090     508    7090 |    1016     508    1016 |    0.2   26.7    1.0
8491 |   255 |    4322 |    7088     508    7088 |    1017     508    1017 |    0.2   26.1    1.0
8492 |   255 |    4313 |    7085     507    7085 |    1014     507    1014 |    0.2   26.2    0.9
8493 |   254 |    4278 |    6052     506    6052 |    1012     506    1012 |    0.2   18.4    0.8
8494 |   255 |    4320 |    7093     508    7093 |    1015     508    1015 |    0.2   26.2    1.0
8495 |   255 |    4312 |    7076     506    7076 |    1013     506    1013 |    0.2   26.9    1.0
8496 |   255 |    4311 |    7065     507    7065 |    1014     507    1014 |    0.3   25.6    0.9
8497 |   255 |    4324 |    7095     508    7095 |    1016     508    1016 |    0.2   25.6    1.0
8498 |   254 |    4305 |    7068     507    7068 |    1013     507    1013 |    0.2   25.4    0.9
8499 |   255 |    4301 |    7062     506    7062 |    1013     506    1013 |    0.2   27.2    0.9
8500 |   255 |    4306 |    7066     507    7066 |    1016     507    1016 |    0.2   24.6    1.1
8501 |   254 |    4301 |    7074     507    7074 |    1013     507    1013 |    0.3   26.0    1.0
8502 |   254 |    2774 |    6066     506    6066 |    1012     506    1012 |    0.2   18.5    1.0
8503 |   255 |    4320 |    7093     508    7093 |    1015     508    1015 |    0.2   25.7    0.9
8504 |   254 |    4308 |    7071     507    7071 |    1014     507    1014 |    0.2   26.3    1.0
8505 |   255 |    4297 |    7080     506    7080 |    1013     507    1013 |    0.2   27.7    0.9
8506 |   255 |    4319 |    7086     507    7086 |    1015     507    1015 |    0.2   25.5    0.9
8507 |   255 |    4323 |    7079     508    7079 |    1017     508    1017 |    0.2   24.4    1.2
8508 |   255 |    3549 |    7093     508    7093 |    1016     508    1016 |    0.2   19.5    1.0
8509 |   252 |    4260 |    6032     505    6032 |    1010     505    1010 |    0.3   18.4    0.8
8510 |   255 |    4305 |    7075     507    7075 |    1014     507    1014 |    0.2   24.1    1.1
8511 |   255 |    4312 |    7080     506    7080 |    1013     506    1013 |    0.3   25.6    0.9
8512 |   255 |    4240 |    6021     507    6021 |    1013     507    1013 |    0.2   18.0    0.8
8513 |   255 |    4282 |    6059     507    6059 |    1014     507    1014 |    0.2   19.3    1.1
8514 |   255 |    4311 |    7080     507    7080 |    1014     507    1014 |    0.3   25.3    0.9
8515 |   255 |    4320 |    7085     508    7085 |    1016     508    1016 |    0.2   25.3    0.9
8516 |   255 |    4322 |    7083     508    7083 |    1016     508    1016 |    0.2   24.8    1.0
8517 |   255 |    4313 |    7079     507    7079 |    1015     507    1015 |    0.2   25.7    1.2
8518 |   255 |    4312 |    7084     507    7084 |    1014     507    1014 |    0.2   25.5    1.0
8519 |   255 |    4321 |    7087     508    7087 |    1016     508    1016 |    0.2   25.7    1.3
8520 |   255 |    4301 |    7057     506    7057 |    1013     506    1013 |    0.2   24.2    1.2
8521 |   255 |    4307 |    7088     507    7088 |    1014     507    1014 |    0.3   29.0    1.1
8522 |   255 |    3016 |    6069     506    6069 |    1013     506    1013 |    0.2   20.2    0.8
8523 |   255 |    3285 |    7085     507    7085 |    1015     507    1015 |    0.2   25.8    0.9
8524 |   255 |    4307 |    7076     506    7076 |    1013     506    1013 |    0.2   18.4    0.8
8525 |   255 |    4313 |    7081     507    7081 |    1014     507    1014 |    0.2   25.3    1.2
8526 |   255 |    4296 |    6072     507    6072 |    1013     507    1013 |    0.3   20.3    0.8
8527 |   255 |    2795 |    7089     507    7089 |    1014     507    1014 |    0.2   19.0    0.8
8528 |   255 |    4319 |    7092     507    7092 |    1015     507    1015 |    0.2   24.7    0.9
8529 |   255 |    4316 |    7084     507    7084 |    1015     507    1015 |    0.2   24.5    1.0
8530 |   255 |    4322 |    7088     509    7088 |    1018     509    1018 |    0.2   25.5    1.2
8531 |   255 |    3027 |    7087     507    7087 |    1015     507    1015 |    0.2   25.2    0.9
8532 |   255 |    4245 |    6026     506    6026 |    1013     506    1013 |    0.2   17.9    0.8
8533 |   255 |    3020 |    6067     507    6067 |    1014     507    1014 |    0.2   18.8    0.8
8534 |   255 |    3262 |    6042     506    6042 |    1013     506    1013 |    0.2   18.3    0.8
8535 |   255 |    4317 |    7078     508    7078 |    1016     508    1016 |    0.2   25.3    0.9
8536 |   255 |    4318 |    7089     507    7089 |    1014     507    1014 |    0.2   25.7    1.0
8537 |   255 |    4323 |    7093     508    7093 |    1015     508    1015 |    0.2   26.4    1.0
8538 |   254 |    2765 |    6061     505    6061 |    1012     506    1012 |    0.3   17.9    0.8
8539 |   255 |    4310 |    7078     506    7078 |    1014     506    1014 |    0.2   24.7    1.0
8540 |   255 |    4294 |    7047     513    7047 |    1025     513    1025 |    0.2   24.6    1.0
8541 |   255 |    4322 |    7090     508    7090 |    1016     508    1016 |    0.2   24.7    1.0
8542 |   254 |    4286 |    7048     505    7048 |    1012     505    1012 |    0.2   25.8    0.9
8543 |   255 |    4310 |    7088     507    7088 |    1015     507    1015 |    0.2   25.4    1.0
8544 |   255 |    4292 |    6068     506    6068 |    1013     506    1013 |    0.2   18.0    0.8
8545 |   255 |    4327 |    7090     509    7090 |    1017     508    1017 |    0.2   23.8    1.0
8546 |   255 |    4320 |    7088     508    7088 |    1016     508    1016 |    0.2   25.8    1.0
8547 |   255 |    4326 |    7089     508    7089 |    1016     508    1016 |    0.2   26.0    1.1
8548 |   255 |    4312 |    7078     506    7078 |    1013     506    1013 |    0.2   26.7    1.0
8549 |   255 |    3548 |    7083     507    7083 |    1015     507    1015 |    0.2   19.3    0.8
8550 |   255 |    4317 |    7092     507    7092 |    1015     507    1015 |    0.2   24.5    0.9
8551 |   255 |    4306 |    7088     507    7088 |    1014     507    1014 |    0.2   27.4    1.2
8552 |   255 |    3017 |    7082     507    7082 |    1014     507    1014 |    0.3   26.4    1.0
8553 |   255 |    4278 |    6055     506    6055 |    1013     506    1013 |    0.2   19.2    0.8
8554 |   255 |    4318 |    7092     507    7092 |    1015     508    1015 |    0.2   25.9    0.9
8555 |   255 |    2783 |    7088     507    7088 |    1015     507    1015 |    0.2   24.0    0.9
8556 |   254 |    4305 |    7075     507    7075 |    1014     507    1014 |    0.2   26.1    0.9
8557 |   254 |    4295 |    7073     507    7073 |    1013     507    1013 |    0.2   25.7    0.9
8558 |   255 |    4323 |    7094     508    7094 |    1016     508    1016 |    0.2   28.4    0.9
8559 |   254 |    3003 |    6019     505    6019 |    1013     505    1013 |    0.3   18.4    0.8
8560 |   255 |    4300 |    7072     508    7072 |    1015     508    1015 |    0.2   18.2    0.8
8561 |   253 |    4274 |    6048     508    6048 |    1016     508    1016 |    0.2   18.3    1.0
8562 |   255 |    4325 |    7080     509    7080 |    1018     509    1018 |    0.2   25.6    1.0
8563 |   255 |    4313 |    7082     507    7082 |    1014     507    1014 |    0.2   26.0    1.0
8564 |   255 |    3022 |    7083     507    7083 |    1014     507    1014 |    0.2   27.3    1.0
8565 |   255 |    4322 |    7083     507    7083 |    1016     508    1016 |    0.2   27.0    1.0
8566 |   255 |    4322 |    7092     508    7092 |    1016     508    1016 |    0.2   26.1    1.0
8567 |   255 |    3297 |    7080     506    7080 |    1013     506    1013 |    0.2   19.6    0.9
8568 |   255 |    2750 |    6009     507    6009 |    1013     507    1013 |    0.2   18.4    0.8
8569 |   255 |    4329 |    7094     508    7094 |    1016     508    1016 |    0.2   25.5    1.0
8570 |   255 |    4310 |    7063     510    7063 |    1021     510    1021 |    0.2   24.7    1.0
8571 |   255 |    4325 |    7094     508    7094 |    1016     508    1016 |    0.2   25.5    1.0
8572 |   255 |    4301 |    6076     507    6076 |    1013     507    1013 |    0.2   18.4    0.8
8573 |   255 |    4324 |    7096     508    7096 |    1016     508    1016 |    0.2   25.5    1.0
8574 |   255 |    4321 |    7077     508    7077 |    1017     508    1017 |    0.2   25.3    1.0
8575 |   255 |    4303 |    7084     507    7084 |    1014     507    1014 |    0.2   24.8    1.0
8576 |   255 |    4316 |    7075     508    7075 |    1015     508    1015 |    0.3   25.7    1.2
8577 |   255 |    4322 |    7093     508    7093 |    1016     508    1016 |    0.3   25.9    0.9
8578 |   255 |    4308 |    7075     507    7075 |    1013     507    1013 |    0.2   25.3    0.9
8579 |   254 |    4304 |    7077     507    7077 |    1013     507    1013 |    0.3   25.6    1.3
8580 |   255 |    4294 |    6067     507    6067 |    1014     507    1014 |    0.2   17.6    0.8
8581 |   255 |    4319 |    7093     507    7093 |    1014     507    1014 |    0.2   25.1    1.0
8582 |   254 |    4292 |    7049     506    7049 |    1013     506    1013 |    0.2   27.7    1.0
8583 |   255 |    4329 |    7101     508    7101 |    1016     508    1016 |    0.2   26.0    1.0
8584 |   255 |    3281 |    6068     507    6068 |    1015     507    1015 |    0.2   18.7    0.9
8585 |   253 |    4282 |    7049     506    7049 |    1013     506    1013 |    0.2   25.5    0.9
8586 |   254 |    3276 |    7052     506    7052 |    1013     506    1013 |    0.2   28.1    0.9
8587 |   255 |    4324 |    7079     508    7079 |    1016     508    1016 |    0.2   26.3    1.1
8588 |   255 |    4323 |    7094     508    7094 |    1016     508    1016 |    0.2   25.6    1.0
8589 |   255 |    3275 |    6068     506    6068 |    1013     506    1013 |    0.2   18.2    0.8
8590 |   254 |    4296 |    7060     506    7060 |    1012     506    1012 |    0.2   25.3    0.9
8591 |   255 |    2724 |    5955     507    5955 |    1014     507    1014 |    0.2   17.5    0.8
8592 |   255 |    4318 |    7089     507    7089 |    1015     508    1015 |    0.2   25.5    1.2
8593 |   255 |    3279 |    7070     506    7070 |    1014     507    1014 |    0.3   26.3    1.0
8594 |   255 |    4315 |    7090     507    7090 |    1014     507    1014 |    0.2   24.8    1.0
8595 |   255 |    4318 |    7084     507    7084 |    1015     507    1015 |    0.2   26.3    1.2
8596 |   255 |    4312 |    7086     507    7086 |    1014     507    1014 |    0.3   25.5    1.0
8597 |   254 |    4297 |    7068     506    7068 |    1012     506    1012 |    0.2   25.1    0.9
8598 |   255 |    4305 |    6066     506    6066 |    1013     506    1013 |    0.2   21.4    1.1
8599 |   255 |    3793 |    7091     507    7091 |    1015     507    1015 |    0.3   21.6    0.8
8600 |   254 |    4304 |    7075     507    7075 |    1013     507    1013 |    0.2   25.8    1.0
8601 |   255 |    3021 |    6069     507    6069 |    1013     506    1013 |    0.2   18.9    0.9
8602 |   255 |    4296 |    7043     506    7043 |    1013     506    1013 |    0.2   27.3    1.0
8603 |   254 |    4303 |    7080     506    7080 |    1013     506    1013 |    0.2   25.9    1.0
8604 |   255 |    4312 |    7077     507    7077 |    1015     507    1015 |    0.2   27.1    1.0
8605 |   255 |    4323 |    7093     507    7093 |    1015     507    1015 |    0.2   25.9    1.0
8606 |   255 |    4324 |    7090     508    7090 |    1016     508    1016 |    0.2   26.1    0.9
8607 |   255 |    4295 |    6072     507    6072 |    1013     507    1013 |    0.3   19.0    0.9
8608 |   255 |    4302 |    7084     508    7084 |    1016     508    1016 |    0.2   24.8    1.1
8609 |   255 |    4315 |    7086     507    7086 |    1014     507    1014 |    0.2   26.1    1.0
8610 |   255 |    4320 |    7090     507    7090 |    1015     507    1015 |    0.2   25.4    1.0
8611 |   255 |    4314 |    7086     507    7086 |    1015     507    1015 |    0.3   29.4    1.0
8612 |   254 |    4308 |    7082     506    7082 |    1013     506    1013 |    0.2   26.3    1.0
8613 |   255 |    4322 |    7090     507    7090 |    1015     507    1015 |    0.2   27.5    1.0
8614 |   255 |    4319 |    7089     508    7089 |    1016     508    1016 |    0.2   24.5    0.9
8615 |   254 |    4300 |    7071     506    7071 |    1013     507    1013 |    0.2   25.3    1.0
8616 |   255 |    4302 |    7065     506    7065 |    1012     506    1012 |    0.2   25.2    0.9
8617 |   255 |    4311 |    7083     507    7083 |    1014     507    1014 |    0.2   26.6    0.9
8618 |   255 |    4312 |    7090     507    7090 |    1016     508    1016 |    0.2   26.4    1.0
8619 |   254 |    4301 |    7065     508    7065 |    1016     508    1016 |    0.3   25.4    1.0
8620 |   255 |    2759 |    6026     506    6026 |    1012     506    1012 |    0.2   18.3    0.8
8621 |   255 |    4301 |    7075     508    7075 |    1015     508    1015 |    0.2   25.4    0.9
8622 |   255 |    4316 |    7087     507    7087 |    1014     507    1014 |    0.2   25.5    1.0
8623 |   255 |    4320 |    7088     507    7088 |    1015     508    1015 |    0.3   26.3    1.0
8624 |   255 |    4318 |    7084     508    7084 |    1015     508    1015 |    0.2   24.9    0.9
8625 |   255 |    4322 |    7086     507    7086 |    1015     507    1015 |    0.2   26.1    0.9
8626 |   255 |    4298 |    7076     507    7076 |    1015     507    1015 |    0.2   25.5    1.0
8627 |   253 |    3263 |    7035     506    7035 |    1013     506    1013 |    0.2   18.7    0.8
8628 |   255 |    4329 |    7097     508    7097 |    1016     508    1016 |    0.2   26.3    1.0
8629 |   255 |    4315 |    7088     507    7088 |    1015     507    1015 |    0.2   26.3    0.9
8630 |   255 |    3029 |    7081     507    7081 |    1014     507    1014 |    0.2   24.8    1.0
8631 |   255 |    4320 |    7089     508    7089 |    1015     508    1015 |    0.2   26.6    1.0
8632 |   254 |    4304 |    7069     506    7069 |    1013     506    1013 |    0.2   24.6    0.9
8633 |   255 |    4313 |    7084     507    7084 |    1015     507    1015 |    0.2   19.0    0.8
8634 |   254 |    2771 |    6064     506    6064 |    1012     506    1012 |    0.2   18.3    0.8
8635 |   255 |    3034 |    7084     508    7084 |    1016     508    1016 |    0.2   26.8    1.2
8636 |   255 |    3294 |    7079     507    7079 |    1014     507    1014 |    0.2   18.9    0.8
8637 |   254 |    4285 |    7040     509    7040 |    1019     509    1019 |    0.3   25.9    0.9
8638 |   255 |    4312 |    7076     508    7076 |    1017     508    1017 |    0.2   27.4    1.1
8639 |   255 |    2775 |    6074     507    6074 |    1013     507    1013 |    0.2   20.7    0.8
8640 |   254 |    4305 |    7074     506    7074 |    1013     506    1013 |    0.2   25.2    1.1
8641 |   254 |    4286 |    6052     505    6052 |    1011     505    1011 |    0.3   21.1    0.8
8642 |   255 |    4299 |    7044     506    7044 |    1014     506    1014 |    0.2   26.5    1.0
8643 |   255 |    4307 |    7074     506    7074 |    1013     506    1013 |    0.2   25.1    1.0
8644 |   255 |    3552 |    7047     510    7047 |    1019     510    1019 |    0.2   19.0    0.8
8645 |   255 |    4322 |    7096     508    7096 |    1016     508    1016 |    0.2   26.6    1.0
8646 |   255 |    4315 |    7079     507    7079 |    1013     507    1013 |    0.2   24.7    0.9
8647 |   255 |    4318 |    7081     508    7081 |    1016     508    1016 |    0.2   26.9    1.0
8648 |   255 |    4310 |    7072     506    7072 |    1013     506    1013 |    0.2   25.5    0.9
8649 |   254 |    4301 |    7073     506    7073 |    1013     506    1013 |    0.2   24.6    1.0
8650 |   255 |    4325 |    7093     508    7093 |    1016     508    1016 |    0.2   24.7    1.0
8651 |   254 |    3290 |    7077     507    7077 |    1014     507    1014 |    0.2   19.6    1.0
8652 |   255 |    4308 |    7083     507    7083 |    1014     507    1014 |    0.2   24.9    0.9
8653 |   254 |    3526 |    6067     506    6067 |    1013     507    1013 |    0.2   18.9    0.8
8654 |   252 |    4271 |    6042     505    6042 |    1010     505    1010 |    0.2   18.3    0.8
8655 |   255 |    4268 |    6044     506    6044 |    1012     506    1012 |    0.3   18.2    0.8
8656 |   255 |    3034 |    7081     506    7081 |    1016     508    1016 |    0.2   27.0    1.3
8657 |   255 |    4322 |    7097     507    7097 |    1015     508    1015 |    0.4   29.5    0.9
8658 |   254 |    4302 |    7070     507    7070 |    1013     507    1013 |    0.2   25.3    1.0
8659 |   255 |    4325 |    7093     508    7093 |    1016     508    1016 |    0.2   25.4    1.0
8660 |   255 |    3798 |    7080     507    7080 |    1015     507    1015 |    0.2   18.6    0.8
8661 |   255 |    4300 |    7077     507    7077 |    1015     507    1015 |    0.2   25.8    0.9
8662 |   255 |    4316 |    7084     508    7084 |    1016     508    1016 |    0.2   25.4    0.9
8663 |   255 |    3275 |    6062     506    6062 |    1013     506    1013 |    0.2   18.2    0.8
8664 |   255 |    4325 |    7098     508    7098 |    1015     508    1015 |    0.2   26.3    1.0
8665 |   255 |    4297 |    6073     506    6073 |    1013     507    1013 |    0.2   18.3    0.8
8666 |   254 |    4291 |    7057     506    7057 |    1014     506    1014 |    0.2   25.4    1.0
8667 |   254 |    4308 |    7085     507    7085 |    1014     507    1014 |    0.2   27.7    0.9
8668 |   255 |    4291 |    7080     507    7080 |    1014     507    1014 |    0.2   24.4    0.9
8669 |   255 |    3818 |    7087     508    7087 |    1017     508    1017 |    0.2   19.5    0.8
8670 |   255 |    4324 |    7088     508    7088 |    1016     508    1016 |    0.3   26.0    0.9
8671 |   255 |    4305 |    6068     506    6068 |    1013     506    1013 |    0.2   18.5    0.8
8672 |   255 |    4322 |    7085     508    7085 |    1016     508    1016 |    0.3   25.9    1.3
8673 |   255 |    4312 |    7081     507    7081 |    1015     507    1015 |    0.3   26.2    1.0
8674 |   255 |    4321 |    7086     508    7086 |    1016     508    1016 |    0.2   24.8    1.0
8675 |   255 |    4310 |    7071     506    7071 |    1013     507    1013 |    0.2   24.4    0.9
8676 |   255 |    3021 |    7062     507    7062 |    1015     507    1015 |    0.2   18.9    0.8
8677 |   255 |    4329 |    7101     508    7101 |    1016     508    1016 |    0.2   24.7    1.0
8678 |   253 |    4246 |    6020     505    6020 |    1010     505    1010 |    0.3   17.0    0.8
8679 |   255 |    4319 |    7092     508    7092 |    1015     508    1015 |    0.4   25.7    0.9
8680 |   255 |    3019 |    6072     506    6072 |    1014     506    1014 |    0.2   18.8    0.9
8681 |   254 |    4299 |    7073     507    7073 |    1014     507    1014 |    0.2   25.6    1.0
8682 |   255 |    4322 |    7094     508    7094 |    1015     508    1015 |    0.2   28.8    0.9
8683 |   255 |    4300 |    7056     506    7056 |    1013     506    1013 |    0.2   25.5    0.9
8684 |   255 |    4303 |    7079     506    7079 |    1014     506    1014 |    0.2   25.2    0.9
8685 |   255 |    4325 |    7092     508    7092 |    1016     508    1016 |    0.2   26.6    1.1
8686 |   255 |    4314 |    7080     508    7080 |    1016     508    1016 |    0.2   26.2    0.9
8687 |   251 |    4231 |    5988     505    5988 |    1010     505    1010 |    0.3   17.7    0.8
8688 |   255 |    4306 |    7078     507    7078 |    1014     507    1014 |    0.2   25.1    0.9
8689 |   254 |    4305 |    7075     506    7075 |    1013     506    1013 |    0.2   25.0    1.0
8690 |   255 |    4278 |    6058     506    6058 |    1013     506    1013 |    0.2   19.4    0.8
8691 |   255 |    3292 |    7075     508    7075 |    1016     508    1016 |    0.3   25.7    1.1
8692 |   255 |    4316 |    7086     508    7086 |    1016     508    1016 |    0.2   25.5    1.1
8693 |   255 |    4306 |    7084     507    7084 |    1014     507    1014 |    0.3   26.6    1.0
8694 |   254 |    4267 |    6044     506    6044 |    1013     506    1013 |    0.2   19.2    0.9
8695 |   255 |    3537 |    7047     508    7047 |    1016     508    1016 |    0.4   19.0    0.8
8696 |   255 |    4294 |    6075     506    6075 |    1013     507    1013 |    0.2   19.5    0.8
8697 |   254 |    3029 |    7067     507    7067 |    1015     507    1015 |    0.2   19.6    0.8
8698 |   255 |    4316 |    7081     507    7081 |    1015     507    1015 |    0.2   25.8    1.0
8699 |   255 |    3268 |    6055     506    6055 |    1013     506    1013 |    0.2   19.4    1.0
8700 |   255 |    4321 |    7091     508    7091 |    1016     508    1016 |    0.3   25.1    0.9
8701 |   254 |    4283 |    7049     505    7049 |    1012     505    1012 |    0.2   25.1    1.0
8702 |   255 |    4308 |    7081     507    7081 |    1014     507    1014 |    0.2   24.2    1.0
8703 |   255 |    4317 |    7093     507    7093 |    1015     507    1015 |    0.3   27.4    1.0
8704 |   254 |    3279 |    7076     506    7076 |    1014     507    1014 |    0.2   25.5    1.0
8705 |   255 |    4313 |    7078     507    7078 |    1014     507    1014 |    0.2   26.9    1.0
8706 |   255 |    4317 |    7082     507    7082 |    1015     507    1015 |    0.2   24.5    1.1
8707 |   255 |    4301 |    7057     506    7057 |    1013     506    1013 |    0.3   25.7    0.9
8708 |   255 |    4312 |    7081     507    7081 |    1013     507    1013 |    0.2   25.2    0.9
8709 |   255 |    4308 |    7064     508    7064 |    1015     508    1015 |    0.2   25.0    0.9
8710 |   255 |    3810 |    7092     508    7092 |    1015     508    1015 |    0.2   20.0    0.8
8711 |   255 |    3264 |    6056     506    6056 |    1013     506    1013 |    0.2   18.3    0.8
8712 |   254 |    4306 |    7071     507    7071 |    1013     506    1013 |    0.2   25.1    1.0
8713 |   255 |    4276 |    6052     506    6052 |    1012     506    1012 |    0.2   18.3    0.8
8714 |   253 |    3775 |    7044     506    7044 |    1012     506    1012 |    0.2   18.9    0.9
8715 |   255 |    4313 |    7087     508    7087 |    1016     508    1016 |    0.2   25.2    0.9
8716 |   254 |    4309 |    7079     507    7079 |    1014     507    1014 |    0.2   26.2    1.0
8717 |   254 |    3008 |    6045     506    6045 |    1013     505    1013 |    0.2   18.0    0.8
8718 |   255 |    4281 |    6059     506    6059 |    1013     506    1013 |    0.2   18.3    0.8
8719 |   254 |    4305 |    7075     507    7075 |    1014     507    1014 |    0.2   25.3    0.9
8720 |   255 |    4300 |    7069     508    7069 |    1018     508    1018 |    0.3   25.7    0.9
8721 |   255 |    4321 |    7090     508    7090 |    1016     508    1016 |    0.2   27.2    0.9
8722 |   255 |    4309 |    7088     507    7088 |    1015     507    1015 |    0.2   25.1    1.0
8723 |   255 |    4325 |    7091     508    7091 |    1016     508    1016 |    0.2   25.6    0.9
8724 |   255 |    4287 |    6064     507    6064 |    1014     507    1014 |    0.2   18.5    1.0
8725 |   255 |    4326 |    7095     507    7095 |    1016     508    1016 |    0.3   26.1    0.9
8726 |   255 |    4311 |    7075     506    7075 |    1013     506    1013 |    0.2   25.2    1.1
8727 |   255 |    4324 |    7081     508    7081 |    1017     508    1017 |    0.2   25.4    0.9
8728 |   255 |    4324 |    7090     508    7090 |    1016     508    1016 |    0.2   26.1    0.9
8729 |   255 |    3550 |    7087     508    7087 |    1016     508    1016 |    0.2   19.6    0.8
8730 |   255 |    4317 |    7075     507    7075 |    1015     507    1015 |    0.2   27.4    1.0
8731 |   255 |    4316 |    7088     507    7088 |    1014     507    1014 |    0.2   24.7    0.9
8732 |   254 |    4306 |    7081     507    7081 |    1014     507    1014 |    0.2   25.7    0.9
8733 |   255 |    4258 |    6037     506    6037 |    1014     506    1014 |    0.3   18.4    0.8
8734 |   254 |    4305 |    7080     507    7080 |    1013     507    1013 |    0.2   24.6    0.9
8735 |   255 |    4311 |    7072     507    7072 |    1014     507    1014 |    0.2   25.6    1.0
8736 |   255 |    2775 |    6058     507    6058 |    1014     507    1014 |    0.2   18.3    0.8
8737 |   255 |    4303 |    7062     506    7062 |    1013     506    1013 |    0.2   26.1    0.9
8738 |   255 |    4315 |    7078     508    7078 |    1015     508    1015 |    0.2   24.6    1.0
8739 |   254 |    4292 |    7054     505    7054 |    1012     505    1012 |    0.2   26.6    1.2
8740 |   255 |    4282 |    6061     506    6061 |    1013     506    1013 |    0.2   18.3    0.8
8741 |   254 |    4299 |    7074     507    7074 |    1013     507    1013 |    0.2   25.2    1.0
8742 |   255 |    4329 |    7095     508    7095 |    1017     508    1017 |    0.2   26.3    1.0
8743 |   255 |    4308 |    7077     507    7077 |    1013     507    1013 |    0.2   26.0    0.9
8744 |   254 |    4299 |    6073     506    6073 |    1013     506    1013 |    0.2   18.4    0.8
8745 |   254 |    4296 |    7067     506    7067 |    1012     506    1012 |    0.2   26.3    1.1
8746 |   255 |    4317 |    7085     508    7085 |    1016     508    1016 |    0.3   19.8    0.8
8747 |   254 |    4282 |    6058     506    6058 |    1012     506    1012 |    0.2   18.6    0.8
8748 |   255 |    4321 |    7081     508    7081 |    1016     508    1016 |    0.2   24.9    1.0
8749 |   255 |    3027 |    7084     507    7084 |    1014     507    1014 |    0.3   25.3    1.0
8750 |   255 |    4326 |    7096     508    7096 |    1017     509    1017 |    0.2   25.1    0.9
8751 |   255 |    4295 |    6069     507    6069 |    1014     507    1014 |    0.2   19.0    0.8
8752 |   254 |    3271 |    6059     506    6059 |    1012     506    1012 |    0.2   18.3    0.8
8753 |   255 |    4316 |    7082     507    7082 |    1014     507    1014 |    0.2   25.1    0.9
8754 |   255 |    4310 |    7088     508    7088 |    1016     508    1016 |    0.2   24.6    0.9
8755 |   255 |    4308 |    7080     508    7080 |    1016     508    1016 |    0.2   26.1    1.0
8756 |   255 |    4310 |    7065     506    7065 |    1014     506    1014 |    0.2   25.4    1.2
8757 |   255 |    4306 |    7064     506    7064 |    1013     506    1013 |    0.3   25.3    0.9
8758 |   255 |    4322 |    7086     507    7086 |    1016     507    1016 |    0.2   25.3    1.0
8759 |   255 |    4322 |    7091     508    7091 |    1016     508    1016 |    0.2   26.2    0.9
8760 |   255 |    4322 |    7078     508    7078 |    1017     508    1017 |    0.2   25.9    1.0
8761 |   255 |    4321 |    7089     508    7089 |    1015     508    1015 |    0.2   25.6    0.9
8762 |   253 |    4286 |    6059     505    6059 |    1011     505    1011 |    0.2   18.5    0.8
8763 |   255 |    4294 |    6067     507    6067 |    1015     507    1015 |    0.2   18.4    0.8
8764 |   254 |    4292 |    6065     506    6065 |    1013     506    1013 |    0.2   18.5    0.9
8765 |   255 |    4275 |    6055     506    6055 |    1013     506    1013 |    0.2   19.8    1.0
8766 |   255 |    4301 |    7058     506    7058 |    1014     506    1014 |    0.2   25.5    1.0
8767 |   255 |    4300 |    7066     508    7066 |    1017     508    1017 |    0.2   18.9    0.8
8768 |   255 |    4312 |    6072     507    6072 |    1013     507    1013 |    0.2   20.1    0.8
8769 |   255 |    2789 |    7082     507    7082 |    1014     507    1014 |    0.2   18.3    0.8
8770 |   255 |    4322 |    7082     508    7082 |    1016     508    1016 |    0.2   25.4    0.9
8771 |   255 |    4308 |    7073     506    7073 |    1013     506    1013 |    0.2   25.4    0.9
8772 |   255 |    4311 |    7081     508    7081 |    1016     508    1016 |    0.3   27.4    1.0
8773 |   255 |    4321 |    7097     508    7097 |    1015     508    1015 |    0.2   26.0    1.0
8774 |   255 |    4314 |    7081     508    7081 |    1015     508    1015 |    0.3   25.2    1.0
8775 |   255 |    4317 |    7082     507    7082 |    1014     507    1014 |    0.2   24.5    0.9
8776 |   255 |    4321 |    7095     507    7095 |    1015     507    1015 |    0.2   27.1    1.0
8777 |   254 |    4304 |    7075     507    7075 |    1015     507    1015 |    0.2   27.0    1.0
8778 |   255 |    4311 |    7085     507    7085 |    1014     507    1014 |    0.2   26.7    1.0
8779 |   255 |    4309 |    7068     507    7068 |    1013     507    1013 |    0.2   24.2    0.9
8780 |   255 |    4321 |    7098     507    7098 |    1015     508    1015 |    0.2   27.9    0.9
8781 |   254 |    3009 |    6040     506    6040 |    1012     506    1012 |    0.2   18.6    0.8
8782 |   255 |    3030 |    6076     507    6076 |    1014     507    1014 |    0.2   19.6    0.8
8783 |   255 |    4304 |    7079     507    7079 |    1013     507    1013 |    0.2   27.3    1.0
8784 |   255 |    4313 |    7078     508    7078 |    1015     508    1015 |    0.2   26.1    1.0
8785 |   254 |    2767 |    6059     506    6059 |    1012     506    1012 |    0.2   18.2    0.8
8786 |   254 |    4293 |    7072     506    7072 |    1012     506    1012 |    0.2   24.2    0.9
8787 |   255 |    4303 |    7085     507    7085 |    1014     507    1014 |    0.2   26.3    1.0
8788 |   255 |    4327 |    7093     508    7093 |    1016     508    1016 |    0.2   25.4    0.9
8789 |   255 |    4304 |    7066     507    7066 |    1015     507    1015 |    0.2   26.1    1.1
8790 |   255 |    4292 |    7047     506    7047 |    1012     506    1012 |    0.3   23.7    1.1
8791 |   254 |    4293 |    7059     506    7059 |    1012     506    1012 |    0.2   24.3    0.9
8792 |   255 |    4319 |    7093     507    7093 |    1015     508    1015 |    0.2   29.5    1.2
8793 |   255 |    2772 |    6061     506    6061 |    1013     506    1013 |    0.2   18.2    0.8
8794 |   255 |    4320 |    7089     508    7089 |    1016     508    1016 |    0.2   27.1    0.9
8795 |   255 |    4320 |    7085     508    7085 |    1015     508    1015 |    0.4   26.7    0.9
8796 |   254 |    4302 |    7075     506    7075 |    1013     506    1013 |    0.3   25.6    0.9
8797 |   255 |    4318 |    7087     507    7087 |    1015     507    1015 |    0.2   26.4    1.0
8798 |   255 |    4308 |    7058     506    7058 |    1014     506    1014 |    0.2   26.4    1.0
8799 |   255 |    4258 |    6039     506    6039 |    1013     506    1013 |    0.2   18.5    0.8
8800 |   255 |    4309 |    7080     507    7080 |    1015     507    1015 |    0.2   24.8    0.9
8801 |   255 |    4321 |    7080     507    7080 |    1015     507    1015 |    0.2   25.2    1.0
8802 |   255 |    4312 |    7087     507    7087 |    1014     507    1014 |    0.2   26.9    1.2
8803 |   255 |    2782 |    7085     507    7085 |    1013     507    1013 |    0.3   26.4    0.9
8804 |   254 |    3018 |    7073     506    7073 |    1012     506    1012 |    0.2   25.7    0.9
8805 |   255 |    4319 |    7084     508    7084 |    1015     508    1015 |    0.2   27.1    1.0
8806 |   255 |    4318 |    7091     508    7091 |    1016     508    1016 |    0.4   25.5    0.9
8807 |   255 |    4321 |    7095     508    7095 |    1017     508    1017 |    0.2   26.8    1.0
8808 |   255 |    2772 |    6068     506    6068 |    1012     506    1012 |    0.3   19.2    0.8
8809 |   255 |    3507 |    6048     507    6048 |    1013     507    1013 |    0.2   17.6    0.8
8810 |   254 |    4282 |    7038     505    7038 |    1012     506    1012 |    0.2   25.3    1.0
8811 |   255 |    4324 |    7088     507    7088 |    1015     507    1015 |    0.2   24.9    1.0
8812 |   255 |    4320 |    7091     508    7091 |    1016     508    1016 |    0.2   25.2    1.0
8813 |   255 |    4323 |    7088     508    7088 |    1017     508    1017 |    0.2   26.3    1.1
8814 |   255 |    2787 |    7089     508    7089 |    1016     508    1016 |    0.3   26.9    1.0
8815 |   255 |    4304 |    7080     507    7080 |    1014     507    1014 |    0.2   25.4    0.9
8816 |   255 |    4301 |    7081     508    7081 |    1016     508    1016 |    0.2   24.6    1.0
8817 |   255 |    4323 |    7093     508    7093 |    1015     508    1015 |    0.3   26.2    0.9
8818 |   254 |    4293 |    7063     506    7063 |    1014     506    1014 |    0.2   24.7    0.9
8819 |   255 |    4313 |    7086     507    7086 |    1014     507    1014 |    0.2   27.2    0.9
8820 |   255 |    3532 |    7067     506    7067 |    1013     506    1013 |    0.3   19.5    0.8
8821 |   255 |    4317 |    7077     508    7077 |    1016     508    1016 |    0.2   26.9    1.1
8822 |   255 |    4323 |    7094     507    7094 |    1015     507    1015 |    0.2   24.7    1.0
8823 |   255 |    3292 |    7075     506    7075 |    1013     506    1013 |    0.2   18.2    0.8
8824 |   255 |    4313 |    7082     506    7082 |    1013     506    1013 |    0.2   25.4    0.9
8825 |   253 |    4288 |    7066     505    7066 |    1011     506    1011 |    0.2   25.2    0.9
8826 |   255 |    4300 |    7079     507    7079 |    1014     507    1014 |    0.2   25.3    0.9
8827 |   255 |    4313 |    7079     507    7079 |    1015     507    1015 |    0.3   24.8    1.2
8828 |   255 |    4322 |    7092     507    7092 |    1015     507    1015 |    0.2   27.3    1.1
8829 |   255 |    4302 |    7081     507    7081 |    1014     507    1014 |    0.2   26.0    1.2
8830 |   255 |    4326 |    7090     508    7090 |    1017     509    1017 |    0.2   25.8    0.9
8831 |   255 |    2784 |    7089     507    7089 |    1014     507    1014 |    0.2   25.4    0.9
8832 |   255 |    4313 |    7088     508    7088 |    1016     508    1016 |    0.3   25.9    0.9
8833 |   255 |    4317 |    7080     507    7080 |    1016     507    1016 |    0.2   25.7    1.0
8834 |   254 |    4306 |    7068     507    7068 |    1017     507    1017 |    0.2   25.4    0.9
8835 |   255 |    4316 |    7086     509    7086 |    1018     509    1018 |    0.3   25.2    0.9
8836 |   255 |    4323 |    7082     508    7082 |    1016     508    1016 |    0.4   26.8    1.0
8837 |   255 |    4316 |    7092     508    7092 |    1015     508    1015 |    0.2   27.2    1.0
8838 |   255 |    4323 |    7098     508    7098 |    1016     508    1016 |    0.2   27.9    1.0
8839 |   255 |    4315 |    7079     507    7079 |    1015     507    1015 |    0.2   26.9    1.0
8840 |   255 |    4321 |    7078     507    7078 |    1016     507    1016 |    0.2   25.4    1.0
8841 |   255 |    4309 |    7079     508    7079 |    1015     508    1015 |    0.4   25.0    0.9
8842 |   255 |    4289 |    7050     505    7050 |    1012     505    1012 |    0.2   24.7    0.9
8843 |   251 |    2738 |    6009     505    6009 |    1010     505    1010 |    0.2   17.5    0.8
8844 |   254 |    4310 |    7077     507    7077 |    1015     507    1015 |    0.2   26.1    1.0
8845 |   255 |    4316 |    7088     507    7088 |    1014     507    1014 |    0.2   26.2    1.0
8846 |   255 |    4325 |    7088     508    7088 |    1016     508    1016 |    0.4   26.1    0.9
8847 |   255 |    4301 |    7061     506    7061 |    1013     506    1013 |    0.2   25.6    0.9
8848 |   254 |    4280 |    6055     505    6055 |    1012     505    1012 |    0.2   18.8    0.8
8849 |   252 |    4248 |    6008     505    6008 |    1010     505    1010 |    0.2   18.0    0.9
8850 |   255 |    4313 |    7073     508    7073 |    1015     508    1015 |    0.3   26.4    0.9
8851 |   254 |    3015 |    7068     505    7068 |    1012     506    1012 |    0.2   24.5    0.9
8852 |   255 |    4324 |    7090     508    7090 |    1016     508    1016 |    0.2   28.8    1.3
8853 |   254 |    4311 |    7076     508    7076 |    1015     508    1015 |    0.3   24.5    1.2
8854 |   255 |    4325 |    7096     508    7096 |    1015     508    1015 |    0.3   26.3    1.0
8855 |   255 |    4306 |    7074     506    7074 |    1012     506    1012 |    0.3   26.6    1.0
8856 |   255 |    3297 |    7074     508    7074 |    1016     508    1016 |    0.3   19.2    0.8
8857 |   254 |    4302 |    7067     505    7067 |    1012     505    1012 |    0.2   25.7    1.0
8858 |   255 |    4321 |    7079     508    7079 |    1016     508    1016 |    0.2   25.2    1.0
8859 |   255 |    4322 |    7081     508    7081 |    1016     508    1016 |    0.2   25.5    1.0
8860 |   254 |    4310 |    7075     507    7075 |    1014     507    1014 |    0.2   20.2    0.8
8861 |   253 |    4282 |    6056     505    6056 |    1010     505    1010 |    0.2   18.1    0.8
8862 |   255 |    3520 |    6054     506    6054 |    1013     506    1013 |    0.2   18.8    0.8
8863 |   255 |    2762 |    6034     506    6034 |    1013     506    1013 |    0.2   19.0    0.9
8864 |   254 |    4285 |    7051     505    7051 |    1011     505    1011 |    0.2   24.9    0.9
8865 |   255 |    4288 |    6063     507    6063 |    1013     507    1013 |    0.2   18.3    0.8
8866 |   255 |    4310 |    7080     507    7080 |    1015     507    1015 |    0.2   27.0    1.0
8867 |   255 |    4316 |    7085     507    7085 |    1014     507    1014 |    0.2   26.3    1.0
8868 |   255 |    2787 |    7089     508    7089 |    1015     508    1015 |    0.2   26.6    0.9
8869 |   255 |    4300 |    7074     507    7074 |    1015     507    1015 |    0.2   25.6    1.1
8870 |   255 |    2788 |    7082     508    7082 |    1015     508    1015 |    0.2   25.3    1.0
8871 |   255 |    3262 |    6051     506    6051 |    1013     506    1013 |    0.2   18.8    0.8
8872 |   254 |    4286 |    7050     505    7050 |    1011     505    1011 |    0.2   26.7    1.2
8873 |   255 |    4321 |    7085     507    7085 |    1015     507    1015 |    0.3   24.4    0.9
8874 |   255 |    4322 |    7084     508    7084 |    1017     508    1017 |    0.2   27.8    0.9
8875 |   255 |    4310 |    7075     508    7075 |    1015     508    1015 |    0.2   24.7    0.9
8876 |   253 |    4290 |    7061     505    7061 |    1011     505    1011 |    0.2   25.7    0.9
8877 |   255 |    4319 |    7074     507    7074 |    1015     507    1015 |    0.2   24.0    0.9
8878 |   255 |    4296 |    6070     507    6070 |    1015     507    1015 |    0.3   19.0    0.8
8879 |   255 |    4314 |    7083     508    7083 |    1015     508    1015 |    0.3   24.9    0.9
8880 |   255 |    4317 |    7078     508    7078 |    1015     508    1015 |    0.2   26.0    0.9
8881 |   255 |    4319 |    7086     508    7086 |    1016     508    1016 |    0.2   25.1    1.0
8882 |   254 |    4300 |    7070     506    7070 |    1013     506    1013 |    0.2   24.5    0.9
8883 |   255 |    4323 |    7092     508    7092 |    1015     507    1015 |    0.2   27.0    1.0
8884 |   255 |    3787 |    7071     506    7071 |    1013     506    1013 |    0.2   19.8    0.9
8885 |   255 |    4266 |    6044     506    6044 |    1013     506    1013 |    0.2   17.9    0.8
8886 |   255 |    4302 |    7083     507    7083 |    1014     507    1014 |    0.2   25.9    1.0
8887 |   255 |    4287 |    6066     506    6066 |    1013     506    1013 |    0.2   20.0    0.8
8888 |   255 |    4292 |    6075     507    6075 |    1015     507    1015 |    0.2   18.2    0.8
8889 |   255 |    4314 |    7080     508    7080 |    1016     508    1016 |    0.2   26.7    1.2
8890 |   253 |    4275 |    7038     507    7038 |    1014     507    1014 |    0.2   18.5    1.0
8891 |   255 |    4315 |    7080     508    7080 |    1017     508    1017 |    0.2   27.6    0.9
8892 |   255 |    4309 |    7068     506    7068 |    1013     506    1013 |    0.2   24.3    0.9
8893 |   255 |    4314 |    7086     507    7086 |    1014     507    1014 |    0.2   25.1    1.0
8894 |   255 |    4302 |    7079     507    7079 |    1014     507    1014 |    0.2   28.3    0.9
8895 |   255 |    4317 |    7088     507    7088 |    1015     507    1015 |    0.2   24.9    0.9
8896 |   255 |    4317 |    7087     508    7087 |    1015     508    1015 |    0.2   25.6    0.9
8897 |   254 |    2757 |    6025     506    6025 |    1012     506    1012 |    0.2   19.2    1.0
8898 |   255 |    4321 |    7089     508    7089 |    1016     508    1016 |    0.3   25.6    1.0
8899 |   254 |    4297 |    7061     505    7061 |    1012     506    1012 |    0.2   25.0    1.0
8900 |   255 |    4325 |    7097     508    7097 |    1015     508    1015 |    0.2   25.8    1.0
8901 |   255 |    2788 |    7087     507    7087 |    1015     507    1015 |    0.2   19.4    0.8
8902 |   255 |    4299 |    7083     507    7083 |    1014     507    1014 |    0.2   26.8    1.0
8903 |   254 |    4302 |    7059     508    7059 |    1017     508    1017 |    0.3   25.8    1.1
8904 |   255 |    4295 |    7066     507    7066 |    1015     507    1015 |    0.2   19.4    0.8
8905 |   255 |    4317 |    7089     507    7089 |    1015     507    1015 |    0.2   26.2    1.0
8906 |   255 |    4320 |    7087     508    7087 |    1017     508    1017 |    0.2   27.3    1.0
8907 |   253 |    4286 |    6060     506    6060 |    1011     506    1011 |    0.2   18.6    0.8
8908 |   253 |    4269 |    6040     506    6040 |    1012     506    1012 |    0.2   19.3    1.0
8909 |   254 |    4300 |    7063     506    7063 |    1012     506    1012 |    0.2   26.3    1.5
8910 |   255 |    4309 |    7060     508    7060 |    1016     508    1016 |    0.3   26.0    1.0
8911 |   255 |    2775 |    7075     506    7075 |    1013     506    1013 |    0.2   24.7    0.9
8912 |   254 |    2772 |    7070     506    7070 |    1012     506    1012 |    0.2   26.4    0.9
8913 |   255 |    4323 |    7091     507    7091 |    1016     507    1016 |    0.2   25.7    1.3
8914 |   255 |    3024 |    7089     508    7089 |    1016     508    1016 |    0.2   26.6    1.3
8915 |   255 |    4306 |    7086     507    7086 |    1014     507    1014 |    0.2   26.9    1.0
8916 |   255 |    4305 |    7085     507    7085 |    1014     507    1014 |    0.2   24.5    0.9
8917 |   254 |    4263 |    6038     506    6038 |    1012     506    1012 |    0.2   19.0    0.8
8918 |   255 |    2787 |    7077     508    7077 |    1017     508    1017 |    0.2   27.3    0.9
8919 |   255 |    3287 |    7089     507    7089 |    1014     507    1014 |    0.2   27.3    1.0
8920 |   255 |    4319 |    7093     507    7093 |    1015     508    1015 |    0.2   26.4    0.9
8921 |   255 |    4322 |    7088     507    7088 |    1015     507    1015 |    0.2   27.0    0.9
8922 |   255 |    4325 |    7090     508    7090 |    1016     508    1016 |    0.2   26.3    0.9
8923 |   255 |    4289 |    6068     507    6068 |    1013     507    1013 |    0.2   19.8    0.8
8924 |   255 |    4259 |    6035     506    6035 |    1013     506    1013 |    0.2   19.5    0.8
8925 |   255 |    4315 |    7073     506    7073 |    1014     506    1014 |    0.2   25.0    0.9
8926 |   255 |    4316 |    7070     508    7070 |    1015     508    1015 |    0.2   25.3    0.9
8927 |   253 |    4280 |    7046     505    7046 |    1011     505    1011 |    0.2   25.3    1.1
8928 |   254 |    4304 |    7073     506    7073 |    1014     507    1014 |    0.3   26.0    0.9
8929 |   255 |    3018 |    7078     506    7078 |    1013     506    1013 |    0.2   25.9    1.0
8930 |   255 |    4326 |    7086     508    7086 |    1017     508    1017 |    0.2   25.7    1.0
8931 |   255 |    4322 |    7090     507    7090 |    1015     507    1015 |    0.2   25.5    0.9
8932 |   255 |    4304 |    7086     507    7086 |    1014     507    1014 |    0.2   25.9    0.9
8933 |   254 |    4306 |    7076     507    7076 |    1014     507    1014 |    0.2   25.3    0.9
8934 |   255 |    4323 |    7087     508    7087 |    1017     508    1017 |    0.2   25.3    0.9
8935 |   255 |    3807 |    7074     508    7074 |    1019     509    1019 |    0.2   18.4    0.8
8936 |   255 |    4324 |    7086     508    7086 |    1016     508    1016 |    0.2   26.2    1.0
8937 |   255 |    4320 |    7087     508    7087 |    1016     508    1016 |    0.2   24.5    0.9
8938 |   255 |    4313 |    7087     508    7087 |    1015     508    1015 |    0.2   25.3    1.3
8939 |   255 |    4310 |    7078     506    7078 |    1013     506    1013 |    0.3   26.6    1.0
8940 |   254 |    2766 |    6058     506    6058 |    1012     506    1012 |    0.2   18.6    0.9
8941 |   255 |    4323 |    7090     508    7090 |    1016     508    1016 |    0.3   26.1    1.0
8942 |   255 |    4306 |    7075     507    7075 |    1013     507    1013 |    0.3   25.7    1.1
8943 |   255 |    4318 |    7087     507    7087 |    1014     507    1014 |    0.2   25.8    1.0
8944 |   255 |    4313 |    7081     507    7081 |    1015     507    1015 |    0.2   24.3    1.0
8945 |   254 |    4269 |    6043     508    6043 |    1015     508    1015 |    0.2   18.4    0.8
8946 |   255 |    4317 |    7082     507    7082 |    1015     508    1015 |    0.2   26.1    0.9
8947 |   255 |    4314 |    7079     507    7079 |    1015     508    1015 |    0.2   26.3    1.0
8948 |   255 |    4302 |    7060     506    7060 |    1013     506    1013 |    0.2   25.2    0.9
8949 |   255 |    4318 |    7090     508    7090 |    1015     508    1015 |    0.2   27.3    0.9
8950 |   255 |    4307 |    7076     508    7076 |    1016     508    1016 |    0.3   27.8    1.0
8951 |   255 |    4308 |    7068     506    7068 |    1013     506    1013 |    0.2   26.7    0.9
8952 |   255 |    4321 |    7084     507    7084 |    1015     507    1015 |    0.2   25.5    0.9
8953 |   254 |    3286 |    7068     506    7068 |    1012     506    1012 |    0.2   17.6    0.8
8954 |   254 |    4278 |    6051     505    6051 |    1012     506    1012 |    0.2   20.3    1.1
8955 |   255 |    4305 |    7070     506    7070 |    1014     506    1014 |    0.2   26.4    1.0
8956 |   253 |    4284 |    7057     505    7057 |    1011     505    1011 |    0.2   24.6    1.0
8957 |   255 |    4305 |    7077     507    7077 |    1014     507    1014 |    0.2   24.3    1.1
8958 |   255 |    4293 |    7047     506    7047 |    1013     506    1013 |    0.3   18.2    0.8
8959 |   254 |    4297 |    7074     506    7074 |    1012     506    1012 |    0.2   25.5    0.9
8960 |   253 |    4283 |    6058     506    6058 |    1011     506    1011 |    0.2   19.8    0.9
8961 |   255 |    4309 |    7078     507    7078 |    1014     507    1014 |    0.2   26.6    1.0
8962 |   255 |    4326 |    7093     508    7093 |    1017     509    1017 |    0.2   25.1    0.9
8963 |   254 |    4299 |    7066     506    7066 |    1012     506    1012 |    0.2   25.2    0.9
8964 |   255 |    4308 |    7072     506    7072 |    1013     506    1013 |    0.2   18.6    0.8
8965 |   253 |    4284 |    6055     506    6055 |    1011     506    1011 |    0.2   21.4    1.0
8966 |   255 |    4314 |    7087     507    7087 |    1015     507    1015 |    0.3   26.8    1.3
8967 |   255 |    4328 |    7088     509    7088 |    1017     509    1017 |    0.3   26.8    0.9
8968 |   255 |    3296 |    7095     508    7095 |    1016     508    1016 |    0.2   25.2    1.0
8969 |   255 |    2774 |    6067     507    6067 |    1014     507    1014 |    0.2   18.3    0.8
8970 |   255 |    4315 |    7081     507    7081 |    1015     507    1015 |    0.2   24.8    0.9
8971 |   255 |    4325 |    7081     509    7081 |    1017     509    1017 |    0.2   26.7    1.0
8972 |   255 |    3510 |    6049     506    6049 |    1012     506    1012 |    0.2   19.2    0.8
8973 |   255 |    4305 |    7067     506    7067 |    1013     506    1013 |    0.2   25.6    1.0
8974 |   254 |    4302 |    7071     506    7071 |    1012     506    1012 |    0.3   27.5    1.1
8975 |   255 |    4294 |    7035     506    7035 |    1014     506    1014 |    0.2   24.4    0.9
8976 |   255 |    4305 |    7083     507    7083 |    1014     507    1014 |    0.2   25.7    1.0
8977 |   255 |    4325 |    7084     508    7084 |    1016     508    1016 |    0.3   25.3    0.9
8978 |   255 |    4323 |    7093     508    7093 |    1016     508    1016 |    0.2   25.0    1.0
8979 |   253 |    3775 |    7040     506    7040 |    1013     506    1013 |    0.2   21.0    0.8
8980 |   255 |    4294 |    7043     505    7043 |    1013     505    1013 |    0.2   25.8    0.9
8981 |   255 |    4313 |    7086     507    7086 |    1015     508    1015 |    0.2   26.9    1.3
8982 |   255 |    4300 |    7046     506    7046 |    1014     506    1014 |    0.2   25.7    1.0
8983 |   255 |    4313 |    7081     507    7081 |    1016     507    1016 |    0.2   27.1    1.0
8984 |   255 |    4309 |    7083     507    7083 |    1015     507    1015 |    0.3   24.9    0.9
8985 |   255 |    4314 |    7075     507    7075 |    1013     507    1013 |    0.2   27.0    0.9
8986 |   255 |    4297 |    6069     507    6069 |    1014     507    1014 |    0.2   19.8    0.8
8987 |   255 |    4316 |    7092     507    7092 |    1016     508    1016 |    0.2   25.5    1.2
8988 |   254 |    3271 |    7043     507    7043 |    1015     507    1015 |    0.3   18.5    0.8
8989 |   255 |    4312 |    7074     507    7074 |    1014     507    1014 |    0.2   23.7    0.9
8990 |   255 |    4324 |    7078     508    7078 |    1016     508    1016 |    0.2   25.6    0.9
8991 |   255 |    3029 |    7081     507    7081 |    1015     507    1015 |    0.2   26.1    1.0
8992 |   255 |    3553 |    7086     508    7086 |    1015     508    1015 |    0.2   19.4    0.8
8993 |   255 |    3028 |    7075     507    7075 |    1015     508    1015 |    0.2   24.8    1.1
8994 |   255 |    4311 |    7075     506    7075 |    1013     506    1013 |    0.2   25.6    0.9
8995 |   255 |    4283 |    7030     506    7030 |    1012     506    1012 |    0.2   25.5    1.0
8996 |   255 |    4284 |    6062     505    6062 |    1012     506    1012 |    0.2   18.0    0.8
8997 |   254 |    4303 |    7070     506    7070 |    1013     506    1013 |    0.2   24.9    1.0
8998 |   255 |    4314 |    7077     508    7077 |    1015     508    1015 |    0.2   25.9    0.9
8999 |   255 |    4315 |    7078     508    7078 |    1016     508    1016 |    0.2   25.6    1.0
9000 |   255 |    4307 |    7082     507    7082 |    1014     507    1014 |    0.2   26.3    1.0
9001 |   254 |    4298 |    7070     506    7070 |    1012     506    1012 |    0.2   25.3    0.9
9002 |   254 |    4301 |    7079     507    7079 |    1013     507    1013 |    0.2   25.0    0.9
9003 |   253 |    4270 |    6052     505    6052 |    1011     505    1011 |    0.3   18.2    0.8
9004 |   255 |    4314 |    7069     507    7069 |    1014     507    1014 |    0.2   26.2    1.0
9005 |   255 |    4319 |    7089     507    7089 |    1014     507    1014 |    0.2   26.0    0.9
9006 |   251 |    4256 |    6024     505    6024 |    1010     505    1010 |    0.2   18.2    0.8
9007 |   255 |    2769 |    6063     506    6063 |    1013     506    1013 |    0.2   19.4    0.8
9008 |   253 |    4274 |    6043     505    6043 |    1010     505    1010 |    0.2   21.0    0.9
9009 |   255 |    2795 |    7091     508    7091 |    1016     508    1016 |    0.2   18.7    0.8
9010 |   255 |    4318 |    7074     509    7074 |    1018     509    1018 |    0.2   26.3    0.9
9011 |   255 |    4326 |    7088     508    7088 |    1017     508    1017 |    0.2   26.2    0.9
9012 |   254 |    4288 |    7061     505    7061 |    1012     506    1012 |    0.2   25.6    1.0
9013 |   255 |    4319 |    7088     507    7088 |    1015     508    1015 |    0.3   25.3    1.0
9014 |   252 |    4258 |    6033     505    6033 |    1010     505    1010 |    0.2   18.6    0.8
9015 |   255 |    2786 |    7075     508    7075 |    1016     508    1016 |    0.2   23.9    0.9
9016 |   254 |    4264 |    7024     508    7024 |    1016     508    1016 |    0.2   18.4    0.8
9017 |   255 |    4292 |    7073     506    7073 |    1013     506    1013 |    0.2   19.0    0.8
9018 |   255 |    4322 |    7089     508    7089 |    1016     508    1016 |    0.2   26.7    0.9
9019 |   255 |    4314 |    7071     507    7071 |    1014     507    1014 |    0.3   26.4    1.0
9020 |   255 |    4316 |    7087     507    7087 |    1015     507    1015 |    0.2   25.9    0.9
9021 |   255 |    4323 |    7094     508    7094 |    1016     508    1016 |    0.2   24.9    0.9
9022 |   255 |    4301 |    7083     507    7083 |    1014     507    1014 |    0.3   24.5    0.9
9023 |   255 |    4327 |    7095     508    7095 |    1016     508    1016 |    0.2   27.0    1.0
9024 |   255 |    4320 |    6081     509    6081 |    1017     509    1017 |    0.2   20.2    0.9
9025 |   255 |    4302 |    7079     507    7079 |    1014     507    1014 |    0.2   25.7    1.0
9026 |   255 |    4308 |    7077     507    7077 |    1013     507    1013 |    0.2   25.7    1.0
9027 |   255 |    3552 |    7094     508    7094 |    1016     508    1016 |    0.2   19.0    0.8
9028 |   255 |    4290 |    6067     506    6067 |    1013     506    1013 |    0.2   18.3    0.8
9029 |   255 |    3297 |    7082     507    7082 |    1015     507    1015 |    0.2   19.3    0.9
9030 |   255 |    4298 |    6073     506    6073 |    1013     506    1013 |    0.2   18.1    0.9
9031 |   254 |    4288 |    6066     506    6066 |    1012     506    1012 |    0.2   18.2    0.8
9032 |   255 |    3030 |    7087     507    7087 |    1015     507    1015 |    0.2   25.8    1.0
9033 |   255 |    4303 |    7066     506    7066 |    1013     506    1013 |    0.2   24.9    0.9
9034 |   255 |    4322 |    7092     507    7092 |    1015     508    1015 |    0.2   26.3    1.0
9035 |   254 |    4295 |    7074     506    7074 |    1013     506    1013 |    0.2   25.2    1.4
9036 |   255 |    4303 |    7080     507    7080 |    1014     507    1014 |    0.3   26.9    1.0
9037 |   253 |    4292 |    7067     505    7067 |    1012     506    1012 |    0.2   24.5    1.0
9038 |   255 |    4308 |    7074     506    7074 |    1013     506    1013 |    0.2   25.3    0.9
9039 |   254 |    4304 |    7075     506    7075 |    1013     506    1013 |    0.2   25.9    1.0
9040 |   253 |    3013 |    6056     505    6056 |    1011     505    1011 |    0.2   17.9    0.8
9041 |   255 |    4319 |    7090     507    7090 |    1014     507    1014 |    0.2   25.0    1.1
9042 |   254 |    4290 |    6067     506    6067 |    1012     506    1012 |    0.2   18.0    0.8
9043 |   255 |    4312 |    7079     507    7079 |    1014     507    1014 |    0.2   26.5    1.0
9044 |   254 |    4305 |    7074     506    7074 |    1013     506    1013 |    0.2   26.0    1.0
9045 |   255 |    4315 |    7085     507    7085 |    1014     507    1014 |    0.2   25.9    1.0
9046 |   255 |    4320 |    7079     508    7079 |    1016     508    1016 |    0.2   26.7    0.9
9047 |   254 |    4275 |    7023     505    7023 |    1011     505    1011 |    0.2   24.9    1.0
9048 |   255 |    4313 |    7082     507    7082 |    1015     508    1015 |    0.2   25.8    1.0
9049 |   254 |    4295 |    7069     505    7069 |    1012     505    1012 |    0.2   25.3    1.0
9050 |   255 |    4294 |    6069     507    6069 |    1013     506    1013 |    0.2   18.9    0.8
9051 |   255 |    4307 |    7070     509    7070 |    1017     509    1017 |    0.3   25.2    0.9
9052 |   255 |    4295 |    7068     506    7068 |    1012     506    1012 |    0.2   27.0    1.1
9053 |   254 |    4295 |    6069     506    6069 |    1012     506    1012 |    0.2   19.6    0.8
9054 |   255 |    4307 |    7070     506    7070 |    1013     506    1013 |    0.2   29.1    1.1
9055 |   255 |    4318 |    7083     507    7083 |    1014     507    1014 |    0.2   26.2    1.0
9056 |   254 |    3269 |    6055     506    6055 |    1012     506    1012 |    0.2   18.9    0.8
9057 |   254 |    4286 |    6060     506    6060 |    1012     506    1012 |    0.2   19.2    0.8
9058 |   255 |    4311 |    6082     507    6082 |    1015     507    1015 |    0.2   19.2    0.8
9059 |   255 |    3019 |    6047     506    6047 |    1013     506    1013 |    0.2   18.4    0.8
9060 |   255 |    4322 |    7090     508    7090 |    1016     508    1016 |    0.2   26.3    1.0
9061 |   254 |    4305 |    7073     507    7073 |    1013     507    1013 |    0.2   24.6    0.9
9062 |   253 |    4282 |    7058     505    7058 |    1011     505    1011 |    0.2   25.3    0.9
9063 |   255 |    4313 |    7076     508    7076 |    1016     508    1016 |    0.2   25.7    1.0
9064 |   255 |    4319 |    6086     507    6086 |    1015     508    1015 |    0.2   18.8    0.8
9065 |   255 |    4315 |    7081     507    7081 |    1014     507    1014 |    0.2   26.1    1.0
9066 |   255 |    4319 |    7088     507    7088 |    1015     507    1015 |    0.3   26.4    1.0
9067 |   253 |    4287 |    6060     505    6060 |    1011     505    1011 |    0.2   18.7    0.8
9068 |   255 |    4310 |    7072     507    7072 |    1013     507    1013 |    0.2   26.5    1.1
9069 |   255 |    4320 |    7069     509    7069 |    1018     509    1018 |    0.2   24.5    1.1
9070 |   255 |    4321 |    7080     508    7080 |    1017     508    1017 |    0.2   26.0    1.0
9071 |   255 |    4317 |    7084     507    7084 |    1014     507    1014 |    0.2   26.0    1.0
9072 |   255 |    4285 |    7051     507    7051 |    1015     507    1015 |    0.2   19.3    0.8
9073 |   254 |    4306 |    7082     506    7082 |    1013     507    1013 |    0.2   25.5    1.0
9074 |   255 |    4311 |    7085     508    7085 |    1016     508    1016 |    0.2   27.1    1.1
9075 |   255 |    4315 |    7095     507    7095 |    1015     507    1015 |    0.2   25.8    1.0
9076 |   255 |    4260 |    6038     506    6038 |    1013     506    1013 |    0.2   19.8    0.8
9077 |   255 |    3280 |    7055     507    7055 |    1015     507    1015 |    0.2   19.4    0.8
9078 |   253 |    2770 |    6063     506    6063 |    1011     506    1011 |    0.2   18.9    0.8
9079 |   255 |    4322 |    7090     508    7090 |    1016     508    1016 |    0.2   25.6    1.1
9080 |   255 |    3018 |    7068     505    7068 |    1015     507    1015 |    0.2   25.8    0.9
9081 |   255 |    4323 |    7089     508    7089 |    1015     508    1015 |    0.2   24.9    1.0
9082 |   255 |    4327 |    7095     508    7095 |    1016     508    1016 |    0.2   25.5    0.9
9083 |   255 |    4314 |    7089     508    7089 |    1016     508    1016 |    0.3   19.6    0.8
9084 |   255 |    3285 |    7061     507    7061 |    1015     507    1015 |    0.3   18.8    0.8
9085 |   255 |    4324 |    7087     508    7087 |    1016     508    1016 |    0.2   24.6    1.0
9086 |   255 |    4267 |    7053     506    7053 |    1013     506    1013 |    0.3   19.4    0.9
9087 |   254 |    4300 |    7076     506    7076 |    1013     506    1013 |    0.2   25.6    1.0
9088 |   254 |    4290 |    6066     506    6066 |    1013     506    1013 |    0.2   18.6    0.8
9089 |   254 |    4310 |    7085     507    7085 |    1014     507    1014 |    0.2   26.1    0.9
9090 |   254 |    4289 |    6063     505    6063 |    1011     505    1011 |    0.2   19.6    0.8
9091 |   255 |    4311 |    7076     508    7076 |    1017     508    1017 |    0.2   25.2    0.9
9092 |   255 |    4319 |    7092     507    7092 |    1015     507    1015 |    0.2   27.2    1.0
9093 |   255 |    4311 |    7079     507    7079 |    1013     506    1013 |    0.2   24.1    1.2
9094 |   255 |    3264 |    7072     506    7072 |    1012     506    1012 |    0.3   19.2    0.9
9095 |   255 |    4290 |    6071     507    6071 |    1014     507    1014 |    0.3   18.9    0.8
9096 |   253 |    3273 |    7052     506    7052 |    1013     506    1013 |    0.2   18.5    0.9
9097 |   255 |    4316 |    7087     508    7087 |    1015     508    1015 |    0.2   26.8    0.9
9098 |   255 |    4311 |    7069     507    7069 |    1014     507    1014 |    0.2   26.6    1.0
9099 |   255 |    4306 |    7083     507    7083 |    1014     507    1014 |    0.2   28.5    1.2
9100 |   255 |    4320 |    7087     507    7087 |    1015     507    1015 |    0.3   26.9    1.0
9101 |   254 |    4296 |    7054     506    7054 |    1014     506    1014 |    0.2   25.9    1.2
9102 |   255 |    2788 |    7078     507    7078 |    1016     507    1016 |    0.3   28.1    1.0
9103 |   255 |    3025 |    7081     507    7081 |    1014     507    1014 |    0.2   27.5    1.0
9104 |   253 |    4273 |    6045     505    6045 |    1010     505    1010 |    0.2   19.4    0.8
9105 |   254 |    3544 |    7073     507    7073 |    1014     507    1014 |    0.2   19.2    0.8
9106 |   255 |    4316 |    7085     507    7085 |    1015     507    1015 |    0.2   26.9    0.9
9107 |   255 |    4293 |    7046     506    7046 |    1013     506    1013 |    0.2   25.5    1.0
9108 |   255 |    3030 |    7080     507    7080 |    1014     507    1014 |    0.2   24.2    0.9
9109 |   254 |    4305 |    7070     508    7070 |    1016     508    1016 |    0.3   24.3    0.9
9110 |   255 |    3271 |    7046     507    7046 |    1014     507    1014 |    0.2   18.1    0.8
9111 |   255 |    4306 |    7084     507    7084 |    1014     507    1014 |    0.2   26.7    1.0
9112 |   255 |    4320 |    7084     508    7084 |    1015     508    1015 |    0.2   27.4    1.0
9113 |   255 |    4317 |    7087     507    7087 |    1015     507    1015 |    0.2   24.3    1.0
9114 |   254 |    3018 |    7077     506    7077 |    1013     506    1013 |    0.2   27.6    1.0
9115 |   255 |    4300 |    7078     507    7078 |    1015     507    1015 |    0.2   24.7    0.9
9116 |   255 |    4314 |    7081     507    7081 |    1016     507    1016 |    0.2   25.8    1.5
9117 |   255 |    4311 |    7081     507    7081 |    1015     507    1015 |    0.2   24.4    0.9
9118 |   255 |    4293 |    6069     506    6069 |    1012     506    1012 |    0.2   20.0    0.8
9119 |   255 |    4308 |    7076     507    7076 |    1013     507    1013 |    0.2   24.7    0.9
9120 |   255 |    4313 |    7091     507    7091 |    1015     507    1015 |    0.2   26.2    1.0
9121 |   255 |    4313 |    7084     507    7084 |    1014     507    1014 |    0.3   25.3    1.0
9122 |   255 |    4317 |    7086     508    7086 |    1017     508    1017 |    0.3   25.0    1.0
9123 |   255 |    4308 |    6079     507    6079 |    1014     507    1014 |    0.2   18.4    0.9
9124 |   255 |    4324 |    7083     508    7083 |    1016     508    1016 |    0.2   25.3    1.0
9125 |   255 |    4318 |    7087     508    7087 |    1015     508    1015 |    0.3   25.5    0.9
9126 |   253 |    4280 |    7042     505    7042 |    1011     505    1011 |    0.2   24.9    1.2
9127 |   253 |    4268 |    6033     506    6033 |    1012     506    1012 |    0.3   18.6    0.8
9128 |   254 |    4286 |    6062     506    6062 |    1013     506    1013 |    0.2   19.3    0.8
9129 |   255 |    4316 |    7091     507    7091 |    1015     507    1015 |    0.2   25.8    1.0
9130 |   254 |    3291 |    7071     507    7071 |    1014     507    1014 |    0.2   18.7    0.8
9131 |   255 |    2792 |    6083     508    6083 |    1017     509    1017 |    0.2   18.1    0.8
9132 |   255 |    4321 |    7091     507    7091 |    1015     507    1015 |    0.2   26.6    0.9
9133 |   255 |    3543 |    7073     508    7073 |    1015     508    1015 |    0.2   18.4    0.8
9134 |   255 |    2793 |    7092     508    7092 |    1015     508    1015 |    0.2   25.6    0.9
9135 |   255 |    4307 |    7081     508    7081 |    1015     508    1015 |    0.2   25.7    1.0
9136 |   254 |    4308 |    7079     507    7079 |    1013     507    1013 |    0.2   25.9    0.9
9137 |   255 |    4315 |    7084     508    7084 |    1017     508    1017 |    0.3   25.6    0.9
9138 |   255 |    4272 |    6056     507    6056 |    1014     507    1014 |    0.2   18.2    0.8
9139 |   255 |    3028 |    7078     508    7078 |    1016     508    1016 |    0.2   25.4    1.0
9140 |   255 |    4324 |    7089     508    7089 |    1016     508    1016 |    0.2   25.8    0.9
9141 |   255 |    2766 |    6055     506    6055 |    1013     506    1013 |    0.2   19.6    0.8
9142 |   255 |    3034 |    7088     507    7088 |    1015     507    1015 |    0.2   25.2    0.9
9143 |   255 |    4325 |    7095     508    7095 |    1016     508    1016 |    0.2   27.7    1.1
9144 |   255 |    4311 |    7085     507    7085 |    1014     507    1014 |    0.2   29.3    1.1
9145 |   255 |    4274 |    6051     506    6051 |    1013     506    1013 |    0.2   19.0    0.8
9146 |   255 |    4304 |    7075     507    7075 |    1016     507    1016 |    0.2   27.1    1.1
9147 |   255 |    3293 |    7076     507    7076 |    1014     507    1014 |    0.2   19.2    0.8
9148 |   253 |    4281 |    6057     505    6057 |    1011     505    1011 |    0.2   18.1    0.8
9149 |   255 |    4326 |    7095     508    7095 |    1015     508    1015 |    0.2   25.6    1.0
9150 |   254 |    4299 |    7071     506    7071 |    1012     506    1012 |    0.2   25.7    0.9
9151 |   255 |    4319 |    7089     507    7089 |    1015     507    1015 |    0.2   24.9    1.0
9152 |   255 |    3794 |    7078     508    7078 |    1015     508    1015 |    0.2   19.4    0.8
9153 |   253 |    4287 |    6065     506    6065 |    1011     506    1011 |    0.2   18.4    0.9
9154 |   254 |    4295 |    7070     506    7070 |    1012     506    1012 |    0.2   25.4    0.9
9155 |   253 |    4285 |    7064     505    7064 |    1011     506    1011 |    0.2   26.0    0.9
9156 |   254 |    3550 |    7066     508    7066 |    1016     508    1016 |    0.2   20.0    0.8
9157 |   254 |    2772 |    6063     506    6063 |    1012     506    1012 |    0.2   18.7    0.8
9158 |   255 |    2767 |    6043     506    6043 |    1013     506    1013 |    0.2   18.8    0.8
9159 |   255 |    4313 |    7071     507    7071 |    1014     507    1014 |    0.2   25.4    1.1
9160 |   255 |    4327 |    7094     508    7094 |    1016     508    1016 |    0.2   26.4    1.0
9161 |   255 |    4305 |    7082     507    7082 |    1014     507    1014 |    0.2   24.3    0.9
9162 |   254 |    4300 |    7061     506    7061 |    1013     506    1013 |    0.2   25.8    1.0
9163 |   255 |    4311 |    7076     507    7076 |    1013     507    1013 |    0.2   26.8    0.9
9164 |   255 |    4315 |    7081     508    7081 |    1015     508    1015 |    0.2   25.1    0.9
9165 |   253 |    3011 |    7062     506    7062 |    1011     506    1011 |    0.2   19.2    1.1
9166 |   254 |    4305 |    7074     506    7074 |    1013     506    1013 |    0.3   26.4    0.9
9167 |   255 |    3534 |    7071     508    7071 |    1016     508    1016 |    0.2   20.9    0.8
9168 |   255 |    4323 |    7088     508    7088 |    1015     508    1015 |    0.2   27.4    1.2
9169 |   255 |    4316 |    7078     508    7078 |    1017     508    1017 |    0.3   27.1    1.0
9170 |   255 |    4295 |    7076     506    7076 |    1013     506    1013 |    0.2   25.9    0.9
9171 |   255 |    4318 |    7089     508    7089 |    1015     508    1015 |    0.2   24.6    1.2
9172 |   254 |    4305 |    7068     506    7068 |    1014     506    1014 |    0.3   27.3    1.2
9173 |   255 |    4325 |    7093     508    7093 |    1016     508    1016 |    0.2   24.1    0.9
9174 |   254 |    4307 |    7067     507    7067 |    1015     507    1015 |    0.2   25.9    1.0
9175 |   255 |    4323 |    7097     508    7097 |    1016     508    1016 |    0.2   25.5    0.9
9176 |   255 |    4315 |    7089     508    7089 |    1017     508    1017 |    0.2   26.0    1.0
9177 |   255 |    3543 |    7089     507    7089 |    1014     507    1014 |    0.2   25.5    0.9
9178 |   254 |    4296 |    7074     506    7074 |    1013     506    1013 |    0.2   24.8    0.9
9179 |   255 |    4322 |    7095     507    7095 |    1015     508    1015 |    0.2   26.6    1.0
9180 |   255 |    4290 |    7052     505    7052 |    1012     505    1012 |    0.2   25.2    1.1
9181 |   255 |    4308 |    7074     507    7074 |    1013     507    1013 |    0.2   24.4    0.9
9182 |   255 |    4327 |    7088     508    7088 |    1016     508    1016 |    0.2   25.8    0.9
9183 |   254 |    4296 |    7072     506    7072 |    1013     506    1013 |    0.2   25.6    1.2
9184 |   255 |    4315 |    6080     507    6080 |    1014     507    1014 |    0.3   19.8    0.8
9185 |   255 |    4289 |    6066     506    6066 |    1013     506    1013 |    0.3   18.9    0.8
9186 |   255 |    3296 |    7084     507    7084 |    1015     507    1015 |    0.3   20.3    0.8
9187 |   255 |    4311 |    7087     507    7087 |    1015     507    1015 |    0.2   26.4    1.0
9188 |   255 |    4321 |    7086     508    7086 |    1016     508    1016 |    0.2   24.6    1.0
9189 |   255 |    4288 |    6065     506    6065 |    1013     506    1013 |    0.2   19.2    0.9
9190 |   255 |    4317 |    7072     508    7072 |    1016     508    1016 |    0.2   19.7    0.8
9191 |   255 |    4310 |    7063     507    7063 |    1014     507    1014 |    0.2   26.2    1.1
9192 |   255 |    4325 |    7092     508    7092 |    1015     507    1015 |    0.2   25.0    1.0
9193 |   255 |    4314 |    7083     507    7083 |    1015     507    1015 |    0.2   25.7    1.0
9194 |   255 |    4322 |    7088     507    7088 |    1015     507    1015 |    0.2   24.7    0.9
9195 |   254 |    4299 |    7074     506    7074 |    1012     506    1012 |    0.2   25.7    0.9
9196 |   255 |    4319 |    7092     507    7092 |    1015     507    1015 |    0.2   25.9    1.1
9197 |   255 |    3245 |    6988     508    6988 |    1016     508    1016 |    0.3   18.5    0.9
9198 |   255 |    3293 |    7078     507    7078 |    1013     507    1013 |    0.3   18.1    0.8
9199 |   254 |    3007 |    6042     506    6042 |    1012     506    1012 |    0.2   17.3    0.8
9200 |   255 |    4317 |    7084     508    7084 |    1015     508    1015 |    0.2   25.2    1.0
9201 |   255 |    4312 |    7082     508    7082 |    1015     508    1015 |    0.2   25.9    1.0
9202 |   255 |    4314 |    7079     508    7079 |    1015     508    1015 |    0.2   23.6    0.9
9203 |   254 |    4292 |    7075     506    7075 |    1012     506    1012 |    0.2   25.1    0.9
9204 |   255 |    4299 |    7080     506    7080 |    1013     506    1013 |    0.2   25.0    0.9
9205 |   254 |    4311 |    7075     508    7075 |    1015     508    1015 |    0.2   26.8    1.0
9206 |   253 |    4262 |    7019     506    7019 |    1012     506    1012 |    0.2   18.2    0.8
9207 |   255 |    4316 |    7083     507    7083 |    1014     507    1014 |    0.2   25.5    0.9
9208 |   254 |    4295 |    7070     506    7070 |    1012     506    1012 |    0.2   24.8    1.0
9209 |   255 |    4314 |    7077     507    7077 |    1016     508    1016 |    0.2   25.5    1.0
9210 |   255 |    4317 |    7088     508    7088 |    1016     508    1016 |    0.2   27.6    1.0
9211 |   255 |    3542 |    7072     508    7072 |    1017     508    1017 |    0.2   19.5    0.8
9212 |   255 |    4306 |    7078     507    7078 |    1015     507    1015 |    0.2   26.0    1.0
9213 |   255 |    4327 |    7089     508    7089 |    1017     508    1017 |    0.2   25.5    1.0
9214 |   255 |    4320 |    7087     507    7087 |    1014     507    1014 |    0.2   25.8    1.1
9215 |   255 |    4314 |    7087     508    7087 |    1016     508    1016 |    0.4   24.9    0.9
9216 |   254 |    4299 |    7065     506    7065 |    1012     506    1012 |    0.2   28.4    1.0
9217 |   255 |    4317 |    7087     508    7087 |    1016     508    1016 |    0.3   26.0    0.9
9218 |   253 |    3287 |    7037     508    7037 |    1016     508    1016 |    0.3   20.3    0.8
9219 |   255 |    4308 |    7080     507    7080 |    1014     507    1014 |    0.2   25.8    1.1
9220 |   255 |    4320 |    7088     508    7088 |    1016     508    1016 |    0.2   26.0    0.9
9221 |   255 |    4320 |    7083     507    7083 |    1015     507    1015 |    0.2   25.0    0.9
9222 |   254 |    4294 |    7072     506    7072 |    1013     506    1013 |    0.5   27.5    0.9
9223 |   255 |    4320 |    7093     508    7093 |    1017     508    1017 |    0.2   25.4    0.9
9224 |   255 |    4320 |    7089     508    7089 |    1015     508    1015 |    0.2   26.7    0.9
9225 |   255 |    2770 |    6066     506    6066 |    1012     506    1012 |    0.2   19.1    0.8
9226 |   255 |    4301 |    7063     506    7063 |    1013     506    1013 |    0.2   24.6    0.9
9227 |   255 |    4294 |    6070     506    6070 |    1014     507    1014 |    0.2   18.3    0.8
9228 |   254 |    4307 |    7080     507    7080 |    1014     507    1014 |    0.2   25.1    0.9
9229 |   255 |    4308 |    7079     507    7079 |    1015     507    1015 |    0.3   26.5    1.0
9230 |   255 |    4322 |    7083     508    7083 |    1016     508    1016 |    0.2   25.9    0.9
9231 |   255 |    4306 |    7080     507    7080 |    1014     507    1014 |    0.2   26.1    0.9
9232 |   255 |    3551 |    7092     507    7092 |    1015     507    1015 |    0.2   19.1    0.9
9233 |   254 |    4286 |    6062     506    6062 |    1013     506    1013 |    0.2   18.4    1.0
9234 |   255 |    4303 |    6076     507    6076 |    1015     507    1015 |    0.3   19.3    0.9
9235 |   255 |    2775 |    6068     507    6068 |    1014     507    1014 |    0.3   18.9    0.8
9236 |   255 |    4314 |    7083     508    7083 |    1015     508    1015 |    0.2   26.4    1.0
9237 |   253 |    4285 |    7044     507    7044 |    1014     507    1014 |    0.2   19.4    0.9
9238 |   254 |    4291 |    7038     505    7038 |    1012     505    1012 |    0.3   26.7    0.9
9239 |   255 |    4324 |    7093     508    7093 |    1016     508    1016 |    0.2   25.0    1.0
9240 |   254 |    4296 |    6067     506    6067 |    1012     506    1012 |    0.2   19.5    0.8
9241 |   255 |    4313 |    7088     507    7088 |    1014     507    1014 |    0.2   27.0    0.9
9242 |   255 |    4322 |    7096     507    7096 |    1015     507    1015 |    0.2   25.2    0.9
9243 |   255 |    4313 |    7083     507    7083 |    1015     508    1015 |    0.2   25.2    1.3
9244 |   255 |    4276 |    7061     506    7061 |    1013     506    1013 |    0.3   20.0    0.8
9245 |   254 |    4299 |    7073     507    7073 |    1013     507    1013 |    0.2   24.7    0.9
9246 |   255 |    4320 |    6082     508    6082 |    1016     508    1016 |    0.2   18.4    0.8
9247 |   255 |    4310 |    7076     507    7076 |    1015     507    1015 |    0.3   29.9    0.9
9248 |   255 |    3524 |    6062     506    6062 |    1013     506    1013 |    0.3   19.4    0.8
9249 |   249 |    2724 |    5971     505    5971 |    1010     505    1010 |    0.4   17.9    0.8
9250 |   255 |    4316 |    7083     507    7083 |    1015     507    1015 |    0.3   28.4    1.0
9251 |   255 |    4303 |    7055     507    7055 |    1014     507    1014 |    0.3   25.9    1.1
9252 |   255 |    4316 |    7082     507    7082 |    1015     507    1015 |    0.3   27.8    1.0
9253 |   254 |    4301 |    7074     508    7074 |    1015     508    1015 |    0.3   22.7    0.8
9254 |   254 |    3284 |    7077     507    7077 |    1014     507    1014 |    0.3   26.3    1.0
9255 |   255 |    4308 |    7082     507    7082 |    1014     507    1014 |    0.2   25.9    0.9
9256 |   255 |    4305 |    7065     506    7065 |    1013     506    1013 |    0.2   26.9    1.0
9257 |   255 |    2790 |    7092     508    7092 |    1016     508    1016 |    0.2   25.5    1.1
9258 |   255 |    4319 |    7091     507    7091 |    1015     508    1015 |    0.2   26.2    1.0
9259 |   255 |    4303 |    7080     506    7080 |    1014     507    1014 |    0.2   25.5    1.2
9260 |   255 |    4314 |    7070     507    7070 |    1014     507    1014 |    0.3   27.6    1.0
9261 |   255 |    4319 |    7077     509    7077 |    1017     509    1017 |    0.2   24.5    0.9
9262 |   255 |    2775 |    6065     507    6065 |    1013     507    1013 |    0.2   17.8    0.8
9263 |   255 |    4325 |    7088     509    7088 |    1017     509    1017 |    0.2   26.7    1.0
9264 |   255 |    4315 |    7088     508    7088 |    1016     508    1016 |    0.2   24.4    0.9
9265 |   255 |    4330 |    7086     508    7086 |    1017     508    1017 |    0.2   24.9    1.0
9266 |   254 |    4303 |    7079     507    7079 |    1013     507    1013 |    0.2   24.7    1.0
9267 |   255 |    3284 |    7081     506    7081 |    1013     506    1013 |    0.2   19.0    0.8
9268 |   254 |    4291 |    6068     506    6068 |    1012     506    1012 |    0.2   17.6    0.8
9269 |   255 |    4312 |    7082     508    7082 |    1015     508    1015 |    0.2   24.9    1.0
9270 |   255 |    4320 |    7080     507    7080 |    1015     507    1015 |    0.2   25.2    1.0
9271 |   254 |    2762 |    6040     506    6040 |    1012     506    1012 |    0.2   19.3    0.8
9272 |   253 |    3269 |    7061     507    7061 |    1014     507    1014 |    0.2   18.7    0.8
9273 |   255 |    4319 |    7078     508    7078 |    1016     508    1016 |    0.2   24.8    0.9
9274 |   255 |    4259 |    6039     506    6039 |    1013     506    1013 |    0.2   17.8    0.8
9275 |   255 |    3813 |    7093     507    7093 |    1015     507    1015 |    0.3   25.7    1.3
9276 |   255 |    4293 |    6068     506    6068 |    1013     506    1013 |    0.2   18.5    0.8
9277 |   255 |    4315 |    7086     508    7086 |    1015     508    1015 |    0.2   26.5    1.0
9278 |   255 |    4316 |    6079     507    6079 |    1014     507    1014 |    0.3   18.4    0.8
9279 |   255 |    4311 |    7072     506    7072 |    1013     506    1013 |    0.2   26.1    1.2
9280 |   255 |    4325 |    7089     508    7089 |    1017     508    1017 |    0.3   25.4    0.9
9281 |   255 |    4317 |    7090     508    7090 |    1015     507    1015 |    0.2   24.7    1.0
9282 |   255 |    4309 |    7085     507    7085 |    1014     507    1014 |    0.2   25.2    1.0
9283 |   255 |    4292 |    7035     507    7035 |    1016     507    1016 |    0.3   23.4    0.9
9284 |   255 |    4321 |    7086     508    7086 |    1016     508    1016 |    0.2   26.7    0.9
9285 |   255 |    4319 |    7083     508    7083 |    1015     508    1015 |    0.2   24.1    1.0
9286 |   255 |    4312 |    7080     507    7080 |    1015     507    1015 |    0.2   23.8    0.9
9287 |   255 |    3017 |    6062     507    6062 |    1013     507    1013 |    0.2   18.1    0.8
9288 |   251 |    2738 |    6000     505    6000 |    1010     505    1010 |    0.2   18.1    0.8
9289 |   255 |    2777 |    6067     507    6067 |    1013     507    1013 |    0.3   18.5    0.8
9290 |   255 |    4291 |    6067     507    6067 |    1013     507    1013 |    0.2   18.8    0.8
9291 |   255 |    4307 |    7079     507    7079 |    1015     507    1015 |    0.2   25.1    0.9
9292 |   254 |    4303 |    7072     506    7072 |    1014     507    1014 |    0.2   27.6    1.0
9293 |   255 |    4324 |    7088     508    7088 |    1017     508    1017 |    0.2   25.7    0.9
9294 |   255 |    4308 |    7072     508    7072 |    1015     508    1015 |    0.2   25.1    1.0
9295 |   255 |    4310 |    7074     507    7074 |    1013     507    1013 |    0.2   25.0    1.0
9296 |   255 |    4314 |    7083     508    7083 |    1015     508    1015 |    0.3   25.8    1.0
9297 |   249 |    4215 |    5982     505    5982 |    1010     505    1010 |    0.2   18.4    0.9
9298 |   255 |    4307 |    7085     508    7085 |    1016     508    1016 |    0.2   26.5    0.9
9299 |   255 |    4295 |    7040     507    7040 |    1014     507    1014 |    0.2   24.7    0.9
9300 |   254 |    4263 |    6037     506    6037 |    1012     506    1012 |    0.2   19.9    0.8
9301 |   255 |    4315 |    7074     507    7074 |    1015     507    1015 |    0.2   28.1    0.9
9302 |   255 |    4318 |    7089     507    7089 |    1014     507    1014 |    0.2   25.8    1.0
9303 |   255 |    3272 |    7044     508    7044 |    1016     508    1016 |    0.2   18.5    0.8
9304 |   255 |    2795 |    7070     509    7070 |    1017     509    1017 |    0.2   18.5    0.8
9305 |   255 |    4316 |    7085     507    7085 |    1014     507    1014 |    0.2   25.1    0.9
9306 |   255 |    4327 |    7097     508    7097 |    1017     508    1017 |    0.2   24.1    0.9
9307 |   255 |    4320 |    7088     508    7088 |    1015     508    1015 |    0.2   18.6    0.8
9308 |   254 |    4291 |    7047     505    7047 |    1013     505    1013 |    0.2   24.7    1.0
9309 |   255 |    3277 |    6069     506    6069 |    1013     506    1013 |    0.2   18.9    0.8
9310 |   255 |    4321 |    7091     508    7091 |    1016     508    1016 |    0.3   24.3    0.9
9311 |   255 |    4312 |    7088     508    7088 |    1015     508    1015 |    0.2   25.7    1.0
9312 |   255 |    4314 |    7086     507    7086 |    1015     508    1015 |    0.2   25.8    0.9
9313 |   255 |    4294 |    6069     508    6069 |    1017     508    1017 |    0.2   19.1    0.8
9314 |   255 |    4310 |    7082     507    7082 |    1013     507    1013 |    0.2   24.6    1.3
9315 |   255 |    4325 |    7088     508    7088 |    1016     508    1016 |    0.2   26.0    1.0
9316 |   255 |    4309 |    6070     507    6070 |    1013     507    1013 |    0.2   18.4    0.8
9317 |   255 |    4324 |    7096     508    7096 |    1015     508    1015 |    0.2   24.5    0.9
9318 |   255 |    4307 |    7081     507    7081 |    1015     507    1015 |    0.3   25.0    0.9
9319 |   255 |    4322 |    7088     507    7088 |    1016     508    1016 |    0.2   25.0    0.9
9320 |   255 |    4320 |    7090     508    7090 |    1015     508    1015 |    0.2   25.8    1.3
9321 |   254 |    4293 |    7053     505    7053 |    1012     506    1012 |    0.3   25.1    0.9
9322 |   254 |    2775 |    7070     506    7070 |    1014     507    1014 |    0.2   26.9    1.2
9323 |   254 |    4277 |    7036     506    7036 |    1014     506    1014 |    0.3   18.6    0.8
9324 |   255 |    3031 |    7086     507    7086 |    1015     507    1015 |    0.2   26.6    0.9
9325 |   255 |    4326 |    7098     507    7098 |    1015     507    1015 |    0.2   26.2    0.9
9326 |   255 |    4317 |    7082     507    7082 |    1014     507    1014 |    0.2   27.2    1.0
9327 |   255 |    2775 |    6067     506    6067 |    1013     506    1013 |    0.2   17.9    0.8
9328 |   255 |    4319 |    7076     507    7076 |    1015     507    1015 |    0.2   25.3    0.9
9329 |   255 |    4322 |    7069     508    7069 |    1017     508    1017 |    0.2   24.9    1.0
9330 |   255 |    4310 |    7076     508    7076 |    1016     508    1016 |    0.2   27.4    1.0
9331 |   255 |    4325 |    7096     507    7096 |    1015     507    1015 |    0.2   27.0    1.0
9332 |   255 |    4317 |    7082     508    7082 |    1016     508    1016 |    0.2   25.6    1.0
9333 |   255 |    4314 |    7092     508    7092 |    1015     508    1015 |    0.2   25.0    1.0
9334 |   255 |    4310 |    7079     506    7079 |    1014     506    1014 |    0.2   25.1    0.9
9335 |   255 |    4308 |    7077     507    7077 |    1014     507    1014 |    0.2   27.3    1.0
9336 |   255 |    4324 |    7084     508    7084 |    1016     508    1016 |    0.2   25.6    1.0
9337 |   253 |    4278 |    6054     506    6054 |    1011     506    1011 |    0.2   17.8    0.8
9338 |   254 |    4305 |    7078     507    7078 |    1014     507    1014 |    0.2   25.8    1.1
9339 |   255 |    4309 |    7086     507    7086 |    1014     507    1014 |    0.2   26.2    0.9
9340 |   254 |    4300 |    7074     507    7074 |    1012     506    1012 |    0.2   24.5    0.9
9341 |   255 |    4306 |    7073     506    7073 |    1014     507    1014 |    0.2   25.0    1.0
9342 |   255 |    4311 |    7070     507    7070 |    1014     507    1014 |    0.2   25.3    0.9
9343 |   255 |    4310 |    7075     506    7075 |    1014     506    1014 |    0.2   25.7    0.9
9344 |   255 |    4315 |    7073     508    7073 |    1018     508    1018 |    0.2   24.9    1.0
9345 |   255 |    3035 |    7091     508    7091 |    1016     508    1016 |    0.2   19.7    0.8
9346 |   255 |    4314 |    7072     507    7072 |    1015     507    1015 |    0.3   23.8    0.9
9347 |   255 |    4309 |    7084     507    7084 |    1014     507    1014 |    0.2   25.3    1.0
9348 |   255 |    4320 |    7095     507    7095 |    1015     508    1015 |    0.2   25.7    1.0
9349 |   254 |    4302 |    7078     506    7078 |    1013     506    1013 |    0.2   24.2    0.9
9350 |   255 |    4317 |    7082     507    7082 |    1014     507    1014 |    0.2   25.4    0.9
9351 |   255 |    4325 |    7091     507    7091 |    1015     508    1015 |    0.2   26.2    0.9
9352 |   254 |    4309 |    7075     507    7075 |    1014     507    1014 |    0.2   25.2    1.0
9353 |   255 |    3033 |    7080     508    7080 |    1016     508    1016 |    0.2   25.3    1.0
9354 |   255 |    4319 |    7077     508    7077 |    1016     508    1016 |    0.2   25.3    1.0
9355 |   255 |    2798 |    7098     508    7098 |    1016     508    1016 |    0.2   18.7    0.8
9356 |   255 |    4317 |    7079     508    7079 |    1015     508    1015 |    0.2   25.6    0.9
9357 |   253 |    4287 |    7062     505    7062 |    1011     505    1011 |    0.2   24.8    0.9
9358 |   255 |    4317 |    7085     507    7085 |    1015     507    1015 |    0.2   24.7    0.9
9359 |   254 |    3540 |    7071     507    7071 |    1014     507    1014 |    0.3   19.7    0.9
9360 |   255 |    4311 |    7078     506    7078 |    1013     506    1013 |    0.2   26.6    1.0
9361 |   255 |    4307 |    7087     507    7087 |    1014     507    1014 |    0.2   26.8    1.0
9362 |   255 |    4312 |    7079     507    7079 |    1015     507    1015 |    0.2   25.3    1.3
9363 |   255 |    4317 |    7092     507    7092 |    1015     507    1015 |    0.3   25.5    0.9
9364 |   254 |    4292 |    7071     506    7071 |    1012     506    1012 |    0.2   24.6    0.9
9365 |   255 |    2769 |    6062     507    6062 |    1014     507    1014 |    0.2   18.6    0.8
9366 |   255 |    4317 |    7085     507    7085 |    1014     507    1014 |    0.2   26.1    1.0
9367 |   254 |    4299 |    7063     506    7063 |    1012     506    1012 |    0.2   24.7    1.0
9368 |   254 |    4299 |    7065     507    7065 |    1014     507    1014 |    0.3   24.7    0.9
9369 |   255 |    3290 |    7081     507    7081 |    1014     507    1014 |    0.2   19.6    0.8
9370 |   254 |    4304 |    7077     506    7077 |    1013     506    1013 |    0.2   25.4    0.9
9371 |   255 |    4301 |    7065     506    7065 |    1012     506    1012 |    0.2   27.1    1.0
9372 |   255 |    4315 |    7090     507    7090 |    1015     507    1015 |    0.2   25.9    0.9
9373 |   255 |    4309 |    7079     508    7079 |    1015     508    1015 |    0.2   24.6    0.9
9374 |   255 |    4306 |    7079     507    7079 |    1015     507    1015 |    0.2   25.3    0.9
9375 |   254 |    4310 |    7071     505    7071 |    1015     507    1015 |    0.2   25.0    0.9
9376 |   253 |    4259 |    6020     505    6020 |    1010     505    1010 |    0.2   19.1    0.9
9377 |   255 |    2772 |    6068     507    6068 |    1013     507    1013 |    0.2   19.2    0.9
9378 |   254 |    4305 |    7075     507    7075 |    1013     507    1013 |    0.2   28.9    1.0
9379 |   255 |    4315 |    7082     507    7082 |    1014     507    1014 |    0.2   26.6    0.9
9380 |   255 |    4309 |    7082     507    7082 |    1014     507    1014 |    0.2   26.1    0.9
9381 |   255 |    4320 |    7077     507    7077 |    1015     508    1015 |    0.5   27.8    1.3
9382 |   255 |    4312 |    7081     507    7081 |    1014     507    1014 |    0.2   28.1    1.0
9383 |   255 |    4303 |    6062     508    6062 |    1016     508    1016 |    0.2   18.6    0.8
9384 |   254 |    4296 |    7071     506    7071 |    1012     506    1012 |    0.2   25.4    1.0
9385 |   255 |    4320 |    7087     508    7087 |    1015     508    1015 |    0.2   25.1    1.0
9386 |   255 |    4306 |    7080     507    7080 |    1015     507    1015 |    0.2   25.4    0.9
9387 |   255 |    4307 |    7062     506    7062 |    1013     506    1013 |    0.2   25.3    0.9
9388 |   255 |    4327 |    7094     508    7094 |    1016     508    1016 |    0.2   25.3    1.0
9389 |   255 |    4318 |    7086     507    7086 |    1014     507    1014 |    0.2   26.2    0.9
9390 |   255 |    4310 |    7081     507    7081 |    1016     508    1016 |    0.2   25.8    1.0
9391 |   255 |    4303 |    7077     506    7077 |    1013     506    1013 |    0.2   25.6    0.9
9392 |   255 |    4322 |    7096     507    7096 |    1015     507    1015 |    0.2   24.9    1.1
9393 |   255 |    4307 |    7069     506    7069 |    1013     506    1013 |    0.2   26.2    1.0
9394 |   254 |    4296 |    7062     506    7062 |    1012     506    1012 |    0.2   25.1    0.9
9395 |   253 |    4284 |    6055     505    6055 |    1011     505    1011 |    0.2   19.2    0.8
9396 |   255 |    4291 |    6073     507    6073 |    1013     507    1013 |    0.2   18.8    0.8
9397 |   255 |    4272 |    6051     506    6051 |    1013     506    1013 |    0.2   17.8    0.8
9398 |   255 |    4315 |    7082     508    7082 |    1016     508    1016 |    0.2   24.6    0.9
9399 |   255 |    4299 |    7078     507    7078 |    1013     507    1013 |    0.2   26.7    0.9
9400 |   254 |    2771 |    6072     506    6072 |    1013     506    1013 |    0.2   18.8    0.8
9401 |   255 |    2771 |    6059     507    6059 |    1014     507    1014 |    0.2   18.3    0.8
9402 |   255 |    2785 |    7086     508    7086 |    1015     508    1015 |    0.2   25.4    1.0
9403 |   255 |    4320 |    7072     506    7072 |    1018     509    1018 |    0.2   25.1    1.0
9404 |   255 |    4300 |    7066     506    7066 |    1013     506    1013 |    0.2   25.1    0.9
9405 |   255 |    4303 |    7082     507    7082 |    1014     507    1014 |    0.2   26.1    1.0
9406 |   253 |    4289 |    7058     505    7058 |    1011     505    1011 |    0.2   24.6    0.9
9407 |   254 |    4307 |    6073     506    6073 |    1013     506    1013 |    0.3   18.4    0.8
9408 |   255 |    3549 |    7068     508    7068 |    1017     508    1017 |    0.2   18.5    0.9
9409 |   255 |    4317 |    7082     508    7082 |    1016     508    1016 |    0.2   25.5    1.0
9410 |   255 |    4300 |    6076     506    6076 |    1013     507    1013 |    0.3   17.8    0.8
9411 |   255 |    4300 |    7083     506    7083 |    1015     507    1015 |    0.2   26.2    1.0
9412 |   254 |    4300 |    7065     506    7065 |    1013     506    1013 |    0.2   24.4    0.9
9413 |   255 |    2765 |    6048     506    6048 |    1013     506    1013 |    0.2   18.2    0.8
9414 |   255 |    4318 |    7088     507    7088 |    1015     507    1015 |    0.2   27.6    1.0
9415 |   255 |    4306 |    7057     511    7057 |    1023     511    1023 |    0.2   24.4    0.9
9416 |   255 |    4317 |    7082     507    7082 |    1014     507    1014 |    0.2   24.4    0.9
9417 |   254 |    4301 |    7076     506    7076 |    1014     506    1014 |    0.2   25.4    0.9
9418 |   254 |    4272 |    7021     505    7021 |    1012     505    1012 |    0.2   25.1    1.0
9419 |   255 |    4302 |    6075     507    6075 |    1014     507    1014 |    0.2   18.3    0.8
9420 |   255 |    4314 |    7073     507    7073 |    1014     507    1014 |    0.3   24.5    0.9
9421 |   255 |    4299 |    7081     507    7081 |    1014     507    1014 |    0.2   26.3    1.0
9422 |   255 |    4321 |    7093     507    7093 |    1015     507    1015 |    0.2   26.1    1.1
9423 |   255 |    4326 |    7098     508    7098 |    1016     508    1016 |    0.2   25.2    0.9
9424 |   255 |    3281 |    6073     506    6073 |    1013     506    1013 |    0.2   18.6    0.8
9425 |   255 |    4307 |    7073     506    7073 |    1012     506    1012 |    0.2   25.2    1.1
9426 |   255 |    4308 |    7079     507    7079 |    1014     507    1014 |    0.3   26.8    1.0
9427 |   255 |    4325 |    7093     508    7093 |    1016     508    1016 |    0.2   25.6    1.0
9428 |   255 |    4304 |    7075     506    7075 |    1012     506    1012 |    0.2   25.4    0.9
9429 |   255 |    4317 |    7086     507    7086 |    1015     507    1015 |    0.3   25.5    0.9
9430 |   254 |    4302 |    7073     506    7073 |    1014     507    1014 |    0.2   26.2    1.0
9431 |   254 |    4309 |    6073     507    6073 |    1013     507    1013 |    0.2   18.2    0.8
9432 |   255 |    4325 |    7090     508    7090 |    1016     508    1016 |    0.2   25.4    0.9
9433 |   255 |    3017 |    6051     506    6051 |    1013     506    1013 |    0.2   18.9    0.8
9434 |   255 |    4320 |    7079     508    7079 |    1016     508    1016 |    0.2   26.0    1.0
9435 |   255 |    3289 |    7074     508    7074 |    1015     508    1015 |    0.2   25.4    0.9
9436 |   255 |    2765 |    6053     506    6053 |    1012     506    1012 |    0.2   18.1    0.8
9437 |   255 |    4311 |    7084     507    7084 |    1015     507    1015 |    0.2   25.7    1.0
9438 |   255 |    4323 |    7086     508    7086 |    1016     508    1016 |    0.3   25.1    1.0
9439 |   255 |    4313 |    7075     507    7075 |    1014     507    1014 |    0.2   25.3    0.9
9440 |   255 |    3015 |    6070     506    6070 |    1013     507    1013 |    0.2   19.6    0.8
9441 |   255 |    4315 |    7089     508    7089 |    1015     508    1015 |    0.2   26.0    1.0
9442 |   255 |    4299 |    7053     506    7053 |    1012     506    1012 |    0.2   25.2    0.9
9443 |   255 |    4316 |    7076     508    7076 |    1016     508    1016 |    0.2   25.1    1.2
9444 |   255 |    4302 |    7078     508    7078 |    1015     508    1015 |    0.4   25.4    0.9
9445 |   254 |    4297 |    7060     506    7060 |    1012     506    1012 |    0.2   26.2    1.0
9446 |   254 |    4306 |    7076     507    7076 |    1015     507    1015 |    0.2   18.5    0.8
9447 |   255 |    3294 |    7085     509    7085 |    1017     509    1017 |    0.2   30.0    1.0
9448 |   255 |    4319 |    7087     507    7087 |    1014     507    1014 |    0.2   25.9    1.0
9449 |   255 |    2762 |    6041     506    6041 |    1013     506    1013 |    0.2   17.8    0.7
9450 |   255 |    4314 |    7086     507    7086 |    1014     507    1014 |    0.2   24.8    0.9
9451 |   255 |    4317 |    7085     508    7085 |    1015     508    1015 |    0.2   25.9    1.2
9452 |   255 |    4298 |    6074     507    6074 |    1013     507    1013 |    0.2   18.8    0.8
9453 |   255 |    4312 |    7079     508    7079 |    1016     508    1016 |    0.2   24.6    0.9
9454 |   253 |    4261 |    6031     505    6031 |    1010     505    1010 |    0.2   20.6    0.8
9455 |   255 |    3544 |    7082     507    7082 |    1014     507    1014 |    0.2   19.1    0.8
9456 |   253 |    4282 |    6056     506    6056 |    1011     506    1011 |    0.2   18.2    0.8
9457 |   255 |    4248 |    6026     506    6026 |    1013     506    1013 |    0.2   19.6    0.8
9458 |   255 |    2766 |    6062     506    6062 |    1013     506    1013 |    0.2   18.6    0.9
9459 |   255 |    4313 |    7083     507    7083 |    1015     507    1015 |    0.2   23.1    1.1
9460 |   255 |    4317 |    7088     508    7088 |    1015     508    1015 |    0.4   27.7    1.0
9461 |   255 |    3290 |    7061     508    7061 |    1016     508    1016 |    0.2   21.2    0.9
9462 |   255 |    4315 |    7086     507    7086 |    1014     507    1014 |    0.2   26.5    1.0
9463 |   255 |    3035 |    7092     508    7092 |    1017     508    1017 |    0.2   25.4    1.0
9464 |   255 |    4324 |    7090     508    7090 |    1015     508    1015 |    0.3   28.6    0.9
9465 |   255 |    3299 |    7091     508    7091 |    1017     508    1017 |    0.2   25.7    0.9
9466 |   255 |    4314 |    7084     507    7084 |    1014     507    1014 |    0.2   26.5    0.9
9467 |   255 |    3030 |    7087     508    7087 |    1016     508    1016 |    0.2   26.9    1.0
9468 |   255 |    4320 |    7074     508    7074 |    1016     508    1016 |    0.3   25.7    1.0
9469 |   254 |    4304 |    7078     506    7078 |    1013     506    1013 |    0.2   28.0    0.9
9470 |   255 |    4314 |    7077     507    7077 |    1014     507    1014 |    0.2   26.8    0.9
9471 |   255 |    2771 |    7063     506    7063 |    1013     506    1013 |    0.3   19.8    0.8
9472 |   255 |    4317 |    7084     507    7084 |    1014     507    1014 |    0.2   26.6    1.0
9473 |   255 |    4308 |    7077     507    7077 |    1014     507    1014 |    0.2   26.4    1.0
9474 |   255 |    4316 |    7088     507    7088 |    1015     507    1015 |    0.2   25.0    0.9
9475 |   255 |    4308 |    7064     506    7064 |    1013     506    1013 |    0.2   26.1    1.0
9476 |   255 |    4311 |    7081     507    7081 |    1014     507    1014 |    0.2   27.9    0.9
9477 |   255 |    4310 |    7070     506    7070 |    1013     506    1013 |    0.2   25.8    1.0
9478 |   255 |    4310 |    7088     507    7088 |    1015     507    1015 |    0.2   25.8    0.9
9479 |   255 |    4283 |    7029     506    7029 |    1012     506    1012 |    0.2   19.6    1.0
9480 |   255 |    4312 |    7083     508    7083 |    1016     508    1016 |    0.2   28.9    1.2
9481 |   255 |    4320 |    7088     507    7088 |    1015     507    1015 |    0.5   29.9    1.2
9482 |   254 |    4298 |    6072     506    6072 |    1013     506    1013 |    0.3   18.9    0.9
9483 |   255 |    4284 |    6061     506    6061 |    1013     506    1013 |    0.2   19.3    0.8
9484 |   254 |    2780 |    7073     507    7073 |    1014     507    1014 |    0.2   26.7    0.9
9485 |   255 |    4310 |    7085     507    7085 |    1014     507    1014 |    0.2   25.7    1.0
9486 |   253 |    4287 |    6061     505    6061 |    1011     505    1011 |    0.2   21.1    0.8
9487 |   254 |    4306 |    7074     507    7074 |    1014     507    1014 |    0.2   26.9    1.0
9488 |   255 |    4312 |    7079     508    7079 |    1015     508    1015 |    0.2   26.5    1.0
9489 |   255 |    4304 |    7078     507    7078 |    1014     507    1014 |    0.2   25.6    1.0
9490 |   255 |    4311 |    7089     507    7089 |    1014     507    1014 |    0.3   28.3    1.0
9491 |   254 |    4298 |    6070     507    6070 |    1013     506    1013 |    0.2   19.6    0.9
9492 |   255 |    4318 |    7087     508    7087 |    1015     508    1015 |    0.2   27.2    1.0
9493 |   255 |    4291 |    6067     507    6067 |    1013     507    1013 |    0.3   19.2    0.8
9494 |   255 |    4314 |    7083     507    7083 |    1014     507    1014 |    0.2   28.0    1.1
9495 |   255 |    4313 |    7074     508    7074 |    1016     508    1016 |    0.3   26.9    1.0
9496 |   255 |    4322 |    7091     508    7091 |    1016     508    1016 |    0.2   28.5    1.1
9497 |   255 |    4327 |    7079     508    7079 |    1018     508    1018 |    0.2   26.5    0.9
9498 |   255 |    4325 |    7095     508    7095 |    1015     508    1015 |    0.2   26.3    1.0
9499 |   255 |    4313 |    7077     508    7077 |    1016     508    1016 |    0.2   25.8    1.0
9500 |   255 |    4315 |    7086     508    7086 |    1016     508    1016 |    0.2   25.6    1.1
9501 |   254 |    4310 |    7081     506    7081 |    1014     507    1014 |    0.2   29.2    1.0
9502 |   255 |    4265 |    6041     506    6041 |    1013     506    1013 |    0.2   19.3    0.9
9503 |   253 |    4272 |    6042     505    6042 |    1010     505    1010 |    0.2   19.7    1.0
9504 |   255 |    4323 |    7094     507    7094 |    1015     507    1015 |    0.3   25.7    1.0
9505 |   255 |    4316 |    7089     508    7089 |    1015     508    1015 |    0.2   25.7    1.0
9506 |   255 |    3293 |    7082     507    7082 |    1015     507    1015 |    0.2   19.5    0.8
9507 |   254 |    2769 |    6062     506    6062 |    1012     506    1012 |    0.2   18.0    0.8
9508 |   253 |    3001 |    6049     505    6049 |    1010     505    1010 |    0.2   19.5    0.8
9509 |   254 |    3279 |    7054     506    7054 |    1012     506    1012 |    0.2   18.6    0.8
9510 |   255 |    4307 |    7075     507    7075 |    1015     507    1015 |    0.2   24.8    1.0
9511 |   254 |    4295 |    7075     506    7075 |    1013     506    1013 |    0.2   25.9    0.9
9512 |   255 |    4318 |    7084     507    7084 |    1016     508    1016 |    0.2   25.5    1.0
9513 |   252 |    4224 |    5998     505    5998 |    1010     505    1010 |    0.2   17.8    0.8
9514 |   255 |    4305 |    7062     506    7062 |    1013     506    1013 |    0.2   25.1    0.9
9515 |   254 |    2780 |    7067     505    7067 |    1014     507    1014 |    0.2   26.4    1.0
9516 |   255 |    4300 |    7062     505    7062 |    1012     506    1012 |    0.2   26.4    1.0
9517 |   254 |    4311 |    7083     507    7083 |    1014     507    1014 |    0.2   24.6    1.0
9518 |   254 |    3286 |    7078     506    7078 |    1014     506    1014 |    0.2   25.0    1.0
9519 |   254 |    3530 |    7034     508    7034 |    1016     508    1016 |    0.2   18.2    0.8
9520 |   255 |    4302 |    7078     507    7078 |    1014     507    1014 |    0.2   27.7    1.0
9521 |   255 |    3000 |    7035     506    7035 |    1012     506    1012 |    0.3   22.6    0.9
9522 |   255 |    4324 |    7094     507    7094 |    1016     508    1016 |    0.3   24.1    0.9
9523 |   255 |    4318 |    7090     507    7090 |    1015     507    1015 |    0.2   25.3    1.0
9524 |   255 |    4313 |    7077     507    7077 |    1014     507    1014 |    0.2   25.3    0.9
9525 |   255 |    4295 |    6072     507    6072 |    1013     507    1013 |    0.3   19.2    0.9
9526 |   255 |    4309 |    7083     507    7083 |    1014     507    1014 |    0.2   26.1    0.9
9527 |   255 |    4315 |    7084     508    7084 |    1015     508    1015 |    0.2   23.9    1.0
9528 |   255 |    4321 |    7085     508    7085 |    1015     508    1015 |    0.3   25.7    1.0
9529 |   255 |    4324 |    7091     508    7091 |    1015     508    1015 |    0.2   25.1    1.0
9530 |   255 |    4312 |    7081     508    7081 |    1017     508    1017 |    0.2   25.4    0.9
9531 |   255 |    3031 |    7066     507    7066 |    1015     507    1015 |    0.2   20.2    0.9
9532 |   255 |    3805 |    7093     507    7093 |    1015     508    1015 |    0.3   18.6    0.8
9533 |   255 |    4302 |    7082     507    7082 |    1014     507    1014 |    0.2   25.5    1.0
9534 |   254 |    4305 |    7076     507    7076 |    1013     507    1013 |    0.2   25.5    0.9
9535 |   255 |    4284 |    6064     506    6064 |    1013     506    1013 |    0.3   17.8    0.9
9536 |   255 |    4308 |    7074     506    7074 |    1013     507    1013 |    0.3   26.6    0.9
9537 |   255 |    3030 |    7086     508    7086 |    1015     508    1015 |    0.2   25.4    0.9
9538 |   255 |    3549 |    7091     507    7091 |    1015     507    1015 |    0.2   19.8    0.8
9539 |   255 |    4303 |    7079     507    7079 |    1016     508    1016 |    0.2   24.7    1.0
9540 |   255 |    4305 |    7077     506    7077 |    1014     507    1014 |    0.2   25.6    1.1
9541 |   255 |    2780 |    7082     506    7082 |    1014     507    1014 |    0.3   26.0    1.0
9542 |   255 |    4317 |    7082     507    7082 |    1015     507    1015 |    0.2   23.7    0.9
9543 |   255 |    4299 |    6075     507    6075 |    1013     507    1013 |    0.3   20.0    0.8
9544 |   254 |    4305 |    7079     507    7079 |    1014     507    1014 |    0.2   26.4    1.0
9545 |   255 |    4314 |    7080     508    7080 |    1015     508    1015 |    0.2   25.5    1.0
9546 |   254 |    4304 |    7071     507    7071 |    1014     507    1014 |    0.2   25.4    1.0
9547 |   254 |    3276 |    7048     506    7048 |    1013     506    1013 |    0.2   20.6    0.9
9548 |   255 |    4329 |    7095     509    7095 |    1017     509    1017 |    0.3   29.9    0.9
9549 |   255 |    4326 |    7097     508    7097 |    1016     508    1016 |    0.3   26.4    1.0
9550 |   254 |    4285 |    7035     507    7035 |    1015     507    1015 |    0.3   18.2    0.8
9551 |   255 |    4320 |    7090     507    7090 |    1014     507    1014 |    0.2   30.8    0.9
9552 |   254 |    4305 |    7072     506    7072 |    1013     506    1013 |    0.2   26.4    1.0
9553 |   255 |    3289 |    7072     507    7072 |    1016     507    1016 |    0.2   20.1    0.9
9554 |   255 |    4300 |    7056     506    7056 |    1013     506    1013 |    0.3   25.6    1.0
9555 |   255 |    4287 |    6062     506    6062 |    1013     506    1013 |    0.3   19.0    0.8
9556 |   255 |    4313 |    7077     507    7077 |    1014     507    1014 |    0.2   26.9    1.0
9557 |   255 |    4313 |    7083     508    7083 |    1016     508    1016 |    0.2   27.2    1.0
9558 |   255 |    4308 |    7075     506    7075 |    1013     506    1013 |    0.3   26.6    1.0
9559 |   255 |    4287 |    6061     507    6061 |    1015     507    1015 |    0.2   17.9    0.8
9560 |   255 |    4313 |    7086     507    7086 |    1014     507    1014 |    0.3   24.6    0.9
9561 |   255 |    4312 |    7084     507    7084 |    1014     507    1014 |    0.3   25.6    0.9
9562 |   254 |    4308 |    7076     508    7076 |    1016     508    1016 |    0.2   25.2    0.9
9563 |   254 |    4309 |    7079     507    7079 |    1014     507    1014 |    0.2   23.8    0.9
9564 |   254 |    4283 |    6059     506    6059 |    1012     506    1012 |    0.2   18.4    0.8
9565 |   255 |    4322 |    7085     507    7085 |    1014     507    1014 |    0.2   26.0    0.9
9566 |   252 |    4250 |    6012     505    6012 |    1010     505    1010 |    0.3   18.7    0.8
9567 |   255 |    3021 |    6070     506    6070 |    1013     506    1013 |    0.2   18.5    0.8
9568 |   255 |    2781 |    7081     507    7081 |    1014     507    1014 |    0.2   26.6    1.0
9569 |   254 |    4300 |    7075     506    7075 |    1013     506    1013 |    0.2   26.0    1.0
9570 |   255 |    4321 |    7095     507    7095 |    1015     507    1015 |    0.2   26.8    1.0
9571 |   254 |    4301 |    7072     507    7072 |    1014     507    1014 |    0.2   25.0    0.9
9572 |   255 |    3277 |    6066     507    6066 |    1014     507    1014 |    0.3   18.5    0.9
9573 |   255 |    4323 |    7095     508    7095 |    1016     508    1016 |    0.2   24.2    0.9
9574 |   255 |    4311 |    7081     506    7081 |    1013     506    1013 |    0.2   24.8    1.3
9575 |   255 |    4308 |    7078     508    7078 |    1015     508    1015 |    0.3   26.8    1.0
9576 |   255 |    3007 |    6054     506    6054 |    1013     506    1013 |    0.2   18.8    1.0
9577 |   255 |    4325 |    7096     508    7096 |    1015     508    1015 |    0.3   28.8    1.0
9578 |   255 |    2767 |    6043     507    6043 |    1014     507    1014 |    0.2   19.7    0.8
9579 |   254 |    4295 |    7058     505    7058 |    1012     505    1012 |    0.2   26.1    1.1
9580 |   255 |    4305 |    7074     507    7074 |    1014     507    1014 |    0.3   24.8    0.9
9581 |   255 |    4313 |    7086     507    7086 |    1014     507    1014 |    0.2   25.4    1.0
9582 |   255 |    4300 |    7046     506    7046 |    1013     506    1013 |    0.2   25.4    1.0
9583 |   255 |    4307 |    7083     507    7083 |    1014     507    1014 |    0.2   25.9    0.9
9584 |   255 |    2778 |    6072     506    6072 |    1013     506    1013 |    0.2   19.3    0.8
9585 |   254 |    4313 |    7083     507    7083 |    1014     507    1014 |    0.2   25.6    0.9
9586 |   255 |    4316 |    7090     507    7090 |    1014     507    1014 |    0.2   26.8    1.0
9587 |   255 |    4317 |    7068     506    7068 |    1016     507    1016 |    0.2   27.1    0.9
9588 |   254 |    4291 |    6068     506    6068 |    1012     506    1012 |    0.2   18.9    0.8
9589 |   255 |    4324 |    7091     508    7091 |    1017     508    1017 |    0.2   24.4    0.9
9590 |   255 |    4323 |    7091     508    7091 |    1016     508    1016 |    0.2   25.1    0.9
9591 |   255 |    2793 |    7093     508    7093 |    1017     508    1017 |    0.2   19.4    0.9
9592 |   255 |    3267 |    6057     507    6057 |    1014     507    1014 |    0.2   18.1    0.8
9593 |   255 |    4321 |    7071     509    7071 |    1017     509    1017 |    0.2   26.5    1.2
9594 |   254 |    4294 |    7067     507    7067 |    1015     507    1015 |    0.3   25.9    0.9
9595 |   255 |    4323 |    7093     507    7093 |    1015     507    1015 |    0.2   26.7    1.0
9596 |   255 |    4314 |    7088     507    7088 |    1015     507    1015 |    0.2   26.1    0.9
9597 |   252 |    3500 |    6032     505    6032 |    1010     505    1010 |    0.2   19.5    0.8
9598 |   255 |    4317 |    7086     508    7086 |    1016     508    1016 |    0.2   25.3    0.9
9599 |   253 |    4277 |    7056     505    7056 |    1011     505    1011 |    0.2   25.1    1.0
9600 |   250 |    3207 |    6949     507    6949 |    1015     507    1015 |    0.2   18.0    0.8
9601 |   253 |    2999 |    6026     505    6026 |    1010     505    1010 |    0.2   17.9    0.8
9602 |   255 |    4319 |    7081     508    7081 |    1016     508    1016 |    0.2   20.4    0.8
9603 |   255 |    4283 |    6060     506    6060 |    1013     506    1013 |    0.2   19.1    0.8
9604 |   255 |    4316 |    7086     508    7086 |    1016     508    1016 |    0.2   25.8    0.9
9605 |   255 |    4311 |    7090     507    7090 |    1015     507    1015 |    0.2   25.0    1.3
9606 |   255 |    4318 |    7088     507    7088 |    1015     507    1015 |    0.3   26.7    0.9
9607 |   255 |    4298 |    7067     507    7067 |    1015     507    1015 |    0.2   27.1    1.0
9608 |   255 |    2777 |    7071     506    7071 |    1015     507    1015 |    0.2   26.9    0.9
9609 |   255 |    4316 |    7083     508    7083 |    1015     508    1015 |    0.2   24.7    0.9
9610 |   255 |    4299 |    7055     506    7055 |    1013     506    1013 |    0.2   25.2    0.9
9611 |   255 |    4315 |    7085     507    7085 |    1015     508    1015 |    0.3   29.3    1.2
9612 |   254 |    4280 |    7033     506    7033 |    1012     506    1012 |    0.2   25.1    1.0
9613 |   253 |    4278 |    6051     507    6051 |    1013     506    1013 |    0.2   18.8    0.8
9614 |   254 |    2770 |    6068     506    6068 |    1012     506    1012 |    0.2   19.0    0.9
9615 |   255 |    4321 |    7088     508    7088 |    1016     508    1016 |    0.2   27.3    1.0
9616 |   255 |    4314 |    7088     508    7088 |    1015     508    1015 |    0.2   25.9    0.9
9617 |   255 |    4322 |    7090     508    7090 |    1016     508    1016 |    0.2   25.7    1.0
9618 |   255 |    4285 |    6038     506    6038 |    1012     506    1012 |    0.2   18.6    0.8
9619 |   255 |    4328 |    7100     508    7100 |    1016     508    1016 |    0.2   26.1    0.9
9620 |   255 |    4318 |    7089     507    7089 |    1015     507    1015 |    0.2   24.5    1.1
9621 |   255 |    4315 |    7087     507    7087 |    1015     507    1015 |    0.4   26.9    1.0
9622 |   255 |    4315 |    7091     507    7091 |    1015     507    1015 |    0.2   24.9    0.9
9623 |   255 |    4317 |    7085     507    7085 |    1015     508    1015 |    0.2   26.7    1.3
9624 |   255 |    4318 |    7084     507    7084 |    1014     507    1014 |    0.3   26.3    0.9
9625 |   255 |    4318 |    7083     507    7083 |    1015     507    1015 |    0.2   25.8    0.9
9626 |   255 |    2784 |    6083     507    6083 |    1014     507    1014 |    0.2   18.6    0.8
9627 |   255 |    4319 |    7091     508    7091 |    1017     508    1017 |    0.2   19.5    0.8
9628 |   255 |    3292 |    7083     508    7083 |    1015     508    1015 |    0.2   18.9    0.8
9629 |   255 |    4294 |    6070     506    6070 |    1013     506    1013 |    0.3   18.5    0.8
9630 |   255 |    3031 |    7082     508    7082 |    1017     508    1017 |    0.2   24.3    1.0
9631 |   255 |    2767 |    6047     506    6047 |    1013     506    1013 |    0.3   18.6    0.8
9632 |   253 |    3004 |    6033     505    6033 |    1011     505    1011 |    0.2   18.2    1.0
9633 |   255 |    4306 |    7071     506    7071 |    1013     506    1013 |    0.3   26.7    0.9
9634 |   253 |    4290 |    7065     505    7065 |    1011     505    1011 |    0.2   24.9    0.9
9635 |   255 |    3545 |    7083     507    7083 |    1014     507    1014 |    0.2   20.7    0.9
9636 |   255 |    4326 |    7078     509    7078 |    1017     509    1017 |    0.2   25.2    1.0
9637 |   255 |    3532 |    6076     507    6076 |    1014     507    1014 |    0.2   19.8    0.8
9638 |   255 |    4299 |    7075     506    7075 |    1014     506    1014 |    0.2   25.7    0.9
9639 |   255 |    4311 |    7084     507    7084 |    1014     507    1014 |    0.3   25.6    0.9
9640 |   255 |    4320 |    7091     508    7091 |    1015     508    1015 |    0.2   24.9    0.9
9641 |   255 |    4324 |    7089     508    7089 |    1015     508    1015 |    0.2   25.8    1.0
9642 |   255 |    3295 |    7083     506    7083 |    1013     506    1013 |    0.2   18.4    0.8
9643 |   255 |    3295 |    7061     507    7061 |    1014     507    1014 |    0.3   18.1    0.9
9644 |   254 |    4310 |    7079     507    7079 |    1013     507    1013 |    0.2   26.1    1.0
9645 |   255 |    4315 |    7079     507    7079 |    1014     507    1014 |    0.2   28.4    1.0
9646 |   255 |    3801 |    7084     507    7084 |    1014     507    1014 |    0.2   18.9    0.9
9647 |   255 |    4320 |    7086     508    7086 |    1016     508    1016 |    0.2   27.5    1.1
9648 |   255 |    3293 |    7089     508    7089 |    1016     508    1016 |    0.2   25.8    1.0
9649 |   255 |    4314 |    7079     508    7079 |    1015     508    1015 |    0.2   25.7    0.9
9650 |   255 |    4298 |    7058     506    7058 |    1013     506    1013 |    0.2   25.4    1.0
9651 |   255 |    4312 |    6083     507    6083 |    1015     507    1015 |    0.2   18.4    0.8
9652 |   255 |    4324 |    7096     508    7096 |    1015     508    1015 |    0.2   26.1    1.0
9653 |   255 |    2782 |    7079     506    7079 |    1015     507    1015 |    0.2   25.9    1.0
9654 |   255 |    4323 |    7088     508    7088 |    1015     508    1015 |    0.2   25.2    1.3
9655 |   255 |    4318 |    7088     507    7088 |    1015     507    1015 |    0.3   25.5    0.9
9656 |   254 |    3038 |    6998     508    6998 |    1018     508    1018 |    0.3   19.7    0.8
9657 |   255 |    4319 |    7087     507    7087 |    1015     507    1015 |    0.2   27.0    1.0
9658 |   255 |    4313 |    7069     508    7069 |    1015     508    1015 |    0.2   26.0    1.1
9659 |   255 |    4305 |    7080     506    7080 |    1013     506    1013 |    0.2   25.5    1.2
9660 |   254 |    2792 |    7045     508    7045 |    1016     508    1016 |    0.3   21.1    0.9
9661 |   253 |    4274 |    7036     505    7036 |    1011     505    1011 |    0.2   25.0    0.9
9662 |   255 |    4317 |    7097     508    7097 |    1015     508    1015 |    0.2   26.4    0.9
9663 |   255 |    4320 |    7096     507    7096 |    1015     507    1015 |    0.2   27.1    1.0
9664 |   255 |    4315 |    7084     508    7084 |    1015     508    1015 |    0.2   25.3    1.0
9665 |   255 |    4307 |    7080     507    7080 |    1014     507    1014 |    0.2   25.6    0.9
9666 |   255 |    4309 |    7088     507    7088 |    1014     507    1014 |    0.2   25.6    1.0
9667 |   255 |    4324 |    7090     508    7090 |    1015     508    1015 |    0.2   25.9    1.0
9668 |   253 |    4275 |    6050     505    6050 |    1011     506    1011 |    0.2   20.2    0.8
9669 |   255 |    4299 |    7073     507    7073 |    1015     507    1015 |    0.2   18.7    0.8
9670 |   255 |    4315 |    7083     508    7083 |    1015     508    1015 |    0.2   25.0    0.9
9671 |   255 |    4269 |    6048     506    6048 |    1013     506    1013 |    0.2   17.5    0.8
9672 |   255 |    4310 |    7077     507    7077 |    1013     507    1013 |    0.2   27.4    1.2
9673 |   255 |    4327 |    7096     508    7096 |    1016     508    1016 |    0.3   26.4    0.9
9674 |   255 |    2789 |    7089     507    7089 |    1015     507    1015 |    0.2   25.8    0.9
9675 |   255 |    4311 |    7082     507    7082 |    1014     507    1014 |    0.2   26.8    0.9
9676 |   255 |    4322 |    7087     508    7087 |    1016     508    1016 |    0.3   28.1    1.0
9677 |   255 |    4316 |    7076     508    7076 |    1018     508    1018 |    0.2   25.9    1.0
9678 |   255 |    4315 |    7078     508    7078 |    1016     508    1016 |    0.2   24.2    0.9
9679 |   255 |    3010 |    6029     506    6029 |    1013     506    1013 |    0.4   18.2    0.8
9680 |   255 |    4303 |    7082     507    7082 |    1014     507    1014 |    0.2   25.2    1.0
9681 |   254 |    4286 |    7044     505    7044 |    1013     506    1013 |    0.3   24.9    0.9
9682 |   255 |    2773 |    6068     507    6068 |    1014     507    1014 |    0.2   19.1    0.8
9683 |   255 |    4313 |    7088     507    7088 |    1015     507    1015 |    0.2   26.2    1.0
9684 |   255 |    4318 |    7073     508    7073 |    1016     508    1016 |    0.2   26.3    1.0
9685 |   255 |    4286 |    7038     506    7038 |    1012     506    1012 |    0.2   24.3    1.0
9686 |   255 |    4324 |    7088     508    7088 |    1017     509    1017 |    0.2   26.1    1.0
9687 |   255 |    3024 |    7077     508    7077 |    1016     508    1016 |    0.2   26.1    1.0
9688 |   255 |    4317 |    7086     508    7086 |    1015     508    1015 |    0.2   25.4    0.9
9689 |   255 |    4291 |    7060     508    7060 |    1015     508    1015 |    0.2   18.5    0.8
9690 |   255 |    4329 |    7096     508    7096 |    1016     508    1016 |    0.2   26.9    0.9
9691 |   255 |    3018 |    7081     508    7081 |    1015     508    1015 |    0.2   25.4    0.9
9692 |   255 |    4319 |    7088     508    7088 |    1015     507    1015 |    0.2   25.7    1.0
9693 |   255 |    4318 |    7082     507    7082 |    1015     507    1015 |    0.2   27.1    0.9
9694 |   254 |    2775 |    7073     506    7073 |    1013     506    1013 |    0.2   25.1    0.9
9695 |   255 |    3034 |    7090     508    7090 |    1016     508    1016 |    0.2   27.5    1.1
9696 |   255 |    4314 |    7086     508    7086 |    1015     508    1015 |    0.2   27.4    1.0
9697 |   255 |    4321 |    7081     508    7081 |    1016     508    1016 |    0.2   26.2    0.9
9698 |   255 |    4321 |    7096     508    7096 |    1015     508    1015 |    0.2   25.8    1.0
9699 |   255 |    4318 |    7085     507    7085 |    1014     507    1014 |    0.2   26.5    1.0
9700 |   255 |    4327 |    7088     508    7088 |    1017     508    1017 |    0.2   25.0    0.9
9701 |   255 |    4326 |    7082     508    7082 |    1017     508    1017 |    0.2   26.9    1.0
9702 |   255 |    4318 |    7088     508    7088 |    1015     508    1015 |    0.2   26.2    0.9
9703 |   252 |    4268 |    6037     505    6037 |    1010     505    1010 |    0.3   18.0    0.8
9704 |   254 |    4302 |    7073     506    7073 |    1012     506    1012 |    0.2   26.8    1.0
9705 |   255 |    4313 |    7077     506    7077 |    1016     508    1016 |    0.2   25.7    0.9
9706 |   255 |    4318 |    7080     508    7080 |    1016     508    1016 |    0.2   25.7    1.0
9707 |   255 |    3010 |    6069     507    6069 |    1013     506    1013 |    0.2   19.2    0.8
9708 |   254 |    3009 |    6067     506    6067 |    1013     506    1013 |    0.2   18.3    0.8
9709 |   255 |    4321 |    7083     507    7083 |    1015     507    1015 |    0.2   25.7    1.0
9710 |   255 |    2771 |    6061     507    6061 |    1014     507    1014 |    0.2   18.2    0.9
9711 |   255 |    4315 |    7087     508    7087 |    1016     508    1016 |    0.3   25.8    1.0
9712 |   255 |    4308 |    7076     506    7076 |    1013     506    1013 |    0.2   26.0    1.1
9713 |   254 |    4301 |    7078     506    7078 |    1013     506    1013 |    0.2   26.1    1.0
9714 |   255 |    4305 |    7070     507    7070 |    1013     507    1013 |    0.2   25.2    1.0
9715 |   255 |    4313 |    7090     508    7090 |    1016     508    1016 |    0.2   25.6    0.9
9716 |   255 |    4324 |    7092     508    7092 |    1016     508    1016 |    0.2   25.9    1.1
9717 |   255 |    4310 |    7084     508    7084 |    1015     508    1015 |    0.2   25.0    1.0
9718 |   255 |    4316 |    7084     507    7084 |    1014     507    1014 |    0.3   25.5    0.9
9719 |   255 |    4310 |    7082     508    7082 |    1015     508    1015 |    0.2   25.8    0.9
9720 |   255 |    4316 |    7081     507    7081 |    1016     508    1016 |    0.2   26.1    1.3
9721 |   253 |    4277 |    6057     506    6057 |    1011     506    1011 |    0.3   20.4    0.8
9722 |   255 |    4317 |    7089     508    7089 |    1015     508    1015 |    0.2   25.6    1.0
9723 |   255 |    3293 |    7083     507    7083 |    1015     507    1015 |    0.2   20.6    0.8
9724 |   255 |    4305 |    7079     507    7079 |    1014     507    1014 |    0.2   27.4    1.0
9725 |   254 |    4297 |    7072     506    7072 |    1012     506    1012 |    0.2   24.5    1.0
9726 |   255 |    4325 |    7090     508    7090 |    1016     508    1016 |    0.2   26.8    1.0
9727 |   255 |    4327 |    7093     508    7093 |    1016     508    1016 |    0.2   25.5    0.9
9728 |   255 |    4303 |    7063     506    7063 |    1013     506    1013 |    0.3   25.1    1.1
9729 |   255 |    4318 |    7066     507    7066 |    1015     507    1015 |    0.4   25.6    0.9
9730 |   253 |    4269 |    6044     505    6044 |    1010     505    1010 |    0.3   19.4    0.8
9731 |   255 |    3034 |    7089     507    7089 |    1014     507    1014 |    0.2   25.6    1.0
9732 |   255 |    4313 |    7081     507    7081 |    1015     508    1015 |    0.2   19.7    0.8
9733 |   255 |    4308 |    7072     507    7072 |    1013     507    1013 |    0.2   26.4    1.0
9734 |   255 |    4312 |    7089     508    7089 |    1017     508    1017 |    0.3   25.7    1.0
9735 |   255 |    4307 |    7079     507    7079 |    1013     507    1013 |    0.2   26.9    1.0
9736 |   255 |    3302 |    7093     508    7093 |    1015     508    1015 |    0.2   21.3    0.8
9737 |   253 |    4279 |    6051     505    6051 |    1011     505    1011 |    0.2   18.7    0.8
9738 |   255 |    4319 |    7079     507    7079 |    1015     507    1015 |    0.2   27.0    0.9
9739 |   255 |    4300 |    7048     506    7048 |    1013     506    1013 |    0.2   25.8    1.2
9740 |   255 |    4302 |    7048     505    7048 |    1014     505    1014 |    0.3   26.2    0.9
9741 |   255 |    4312 |    7083     508    7083 |    1016     508    1016 |    0.2   25.7    1.1
9742 |   255 |    4296 |    7077     506    7077 |    1013     506    1013 |    0.3   25.3    1.2
9743 |   253 |    4255 |    6014     505    6014 |    1010     505    1010 |    0.3   18.5    0.9
9744 |   255 |    4313 |    7086     507    7086 |    1014     507    1014 |    0.3   26.0    1.2
9745 |   252 |    4267 |    6036     505    6036 |    1010     505    1010 |    0.2   18.0    0.8
9746 |   255 |    4327 |    7092     508    7092 |    1016     508    1016 |    0.2   26.8    1.3
9747 |   255 |    4314 |    7078     507    7078 |    1013     507    1013 |    0.2   25.6    0.9
9748 |   255 |    4320 |    7085     508    7085 |    1016     508    1016 |    0.2   24.1    1.0
9749 |   255 |    4315 |    7080     508    7080 |    1017     508    1017 |    0.2   26.0    0.9
9750 |   255 |    3523 |    6067     506    6067 |    1013     506    1013 |    0.2   18.0    0.8
9751 |   255 |    4306 |    6068     507    6068 |    1013     507    1013 |    0.2   18.4    0.8
9752 |   254 |    4284 |    6060     506    6060 |    1012     505    1012 |    0.3   18.9    0.8
9753 |   253 |    4282 |    6057     506    6057 |    1012     506    1012 |    0.2   18.3    0.8
9754 |   255 |    4317 |    7087     507    7087 |    1014     507    1014 |    0.2   25.8    1.0
9755 |   255 |    4281 |    7017     507    7017 |    1015     507    1015 |    0.2   24.7    1.1
9756 |   255 |    4306 |    7082     507    7082 |    1014     507    1014 |    0.2   27.0    1.0
9757 |   255 |    4321 |    7084     508    7084 |    1016     508    1016 |    0.2   26.5    1.0
9758 |   255 |    4323 |    7092     508    7092 |    1016     508    1016 |    0.2   25.2    0.9
9759 |   255 |    2775 |    6070     506    6070 |    1013     506    1013 |    0.2   18.6    0.9
9760 |   255 |    4312 |    7076     507    7076 |    1013     507    1013 |    0.2   25.0    0.9
9761 |   255 |    4300 |    7064     506    7064 |    1013     506    1013 |    0.2   24.9    1.0
9762 |   255 |    4325 |    7091     508    7091 |    1016     508    1016 |    0.2   25.1    1.1
9763 |   255 |    4284 |    7065     506    7065 |    1013     506    1013 |    0.4   18.9    0.8
9764 |   254 |    4299 |    7076     506    7076 |    1012     506    1012 |    0.2   25.4    1.2
9765 |   255 |    4306 |    7080     506    7080 |    1014     507    1014 |    0.2   25.8    0.9
9766 |   255 |    4295 |    6072     506    6072 |    1013     506    1013 |    0.2   19.4    0.8
9767 |   253 |    4274 |    6049     506    6049 |    1011     505    1011 |    0.2   19.9    0.8
9768 |   254 |    2769 |    6058     506    6058 |    1012     506    1012 |    0.2   19.2    0.8
9769 |   254 |    3004 |    6053     506    6053 |    1012     506    1012 |    0.2   19.4    1.0
9770 |   251 |    4183 |    5950     505    5950 |    1010     505    1010 |    0.2   18.8    1.1
9771 |   254 |    4307 |    7076     507    7076 |    1015     507    1015 |    0.2   18.2    0.8
9772 |   255 |    3259 |    6037     506    6037 |    1012     506    1012 |    0.2   18.5    0.8
9773 |   254 |    3265 |    6060     506    6060 |    1012     506    1012 |    0.2   21.3    0.8
9774 |   254 |    4297 |    7062     506    7062 |    1012     506    1012 |    0.2   28.1    1.0
9775 |   254 |    4309 |    7073     507    7073 |    1014     507    1014 |    0.3   26.4    1.1
9776 |   255 |    4295 |    7083     507    7083 |    1014     507    1014 |    0.4   25.4    1.0
9777 |   254 |    4301 |    7067     505    7067 |    1014     507    1014 |    0.2   27.3    1.1
9778 |   255 |    4320 |    7087     508    7087 |    1015     508    1015 |    0.3   26.8    1.0
9779 |   255 |    4319 |    7090     508    7090 |    1015     508    1015 |    0.3   27.7    1.0
9780 |   252 |    2746 |    6020     505    6020 |    1010     505    1010 |    0.2   18.1    0.8
9781 |   255 |    4319 |    7087     507    7087 |    1015     507    1015 |    0.2   26.2    1.0
9782 |   255 |    4310 |    7072     507    7072 |    1014     507    1014 |    0.2   26.2    1.0
9783 |   255 |    4306 |    7084     507    7084 |    1015     507    1015 |    0.2   29.4    1.2
9784 |   254 |    4284 |    6060     505    6060 |    1012     506    1012 |    0.4   19.9    1.0
9785 |   253 |    4272 |    6045     505    6045 |    1010     505    1010 |    0.3   20.8    0.8
9786 |   253 |    4288 |    6061     506    6061 |    1013     506    1013 |    0.2   19.7    0.9
9787 |   255 |    4324 |    7091     508    7091 |    1016     508    1016 |    0.2   26.0    1.0
9788 |   255 |    4310 |    7085     507    7085 |    1015     507    1015 |    0.2   24.7    0.9
9789 |   255 |    4312 |    7085     507    7085 |    1015     507    1015 |    0.3   26.7    0.9
9790 |   254 |    4255 |    6031     506    6031 |    1013     506    1013 |    0.3   19.6    0.8
9791 |   255 |    2788 |    7080     508    7080 |    1016     508    1016 |    0.3   26.1    1.0
9792 |   255 |    4313 |    7075     507    7075 |    1015     507    1015 |    0.2   27.1    1.0
9793 |   253 |    3497 |    6996     507    6996 |    1015     507    1015 |    0.2   19.2    0.8
9794 |   255 |    4320 |    7082     508    7082 |    1017     508    1017 |    0.2   26.8    1.0
9795 |   254 |    4306 |    7079     507    7079 |    1013     507    1013 |    0.2   26.0    1.0
9796 |   254 |    4301 |    7069     506    7069 |    1012     506    1012 |    0.3   26.5    1.0
9797 |   255 |    2775 |    6066     506    6066 |    1013     506    1013 |    0.2   18.9    0.8
9798 |   255 |    4317 |    7087     508    7087 |    1016     508    1016 |    0.3   26.5    1.2
9799 |   254 |    4286 |    6060     508    6060 |    1015     508    1015 |    0.3   21.5    0.9
9800 |   255 |    4314 |    7085     507    7085 |    1014     507    1014 |    0.3   27.6    1.0
9801 |   255 |    3290 |    7041     509    7041 |    1018     509    1018 |    0.2   18.5    0.8
9802 |   249 |    4183 |    5921     505    5921 |    1010     505    1010 |    0.2   17.6    0.8
9803 |   255 |    4309 |    7076     507    7076 |    1013     507    1013 |    0.2   25.9    1.1
9804 |   255 |    4326 |    7093     508    7093 |    1017     508    1017 |    0.2   25.0    1.0
9805 |   255 |    4266 |    6041     507    6041 |    1013     507    1013 |    0.3   19.6    1.0
9806 |   255 |    3027 |    6073     507    6073 |    1015     507    1015 |    0.3   19.4    0.9
9807 |   255 |    3281 |    6074     506    6074 |    1013     506    1013 |    0.2   19.5    0.9
9808 |   255 |    2769 |    6059     506    6059 |    1013     506    1013 |    0.2   18.3    0.9
9809 |   254 |    3531 |    7078     507    7078 |    1013     507    1013 |    0.3   27.6    1.2
9810 |   255 |    4317 |    7088     508    7088 |    1015     508    1015 |    0.2   27.5    1.0
9811 |   255 |    4318 |    7084     508    7084 |    1016     508    1016 |    0.2   26.0    0.9
9812 |   253 |    4280 |    6056     505    6056 |    1010     505    1010 |    0.2   19.0    0.8
9813 |   255 |    4324 |    7100     508    7100 |    1016     508    1016 |    0.2   25.9    0.9
9814 |   255 |    2754 |    7032     506    7032 |    1013     506    1013 |    0.2   20.0    1.0
9815 |   255 |    3285 |    7060     507    7060 |    1015     507    1015 |    0.3   20.3    0.8
9816 |   253 |    2757 |    6044     505    6044 |    1011     506    1011 |    0.2   21.0    0.8
9817 |   254 |    4293 |    7057     506    7057 |    1012     506    1012 |    0.3   25.7    1.0
9818 |   255 |    3541 |    7077     506    7077 |    1012     506    1012 |    0.2   19.6    0.8
9819 |   255 |    2794 |    7096     508    7096 |    1016     508    1016 |    0.2   27.4    1.0
9820 |   255 |    4308 |    7085     507    7085 |    1014     507    1014 |    0.2   24.5    0.9
9821 |   255 |    2772 |    6055     508    6055 |    1015     508    1015 |    0.3   19.4    0.8
9822 |   255 |    4324 |    7088     508    7088 |    1016     508    1016 |    0.2   25.6    1.4
9823 |   255 |    3551 |    7093     508    7093 |    1016     508    1016 |    0.2   19.3    0.8
9824 |   255 |    3030 |    7080     507    7080 |    1014     507    1014 |    0.2   24.8    0.9
9825 |   255 |    2760 |    6027     506    6027 |    1014     506    1014 |    0.2   17.9    0.8
9826 |   254 |    4275 |    6053     505    6053 |    1011     506    1011 |    0.2   19.0    0.8
9827 |   255 |    3024 |    6074     507    6074 |    1013     506    1013 |    0.2   18.7    0.8
9828 |   255 |    4298 |    7073     507    7073 |    1014     507    1014 |    0.2   25.7    1.2
9829 |   254 |    4285 |    7044     505    7044 |    1012     505    1012 |    0.3   24.5    1.1
9830 |   255 |    4317 |    7089     507    7089 |    1014     507    1014 |    0.2   26.3    1.0
9831 |   255 |    4314 |    7079     507    7079 |    1013     507    1013 |    0.2   26.4    1.0
9832 |   255 |    4310 |    7084     507    7084 |    1015     507    1015 |    0.2   25.1    0.9
9833 |   255 |    4256 |    6034     507    6034 |    1014     507    1014 |    0.2   18.8    0.8
9834 |   255 |    2791 |    7098     508    7098 |    1016     508    1016 |    0.2   26.3    1.0
9835 |   254 |    4265 |    6036     508    6036 |    1016     508    1016 |    0.2   19.0    0.8
9836 |   255 |    4318 |    7084     507    7084 |    1013     507    1013 |    0.2   25.2    1.0
9837 |   254 |    4296 |    7066     506    7066 |    1012     506    1012 |    0.2   24.6    0.9
9838 |   255 |    4316 |    7084     507    7084 |    1014     507    1014 |    0.2   26.9    1.0
9839 |   255 |    4321 |    7084     507    7084 |    1015     507    1015 |    0.2   27.2    1.0
9840 |   255 |    3036 |    7079     508    7079 |    1016     508    1016 |    0.2   26.1    1.0
9841 |   255 |    4309 |    7071     507    7071 |    1014     507    1014 |    0.2   25.7    0.9
9842 |   255 |    4312 |    7082     507    7082 |    1014     507    1014 |    0.2   27.3    0.9
9843 |   255 |    4321 |    7097     508    7097 |    1015     508    1015 |    0.2   28.9    1.1
9844 |   255 |    4314 |    7070     507    7070 |    1014     507    1014 |    0.3   27.2    0.9
9845 |   255 |    4327 |    7098     508    7098 |    1016     508    1016 |    0.2   25.4    1.2
9846 |   255 |    4306 |    7081     507    7081 |    1014     507    1014 |    0.2   24.9    0.9
9847 |   254 |    4310 |    7080     507    7080 |    1014     507    1014 |    0.2   24.6    1.0
9848 |   255 |    4304 |    7075     508    7075 |    1015     508    1015 |    0.2   24.1    1.0
9849 |   255 |    4253 |    6037     507    6037 |    1013     507    1013 |    0.2   18.6    1.1
9850 |   255 |    4305 |    7072     506    7072 |    1012     506    1012 |    0.3   28.2    1.2
9851 |   255 |    4323 |    7090     508    7090 |    1016     508    1016 |    0.3   27.0    1.0
9852 |   255 |    4323 |    7088     508    7088 |    1016     508    1016 |    0.2   25.6    1.0
9853 |   254 |    4290 |    7053     507    7053 |    1015     507    1015 |    0.2   18.3    0.8
9854 |   255 |    4327 |    7092     508    7092 |    1016     508    1016 |    0.2   26.6    1.1
9855 |   255 |    4314 |    7085     507    7085 |    1013     507    1013 |    0.2   25.0    0.9
9856 |   255 |    4305 |    7066     506    7066 |    1013     506    1013 |    0.2   26.1    0.9
9857 |   255 |    4317 |    7087     507    7087 |    1014     507    1014 |    0.2   26.2    0.9
9858 |   253 |    4279 |    6043     507    6043 |    1015     507    1015 |    0.3   18.5    0.8
9859 |   255 |    4310 |    7078     507    7078 |    1015     507    1015 |    0.2   25.5    1.0
9860 |   255 |    4313 |    7085     507    7085 |    1016     507    1016 |    0.2   19.0    0.8
9861 |   254 |    4268 |    6047     505    6047 |    1012     505    1012 |    0.2   18.5    1.0
9862 |   255 |    3284 |    6073     507    6073 |    1014     507    1014 |    0.3   19.1    0.8
9863 |   255 |    4313 |    7080     507    7080 |    1014     507    1014 |    0.2   26.6    1.1
9864 |   255 |    4314 |    7085     507    7085 |    1014     507    1014 |    0.3   25.5    0.9
9865 |   254 |    4310 |    7074     507    7074 |    1014     507    1014 |    0.2   26.9    1.0
9866 |   255 |    4318 |    7069     507    7069 |    1016     507    1016 |    0.3   19.3    0.8
9867 |   255 |    4318 |    7091     507    7091 |    1015     508    1015 |    0.2   25.0    1.0
9868 |   254 |    3287 |    7047     507    7047 |    1015     507    1015 |    0.2   20.1    0.8
9869 |   255 |    4325 |    7094     508    7094 |    1017     508    1017 |    0.2   26.9    0.9
9870 |   254 |    4296 |    7055     507    7055 |    1015     507    1015 |    0.2   18.4    0.8
9871 |   255 |    4314 |    7087     507    7087 |    1015     508    1015 |    0.2   25.1    0.9
9872 |   255 |    4307 |    7083     507    7083 |    1014     507    1014 |    0.2   27.2    1.0
9873 |   255 |    4313 |    7087     507    7087 |    1015     507    1015 |    0.2   26.5    1.0
9874 |   255 |    3022 |    7080     507    7080 |    1015     507    1015 |    0.2   24.4    0.9
9875 |   255 |    4315 |    7086     507    7086 |    1014     507    1014 |    0.2   19.1    0.8
9876 |   255 |    4294 |    6069     507    6069 |    1014     507    1014 |    0.2   19.4    0.8
9877 |   255 |    4306 |    7070     509    7070 |    1017     509    1017 |    0.2   18.9    0.8
9878 |   253 |    2755 |    6027     505    6027 |    1011     505    1011 |    0.2   19.2    0.8
9879 |   255 |    4307 |    7069     507    7069 |    1014     507    1014 |    0.2   27.4    1.0
9880 |   255 |    4296 |    7054     505    7054 |    1012     506    1012 |    0.2   25.3    1.1
9881 |   255 |    4309 |    7086     507    7086 |    1014     507    1014 |    0.2   26.8    1.0
9882 |   255 |    3805 |    7092     507    7092 |    1015     507    1015 |    0.3   19.9    1.0
9883 |   255 |    4308 |    7085     507    7085 |    1015     507    1015 |    0.3   26.8    1.0
9884 |   255 |    4314 |    7084     508    7084 |    1016     508    1016 |    0.2   24.9    0.9
9885 |   254 |    4295 |    7054     506    7054 |    1013     506    1013 |    0.3   20.4    1.1
9886 |   255 |    4303 |    7078     507    7078 |    1014     507    1014 |    0.3   28.4    1.0
9887 |   255 |    4320 |    7089     508    7089 |    1016     508    1016 |    0.2   25.4    1.0
9888 |   255 |    4326 |    7098     508    7098 |    1016     508    1016 |    0.2   27.3    1.1
9889 |   255 |    4319 |    7085     508    7085 |    1016     508    1016 |    0.3   26.2    1.0
9890 |   255 |    4315 |    7080     508    7080 |    1016     508    1016 |    0.2   25.5    0.9
9891 |   255 |    4317 |    7088     507    7088 |    1014     507    1014 |    0.2   26.0    0.9
9892 |   254 |    4306 |    7072     506    7072 |    1013     506    1013 |    0.2   27.6    1.2
9893 |   255 |    4313 |    7086     507    7086 |    1013     507    1013 |    0.2   29.3    1.0
9894 |   254 |    4300 |    7064     505    7064 |    1013     506    1013 |    0.2   26.3    1.0
9895 |   255 |    4318 |    6086     507    6086 |    1015     508    1015 |    0.3   18.6    0.8
9896 |   255 |    4321 |    7085     507    7085 |    1014     507    1014 |    0.2   25.9    1.0
9897 |   253 |    4281 |    6050     505    6050 |    1010     505    1010 |    0.2   20.3    0.9
9898 |   255 |    4305 |    7087     507    7087 |    1014     507    1014 |    0.2   26.2    1.0
9899 |   255 |    2767 |    6054     506    6054 |    1012     506    1012 |    0.2   18.2    0.9
9900 |   255 |    4311 |    7086     507    7086 |    1015     507    1015 |    0.2   26.4    1.0
9901 |   253 |    4288 |    7063     505    7063 |    1011     505    1011 |    0.2   26.4    1.3
9902 |   255 |    4284 |    6057     507    6057 |    1014     507    1014 |    0.2   18.5    0.8
9903 |   255 |    4300 |    7063     506    7063 |    1012     506    1012 |    0.2   24.8    0.9
9904 |   255 |    4325 |    7096     508    7096 |    1015     508    1015 |    0.2   26.3    1.0
9905 |   255 |    2794 |    7061     508    7061 |    1016     508    1016 |    0.2   19.9    0.9
9906 |   255 |    4309 |    7079     506    7079 |    1013     506    1013 |    0.2   26.7    1.0
9907 |   255 |    2790 |    7082     508    7082 |    1016     508    1016 |    0.3   25.5    0.9
9908 |   255 |    4325 |    7092     508    7092 |    1016     508    1016 |    0.2   24.4    0.9
9909 |   255 |    4314 |    7082     507    7082 |    1014     507    1014 |    0.2   28.2    1.2
9910 |   255 |    3295 |    7084     507    7084 |    1015     507    1015 |    0.3   20.2    0.8
9911 |   255 |    4306 |    7067     506    7067 |    1013     506    1013 |    0.2   25.4    1.2
9912 |   255 |    4324 |    7092     508    7092 |    1016     508    1016 |    0.2   25.4    1.0
9913 |   254 |    4309 |    7079     507    7079 |    1013     507    1013 |    0.2   26.7    0.9
9914 |   255 |    3776 |    7049     507    7049 |    1015     507    1015 |    0.2   19.4    0.8
9915 |   255 |    4323 |    7092     508    7092 |    1016     508    1016 |    0.2   26.9    1.0
9916 |   255 |    3539 |    6079     507    6079 |    1014     507    1014 |    0.2   18.4    0.8
9917 |   255 |    4309 |    7080     507    7080 |    1014     507    1014 |    0.2   25.9    1.0
9918 |   255 |    3028 |    7089     507    7089 |    1014     507    1014 |    0.2   25.6    1.0
9919 |   255 |    4304 |    6070     506    6070 |    1012     506    1012 |    0.4   18.5    0.8
9920 |   255 |    4295 |    6074     507    6074 |    1013     507    1013 |    0.2   17.8    0.8
9921 |   255 |    4307 |    7083     507    7083 |    1014     507    1014 |    0.2   25.6    1.2
9922 |   255 |    4319 |    7094     507    7094 |    1015     507    1015 |    0.3   27.9    1.1
9923 |   255 |    4328 |    7098     508    7098 |    1016     508    1016 |    0.2   27.3    0.9
9924 |   255 |    3278 |    7058     508    7058 |    1016     508    1016 |    0.2   18.7    0.8
9925 |   255 |    3021 |    6071     507    6071 |    1013     507    1013 |    0.2   18.7    0.8
9926 |   254 |    4294 |    7062     505    7062 |    1011     506    1011 |    0.2   24.7    0.9
9927 |   255 |    4297 |    7064     506    7064 |    1012     506    1012 |    0.2   24.8    0.9
9928 |   255 |    4301 |    7078     507    7078 |    1014     507    1014 |    0.2   26.3    1.0
9929 |   255 |    4313 |    7065     508    7065 |    1015     508    1015 |    0.2   25.8    1.0
9930 |   254 |    4285 |    7031     508    7031 |    1018     508    1018 |    0.3   24.7    0.9
9931 |   255 |    4323 |    7089     508    7089 |    1016     508    1016 |    0.2   26.3    1.1
9932 |   255 |    4320 |    7094     507    7094 |    1015     508    1015 |    0.2   26.2    0.9
9933 |   255 |    3782 |    6077     507    6077 |    1014     507    1014 |    0.2   18.1    0.8
9934 |   254 |    4279 |    7041     505    7041 |    1011     505    1011 |    0.2   25.3    0.9
9935 |   255 |    3282 |    6068     507    6068 |    1014     507    1014 |    0.2   19.8    0.8
9936 |   255 |    3026 |    7073     506    7073 |    1015     508    1015 |    0.2   25.8    1.0
9937 |   255 |    4312 |    7080     507    7080 |    1016     507    1016 |    0.2   25.6    0.9
9938 |   255 |    4303 |    7079     506    7079 |    1014     507    1014 |    0.2   26.2    1.0
9939 |   255 |    4318 |    7083     507    7083 |    1015     507    1015 |    0.2   25.3    1.0
9940 |   255 |    4320 |    7087     508    7087 |    1016     508    1016 |    0.2   26.9    1.0
9941 |   254 |    3289 |    7074     507    7074 |    1014     507    1014 |    0.2   19.5    0.9
9942 |   255 |    3266 |    6049     506    6049 |    1013     506    1013 |    0.2   18.3    1.2
9943 |   255 |    4320 |    7094     507    7094 |    1015     508    1015 |    0.2   26.6    0.9
9944 |   254 |    3270 |    7081     507    7081 |    1015     507    1015 |    0.2   25.5    1.0
9945 |   255 |    4313 |    7088     507    7088 |    1014     507    1014 |    0.2   25.7    1.2
9946 |   254 |    4293 |    7072     506    7072 |    1012     506    1012 |    0.3   27.1    1.1
9947 |   255 |    4323 |    7092     507    7092 |    1015     508    1015 |    0.3   25.6    1.0
9948 |   255 |    4307 |    7076     508    7076 |    1016     508    1016 |    0.2   18.6    0.8
9949 |   254 |    4305 |    7073     506    7073 |    1015     507    1015 |    0.2   25.6    1.0
9950 |   255 |    4298 |    7044     506    7044 |    1013     506    1013 |    0.2   25.0    1.2
9951 |   254 |    4285 |    6062     505    6062 |    1012     506    1012 |    0.3   20.6    0.8
9952 |   254 |    4270 |    6049     506    6049 |    1012     506    1012 |    0.2   19.4    0.9
9953 |   255 |    3792 |    7081     507    7081 |    1014     507    1014 |    0.2   19.4    0.8
9954 |   255 |    3302 |    7092     508    7092 |    1015     508    1015 |    0.2   19.6    0.8
9955 |   254 |    4294 |    7065     506    7065 |    1012     506    1012 |    0.2   25.9    1.0
9956 |   254 |    4284 |    7038     505    7038 |    1012     505    1012 |    0.2   24.4    1.1
9957 |   255 |    4322 |    7090     507    7090 |    1014     507    1014 |    0.3   24.8    0.9
9958 |   253 |    4282 |    6054     506    6054 |    1013     506    1013 |    0.2   18.1    0.8
9959 |   255 |    4323 |    7083     508    7083 |    1016     508    1016 |    0.2   25.1    1.3
9960 |   255 |    4290 |    6066     507    6066 |    1013     507    1013 |    0.3   18.7    0.8
9961 |   254 |    4289 |    7062     506    7062 |    1011     506    1011 |    0.2   25.2    0.9
9962 |   255 |    4326 |    7089     508    7089 |    1016     508    1016 |    0.2   25.4    0.9
9963 |   255 |    4302 |    7078     507    7078 |    1016     507    1016 |    0.2   28.8    0.9
9964 |   254 |    3265 |    7051     507    7051 |    1014     507    1014 |    0.2   19.6    0.8
9965 |   255 |    4321 |    7091     508    7091 |    1017     508    1017 |    0.3   25.8    0.9
9966 |   255 |    4313 |    7088     507    7088 |    1014     507    1014 |    0.2   25.1    1.0
9967 |   255 |    4279 |    6055     506    6055 |    1013     506    1013 |    0.2   18.7    0.8
9968 |   255 |    4317 |    7086     507    7086 |    1015     507    1015 |    0.2   24.9    1.0
9969 |   255 |    4320 |    7090     508    7090 |    1016     508    1016 |    0.3   25.0    0.9
9970 |   255 |    4308 |    7084     507    7084 |    1014     507    1014 |    0.2   26.8    0.9
9971 |   255 |    4315 |    7076     508    7076 |    1016     508    1016 |    0.2   26.6    1.0
9972 |   255 |    4293 |    7041     509    7041 |    1019     509    1019 |    0.3   24.6    0.9
9973 |   253 |    2756 |    6042     505    6042 |    1011     506    1011 |    0.3   17.6    0.8
9974 |   255 |    4312 |    7079     507    7079 |    1013     507    1013 |    0.2   25.7    1.0
9975 |   255 |    2785 |    7066     508    7066 |    1016     508    1016 |    0.2   19.4    0.8
9976 |   255 |    4312 |    7083     508    7083 |    1015     508    1015 |    0.2   25.5    1.0
9977 |   255 |    4321 |    7086     508    7086 |    1016     508    1016 |    0.3   25.6    0.9
9978 |   255 |    4319 |    7082     508    7082 |    1015     508    1015 |    0.2   24.8    0.9
9979 |   255 |    4304 |    7086     507    7086 |    1014     507    1014 |    0.2   25.3    1.0
9980 |   255 |    4324 |    7092     508    7092 |    1017     508    1017 |    0.2   25.5    1.3
9981 |   254 |    4296 |    7072     506    7072 |    1012     506    1012 |    0.3   25.3    1.0
9982 |   254 |    4294 |    7074     506    7074 |    1012     506    1012 |    0.3   26.2    1.0
9983 |   255 |    4284 |    7052     507    7052 |    1015     507    1015 |    0.2   19.2    0.8
9984 |   255 |    4323 |    7097     508    7097 |    1016     508    1016 |    0.3   26.2    1.0
9985 |   255 |    4308 |    7083     507    7083 |    1014     507    1014 |    0.2   24.8    0.9
9986 |   255 |    3014 |    6056     507    6056 |    1013     507    1013 |    0.2   18.3    0.8
9987 |   254 |    4298 |    7069     507    7069 |    1013     507    1013 |    0.2   26.0    1.1
9988 |   254 |    4300 |    7055     506    7055 |    1013     506    1013 |    0.2   26.9    1.0
9989 |   255 |    4305 |    7072     508    7072 |    1015     508    1015 |    0.2   24.8    0.9
9990 |   254 |    2774 |    6995     508    6995 |    1017     508    1017 |    0.3   19.1    0.8
9991 |   255 |    4298 |    7058     506    7058 |    1012     506    1012 |    0.2   26.1    0.9
9992 |   254 |    4299 |    7065     506    7065 |    1013     507    1013 |    0.2   24.9    0.9
9993 |   255 |    4319 |    7076     507    7076 |    1015     507    1015 |    0.2   25.6    0.9
9994 |   255 |    4309 |    7088     507    7088 |    1014     507    1014 |    0.2   24.1    0.9
9995 |   254 |    4228 |    6013     505    6013 |    1012     505    1012 |    0.2   19.7    0.8
9996 |   255 |    3548 |    7095     507    7095 |    1015     507    1015 |    0.2   18.7    0.8
9997 |   255 |    4307 |    7076     506    7076 |    1015     507    1015 |    0.2   24.8    1.1
9998 |   255 |    3794 |    7078     507    7078 |    1013     507    1013 |    0.4   21.9    1.1
9999 |   255 |    4306 |    7061     507    7061 |    1014     507    1014 |    0.3   24.9    0.9
-----+-------+---------+-------------------------+-------------------------+--------------------

=== Summary ===
HNF  intermediate:  avg=4075  max=4330
MLLL total:         avg=6883  max=7102
MLLL vec coords:    avg=506  max=513  (Lemma 1 bounded)
MLLL GSO coeffs:    avg=6883  max=7102  (integral GSO overhead)
GRAM total:         avg=1014  max=1026
GRAM vec coords:    avg=506  max=513  (Lemma 1 bounded)
GRAM Gram entries:  avg=1014  max=1026  (Lemma 3 bound target)
Output bits:        HNF avg=254 max=255  MLLL avg=253 max=255  GRAM avg=253 max=255
Total time:         HNF=2331.89ms  MLLL=238530.33ms  GRAM=9453.64ms  (GRAM/MLLL=0.04)
	Command being timed: "./src/quaternion/ref/generic/test/sqisign_bm_mlll --level=5 --iterations=10000 --mode=alg2"
	User time (seconds): 421.67
	System time (seconds): 6.05
	Percent of CPU this job got: 100%
	Elapsed (wall clock) time (h:mm:ss or m:ss): 7:07.60
	Average shared text size (kbytes): 0
	Average unshared data size (kbytes): 0
	Average stack size (kbytes): 0
	Average total size (kbytes): 0
	Maximum resident set size (kbytes): 49036
	Average resident set size (kbytes): 0
	Major (requiring I/O) page faults: 3
	Minor (reclaiming a frame) page faults: 11383
	Voluntary context switches: 311
	Involuntary context switches: 97
	Swaps: 0
	File system inputs: 216
	File system outputs: 0
	Socket messages sent: 0
	Socket messages received: 0
	Signals delivered: 0
	Page size (bytes): 4096
	Exit status: 0
